id,group,putcall,price,forward,strike,time,start,numeraire,expected,actual,tolerance,pass,error
0,ATM_analytic,Put,0.00099735570100358200,-100.00000000000000,-100.00000000000000,0.25000000000000000,0.0000000000000000,0.50000000000000000,0.010000000000000000,0.0099999999999988990,1.0000000000000000e-09,true,
1,ATM_analytic,Call,0.00099735570100358200,-100.00000000000000,-100.00000000000000,0.25000000000000000,0.0000000000000000,0.50000000000000000,0.010000000000000000,0.0099999999999988990,1.0000000000000000e-09,true,
2,ATM_analytic,Put,0.00099735570100358200,-100.00000000000000,-100.00000000000000,0.25000000000000000,1.0000000000000000e-20,0.50000000000000000,0.010000000000000000,0.0099999999999988990,1.0000000000000000e-09,true,
3,ATM_analytic,Call,0.00099735570100358200,-100.00000000000000,-100.00000000000000,0.25000000000000000,1.0000000000000000e-20,0.50000000000000000,0.010000000000000000,0.0099999999999988990,1.0000000000000000e-09,true,
4,ATM_analytic,Put,0.00099735570100358200,-100.00000000000000,-100.00000000000000,0.25000000000000000,1.0000000000000000e-16,0.50000000000000000,0.010000000000000000,0.0099999999999988990,1.0000000000000000e-09,true,
5,ATM_analytic,Call,0.00099735570100358200,-100.00000000000000,-100.00000000000000,0.25000000000000000,1.0000000000000000e-16,0.50000000000000000,0.010000000000000000,0.0099999999999988990,1.0000000000000000e-09,true,
6,ATM_analytic,Put,0.00099735570100358200,-100.00000000000000,-100.00000000000000,0.25000000000000000,1.0000000000000000e-15,0.50000000000000000,0.010000000000000000,0.0099999999999988990,1.0000000000000000e-09,true,
7,ATM_analytic,Call,0.00099735570100358200,-100.00000000000000,-100.00000000000000,0.25000000000000000,1.0000000000000000e-15,0.50000000000000000,0.010000000000000000,0.0099999999999988990,1.0000000000000000e-09,true,
8,ATM_analytic,Put,0.00099735570100358200,-100.00000000000000,-100.00000000000000,0.25000000000000000,1.0000000000000000e-10,0.50000000000000000,0.010000000000000000,0.0099999999999988990,1.0000000000000000e-09,true,
9,ATM_analytic,Call,0.00099735570100358200,-100.00000000000000,-100.00000000000000,0.25000000000000000,1.0000000000000000e-10,0.50000000000000000,0.010000000000000000,0.0099999999999988990,1.0000000000000000e-09,true,
10,ATM_analytic,Put,0.00099735570100358200,-100.00000000000000,-100.00000000000000,0.25000000000000000,0.10000000000000000,0.50000000000000000,0.010000000000000000,0.0099999999999999950,1.0000000000000000e-09,true,
11,ATM_analytic,Call,0.00099735570100358200,-100.00000000000000,-100.00000000000000,0.25000000000000000,0.10000000000000000,0.50000000000000000,0.010000000000000000,0.0099999999999999950,1.0000000000000000e-09,true,
12,ATM_analytic,Put,0.00099735570100358200,-100.00000000000000,-100.00000000000000,0.25000000000000000,2.5000000000000000,0.50000000000000000,0.010000000000000000,0.010000000000000009,1.0000000000000000e-09,true,
13,ATM_analytic,Call,0.00099735570100358200,-100.00000000000000,-100.00000000000000,0.25000000000000000,2.5000000000000000,0.50000000000000000,0.010000000000000000,0.010000000000000009,1.0000000000000000e-09,true,
14,ATM_analytic,Put,0.00099735570100358200,-100.00000000000000,-100.00000000000000,0.25000000000000000,-0.10000000000000000,0.50000000000000000,0.010000000000000000,0.0099999999999999950,1.0000000000000000e-09,true,
15,ATM_analytic,Call,0.00099735570100358200,-100.00000000000000,-100.00000000000000,0.25000000000000000,-0.10000000000000000,0.50000000000000000,0.010000000000000000,0.0099999999999999950,1.0000000000000000e-09,true,
16,ATM_analytic,Put,0.099735570100358180,-100.00000000000000,-100.00000000000000,0.25000000000000000,0.0000000000000000,0.50000000000000000,1.0000000000000000,0.99999999999999640,1.0000000000000000e-09,true,
17,ATM_analytic,Call,0.099735570100358180,-100.00000000000000,-100.00000000000000,0.25000000000000000,0.0000000000000000,0.50000000000000000,1.0000000000000000,0.99999999999999640,1.0000000000000000e-09,true,
18,ATM_analytic,Put,0.099735570100358180,-100.00000000000000,-100.00000000000000,0.25000000000000000,1.0000000000000000e-20,0.50000000000000000,1.0000000000000000,0.99999999999999640,1.0000000000000000e-09,true,
19,ATM_analytic,Call,0.099735570100358180,-100.00000000000000,-100.00000000000000,0.25000000000000000,1.0000000000000000e-20,0.50000000000000000,1.0000000000000000,0.99999999999999640,1.0000000000000000e-09,true,
20,ATM_analytic,Put,0.099735570100358180,-100.00000000000000,-100.00000000000000,0.25000000000000000,1.0000000000000000e-16,0.50000000000000000,1.0000000000000000,0.99999999999999640,1.0000000000000000e-09,true,
21,ATM_analytic,Call,0.099735570100358180,-100.00000000000000,-100.00000000000000,0.25000000000000000,1.0000000000000000e-16,0.50000000000000000,1.0000000000000000,0.99999999999999640,1.0000000000000000e-09,true,
22,ATM_analytic,Put,0.099735570100358180,-100.00000000000000,-100.00000000000000,0.25000000000000000,1.0000000000000000e-15,0.50000000000000000,1.0000000000000000,0.99999999999999640,1.0000000000000000e-09,true,
23,ATM_analytic,Call,0.099735570100358180,-100.00000000000000,-100.00000000000000,0.25000000000000000,1.0000000000000000e-15,0.50000000000000000,1.0000000000000000,0.99999999999999640,1.0000000000000000e-09,true,
24,ATM_analytic,Put,0.099735570100358180,-100.00000000000000,-100.00000000000000,0.25000000000000000,1.0000000000000000e-10,0.50000000000000000,1.0000000000000000,0.99999999999999640,1.0000000000000000e-09,true,
25,ATM_analytic,Call,0.099735570100358180,-100.00000000000000,-100.00000000000000,0.25000000000000000,1.0000000000000000e-10,0.50000000000000000,1.0000000000000000,0.99999999999999640,1.0000000000000000e-09,true,
26,ATM_analytic,Put,0.099735570100358180,-100.00000000000000,-100.00000000000000,0.25000000000000000,0.10000000000000000,0.50000000000000000,1.0000000000000000,1.0000000000000000,1.0000000000000000e-09,true,
27,ATM_analytic,Call,0.099735570100358180,-100.00000000000000,-100.00000000000000,0.25000000000000000,0.10000000000000000,0.50000000000000000,1.0000000000000000,1.0000000000000000,1.0000000000000000e-09,true,
28,ATM_analytic,Put,0.099735570100358180,-100.00000000000000,-100.00000000000000,0.25000000000000000,2.5000000000000000,0.50000000000000000,1.0000000000000000,1.0000000000000000,1.0000000000000000e-09,true,
29,ATM_analytic,Call,0.099735570100358180,-100.00000000000000,-100.00000000000000,0.25000000000000000,2.5000000000000000,0.50000000000000000,1.0000000000000000,1.0000000000000000,1.0000000000000000e-09,true,
30,ATM_analytic,Put,0.099735570100358180,-100.00000000000000,-100.00000000000000,0.25000000000000000,-0.10000000000000000,0.50000000000000000,1.0000000000000000,1.0000000000000000,1.0000000000000000e-09,true,
31,ATM_analytic,Call,0.099735570100358180,-100.00000000000000,-100.00000000000000,0.25000000000000000,-0.10000000000000000,0.50000000000000000,1.0000000000000000,1.0000000000000000,1.0000000000000000e-09,true,
32,ATM_analytic,Put,0.49867785050179090,-100.00000000000000,-100.00000000000000,0.25000000000000000,0.0000000000000000,0.50000000000000000,5.0000000000000000,5.0000000000000000,5.0000000000000000e-09,true,
33,ATM_analytic,Call,0.49867785050179090,-100.00000000000000,-100.00000000000000,0.25000000000000000,0.0000000000000000,0.50000000000000000,5.0000000000000000,5.0000000000000000,5.0000000000000000e-09,true,
34,ATM_analytic,Put,0.49867785050179090,-100.00000000000000,-100.00000000000000,0.25000000000000000,1.0000000000000000e-20,0.50000000000000000,5.0000000000000000,5.0000000000000000,5.0000000000000000e-09,true,
35,ATM_analytic,Call,0.49867785050179090,-100.00000000000000,-100.00000000000000,0.25000000000000000,1.0000000000000000e-20,0.50000000000000000,5.0000000000000000,5.0000000000000000,5.0000000000000000e-09,true,
36,ATM_analytic,Put,0.49867785050179090,-100.00000000000000,-100.00000000000000,0.25000000000000000,1.0000000000000000e-16,0.50000000000000000,5.0000000000000000,5.0000000000000000,5.0000000000000000e-09,true,
37,ATM_analytic,Call,0.49867785050179090,-100.00000000000000,-100.00000000000000,0.25000000000000000,1.0000000000000000e-16,0.50000000000000000,5.0000000000000000,5.0000000000000000,5.0000000000000000e-09,true,
38,ATM_analytic,Put,0.49867785050179090,-100.00000000000000,-100.00000000000000,0.25000000000000000,1.0000000000000000e-15,0.50000000000000000,5.0000000000000000,5.0000000000000000,5.0000000000000000e-09,true,
39,ATM_analytic,Call,0.49867785050179090,-100.00000000000000,-100.00000000000000,0.25000000000000000,1.0000000000000000e-15,0.50000000000000000,5.0000000000000000,5.0000000000000000,5.0000000000000000e-09,true,
40,ATM_analytic,Put,0.49867785050179090,-100.00000000000000,-100.00000000000000,0.25000000000000000,1.0000000000000000e-10,0.50000000000000000,5.0000000000000000,5.0000000000000000,5.0000000000000000e-09,true,
41,ATM_analytic,Call,0.49867785050179090,-100.00000000000000,-100.00000000000000,0.25000000000000000,1.0000000000000000e-10,0.50000000000000000,5.0000000000000000,5.0000000000000000,5.0000000000000000e-09,true,
42,ATM_analytic,Put,0.49867785050179090,-100.00000000000000,-100.00000000000000,0.25000000000000000,0.10000000000000000,0.50000000000000000,5.0000000000000000,5.0000000000000000,5.0000000000000000e-09,true,
43,ATM_analytic,Call,0.49867785050179090,-100.00000000000000,-100.00000000000000,0.25000000000000000,0.10000000000000000,0.50000000000000000,5.0000000000000000,5.0000000000000000,5.0000000000000000e-09,true,
44,ATM_analytic,Put,0.49867785050179090,-100.00000000000000,-100.00000000000000,0.25000000000000000,2.5000000000000000,0.50000000000000000,5.0000000000000000,5.0000000000000000,5.0000000000000000e-09,true,
45,ATM_analytic,Call,0.49867785050179090,-100.00000000000000,-100.00000000000000,0.25000000000000000,2.5000000000000000,0.50000000000000000,5.0000000000000000,5.0000000000000000,5.0000000000000000e-09,true,
46,ATM_analytic,Put,0.49867785050179090,-100.00000000000000,-100.00000000000000,0.25000000000000000,-0.10000000000000000,0.50000000000000000,5.0000000000000000,5.0000000000000000,5.0000000000000000e-09,true,
47,ATM_analytic,Call,0.49867785050179090,-100.00000000000000,-100.00000000000000,0.25000000000000000,-0.10000000000000000,0.50000000000000000,5.0000000000000000,5.0000000000000000,5.0000000000000000e-09,true,
48,ATM_analytic,Put,0.0019947114020071640,-100.00000000000000,-100.00000000000000,0.25000000000000000,0.0000000000000000,1.0000000000000000,0.010000000000000000,0.0099999999999988990,1.0000000000000000e-09,true,
49,ATM_analytic,Call,0.0019947114020071640,-100.00000000000000,-100.00000000000000,0.25000000000000000,0.0000000000000000,1.0000000000000000,0.010000000000000000,0.0099999999999988990,1.0000000000000000e-09,true,
50,ATM_analytic,Put,0.0019947114020071640,-100.00000000000000,-100.00000000000000,0.25000000000000000,1.0000000000000000e-20,1.0000000000000000,0.010000000000000000,0.0099999999999988990,1.0000000000000000e-09,true,
51,ATM_analytic,Call,0.0019947114020071640,-100.00000000000000,-100.00000000000000,0.25000000000000000,1.0000000000000000e-20,1.0000000000000000,0.010000000000000000,0.0099999999999988990,1.0000000000000000e-09,true,
52,ATM_analytic,Put,0.0019947114020071640,-100.00000000000000,-100.00000000000000,0.25000000000000000,1.0000000000000000e-16,1.0000000000000000,0.010000000000000000,0.0099999999999988990,1.0000000000000000e-09,true,
53,ATM_analytic,Call,0.0019947114020071640,-100.00000000000000,-100.00000000000000,0.25000000000000000,1.0000000000000000e-16,1.0000000000000000,0.010000000000000000,0.0099999999999988990,1.0000000000000000e-09,true,
54,ATM_analytic,Put,0.0019947114020071640,-100.00000000000000,-100.00000000000000,0.25000000000000000,1.0000000000000000e-15,1.0000000000000000,0.010000000000000000,0.0099999999999988990,1.0000000000000000e-09,true,
55,ATM_analytic,Call,0.0019947114020071640,-100.00000000000000,-100.00000000000000,0.25000000000000000,1.0000000000000000e-15,1.0000000000000000,0.010000000000000000,0.0099999999999988990,1.0000000000000000e-09,true,
56,ATM_analytic,Put,0.0019947114020071640,-100.00000000000000,-100.00000000000000,0.25000000000000000,1.0000000000000000e-10,1.0000000000000000,0.010000000000000000,0.0099999999999988990,1.0000000000000000e-09,true,
57,ATM_analytic,Call,0.0019947114020071640,-100.00000000000000,-100.00000000000000,0.25000000000000000,1.0000000000000000e-10,1.0000000000000000,0.010000000000000000,0.0099999999999988990,1.0000000000000000e-09,true,
58,ATM_analytic,Put,0.0019947114020071640,-100.00000000000000,-100.00000000000000,0.25000000000000000,0.10000000000000000,1.0000000000000000,0.010000000000000000,0.0099999999999999950,1.0000000000000000e-09,true,
59,ATM_analytic,Call,0.0019947114020071640,-100.00000000000000,-100.00000000000000,0.25000000000000000,0.10000000000000000,1.0000000000000000,0.010000000000000000,0.0099999999999999950,1.0000000000000000e-09,true,
60,ATM_analytic,Put,0.0019947114020071640,-100.00000000000000,-100.00000000000000,0.25000000000000000,2.5000000000000000,1.0000000000000000,0.010000000000000000,0.010000000000000009,1.0000000000000000e-09,true,
61,ATM_analytic,Call,0.0019947114020071640,-100.00000000000000,-100.00000000000000,0.25000000000000000,2.5000000000000000,1.0000000000000000,0.010000000000000000,0.010000000000000009,1.0000000000000000e-09,true,
62,ATM_analytic,Put,0.0019947114020071640,-100.00000000000000,-100.00000000000000,0.25000000000000000,-0.10000000000000000,1.0000000000000000,0.010000000000000000,0.0099999999999999950,1.0000000000000000e-09,true,
63,ATM_analytic,Call,0.0019947114020071640,-100.00000000000000,-100.00000000000000,0.25000000000000000,-0.10000000000000000,1.0000000000000000,0.010000000000000000,0.0099999999999999950,1.0000000000000000e-09,true,
64,ATM_analytic,Put,0.19947114020071635,-100.00000000000000,-100.00000000000000,0.25000000000000000,0.0000000000000000,1.0000000000000000,1.0000000000000000,0.99999999999999980,1.0000000000000000e-09,true,
65,ATM_analytic,Call,0.19947114020071635,-100.00000000000000,-100.00000000000000,0.25000000000000000,0.0000000000000000,1.0000000000000000,1.0000000000000000,0.99999999999999980,1.0000000000000000e-09,true,
66,ATM_analytic,Put,0.19947114020071635,-100.00000000000000,-100.00000000000000,0.25000000000000000,1.0000000000000000e-20,1.0000000000000000,1.0000000000000000,0.99999999999999980,1.0000000000000000e-09,true,
67,ATM_analytic,Call,0.19947114020071635,-100.00000000000000,-100.00000000000000,0.25000000000000000,1.0000000000000000e-20,1.0000000000000000,1.0000000000000000,0.99999999999999980,1.0000000000000000e-09,true,
68,ATM_analytic,Put,0.19947114020071635,-100.00000000000000,-100.00000000000000,0.25000000000000000,1.0000000000000000e-16,1.0000000000000000,1.0000000000000000,0.99999999999999980,1.0000000000000000e-09,true,
69,ATM_analytic,Call,0.19947114020071635,-100.00000000000000,-100.00000000000000,0.25000000000000000,1.0000000000000000e-16,1.0000000000000000,1.0000000000000000,0.99999999999999980,1.0000000000000000e-09,true,
70,ATM_analytic,Put,0.19947114020071635,-100.00000000000000,-100.00000000000000,0.25000000000000000,1.0000000000000000e-15,1.0000000000000000,1.0000000000000000,0.99999999999999980,1.0000000000000000e-09,true,
71,ATM_analytic,Call,0.19947114020071635,-100.00000000000000,-100.00000000000000,0.25000000000000000,1.0000000000000000e-15,1.0000000000000000,1.0000000000000000,0.99999999999999980,1.0000000000000000e-09,true,
72,ATM_analytic,Put,0.19947114020071635,-100.00000000000000,-100.00000000000000,0.25000000000000000,1.0000000000000000e-10,1.0000000000000000,1.0000000000000000,0.99999999999999980,1.0000000000000000e-09,true,
73,ATM_analytic,Call,0.19947114020071635,-100.00000000000000,-100.00000000000000,0.25000000000000000,1.0000000000000000e-10,1.0000000000000000,1.0000000000000000,0.99999999999999980,1.0000000000000000e-09,true,
74,ATM_analytic,Put,0.19947114020071635,-100.00000000000000,-100.00000000000000,0.25000000000000000,0.10000000000000000,1.0000000000000000,1.0000000000000000,1.0000000000000000,1.0000000000000000e-09,true,
75,ATM_analytic,Call,0.19947114020071635,-100.00000000000000,-100.00000000000000,0.25000000000000000,0.10000000000000000,1.0000000000000000,1.0000000000000000,1.0000000000000000,1.0000000000000000e-09,true,
76,ATM_analytic,Put,0.19947114020071635,-100.00000000000000,-100.00000000000000,0.25000000000000000,2.5000000000000000,1.0000000000000000,1.0000000000000000,1.0000000000000000,1.0000000000000000e-09,true,
77,ATM_analytic,Call,0.19947114020071635,-100.00000000000000,-100.00000000000000,0.25000000000000000,2.5000000000000000,1.0000000000000000,1.0000000000000000,1.0000000000000000,1.0000000000000000e-09,true,
78,ATM_analytic,Put,0.19947114020071635,-100.00000000000000,-100.00000000000000,0.25000000000000000,-0.10000000000000000,1.0000000000000000,1.0000000000000000,1.0000000000000000,1.0000000000000000e-09,true,
79,ATM_analytic,Call,0.19947114020071635,-100.00000000000000,-100.00000000000000,0.25000000000000000,-0.10000000000000000,1.0000000000000000,1.0000000000000000,1.0000000000000000,1.0000000000000000e-09,true,
80,ATM_analytic,Put,0.99735570100358180,-100.00000000000000,-100.00000000000000,0.25000000000000000,0.0000000000000000,1.0000000000000000,5.0000000000000000,5.0000000000000000,5.0000000000000000e-09,true,
81,ATM_analytic,Call,0.99735570100358180,-100.00000000000000,-100.00000000000000,0.25000000000000000,0.0000000000000000,1.0000000000000000,5.0000000000000000,5.0000000000000000,5.0000000000000000e-09,true,
82,ATM_analytic,Put,0.99735570100358180,-100.00000000000000,-100.00000000000000,0.25000000000000000,1.0000000000000000e-20,1.0000000000000000,5.0000000000000000,5.0000000000000000,5.0000000000000000e-09,true,
83,ATM_analytic,Call,0.99735570100358180,-100.00000000000000,-100.00000000000000,0.25000000000000000,1.0000000000000000e-20,1.0000000000000000,5.0000000000000000,5.0000000000000000,5.0000000000000000e-09,true,
84,ATM_analytic,Put,0.99735570100358180,-100.00000000000000,-100.00000000000000,0.25000000000000000,1.0000000000000000e-16,1.0000000000000000,5.0000000000000000,5.0000000000000000,5.0000000000000000e-09,true,
85,ATM_analytic,Call,0.99735570100358180,-100.00000000000000,-100.00000000000000,0.25000000000000000,1.0000000000000000e-16,1.0000000000000000,5.0000000000000000,5.0000000000000000,5.0000000000000000e-09,true,
86,ATM_analytic,Put,0.99735570100358180,-100.00000000000000,-100.00000000000000,0.25000000000000000,1.0000000000000000e-15,1.0000000000000000,5.0000000000000000,5.0000000000000000,5.0000000000000000e-09,true,
87,ATM_analytic,Call,0.99735570100358180,-100.00000000000000,-100.00000000000000,0.25000000000000000,1.0000000000000000e-15,1.0000000000000000,5.0000000000000000,5.0000000000000000,5.0000000000000000e-09,true,
88,ATM_analytic,Put,0.99735570100358180,-100.00000000000000,-100.00000000000000,0.25000000000000000,1.0000000000000000e-10,1.0000000000000000,5.0000000000000000,5.0000000000000000,5.0000000000000000e-09,true,
89,ATM_analytic,Call,0.99735570100358180,-100.00000000000000,-100.00000000000000,0.25000000000000000,1.0000000000000000e-10,1.0000000000000000,5.0000000000000000,5.0000000000000000,5.0000000000000000e-09,true,
90,ATM_analytic,Put,0.99735570100358180,-100.00000000000000,-100.00000000000000,0.25000000000000000,0.10000000000000000,1.0000000000000000,5.0000000000000000,5.0000000000000000,5.0000000000000000e-09,true,
91,ATM_analytic,Call,0.99735570100358180,-100.00000000000000,-100.00000000000000,0.25000000000000000,0.10000000000000000,1.0000000000000000,5.0000000000000000,5.0000000000000000,5.0000000000000000e-09,true,
92,ATM_analytic,Put,0.99735570100358180,-100.00000000000000,-100.00000000000000,0.25000000000000000,2.5000000000000000,1.0000000000000000,5.0000000000000000,5.0000000000000000,5.0000000000000000e-09,true,
93,ATM_analytic,Call,0.99735570100358180,-100.00000000000000,-100.00000000000000,0.25000000000000000,2.5000000000000000,1.0000000000000000,5.0000000000000000,5.0000000000000000,5.0000000000000000e-09,true,
94,ATM_analytic,Put,0.99735570100358180,-100.00000000000000,-100.00000000000000,0.25000000000000000,-0.10000000000000000,1.0000000000000000,5.0000000000000000,5.0000000000000000,5.0000000000000000e-09,true,
95,ATM_analytic,Call,0.99735570100358180,-100.00000000000000,-100.00000000000000,0.25000000000000000,-0.10000000000000000,1.0000000000000000,5.0000000000000000,5.0000000000000000,5.0000000000000000e-09,true,
96,ATM_analytic,Put,0.0039894228040143280,-100.00000000000000,-100.00000000000000,0.25000000000000000,0.0000000000000000,2.0000000000000000,0.010000000000000000,0.0099999999999988990,1.0000000000000000e-09,true,
97,ATM_analytic,Call,0.0039894228040143280,-100.00000000000000,-100.00000000000000,0.25000000000000000,0.0000000000000000,2.0000000000000000,0.010000000000000000,0.0099999999999988990,1.0000000000000000e-09,true,
98,ATM_analytic,Put,0.0039894228040143280,-100.00000000000000,-100.00000000000000,0.25000000000000000,1.0000000000000000e-20,2.0000000000000000,0.010000000000000000,0.0099999999999988990,1.0000000000000000e-09,true,
99,ATM_analytic,Call,0.0039894228040143280,-100.00000000000000,-100.00000000000000,0.25000000000000000,1.0000000000000000e-20,2.0000000000000000,0.010000000000000000,0.0099999999999988990,1.0000000000000000e-09,true,
100,ATM_analytic,Put,0.0039894228040143280,-100.00000000000000,-100.00000000000000,0.25000000000000000,1.0000000000000000e-16,2.0000000000000000,0.010000000000000000,0.0099999999999988990,1.0000000000000000e-09,true,
101,ATM_analytic,Call,0.0039894228040143280,-100.00000000000000,-100.00000000000000,0.25000000000000000,1.0000000000000000e-16,2.0000000000000000,0.010000000000000000,0.0099999999999988990,1.0000000000000000e-09,true,
102,ATM_analytic,Put,0.0039894228040143280,-100.00000000000000,-100.00000000000000,0.25000000000000000,1.0000000000000000e-15,2.0000000000000000,0.010000000000000000,0.0099999999999988990,1.0000000000000000e-09,true,
103,ATM_analytic,Call,0.0039894228040143280,-100.00000000000000,-100.00000000000000,0.25000000000000000,1.0000000000000000e-15,2.0000000000000000,0.010000000000000000,0.0099999999999988990,1.0000000000000000e-09,true,
104,ATM_analytic,Put,0.0039894228040143280,-100.00000000000000,-100.00000000000000,0.25000000000000000,1.0000000000000000e-10,2.0000000000000000,0.010000000000000000,0.0099999999999988990,1.0000000000000000e-09,true,
105,ATM_analytic,Call,0.0039894228040143280,-100.00000000000000,-100.00000000000000,0.25000000000000000,1.0000000000000000e-10,2.0000000000000000,0.010000000000000000,0.0099999999999988990,1.0000000000000000e-09,true,
106,ATM_analytic,Put,0.0039894228040143280,-100.00000000000000,-100.00000000000000,0.25000000000000000,0.10000000000000000,2.0000000000000000,0.010000000000000000,0.0099999999999999950,1.0000000000000000e-09,true,
107,ATM_analytic,Call,0.0039894228040143280,-100.00000000000000,-100.00000000000000,0.25000000000000000,0.10000000000000000,2.0000000000000000,0.010000000000000000,0.0099999999999999950,1.0000000000000000e-09,true,
108,ATM_analytic,Put,0.0039894228040143280,-100.00000000000000,-100.00000000000000,0.25000000000000000,2.5000000000000000,2.0000000000000000,0.010000000000000000,0.010000000000000009,1.0000000000000000e-09,true,
109,ATM_analytic,Call,0.0039894228040143280,-100.00000000000000,-100.00000000000000,0.25000000000000000,2.5000000000000000,2.0000000000000000,0.010000000000000000,0.010000000000000009,1.0000000000000000e-09,true,
110,ATM_analytic,Put,0.0039894228040143280,-100.00000000000000,-100.00000000000000,0.25000000000000000,-0.10000000000000000,2.0000000000000000,0.010000000000000000,0.0099999999999999950,1.0000000000000000e-09,true,
111,ATM_analytic,Call,0.0039894228040143280,-100.00000000000000,-100.00000000000000,0.25000000000000000,-0.10000000000000000,2.0000000000000000,0.010000000000000000,0.0099999999999999950,1.0000000000000000e-09,true,
112,ATM_analytic,Put,0.39894228040143270,-100.00000000000000,-100.00000000000000,0.25000000000000000,0.0000000000000000,2.0000000000000000,1.0000000000000000,0.99999999999999980,1.0000000000000000e-09,true,
113,ATM_analytic,Call,0.39894228040143270,-100.00000000000000,-100.00000000000000,0.25000000000000000,0.0000000000000000,2.0000000000000000,1.0000000000000000,0.99999999999999980,1.0000000000000000e-09,true,
114,ATM_analytic,Put,0.39894228040143270,-100.00000000000000,-100.00000000000000,0.25000000000000000,1.0000000000000000e-20,2.0000000000000000,1.0000000000000000,0.99999999999999980,1.0000000000000000e-09,true,
115,ATM_analytic,Call,0.39894228040143270,-100.00000000000000,-100.00000000000000,0.25000000000000000,1.0000000000000000e-20,2.0000000000000000,1.0000000000000000,0.99999999999999980,1.0000000000000000e-09,true,
116,ATM_analytic,Put,0.39894228040143270,-100.00000000000000,-100.00000000000000,0.25000000000000000,1.0000000000000000e-16,2.0000000000000000,1.0000000000000000,0.99999999999999980,1.0000000000000000e-09,true,
117,ATM_analytic,Call,0.39894228040143270,-100.00000000000000,-100.00000000000000,0.25000000000000000,1.0000000000000000e-16,2.0000000000000000,1.0000000000000000,0.99999999999999980,1.0000000000000000e-09,true,
118,ATM_analytic,Put,0.39894228040143270,-100.00000000000000,-100.00000000000000,0.25000000000000000,1.0000000000000000e-15,2.0000000000000000,1.0000000000000000,0.99999999999999980,1.0000000000000000e-09,true,
119,ATM_analytic,Call,0.39894228040143270,-100.00000000000000,-100.00000000000000,0.25000000000000000,1.0000000000000000e-15,2.0000000000000000,1.0000000000000000,0.99999999999999980,1.0000000000000000e-09,true,
120,ATM_analytic,Put,0.39894228040143270,-100.00000000000000,-100.00000000000000,0.25000000000000000,1.0000000000000000e-10,2.0000000000000000,1.0000000000000000,0.99999999999999980,1.0000000000000000e-09,true,
121,ATM_analytic,Call,0.39894228040143270,-100.00000000000000,-100.00000000000000,0.25000000000000000,1.0000000000000000e-10,2.0000000000000000,1.0000000000000000,0.99999999999999980,1.0000000000000000e-09,true,
122,ATM_analytic,Put,0.39894228040143270,-100.00000000000000,-100.00000000000000,0.25000000000000000,0.10000000000000000,2.0000000000000000,1.0000000000000000,1.0000000000000000,1.0000000000000000e-09,true,
123,ATM_analytic,Call,0.39894228040143270,-100.00000000000000,-100.00000000000000,0.25000000000000000,0.10000000000000000,2.0000000000000000,1.0000000000000000,1.0000000000000000,1.0000000000000000e-09,true,
124,ATM_analytic,Put,0.39894228040143270,-100.00000000000000,-100.00000000000000,0.25000000000000000,2.5000000000000000,2.0000000000000000,1.0000000000000000,1.0000000000000000,1.0000000000000000e-09,true,
125,ATM_analytic,Call,0.39894228040143270,-100.00000000000000,-100.00000000000000,0.25000000000000000,2.5000000000000000,2.0000000000000000,1.0000000000000000,1.0000000000000000,1.0000000000000000e-09,true,
126,ATM_analytic,Put,0.39894228040143270,-100.00000000000000,-100.00000000000000,0.25000000000000000,-0.10000000000000000,2.0000000000000000,1.0000000000000000,1.0000000000000000,1.0000000000000000e-09,true,
127,ATM_analytic,Call,0.39894228040143270,-100.00000000000000,-100.00000000000000,0.25000000000000000,-0.10000000000000000,2.0000000000000000,1.0000000000000000,1.0000000000000000,1.0000000000000000e-09,true,
128,ATM_analytic,Put,1.9947114020071637,-100.00000000000000,-100.00000000000000,0.25000000000000000,0.0000000000000000,2.0000000000000000,5.0000000000000000,5.0000000000000000,5.0000000000000000e-09,true,
129,ATM_analytic,Call,1.9947114020071637,-100.00000000000000,-100.00000000000000,0.25000000000000000,0.0000000000000000,2.0000000000000000,5.0000000000000000,5.0000000000000000,5.0000000000000000e-09,true,
130,ATM_analytic,Put,1.9947114020071637,-100.00000000000000,-100.00000000000000,0.25000000000000000,1.0000000000000000e-20,2.0000000000000000,5.0000000000000000,5.0000000000000000,5.0000000000000000e-09,true,
131,ATM_analytic,Call,1.9947114020071637,-100.00000000000000,-100.00000000000000,0.25000000000000000,1.0000000000000000e-20,2.0000000000000000,5.0000000000000000,5.0000000000000000,5.0000000000000000e-09,true,
132,ATM_analytic,Put,1.9947114020071637,-100.00000000000000,-100.00000000000000,0.25000000000000000,1.0000000000000000e-16,2.0000000000000000,5.0000000000000000,5.0000000000000000,5.0000000000000000e-09,true,
133,ATM_analytic,Call,1.9947114020071637,-100.00000000000000,-100.00000000000000,0.25000000000000000,1.0000000000000000e-16,2.0000000000000000,5.0000000000000000,5.0000000000000000,5.0000000000000000e-09,true,
134,ATM_analytic,Put,1.9947114020071637,-100.00000000000000,-100.00000000000000,0.25000000000000000,1.0000000000000000e-15,2.0000000000000000,5.0000000000000000,5.0000000000000000,5.0000000000000000e-09,true,
135,ATM_analytic,Call,1.9947114020071637,-100.00000000000000,-100.00000000000000,0.25000000000000000,1.0000000000000000e-15,2.0000000000000000,5.0000000000000000,5.0000000000000000,5.0000000000000000e-09,true,
136,ATM_analytic,Put,1.9947114020071637,-100.00000000000000,-100.00000000000000,0.25000000000000000,1.0000000000000000e-10,2.0000000000000000,5.0000000000000000,5.0000000000000000,5.0000000000000000e-09,true,
137,ATM_analytic,Call,1.9947114020071637,-100.00000000000000,-100.00000000000000,0.25000000000000000,1.0000000000000000e-10,2.0000000000000000,5.0000000000000000,5.0000000000000000,5.0000000000000000e-09,true,
138,ATM_analytic,Put,1.9947114020071637,-100.00000000000000,-100.00000000000000,0.25000000000000000,0.10000000000000000,2.0000000000000000,5.0000000000000000,5.0000000000000000,5.0000000000000000e-09,true,
139,ATM_analytic,Call,1.9947114020071637,-100.00000000000000,-100.00000000000000,0.25000000000000000,0.10000000000000000,2.0000000000000000,5.0000000000000000,5.0000000000000000,5.0000000000000000e-09,true,
140,ATM_analytic,Put,1.9947114020071637,-100.00000000000000,-100.00000000000000,0.25000000000000000,2.5000000000000000,2.0000000000000000,5.0000000000000000,5.0000000000000000,5.0000000000000000e-09,true,
141,ATM_analytic,Call,1.9947114020071637,-100.00000000000000,-100.00000000000000,0.25000000000000000,2.5000000000000000,2.0000000000000000,5.0000000000000000,5.0000000000000000,5.0000000000000000e-09,true,
142,ATM_analytic,Put,1.9947114020071637,-100.00000000000000,-100.00000000000000,0.25000000000000000,-0.10000000000000000,2.0000000000000000,5.0000000000000000,5.0000000000000000,5.0000000000000000e-09,true,
143,ATM_analytic,Call,1.9947114020071637,-100.00000000000000,-100.00000000000000,0.25000000000000000,-0.10000000000000000,2.0000000000000000,5.0000000000000000,5.0000000000000000,5.0000000000000000e-09,true,
144,ATM_analytic,Put,0.0019947114020071640,-100.00000000000000,-100.00000000000000,1.0000000000000000,0.0000000000000000,0.50000000000000000,0.010000000000000000,0.0099999999999988990,1.0000000000000000e-09,true,
145,ATM_analytic,Call,0.0019947114020071640,-100.00000000000000,-100.00000000000000,1.0000000000000000,0.0000000000000000,0.50000000000000000,0.010000000000000000,0.0099999999999988990,1.0000000000000000e-09,true,
146,ATM_analytic,Put,0.0019947114020071640,-100.00000000000000,-100.00000000000000,1.0000000000000000,1.0000000000000000e-20,0.50000000000000000,0.010000000000000000,0.0099999999999988990,1.0000000000000000e-09,true,
147,ATM_analytic,Call,0.0019947114020071640,-100.00000000000000,-100.00000000000000,1.0000000000000000,1.0000000000000000e-20,0.50000000000000000,0.010000000000000000,0.0099999999999988990,1.0000000000000000e-09,true,
148,ATM_analytic,Put,0.0019947114020071640,-100.00000000000000,-100.00000000000000,1.0000000000000000,1.0000000000000000e-16,0.50000000000000000,0.010000000000000000,0.0099999999999988990,1.0000000000000000e-09,true,
149,ATM_analytic,Call,0.0019947114020071640,-100.00000000000000,-100.00000000000000,1.0000000000000000,1.0000000000000000e-16,0.50000000000000000,0.010000000000000000,0.0099999999999988990,1.0000000000000000e-09,true,
150,ATM_analytic,Put,0.0019947114020071640,-100.00000000000000,-100.00000000000000,1.0000000000000000,1.0000000000000000e-15,0.50000000000000000,0.010000000000000000,0.0099999999999988990,1.0000000000000000e-09,true,
151,ATM_analytic,Call,0.0019947114020071640,-100.00000000000000,-100.00000000000000,1.0000000000000000,1.0000000000000000e-15,0.50000000000000000,0.010000000000000000,0.0099999999999988990,1.0000000000000000e-09,true,
152,ATM_analytic,Put,0.0019947114020071640,-100.00000000000000,-100.00000000000000,1.0000000000000000,1.0000000000000000e-10,0.50000000000000000,0.010000000000000000,0.0099999999999988990,1.0000000000000000e-09,true,
153,ATM_analytic,Call,0.0019947114020071640,-100.00000000000000,-100.00000000000000,1.0000000000000000,1.0000000000000000e-10,0.50000000000000000,0.010000000000000000,0.0099999999999988990,1.0000000000000000e-09,true,
154,ATM_analytic,Put,0.0019947114020071640,-100.00000000000000,-100.00000000000000,1.0000000000000000,0.10000000000000000,0.50000000000000000,0.010000000000000000,0.0099999999999999950,1.0000000000000000e-09,true,
155,ATM_analytic,Call,0.0019947114020071640,-100.00000000000000,-100.00000000000000,1.0000000000000000,0.10000000000000000,0.50000000000000000,0.010000000000000000,0.0099999999999999950,1.0000000000000000e-09,true,
156,ATM_analytic,Put,0.0019947114020071640,-100.00000000000000,-100.00000000000000,1.0000000000000000,2.5000000000000000,0.50000000000000000,0.010000000000000000,0.010000000000000009,1.0000000000000000e-09,true,
157,ATM_analytic,Call,0.0019947114020071640,-100.00000000000000,-100.00000000000000,1.0000000000000000,2.5000000000000000,0.50000000000000000,0.010000000000000000,0.010000000000000009,1.0000000000000000e-09,true,
158,ATM_analytic,Put,0.0019947114020071640,-100.00000000000000,-100.00000000000000,1.0000000000000000,-0.10000000000000000,0.50000000000000000,0.010000000000000000,0.0099999999999999950,1.0000000000000000e-09,true,
159,ATM_analytic,Call,0.0019947114020071640,-100.00000000000000,-100.00000000000000,1.0000000000000000,-0.10000000000000000,0.50000000000000000,0.010000000000000000,0.0099999999999999950,1.0000000000000000e-09,true,
160,ATM_analytic,Put,0.19947114020071635,-100.00000000000000,-100.00000000000000,1.0000000000000000,0.0000000000000000,0.50000000000000000,1.0000000000000000,0.99999999999999980,1.0000000000000000e-09,true,
161,ATM_analytic,Call,0.19947114020071635,-100.00000000000000,-100.00000000000000,1.0000000000000000,0.0000000000000000,0.50000000000000000,1.0000000000000000,0.99999999999999980,1.0000000000000000e-09,true,
162,ATM_analytic,Put,0.19947114020071635,-100.00000000000000,-100.00000000000000,1.0000000000000000,1.0000000000000000e-20,0.50000000000000000,1.0000000000000000,0.99999999999999980,1.0000000000000000e-09,true,
163,ATM_analytic,Call,0.19947114020071635,-100.00000000000000,-100.00000000000000,1.0000000000000000,1.0000000000000000e-20,0.50000000000000000,1.0000000000000000,0.99999999999999980,1.0000000000000000e-09,true,
164,ATM_analytic,Put,0.19947114020071635,-100.00000000000000,-100.00000000000000,1.0000000000000000,1.0000000000000000e-16,0.50000000000000000,1.0000000000000000,0.99999999999999980,1.0000000000000000e-09,true,
165,ATM_analytic,Call,0.19947114020071635,-100.00000000000000,-100.00000000000000,1.0000000000000000,1.0000000000000000e-16,0.50000000000000000,1.0000000000000000,0.99999999999999980,1.0000000000000000e-09,true,
166,ATM_analytic,Put,0.19947114020071635,-100.00000000000000,-100.00000000000000,1.0000000000000000,1.0000000000000000e-15,0.50000000000000000,1.0000000000000000,0.99999999999999980,1.0000000000000000e-09,true,
167,ATM_analytic,Call,0.19947114020071635,-100.00000000000000,-100.00000000000000,1.0000000000000000,1.0000000000000000e-15,0.50000000000000000,1.0000000000000000,0.99999999999999980,1.0000000000000000e-09,true,
168,ATM_analytic,Put,0.19947114020071635,-100.00000000000000,-100.00000000000000,1.0000000000000000,1.0000000000000000e-10,0.50000000000000000,1.0000000000000000,0.99999999999999980,1.0000000000000000e-09,true,
169,ATM_analytic,Call,0.19947114020071635,-100.00000000000000,-100.00000000000000,1.0000000000000000,1.0000000000000000e-10,0.50000000000000000,1.0000000000000000,0.99999999999999980,1.0000000000000000e-09,true,
170,ATM_analytic,Put,0.19947114020071635,-100.00000000000000,-100.00000000000000,1.0000000000000000,0.10000000000000000,0.50000000000000000,1.0000000000000000,1.0000000000000000,1.0000000000000000e-09,true,
171,ATM_analytic,Call,0.19947114020071635,-100.00000000000000,-100.00000000000000,1.0000000000000000,0.10000000000000000,0.50000000000000000,1.0000000000000000,1.0000000000000000,1.0000000000000000e-09,true,
172,ATM_analytic,Put,0.19947114020071635,-100.00000000000000,-100.00000000000000,1.0000000000000000,2.5000000000000000,0.50000000000000000,1.0000000000000000,1.0000000000000000,1.0000000000000000e-09,true,
173,ATM_analytic,Call,0.19947114020071635,-100.00000000000000,-100.00000000000000,1.0000000000000000,2.5000000000000000,0.50000000000000000,1.0000000000000000,1.0000000000000000,1.0000000000000000e-09,true,
174,ATM_analytic,Put,0.19947114020071635,-100.00000000000000,-100.00000000000000,1.0000000000000000,-0.10000000000000000,0.50000000000000000,1.0000000000000000,1.0000000000000000,1.0000000000000000e-09,true,
175,ATM_analytic,Call,0.19947114020071635,-100.00000000000000,-100.00000000000000,1.0000000000000000,-0.10000000000000000,0.50000000000000000,1.0000000000000000,1.0000000000000000,1.0000000000000000e-09,true,
176,ATM_analytic,Put,0.99735570100358180,-100.00000000000000,-100.00000000000000,1.0000000000000000,0.0000000000000000,0.50000000000000000,5.0000000000000000,5.0000000000000000,5.0000000000000000e-09,true,
177,ATM_analytic,Call,0.99735570100358180,-100.00000000000000,-100.00000000000000,1.0000000000000000,0.0000000000000000,0.50000000000000000,5.0000000000000000,5.0000000000000000,5.0000000000000000e-09,true,
178,ATM_analytic,Put,0.99735570100358180,-100.00000000000000,-100.00000000000000,1.0000000000000000,1.0000000000000000e-20,0.50000000000000000,5.0000000000000000,5.0000000000000000,5.0000000000000000e-09,true,
179,ATM_analytic,Call,0.99735570100358180,-100.00000000000000,-100.00000000000000,1.0000000000000000,1.0000000000000000e-20,0.50000000000000000,5.0000000000000000,5.0000000000000000,5.0000000000000000e-09,true,
180,ATM_analytic,Put,0.99735570100358180,-100.00000000000000,-100.00000000000000,1.0000000000000000,1.0000000000000000e-16,0.50000000000000000,5.0000000000000000,5.0000000000000000,5.0000000000000000e-09,true,
181,ATM_analytic,Call,0.99735570100358180,-100.00000000000000,-100.00000000000000,1.0000000000000000,1.0000000000000000e-16,0.50000000000000000,5.0000000000000000,5.0000000000000000,5.0000000000000000e-09,true,
182,ATM_analytic,Put,0.99735570100358180,-100.00000000000000,-100.00000000000000,1.0000000000000000,1.0000000000000000e-15,0.50000000000000000,5.0000000000000000,5.0000000000000000,5.0000000000000000e-09,true,
183,ATM_analytic,Call,0.99735570100358180,-100.00000000000000,-100.00000000000000,1.0000000000000000,1.0000000000000000e-15,0.50000000000000000,5.0000000000000000,5.0000000000000000,5.0000000000000000e-09,true,
184,ATM_analytic,Put,0.99735570100358180,-100.00000000000000,-100.00000000000000,1.0000000000000000,1.0000000000000000e-10,0.50000000000000000,5.0000000000000000,5.0000000000000000,5.0000000000000000e-09,true,
185,ATM_analytic,Call,0.99735570100358180,-100.00000000000000,-100.00000000000000,1.0000000000000000,1.0000000000000000e-10,0.50000000000000000,5.0000000000000000,5.0000000000000000,5.0000000000000000e-09,true,
186,ATM_analytic,Put,0.99735570100358180,-100.00000000000000,-100.00000000000000,1.0000000000000000,0.10000000000000000,0.50000000000000000,5.0000000000000000,5.0000000000000000,5.0000000000000000e-09,true,
187,ATM_analytic,Call,0.99735570100358180,-100.00000000000000,-100.00000000000000,1.0000000000000000,0.10000000000000000,0.50000000000000000,5.0000000000000000,5.0000000000000000,5.0000000000000000e-09,true,
188,ATM_analytic,Put,0.99735570100358180,-100.00000000000000,-100.00000000000000,1.0000000000000000,2.5000000000000000,0.50000000000000000,5.0000000000000000,5.0000000000000000,5.0000000000000000e-09,true,
189,ATM_analytic,Call,0.99735570100358180,-100.00000000000000,-100.00000000000000,1.0000000000000000,2.5000000000000000,0.50000000000000000,5.0000000000000000,5.0000000000000000,5.0000000000000000e-09,true,
190,ATM_analytic,Put,0.99735570100358180,-100.00000000000000,-100.00000000000000,1.0000000000000000,-0.10000000000000000,0.50000000000000000,5.0000000000000000,5.0000000000000000,5.0000000000000000e-09,true,
191,ATM_analytic,Call,0.99735570100358180,-100.00000000000000,-100.00000000000000,1.0000000000000000,-0.10000000000000000,0.50000000000000000,5.0000000000000000,5.0000000000000000,5.0000000000000000e-09,true,
192,ATM_analytic,Put,0.0039894228040143280,-100.00000000000000,-100.00000000000000,1.0000000000000000,0.0000000000000000,1.0000000000000000,0.010000000000000000,0.0099999999999988990,1.0000000000000000e-09,true,
193,ATM_analytic,Call,0.0039894228040143280,-100.00000000000000,-100.00000000000000,1.0000000000000000,0.0000000000000000,1.0000000000000000,0.010000000000000000,0.0099999999999988990,1.0000000000000000e-09,true,
194,ATM_analytic,Put,0.0039894228040143280,-100.00000000000000,-100.00000000000000,1.0000000000000000,1.0000000000000000e-20,1.0000000000000000,0.010000000000000000,0.0099999999999988990,1.0000000000000000e-09,true,
195,ATM_analytic,Call,0.0039894228040143280,-100.00000000000000,-100.00000000000000,1.0000000000000000,1.0000000000000000e-20,1.0000000000000000,0.010000000000000000,0.0099999999999988990,1.0000000000000000e-09,true,
196,ATM_analytic,Put,0.0039894228040143280,-100.00000000000000,-100.00000000000000,1.0000000000000000,1.0000000000000000e-16,1.0000000000000000,0.010000000000000000,0.0099999999999988990,1.0000000000000000e-09,true,
197,ATM_analytic,Call,0.0039894228040143280,-100.00000000000000,-100.00000000000000,1.0000000000000000,1.0000000000000000e-16,1.0000000000000000,0.010000000000000000,0.0099999999999988990,1.0000000000000000e-09,true,
198,ATM_analytic,Put,0.0039894228040143280,-100.00000000000000,-100.00000000000000,1.0000000000000000,1.0000000000000000e-15,1.0000000000000000,0.010000000000000000,0.0099999999999988990,1.0000000000000000e-09,true,
199,ATM_analytic,Call,0.0039894228040143280,-100.00000000000000,-100.00000000000000,1.0000000000000000,1.0000000000000000e-15,1.0000000000000000,0.010000000000000000,0.0099999999999988990,1.0000000000000000e-09,true,
200,ATM_analytic,Put,0.0039894228040143280,-100.00000000000000,-100.00000000000000,1.0000000000000000,1.0000000000000000e-10,1.0000000000000000,0.010000000000000000,0.0099999999999988990,1.0000000000000000e-09,true,
201,ATM_analytic,Call,0.0039894228040143280,-100.00000000000000,-100.00000000000000,1.0000000000000000,1.0000000000000000e-10,1.0000000000000000,0.010000000000000000,0.0099999999999988990,1.0000000000000000e-09,true,
202,ATM_analytic,Put,0.0039894228040143280,-100.00000000000000,-100.00000000000000,1.0000000000000000,0.10000000000000000,1.0000000000000000,0.010000000000000000,0.0099999999999999950,1.0000000000000000e-09,true,
203,ATM_analytic,Call,0.0039894228040143280,-100.00000000000000,-100.00000000000000,1.0000000000000000,0.10000000000000000,1.0000000000000000,0.010000000000000000,0.0099999999999999950,1.0000000000000000e-09,true,
204,ATM_analytic,Put,0.0039894228040143280,-100.00000000000000,-100.00000000000000,1.0000000000000000,2.5000000000000000,1.0000000000000000,0.010000000000000000,0.010000000000000009,1.0000000000000000e-09,true,
205,ATM_analytic,Call,0.0039894228040143280,-100.00000000000000,-100.00000000000000,1.0000000000000000,2.5000000000000000,1.0000000000000000,0.010000000000000000,0.010000000000000009,1.0000000000000000e-09,true,
206,ATM_analytic,Put,0.0039894228040143280,-100.00000000000000,-100.00000000000000,1.0000000000000000,-0.10000000000000000,1.0000000000000000,0.010000000000000000,0.0099999999999999950,1.0000000000000000e-09,true,
207,ATM_analytic,Call,0.0039894228040143280,-100.00000000000000,-100.00000000000000,1.0000000000000000,-0.10000000000000000,1.0000000000000000,0.010000000000000000,0.0099999999999999950,1.0000000000000000e-09,true,
208,ATM_analytic,Put,0.39894228040143270,-100.00000000000000,-100.00000000000000,1.0000000000000000,0.0000000000000000,1.0000000000000000,1.0000000000000000,0.99999999999999980,1.0000000000000000e-09,true,
209,ATM_analytic,Call,0.39894228040143270,-100.00000000000000,-100.00000000000000,1.0000000000000000,0.0000000000000000,1.0000000000000000,1.0000000000000000,0.99999999999999980,1.0000000000000000e-09,true,
210,ATM_analytic,Put,0.39894228040143270,-100.00000000000000,-100.00000000000000,1.0000000000000000,1.0000000000000000e-20,1.0000000000000000,1.0000000000000000,0.99999999999999980,1.0000000000000000e-09,true,
211,ATM_analytic,Call,0.39894228040143270,-100.00000000000000,-100.00000000000000,1.0000000000000000,1.0000000000000000e-20,1.0000000000000000,1.0000000000000000,0.99999999999999980,1.0000000000000000e-09,true,
212,ATM_analytic,Put,0.39894228040143270,-100.00000000000000,-100.00000000000000,1.0000000000000000,1.0000000000000000e-16,1.0000000000000000,1.0000000000000000,0.99999999999999980,1.0000000000000000e-09,true,
213,ATM_analytic,Call,0.39894228040143270,-100.00000000000000,-100.00000000000000,1.0000000000000000,1.0000000000000000e-16,1.0000000000000000,1.0000000000000000,0.99999999999999980,1.0000000000000000e-09,true,
214,ATM_analytic,Put,0.39894228040143270,-100.00000000000000,-100.00000000000000,1.0000000000000000,1.0000000000000000e-15,1.0000000000000000,1.0000000000000000,0.99999999999999980,1.0000000000000000e-09,true,
215,ATM_analytic,Call,0.39894228040143270,-100.00000000000000,-100.00000000000000,1.0000000000000000,1.0000000000000000e-15,1.0000000000000000,1.0000000000000000,0.99999999999999980,1.0000000000000000e-09,true,
216,ATM_analytic,Put,0.39894228040143270,-100.00000000000000,-100.00000000000000,1.0000000000000000,1.0000000000000000e-10,1.0000000000000000,1.0000000000000000,0.99999999999999980,1.0000000000000000e-09,true,
217,ATM_analytic,Call,0.39894228040143270,-100.00000000000000,-100.00000000000000,1.0000000000000000,1.0000000000000000e-10,1.0000000000000000,1.0000000000000000,0.99999999999999980,1.0000000000000000e-09,true,
218,ATM_analytic,Put,0.39894228040143270,-100.00000000000000,-100.00000000000000,1.0000000000000000,0.10000000000000000,1.0000000000000000,1.0000000000000000,1.0000000000000000,1.0000000000000000e-09,true,
219,ATM_analytic,Call,0.39894228040143270,-100.00000000000000,-100.00000000000000,1.0000000000000000,0.10000000000000000,1.0000000000000000,1.0000000000000000,1.0000000000000000,1.0000000000000000e-09,true,
220,ATM_analytic,Put,0.39894228040143270,-100.00000000000000,-100.00000000000000,1.0000000000000000,2.5000000000000000,1.0000000000000000,1.0000000000000000,1.0000000000000000,1.0000000000000000e-09,true,
221,ATM_analytic,Call,0.39894228040143270,-100.00000000000000,-100.00000000000000,1.0000000000000000,2.5000000000000000,1.0000000000000000,1.0000000000000000,1.0000000000000000,1.0000000000000000e-09,true,
222,ATM_analytic,Put,0.39894228040143270,-100.00000000000000,-100.00000000000000,1.0000000000000000,-0.10000000000000000,1.0000000000000000,1.0000000000000000,1.0000000000000000,1.0000000000000000e-09,true,
223,ATM_analytic,Call,0.39894228040143270,-100.00000000000000,-100.00000000000000,1.0000000000000000,-0.10000000000000000,1.0000000000000000,1.0000000000000000,1.0000000000000000,1.0000000000000000e-09,true,
224,ATM_analytic,Put,1.9947114020071637,-100.00000000000000,-100.00000000000000,1.0000000000000000,0.0000000000000000,1.0000000000000000,5.0000000000000000,5.0000000000000000,5.0000000000000000e-09,true,
225,ATM_analytic,Call,1.9947114020071637,-100.00000000000000,-100.00000000000000,1.0000000000000000,0.0000000000000000,1.0000000000000000,5.0000000000000000,5.0000000000000000,5.0000000000000000e-09,true,
226,ATM_analytic,Put,1.9947114020071637,-100.00000000000000,-100.00000000000000,1.0000000000000000,1.0000000000000000e-20,1.0000000000000000,5.0000000000000000,5.0000000000000000,5.0000000000000000e-09,true,
227,ATM_analytic,Call,1.9947114020071637,-100.00000000000000,-100.00000000000000,1.0000000000000000,1.0000000000000000e-20,1.0000000000000000,5.0000000000000000,5.0000000000000000,5.0000000000000000e-09,true,
228,ATM_analytic,Put,1.9947114020071637,-100.00000000000000,-100.00000000000000,1.0000000000000000,1.0000000000000000e-16,1.0000000000000000,5.0000000000000000,5.0000000000000000,5.0000000000000000e-09,true,
229,ATM_analytic,Call,1.9947114020071637,-100.00000000000000,-100.00000000000000,1.0000000000000000,1.0000000000000000e-16,1.0000000000000000,5.0000000000000000,5.0000000000000000,5.0000000000000000e-09,true,
230,ATM_analytic,Put,1.9947114020071637,-100.00000000000000,-100.00000000000000,1.0000000000000000,1.0000000000000000e-15,1.0000000000000000,5.0000000000000000,5.0000000000000000,5.0000000000000000e-09,true,
231,ATM_analytic,Call,1.9947114020071637,-100.00000000000000,-100.00000000000000,1.0000000000000000,1.0000000000000000e-15,1.0000000000000000,5.0000000000000000,5.0000000000000000,5.0000000000000000e-09,true,
232,ATM_analytic,Put,1.9947114020071637,-100.00000000000000,-100.00000000000000,1.0000000000000000,1.0000000000000000e-10,1.0000000000000000,5.0000000000000000,5.0000000000000000,5.0000000000000000e-09,true,
233,ATM_analytic,Call,1.9947114020071637,-100.00000000000000,-100.00000000000000,1.0000000000000000,1.0000000000000000e-10,1.0000000000000000,5.0000000000000000,5.0000000000000000,5.0000000000000000e-09,true,
234,ATM_analytic,Put,1.9947114020071637,-100.00000000000000,-100.00000000000000,1.0000000000000000,0.10000000000000000,1.0000000000000000,5.0000000000000000,5.0000000000000000,5.0000000000000000e-09,true,
235,ATM_analytic,Call,1.9947114020071637,-100.00000000000000,-100.00000000000000,1.0000000000000000,0.10000000000000000,1.0000000000000000,5.0000000000000000,5.0000000000000000,5.0000000000000000e-09,true,
236,ATM_analytic,Put,1.9947114020071637,-100.00000000000000,-100.00000000000000,1.0000000000000000,2.5000000000000000,1.0000000000000000,5.0000000000000000,5.0000000000000000,5.0000000000000000e-09,true,
237,ATM_analytic,Call,1.9947114020071637,-100.00000000000000,-100.00000000000000,1.0000000000000000,2.5000000000000000,1.0000000000000000,5.0000000000000000,5.0000000000000000,5.0000000000000000e-09,true,
238,ATM_analytic,Put,1.9947114020071637,-100.00000000000000,-100.00000000000000,1.0000000000000000,-0.10000000000000000,1.0000000000000000,5.0000000000000000,5.0000000000000000,5.0000000000000000e-09,true,
239,ATM_analytic,Call,1.9947114020071637,-100.00000000000000,-100.00000000000000,1.0000000000000000,-0.10000000000000000,1.0000000000000000,5.0000000000000000,5.0000000000000000,5.0000000000000000e-09,true,
240,ATM_analytic,Put,0.0079788456080286550,-100.00000000000000,-100.00000000000000,1.0000000000000000,0.0000000000000000,2.0000000000000000,0.010000000000000000,0.0099999999999988990,1.0000000000000000e-09,true,
241,ATM_analytic,Call,0.0079788456080286550,-100.00000000000000,-100.00000000000000,1.0000000000000000,0.0000000000000000,2.0000000000000000,0.010000000000000000,0.0099999999999988990,1.0000000000000000e-09,true,
242,ATM_analytic,Put,0.0079788456080286550,-100.00000000000000,-100.00000000000000,1.0000000000000000,1.0000000000000000e-20,2.0000000000000000,0.010000000000000000,0.0099999999999988990,1.0000000000000000e-09,true,
243,ATM_analytic,Call,0.0079788456080286550,-100.00000000000000,-100.00000000000000,1.0000000000000000,1.0000000000000000e-20,2.0000000000000000,0.010000000000000000,0.0099999999999988990,1.0000000000000000e-09,true,
244,ATM_analytic,Put,0.0079788456080286550,-100.00000000000000,-100.00000000000000,1.0000000000000000,1.0000000000000000e-16,2.0000000000000000,0.010000000000000000,0.0099999999999988990,1.0000000000000000e-09,true,
245,ATM_analytic,Call,0.0079788456080286550,-100.00000000000000,-100.00000000000000,1.0000000000000000,1.0000000000000000e-16,2.0000000000000000,0.010000000000000000,0.0099999999999988990,1.0000000000000000e-09,true,
246,ATM_analytic,Put,0.0079788456080286550,-100.00000000000000,-100.00000000000000,1.0000000000000000,1.0000000000000000e-15,2.0000000000000000,0.010000000000000000,0.0099999999999988990,1.0000000000000000e-09,true,
247,ATM_analytic,Call,0.0079788456080286550,-100.00000000000000,-100.00000000000000,1.0000000000000000,1.0000000000000000e-15,2.0000000000000000,0.010000000000000000,0.0099999999999988990,1.0000000000000000e-09,true,
248,ATM_analytic,Put,0.0079788456080286550,-100.00000000000000,-100.00000000000000,1.0000000000000000,1.0000000000000000e-10,2.0000000000000000,0.010000000000000000,0.0099999999999988990,1.0000000000000000e-09,true,
249,ATM_analytic,Call,0.0079788456080286550,-100.00000000000000,-100.00000000000000,1.0000000000000000,1.0000000000000000e-10,2.0000000000000000,0.010000000000000000,0.0099999999999988990,1.0000000000000000e-09,true,
250,ATM_analytic,Put,0.0079788456080286550,-100.00000000000000,-100.00000000000000,1.0000000000000000,0.10000000000000000,2.0000000000000000,0.010000000000000000,0.0099999999999999950,1.0000000000000000e-09,true,
251,ATM_analytic,Call,0.0079788456080286550,-100.00000000000000,-100.00000000000000,1.0000000000000000,0.10000000000000000,2.0000000000000000,0.010000000000000000,0.0099999999999999950,1.0000000000000000e-09,true,
252,ATM_analytic,Put,0.0079788456080286550,-100.00000000000000,-100.00000000000000,1.0000000000000000,2.5000000000000000,2.0000000000000000,0.010000000000000000,0.010000000000000009,1.0000000000000000e-09,true,
253,ATM_analytic,Call,0.0079788456080286550,-100.00000000000000,-100.00000000000000,1.0000000000000000,2.5000000000000000,2.0000000000000000,0.010000000000000000,0.010000000000000009,1.0000000000000000e-09,true,
254,ATM_analytic,Put,0.0079788456080286550,-100.00000000000000,-100.00000000000000,1.0000000000000000,-0.10000000000000000,2.0000000000000000,0.010000000000000000,0.0099999999999999950,1.0000000000000000e-09,true,
255,ATM_analytic,Call,0.0079788456080286550,-100.00000000000000,-100.00000000000000,1.0000000000000000,-0.10000000000000000,2.0000000000000000,0.010000000000000000,0.0099999999999999950,1.0000000000000000e-09,true,
256,ATM_analytic,Put,0.79788456080286540,-100.00000000000000,-100.00000000000000,1.0000000000000000,0.0000000000000000,2.0000000000000000,1.0000000000000000,0.99999999999999980,1.0000000000000000e-09,true,
257,ATM_analytic,Call,0.79788456080286540,-100.00000000000000,-100.00000000000000,1.0000000000000000,0.0000000000000000,2.0000000000000000,1.0000000000000000,0.99999999999999980,1.0000000000000000e-09,true,
258,ATM_analytic,Put,0.79788456080286540,-100.00000000000000,-100.00000000000000,1.0000000000000000,1.0000000000000000e-20,2.0000000000000000,1.0000000000000000,0.99999999999999980,1.0000000000000000e-09,true,
259,ATM_analytic,Call,0.79788456080286540,-100.00000000000000,-100.00000000000000,1.0000000000000000,1.0000000000000000e-20,2.0000000000000000,1.0000000000000000,0.99999999999999980,1.0000000000000000e-09,true,
260,ATM_analytic,Put,0.79788456080286540,-100.00000000000000,-100.00000000000000,1.0000000000000000,1.0000000000000000e-16,2.0000000000000000,1.0000000000000000,0.99999999999999980,1.0000000000000000e-09,true,
261,ATM_analytic,Call,0.79788456080286540,-100.00000000000000,-100.00000000000000,1.0000000000000000,1.0000000000000000e-16,2.0000000000000000,1.0000000000000000,0.99999999999999980,1.0000000000000000e-09,true,
262,ATM_analytic,Put,0.79788456080286540,-100.00000000000000,-100.00000000000000,1.0000000000000000,1.0000000000000000e-15,2.0000000000000000,1.0000000000000000,0.99999999999999980,1.0000000000000000e-09,true,
263,ATM_analytic,Call,0.79788456080286540,-100.00000000000000,-100.00000000000000,1.0000000000000000,1.0000000000000000e-15,2.0000000000000000,1.0000000000000000,0.99999999999999980,1.0000000000000000e-09,true,
264,ATM_analytic,Put,0.79788456080286540,-100.00000000000000,-100.00000000000000,1.0000000000000000,1.0000000000000000e-10,2.0000000000000000,1.0000000000000000,0.99999999999999980,1.0000000000000000e-09,true,
265,ATM_analytic,Call,0.79788456080286540,-100.00000000000000,-100.00000000000000,1.0000000000000000,1.0000000000000000e-10,2.0000000000000000,1.0000000000000000,0.99999999999999980,1.0000000000000000e-09,true,
266,ATM_analytic,Put,0.79788456080286540,-100.00000000000000,-100.00000000000000,1.0000000000000000,0.10000000000000000,2.0000000000000000,1.0000000000000000,1.0000000000000000,1.0000000000000000e-09,true,
267,ATM_analytic,Call,0.79788456080286540,-100.00000000000000,-100.00000000000000,1.0000000000000000,0.10000000000000000,2.0000000000000000,1.0000000000000000,1.0000000000000000,1.0000000000000000e-09,true,
268,ATM_analytic,Put,0.79788456080286540,-100.00000000000000,-100.00000000000000,1.0000000000000000,2.5000000000000000,2.0000000000000000,1.0000000000000000,1.0000000000000000,1.0000000000000000e-09,true,
269,ATM_analytic,Call,0.79788456080286540,-100.00000000000000,-100.00000000000000,1.0000000000000000,2.5000000000000000,2.0000000000000000,1.0000000000000000,1.0000000000000000,1.0000000000000000e-09,true,
270,ATM_analytic,Put,0.79788456080286540,-100.00000000000000,-100.00000000000000,1.0000000000000000,-0.10000000000000000,2.0000000000000000,1.0000000000000000,1.0000000000000000,1.0000000000000000e-09,true,
271,ATM_analytic,Call,0.79788456080286540,-100.00000000000000,-100.00000000000000,1.0000000000000000,-0.10000000000000000,2.0000000000000000,1.0000000000000000,1.0000000000000000,1.0000000000000000e-09,true,
272,ATM_analytic,Put,3.9894228040143274,-100.00000000000000,-100.00000000000000,1.0000000000000000,0.0000000000000000,2.0000000000000000,5.0000000000000000,5.0000000000000000,5.0000000000000000e-09,true,
273,ATM_analytic,Call,3.9894228040143274,-100.00000000000000,-100.00000000000000,1.0000000000000000,0.0000000000000000,2.0000000000000000,5.0000000000000000,5.0000000000000000,5.0000000000000000e-09,true,
274,ATM_analytic,Put,3.9894228040143274,-100.00000000000000,-100.00000000000000,1.0000000000000000,1.0000000000000000e-20,2.0000000000000000,5.0000000000000000,5.0000000000000000,5.0000000000000000e-09,true,
275,ATM_analytic,Call,3.9894228040143274,-100.00000000000000,-100.00000000000000,1.0000000000000000,1.0000000000000000e-20,2.0000000000000000,5.0000000000000000,5.0000000000000000,5.0000000000000000e-09,true,
276,ATM_analytic,Put,3.9894228040143274,-100.00000000000000,-100.00000000000000,1.0000000000000000,1.0000000000000000e-16,2.0000000000000000,5.0000000000000000,5.0000000000000000,5.0000000000000000e-09,true,
277,ATM_analytic,Call,3.9894228040143274,-100.00000000000000,-100.00000000000000,1.0000000000000000,1.0000000000000000e-16,2.0000000000000000,5.0000000000000000,5.0000000000000000,5.0000000000000000e-09,true,
278,ATM_analytic,Put,3.9894228040143274,-100.00000000000000,-100.00000000000000,1.0000000000000000,1.0000000000000000e-15,2.0000000000000000,5.0000000000000000,5.0000000000000000,5.0000000000000000e-09,true,
279,ATM_analytic,Call,3.9894228040143274,-100.00000000000000,-100.00000000000000,1.0000000000000000,1.0000000000000000e-15,2.0000000000000000,5.0000000000000000,5.0000000000000000,5.0000000000000000e-09,true,
280,ATM_analytic,Put,3.9894228040143274,-100.00000000000000,-100.00000000000000,1.0000000000000000,1.0000000000000000e-10,2.0000000000000000,5.0000000000000000,5.0000000000000000,5.0000000000000000e-09,true,
281,ATM_analytic,Call,3.9894228040143274,-100.00000000000000,-100.00000000000000,1.0000000000000000,1.0000000000000000e-10,2.0000000000000000,5.0000000000000000,5.0000000000000000,5.0000000000000000e-09,true,
282,ATM_analytic,Put,3.9894228040143274,-100.00000000000000,-100.00000000000000,1.0000000000000000,0.10000000000000000,2.0000000000000000,5.0000000000000000,5.0000000000000000,5.0000000000000000e-09,true,
283,ATM_analytic,Call,3.9894228040143274,-100.00000000000000,-100.00000000000000,1.0000000000000000,0.10000000000000000,2.0000000000000000,5.0000000000000000,5.0000000000000000,5.0000000000000000e-09,true,
284,ATM_analytic,Put,3.9894228040143274,-100.00000000000000,-100.00000000000000,1.0000000000000000,2.5000000000000000,2.0000000000000000,5.0000000000000000,5.0000000000000000,5.0000000000000000e-09,true,
285,ATM_analytic,Call,3.9894228040143274,-100.00000000000000,-100.00000000000000,1.0000000000000000,2.5000000000000000,2.0000000000000000,5.0000000000000000,5.0000000000000000,5.0000000000000000e-09,true,
286,ATM_analytic,Put,3.9894228040143274,-100.00000000000000,-100.00000000000000,1.0000000000000000,-0.10000000000000000,2.0000000000000000,5.0000000000000000,5.0000000000000000,5.0000000000000000e-09,true,
287,ATM_analytic,Call,3.9894228040143274,-100.00000000000000,-100.00000000000000,1.0000000000000000,-0.10000000000000000,2.0000000000000000,5.0000000000000000,5.0000000000000000,5.0000000000000000e-09,true,
288,ATM_analytic,Put,0.0039894228040143280,-100.00000000000000,-100.00000000000000,4.0000000000000000,0.0000000000000000,0.50000000000000000,0.010000000000000000,0.0099999999999988990,1.0000000000000000e-09,true,
289,ATM_analytic,Call,0.0039894228040143280,-100.00000000000000,-100.00000000000000,4.0000000000000000,0.0000000000000000,0.50000000000000000,0.010000000000000000,0.0099999999999988990,1.0000000000000000e-09,true,
290,ATM_analytic,Put,0.0039894228040143280,-100.00000000000000,-100.00000000000000,4.0000000000000000,1.0000000000000000e-20,0.50000000000000000,0.010000000000000000,0.0099999999999988990,1.0000000000000000e-09,true,
291,ATM_analytic,Call,0.0039894228040143280,-100.00000000000000,-100.00000000000000,4.0000000000000000,1.0000000000000000e-20,0.50000000000000000,0.010000000000000000,0.0099999999999988990,1.0000000000000000e-09,true,
292,ATM_analytic,Put,0.0039894228040143280,-100.00000000000000,-100.00000000000000,4.0000000000000000,1.0000000000000000e-16,0.50000000000000000,0.010000000000000000,0.0099999999999988990,1.0000000000000000e-09,true,
293,ATM_analytic,Call,0.0039894228040143280,-100.00000000000000,-100.00000000000000,4.0000000000000000,1.0000000000000000e-16,0.50000000000000000,0.010000000000000000,0.0099999999999988990,1.0000000000000000e-09,true,
294,ATM_analytic,Put,0.0039894228040143280,-100.00000000000000,-100.00000000000000,4.0000000000000000,1.0000000000000000e-15,0.50000000000000000,0.010000000000000000,0.0099999999999988990,1.0000000000000000e-09,true,
295,ATM_analytic,Call,0.0039894228040143280,-100.00000000000000,-100.00000000000000,4.0000000000000000,1.0000000000000000e-15,0.50000000000000000,0.010000000000000000,0.0099999999999988990,1.0000000000000000e-09,true,
296,ATM_analytic,Put,0.0039894228040143280,-100.00000000000000,-100.00000000000000,4.0000000000000000,1.0000000000000000e-10,0.50000000000000000,0.010000000000000000,0.0099999999999988990,1.0000000000000000e-09,true,
297,ATM_analytic,Call,0.0039894228040143280,-100.00000000000000,-100.00000000000000,4.0000000000000000,1.0000000000000000e-10,0.50000000000000000,0.010000000000000000,0.0099999999999988990,1.0000000000000000e-09,true,
298,ATM_analytic,Put,0.0039894228040143280,-100.00000000000000,-100.00000000000000,4.0000000000000000,0.10000000000000000,0.50000000000000000,0.010000000000000000,0.0099999999999999950,1.0000000000000000e-09,true,
299,ATM_analytic,Call,0.0039894228040143280,-100.00000000000000,-100.00000000000000,4.0000000000000000,0.10000000000000000,0.50000000000000000,0.010000000000000000,0.0099999999999999950,1.0000000000000000e-09,true,
300,ATM_analytic,Put,0.0039894228040143280,-100.00000000000000,-100.00000000000000,4.0000000000000000,2.5000000000000000,0.50000000000000000,0.010000000000000000,0.010000000000000009,1.0000000000000000e-09,true,
301,ATM_analytic,Call,0.0039894228040143280,-100.00000000000000,-100.00000000000000,4.0000000000000000,2.5000000000000000,0.50000000000000000,0.010000000000000000,0.010000000000000009,1.0000000000000000e-09,true,
302,ATM_analytic,Put,0.0039894228040143280,-100.00000000000000,-100.00000000000000,4.0000000000000000,-0.10000000000000000,0.50000000000000000,0.010000000000000000,0.0099999999999999950,1.0000000000000000e-09,true,
303,ATM_analytic,Call,0.0039894228040143280,-100.00000000000000,-100.00000000000000,4.0000000000000000,-0.10000000000000000,0.50000000000000000,0.010000000000000000,0.0099999999999999950,1.0000000000000000e-09,true,
304,ATM_analytic,Put,0.39894228040143270,-100.00000000000000,-100.00000000000000,4.0000000000000000,0.0000000000000000,0.50000000000000000,1.0000000000000000,0.99999999999999980,1.0000000000000000e-09,true,
305,ATM_analytic,Call,0.39894228040143270,-100.00000000000000,-100.00000000000000,4.0000000000000000,0.0000000000000000,0.50000000000000000,1.0000000000000000,0.99999999999999980,1.0000000000000000e-09,true,
306,ATM_analytic,Put,0.39894228040143270,-100.00000000000000,-100.00000000000000,4.0000000000000000,1.0000000000000000e-20,0.50000000000000000,1.0000000000000000,0.99999999999999980,1.0000000000000000e-09,true,
307,ATM_analytic,Call,0.39894228040143270,-100.00000000000000,-100.00000000000000,4.0000000000000000,1.0000000000000000e-20,0.50000000000000000,1.0000000000000000,0.99999999999999980,1.0000000000000000e-09,true,
308,ATM_analytic,Put,0.39894228040143270,-100.00000000000000,-100.00000000000000,4.0000000000000000,1.0000000000000000e-16,0.50000000000000000,1.0000000000000000,0.99999999999999980,1.0000000000000000e-09,true,
309,ATM_analytic,Call,0.39894228040143270,-100.00000000000000,-100.00000000000000,4.0000000000000000,1.0000000000000000e-16,0.50000000000000000,1.0000000000000000,0.99999999999999980,1.0000000000000000e-09,true,
310,ATM_analytic,Put,0.39894228040143270,-100.00000000000000,-100.00000000000000,4.0000000000000000,1.0000000000000000e-15,0.50000000000000000,1.0000000000000000,0.99999999999999980,1.0000000000000000e-09,true,
311,ATM_analytic,Call,0.39894228040143270,-100.00000000000000,-100.00000000000000,4.0000000000000000,1.0000000000000000e-15,0.50000000000000000,1.0000000000000000,0.99999999999999980,1.0000000000000000e-09,true,
312,ATM_analytic,Put,0.39894228040143270,-100.00000000000000,-100.00000000000000,4.0000000000000000,1.0000000000000000e-10,0.50000000000000000,1.0000000000000000,0.99999999999999980,1.0000000000000000e-09,true,
313,ATM_analytic,Call,0.39894228040143270,-100.00000000000000,-100.00000000000000,4.0000000000000000,1.0000000000000000e-10,0.50000000000000000,1.0000000000000000,0.99999999999999980,1.0000000000000000e-09,true,
314,ATM_analytic,Put,0.39894228040143270,-100.00000000000000,-100.00000000000000,4.0000000000000000,0.10000000000000000,0.50000000000000000,1.0000000000000000,1.0000000000000000,1.0000000000000000e-09,true,
315,ATM_analytic,Call,0.39894228040143270,-100.00000000000000,-100.00000000000000,4.0000000000000000,0.10000000000000000,0.50000000000000000,1.0000000000000000,1.0000000000000000,1.0000000000000000e-09,true,
316,ATM_analytic,Put,0.39894228040143270,-100.00000000000000,-100.00000000000000,4.0000000000000000,2.5000000000000000,0.50000000000000000,1.0000000000000000,1.0000000000000000,1.0000000000000000e-09,true,
317,ATM_analytic,Call,0.39894228040143270,-100.00000000000000,-100.00000000000000,4.0000000000000000,2.5000000000000000,0.50000000000000000,1.0000000000000000,1.0000000000000000,1.0000000000000000e-09,true,
318,ATM_analytic,Put,0.39894228040143270,-100.00000000000000,-100.00000000000000,4.0000000000000000,-0.10000000000000000,0.50000000000000000,1.0000000000000000,1.0000000000000000,1.0000000000000000e-09,true,
319,ATM_analytic,Call,0.39894228040143270,-100.00000000000000,-100.00000000000000,4.0000000000000000,-0.10000000000000000,0.50000000000000000,1.0000000000000000,1.0000000000000000,1.0000000000000000e-09,true,
320,ATM_analytic,Put,1.9947114020071637,-100.00000000000000,-100.00000000000000,4.0000000000000000,0.0000000000000000,0.50000000000000000,5.0000000000000000,5.0000000000000000,5.0000000000000000e-09,true,
321,ATM_analytic,Call,1.9947114020071637,-100.00000000000000,-100.00000000000000,4.0000000000000000,0.0000000000000000,0.50000000000000000,5.0000000000000000,5.0000000000000000,5.0000000000000000e-09,true,
322,ATM_analytic,Put,1.9947114020071637,-100.00000000000000,-100.00000000000000,4.0000000000000000,1.0000000000000000e-20,0.50000000000000000,5.0000000000000000,5.0000000000000000,5.0000000000000000e-09,true,
323,ATM_analytic,Call,1.9947114020071637,-100.00000000000000,-100.00000000000000,4.0000000000000000,1.0000000000000000e-20,0.50000000000000000,5.0000000000000000,5.0000000000000000,5.0000000000000000e-09,true,
324,ATM_analytic,Put,1.9947114020071637,-100.00000000000000,-100.00000000000000,4.0000000000000000,1.0000000000000000e-16,0.50000000000000000,5.0000000000000000,5.0000000000000000,5.0000000000000000e-09,true,
325,ATM_analytic,Call,1.9947114020071637,-100.00000000000000,-100.00000000000000,4.0000000000000000,1.0000000000000000e-16,0.50000000000000000,5.0000000000000000,5.0000000000000000,5.0000000000000000e-09,true,
326,ATM_analytic,Put,1.9947114020071637,-100.00000000000000,-100.00000000000000,4.0000000000000000,1.0000000000000000e-15,0.50000000000000000,5.0000000000000000,5.0000000000000000,5.0000000000000000e-09,true,
327,ATM_analytic,Call,1.9947114020071637,-100.00000000000000,-100.00000000000000,4.0000000000000000,1.0000000000000000e-15,0.50000000000000000,5.0000000000000000,5.0000000000000000,5.0000000000000000e-09,true,
328,ATM_analytic,Put,1.9947114020071637,-100.00000000000000,-100.00000000000000,4.0000000000000000,1.0000000000000000e-10,0.50000000000000000,5.0000000000000000,5.0000000000000000,5.0000000000000000e-09,true,
329,ATM_analytic,Call,1.9947114020071637,-100.00000000000000,-100.00000000000000,4.0000000000000000,1.0000000000000000e-10,0.50000000000000000,5.0000000000000000,5.0000000000000000,5.0000000000000000e-09,true,
330,ATM_analytic,Put,1.9947114020071637,-100.00000000000000,-100.00000000000000,4.0000000000000000,0.10000000000000000,0.50000000000000000,5.0000000000000000,5.0000000000000000,5.0000000000000000e-09,true,
331,ATM_analytic,Call,1.9947114020071637,-100.00000000000000,-100.00000000000000,4.0000000000000000,0.10000000000000000,0.50000000000000000,5.0000000000000000,5.0000000000000000,5.0000000000000000e-09,true,
332,ATM_analytic,Put,1.9947114020071637,-100.00000000000000,-100.00000000000000,4.0000000000000000,2.5000000000000000,0.50000000000000000,5.0000000000000000,5.0000000000000000,5.0000000000000000e-09,true,
333,ATM_analytic,Call,1.9947114020071637,-100.00000000000000,-100.00000000000000,4.0000000000000000,2.5000000000000000,0.50000000000000000,5.0000000000000000,5.0000000000000000,5.0000000000000000e-09,true,
334,ATM_analytic,Put,1.9947114020071637,-100.00000000000000,-100.00000000000000,4.0000000000000000,-0.10000000000000000,0.50000000000000000,5.0000000000000000,5.0000000000000000,5.0000000000000000e-09,true,
335,ATM_analytic,Call,1.9947114020071637,-100.00000000000000,-100.00000000000000,4.0000000000000000,-0.10000000000000000,0.50000000000000000,5.0000000000000000,5.0000000000000000,5.0000000000000000e-09,true,
336,ATM_analytic,Put,0.0079788456080286550,-100.00000000000000,-100.00000000000000,4.0000000000000000,0.0000000000000000,1.0000000000000000,0.010000000000000000,0.0099999999999988990,1.0000000000000000e-09,true,
337,ATM_analytic,Call,0.0079788456080286550,-100.00000000000000,-100.00000000000000,4.0000000000000000,0.0000000000000000,1.0000000000000000,0.010000000000000000,0.0099999999999988990,1.0000000000000000e-09,true,
338,ATM_analytic,Put,0.0079788456080286550,-100.00000000000000,-100.00000000000000,4.0000000000000000,1.0000000000000000e-20,1.0000000000000000,0.010000000000000000,0.0099999999999988990,1.0000000000000000e-09,true,
339,ATM_analytic,Call,0.0079788456080286550,-100.00000000000000,-100.00000000000000,4.0000000000000000,1.0000000000000000e-20,1.0000000000000000,0.010000000000000000,0.0099999999999988990,1.0000000000000000e-09,true,
340,ATM_analytic,Put,0.0079788456080286550,-100.00000000000000,-100.00000000000000,4.0000000000000000,1.0000000000000000e-16,1.0000000000000000,0.010000000000000000,0.0099999999999988990,1.0000000000000000e-09,true,
341,ATM_analytic,Call,0.0079788456080286550,-100.00000000000000,-100.00000000000000,4.0000000000000000,1.0000000000000000e-16,1.0000000000000000,0.010000000000000000,0.0099999999999988990,1.0000000000000000e-09,true,
342,ATM_analytic,Put,0.0079788456080286550,-100.00000000000000,-100.00000000000000,4.0000000000000000,1.0000000000000000e-15,1.0000000000000000,0.010000000000000000,0.0099999999999988990,1.0000000000000000e-09,true,
343,ATM_analytic,Call,0.0079788456080286550,-100.00000000000000,-100.00000000000000,4.0000000000000000,1.0000000000000000e-15,1.0000000000000000,0.010000000000000000,0.0099999999999988990,1.0000000000000000e-09,true,
344,ATM_analytic,Put,0.0079788456080286550,-100.00000000000000,-100.00000000000000,4.0000000000000000,1.0000000000000000e-10,1.0000000000000000,0.010000000000000000,0.0099999999999988990,1.0000000000000000e-09,true,
345,ATM_analytic,Call,0.0079788456080286550,-100.00000000000000,-100.00000000000000,4.0000000000000000,1.0000000000000000e-10,1.0000000000000000,0.010000000000000000,0.0099999999999988990,1.0000000000000000e-09,true,
346,ATM_analytic,Put,0.0079788456080286550,-100.00000000000000,-100.00000000000000,4.0000000000000000,0.10000000000000000,1.0000000000000000,0.010000000000000000,0.0099999999999999950,1.0000000000000000e-09,true,
347,ATM_analytic,Call,0.0079788456080286550,-100.00000000000000,-100.00000000000000,4.0000000000000000,0.10000000000000000,1.0000000000000000,0.010000000000000000,0.0099999999999999950,1.0000000000000000e-09,true,
348,ATM_analytic,Put,0.0079788456080286550,-100.00000000000000,-100.00000000000000,4.0000000000000000,2.5000000000000000,1.0000000000000000,0.010000000000000000,0.010000000000000009,1.0000000000000000e-09,true,
349,ATM_analytic,Call,0.0079788456080286550,-100.00000000000000,-100.00000000000000,4.0000000000000000,2.5000000000000000,1.0000000000000000,0.010000000000000000,0.010000000000000009,1.0000000000000000e-09,true,
350,ATM_analytic,Put,0.0079788456080286550,-100.00000000000000,-100.00000000000000,4.0000000000000000,-0.10000000000000000,1.0000000000000000,0.010000000000000000,0.0099999999999999950,1.0000000000000000e-09,true,
351,ATM_analytic,Call,0.0079788456080286550,-100.00000000000000,-100.00000000000000,4.0000000000000000,-0.10000000000000000,1.0000000000000000,0.010000000000000000,0.0099999999999999950,1.0000000000000000e-09,true,
352,ATM_analytic,Put,0.79788456080286540,-100.00000000000000,-100.00000000000000,4.0000000000000000,0.0000000000000000,1.0000000000000000,1.0000000000000000,0.99999999999999980,1.0000000000000000e-09,true,
353,ATM_analytic,Call,0.79788456080286540,-100.00000000000000,-100.00000000000000,4.0000000000000000,0.0000000000000000,1.0000000000000000,1.0000000000000000,0.99999999999999980,1.0000000000000000e-09,true,
354,ATM_analytic,Put,0.79788456080286540,-100.00000000000000,-100.00000000000000,4.0000000000000000,1.0000000000000000e-20,1.0000000000000000,1.0000000000000000,0.99999999999999980,1.0000000000000000e-09,true,
355,ATM_analytic,Call,0.79788456080286540,-100.00000000000000,-100.00000000000000,4.0000000000000000,1.0000000000000000e-20,1.0000000000000000,1.0000000000000000,0.99999999999999980,1.0000000000000000e-09,true,
356,ATM_analytic,Put,0.79788456080286540,-100.00000000000000,-100.00000000000000,4.0000000000000000,1.0000000000000000e-16,1.0000000000000000,1.0000000000000000,0.99999999999999980,1.0000000000000000e-09,true,
357,ATM_analytic,Call,0.79788456080286540,-100.00000000000000,-100.00000000000000,4.0000000000000000,1.0000000000000000e-16,1.0000000000000000,1.0000000000000000,0.99999999999999980,1.0000000000000000e-09,true,
358,ATM_analytic,Put,0.79788456080286540,-100.00000000000000,-100.00000000000000,4.0000000000000000,1.0000000000000000e-15,1.0000000000000000,1.0000000000000000,0.99999999999999980,1.0000000000000000e-09,true,
359,ATM_analytic,Call,0.79788456080286540,-100.00000000000000,-100.00000000000000,4.0000000000000000,1.0000000000000000e-15,1.0000000000000000,1.0000000000000000,0.99999999999999980,1.0000000000000000e-09,true,
360,ATM_analytic,Put,0.79788456080286540,-100.00000000000000,-100.00000000000000,4.0000000000000000,1.0000000000000000e-10,1.0000000000000000,1.0000000000000000,0.99999999999999980,1.0000000000000000e-09,true,
361,ATM_analytic,Call,0.79788456080286540,-100.00000000000000,-100.00000000000000,4.0000000000000000,1.0000000000000000e-10,1.0000000000000000,1.0000000000000000,0.99999999999999980,1.0000000000000000e-09,true,
362,ATM_analytic,Put,0.79788456080286540,-100.00000000000000,-100.00000000000000,4.0000000000000000,0.10000000000000000,1.0000000000000000,1.0000000000000000,1.0000000000000000,1.0000000000000000e-09,true,
363,ATM_analytic,Call,0.79788456080286540,-100.00000000000000,-100.00000000000000,4.0000000000000000,0.10000000000000000,1.0000000000000000,1.0000000000000000,1.0000000000000000,1.0000000000000000e-09,true,
364,ATM_analytic,Put,0.79788456080286540,-100.00000000000000,-100.00000000000000,4.0000000000000000,2.5000000000000000,1.0000000000000000,1.0000000000000000,1.0000000000000000,1.0000000000000000e-09,true,
365,ATM_analytic,Call,0.79788456080286540,-100.00000000000000,-100.00000000000000,4.0000000000000000,2.5000000000000000,1.0000000000000000,1.0000000000000000,1.0000000000000000,1.0000000000000000e-09,true,
366,ATM_analytic,Put,0.79788456080286540,-100.00000000000000,-100.00000000000000,4.0000000000000000,-0.10000000000000000,1.0000000000000000,1.0000000000000000,1.0000000000000000,1.0000000000000000e-09,true,
367,ATM_analytic,Call,0.79788456080286540,-100.00000000000000,-100.00000000000000,4.0000000000000000,-0.10000000000000000,1.0000000000000000,1.0000000000000000,1.0000000000000000,1.0000000000000000e-09,true,
368,ATM_analytic,Put,3.9894228040143274,-100.00000000000000,-100.00000000000000,4.0000000000000000,0.0000000000000000,1.0000000000000000,5.0000000000000000,5.0000000000000000,5.0000000000000000e-09,true,
369,ATM_analytic,Call,3.9894228040143274,-100.00000000000000,-100.00000000000000,4.0000000000000000,0.0000000000000000,1.0000000000000000,5.0000000000000000,5.0000000000000000,5.0000000000000000e-09,true,
370,ATM_analytic,Put,3.9894228040143274,-100.00000000000000,-100.00000000000000,4.0000000000000000,1.0000000000000000e-20,1.0000000000000000,5.0000000000000000,5.0000000000000000,5.0000000000000000e-09,true,
371,ATM_analytic,Call,3.9894228040143274,-100.00000000000000,-100.00000000000000,4.0000000000000000,1.0000000000000000e-20,1.0000000000000000,5.0000000000000000,5.0000000000000000,5.0000000000000000e-09,true,
372,ATM_analytic,Put,3.9894228040143274,-100.00000000000000,-100.00000000000000,4.0000000000000000,1.0000000000000000e-16,1.0000000000000000,5.0000000000000000,5.0000000000000000,5.0000000000000000e-09,true,
373,ATM_analytic,Call,3.9894228040143274,-100.00000000000000,-100.00000000000000,4.0000000000000000,1.0000000000000000e-16,1.0000000000000000,5.0000000000000000,5.0000000000000000,5.0000000000000000e-09,true,
374,ATM_analytic,Put,3.9894228040143274,-100.00000000000000,-100.00000000000000,4.0000000000000000,1.0000000000000000e-15,1.0000000000000000,5.0000000000000000,5.0000000000000000,5.0000000000000000e-09,true,
375,ATM_analytic,Call,3.9894228040143274,-100.00000000000000,-100.00000000000000,4.0000000000000000,1.0000000000000000e-15,1.0000000000000000,5.0000000000000000,5.0000000000000000,5.0000000000000000e-09,true,
376,ATM_analytic,Put,3.9894228040143274,-100.00000000000000,-100.00000000000000,4.0000000000000000,1.0000000000000000e-10,1.0000000000000000,5.0000000000000000,5.0000000000000000,5.0000000000000000e-09,true,
377,ATM_analytic,Call,3.9894228040143274,-100.00000000000000,-100.00000000000000,4.0000000000000000,1.0000000000000000e-10,1.0000000000000000,5.0000000000000000,5.0000000000000000,5.0000000000000000e-09,true,
378,ATM_analytic,Put,3.9894228040143274,-100.00000000000000,-100.00000000000000,4.0000000000000000,0.10000000000000000,1.0000000000000000,5.0000000000000000,5.0000000000000000,5.0000000000000000e-09,true,
379,ATM_analytic,Call,3.9894228040143274,-100.00000000000000,-100.00000000000000,4.0000000000000000,0.10000000000000000,1.0000000000000000,5.0000000000000000,5.0000000000000000,5.0000000000000000e-09,true,
380,ATM_analytic,Put,3.9894228040143274,-100.00000000000000,-100.00000000000000,4.0000000000000000,2.5000000000000000,1.0000000000000000,5.0000000000000000,5.0000000000000000,5.0000000000000000e-09,true,
381,ATM_analytic,Call,3.9894228040143274,-100.00000000000000,-100.00000000000000,4.0000000000000000,2.5000000000000000,1.0000000000000000,5.0000000000000000,5.0000000000000000,5.0000000000000000e-09,true,
382,ATM_analytic,Put,3.9894228040143274,-100.00000000000000,-100.00000000000000,4.0000000000000000,-0.10000000000000000,1.0000000000000000,5.0000000000000000,5.0000000000000000,5.0000000000000000e-09,true,
383,ATM_analytic,Call,3.9894228040143274,-100.00000000000000,-100.00000000000000,4.0000000000000000,-0.10000000000000000,1.0000000000000000,5.0000000000000000,5.0000000000000000,5.0000000000000000e-09,true,
384,ATM_analytic,Put,0.015957691216057310,-100.00000000000000,-100.00000000000000,4.0000000000000000,0.0000000000000000,2.0000000000000000,0.010000000000000000,0.0099999999999988990,1.0000000000000000e-09,true,
385,ATM_analytic,Call,0.015957691216057310,-100.00000000000000,-100.00000000000000,4.0000000000000000,0.0000000000000000,2.0000000000000000,0.010000000000000000,0.0099999999999988990,1.0000000000000000e-09,true,
386,ATM_analytic,Put,0.015957691216057310,-100.00000000000000,-100.00000000000000,4.0000000000000000,1.0000000000000000e-20,2.0000000000000000,0.010000000000000000,0.0099999999999988990,1.0000000000000000e-09,true,
387,ATM_analytic,Call,0.015957691216057310,-100.00000000000000,-100.00000000000000,4.0000000000000000,1.0000000000000000e-20,2.0000000000000000,0.010000000000000000,0.0099999999999988990,1.0000000000000000e-09,true,
388,ATM_analytic,Put,0.015957691216057310,-100.00000000000000,-100.00000000000000,4.0000000000000000,1.0000000000000000e-16,2.0000000000000000,0.010000000000000000,0.0099999999999988990,1.0000000000000000e-09,true,
389,ATM_analytic,Call,0.015957691216057310,-100.00000000000000,-100.00000000000000,4.0000000000000000,1.0000000000000000e-16,2.0000000000000000,0.010000000000000000,0.0099999999999988990,1.0000000000000000e-09,true,
390,ATM_analytic,Put,0.015957691216057310,-100.00000000000000,-100.00000000000000,4.0000000000000000,1.0000000000000000e-15,2.0000000000000000,0.010000000000000000,0.0099999999999988990,1.0000000000000000e-09,true,
391,ATM_analytic,Call,0.015957691216057310,-100.00000000000000,-100.00000000000000,4.0000000000000000,1.0000000000000000e-15,2.0000000000000000,0.010000000000000000,0.0099999999999988990,1.0000000000000000e-09,true,
392,ATM_analytic,Put,0.015957691216057310,-100.00000000000000,-100.00000000000000,4.0000000000000000,1.0000000000000000e-10,2.0000000000000000,0.010000000000000000,0.0099999999999988990,1.0000000000000000e-09,true,
393,ATM_analytic,Call,0.015957691216057310,-100.00000000000000,-100.00000000000000,4.0000000000000000,1.0000000000000000e-10,2.0000000000000000,0.010000000000000000,0.0099999999999988990,1.0000000000000000e-09,true,
394,ATM_analytic,Put,0.015957691216057310,-100.00000000000000,-100.00000000000000,4.0000000000000000,0.10000000000000000,2.0000000000000000,0.010000000000000000,0.0099999999999999950,1.0000000000000000e-09,true,
395,ATM_analytic,Call,0.015957691216057310,-100.00000000000000,-100.00000000000000,4.0000000000000000,0.10000000000000000,2.0000000000000000,0.010000000000000000,0.0099999999999999950,1.0000000000000000e-09,true,
396,ATM_analytic,Put,0.015957691216057310,-100.00000000000000,-100.00000000000000,4.0000000000000000,2.5000000000000000,2.0000000000000000,0.010000000000000000,0.010000000000000009,1.0000000000000000e-09,true,
397,ATM_analytic,Call,0.015957691216057310,-100.00000000000000,-100.00000000000000,4.0000000000000000,2.5000000000000000,2.0000000000000000,0.010000000000000000,0.010000000000000009,1.0000000000000000e-09,true,
398,ATM_analytic,Put,0.015957691216057310,-100.00000000000000,-100.00000000000000,4.0000000000000000,-0.10000000000000000,2.0000000000000000,0.010000000000000000,0.0099999999999999950,1.0000000000000000e-09,true,
399,ATM_analytic,Call,0.015957691216057310,-100.00000000000000,-100.00000000000000,4.0000000000000000,-0.10000000000000000,2.0000000000000000,0.010000000000000000,0.0099999999999999950,1.0000000000000000e-09,true,
400,ATM_analytic,Put,1.5957691216057308,-100.00000000000000,-100.00000000000000,4.0000000000000000,0.0000000000000000,2.0000000000000000,1.0000000000000000,0.99999999999999980,1.0000000000000000e-09,true,
401,ATM_analytic,Call,1.5957691216057308,-100.00000000000000,-100.00000000000000,4.0000000000000000,0.0000000000000000,2.0000000000000000,1.0000000000000000,0.99999999999999980,1.0000000000000000e-09,true,
402,ATM_analytic,Put,1.5957691216057308,-100.00000000000000,-100.00000000000000,4.0000000000000000,1.0000000000000000e-20,2.0000000000000000,1.0000000000000000,0.99999999999999980,1.0000000000000000e-09,true,
403,ATM_analytic,Call,1.5957691216057308,-100.00000000000000,-100.00000000000000,4.0000000000000000,1.0000000000000000e-20,2.0000000000000000,1.0000000000000000,0.99999999999999980,1.0000000000000000e-09,true,
404,ATM_analytic,Put,1.5957691216057308,-100.00000000000000,-100.00000000000000,4.0000000000000000,1.0000000000000000e-16,2.0000000000000000,1.0000000000000000,0.99999999999999980,1.0000000000000000e-09,true,
405,ATM_analytic,Call,1.5957691216057308,-100.00000000000000,-100.00000000000000,4.0000000000000000,1.0000000000000000e-16,2.0000000000000000,1.0000000000000000,0.99999999999999980,1.0000000000000000e-09,true,
406,ATM_analytic,Put,1.5957691216057308,-100.00000000000000,-100.00000000000000,4.0000000000000000,1.0000000000000000e-15,2.0000000000000000,1.0000000000000000,0.99999999999999980,1.0000000000000000e-09,true,
407,ATM_analytic,Call,1.5957691216057308,-100.00000000000000,-100.00000000000000,4.0000000000000000,1.0000000000000000e-15,2.0000000000000000,1.0000000000000000,0.99999999999999980,1.0000000000000000e-09,true,
408,ATM_analytic,Put,1.5957691216057308,-100.00000000000000,-100.00000000000000,4.0000000000000000,1.0000000000000000e-10,2.0000000000000000,1.0000000000000000,0.99999999999999980,1.0000000000000000e-09,true,
409,ATM_analytic,Call,1.5957691216057308,-100.00000000000000,-100.00000000000000,4.0000000000000000,1.0000000000000000e-10,2.0000000000000000,1.0000000000000000,0.99999999999999980,1.0000000000000000e-09,true,
410,ATM_analytic,Put,1.5957691216057308,-100.00000000000000,-100.00000000000000,4.0000000000000000,0.10000000000000000,2.0000000000000000,1.0000000000000000,1.0000000000000000,1.0000000000000000e-09,true,
411,ATM_analytic,Call,1.5957691216057308,-100.00000000000000,-100.00000000000000,4.0000000000000000,0.10000000000000000,2.0000000000000000,1.0000000000000000,1.0000000000000000,1.0000000000000000e-09,true,
412,ATM_analytic,Put,1.5957691216057308,-100.00000000000000,-100.00000000000000,4.0000000000000000,2.5000000000000000,2.0000000000000000,1.0000000000000000,1.0000000000000000,1.0000000000000000e-09,true,
413,ATM_analytic,Call,1.5957691216057308,-100.00000000000000,-100.00000000000000,4.0000000000000000,2.5000000000000000,2.0000000000000000,1.0000000000000000,1.0000000000000000,1.0000000000000000e-09,true,
414,ATM_analytic,Put,1.5957691216057308,-100.00000000000000,-100.00000000000000,4.0000000000000000,-0.10000000000000000,2.0000000000000000,1.0000000000000000,1.0000000000000000,1.0000000000000000e-09,true,
415,ATM_analytic,Call,1.5957691216057308,-100.00000000000000,-100.00000000000000,4.0000000000000000,-0.10000000000000000,2.0000000000000000,1.0000000000000000,1.0000000000000000,1.0000000000000000e-09,true,
416,ATM_analytic,Put,7.9788456080286550,-100.00000000000000,-100.00000000000000,4.0000000000000000,0.0000000000000000,2.0000000000000000,5.0000000000000000,5.0000000000000000,5.0000000000000000e-09,true,
417,ATM_analytic,Call,7.9788456080286550,-100.00000000000000,-100.00000000000000,4.0000000000000000,0.0000000000000000,2.0000000000000000,5.0000000000000000,5.0000000000000000,5.0000000000000000e-09,true,
418,ATM_analytic,Put,7.9788456080286550,-100.00000000000000,-100.00000000000000,4.0000000000000000,1.0000000000000000e-20,2.0000000000000000,5.0000000000000000,5.0000000000000000,5.0000000000000000e-09,true,
419,ATM_analytic,Call,7.9788456080286550,-100.00000000000000,-100.00000000000000,4.0000000000000000,1.0000000000000000e-20,2.0000000000000000,5.0000000000000000,5.0000000000000000,5.0000000000000000e-09,true,
420,ATM_analytic,Put,7.9788456080286550,-100.00000000000000,-100.00000000000000,4.0000000000000000,1.0000000000000000e-16,2.0000000000000000,5.0000000000000000,5.0000000000000000,5.0000000000000000e-09,true,
421,ATM_analytic,Call,7.9788456080286550,-100.00000000000000,-100.00000000000000,4.0000000000000000,1.0000000000000000e-16,2.0000000000000000,5.0000000000000000,5.0000000000000000,5.0000000000000000e-09,true,
422,ATM_analytic,Put,7.9788456080286550,-100.00000000000000,-100.00000000000000,4.0000000000000000,1.0000000000000000e-15,2.0000000000000000,5.0000000000000000,5.0000000000000000,5.0000000000000000e-09,true,
423,ATM_analytic,Call,7.9788456080286550,-100.00000000000000,-100.00000000000000,4.0000000000000000,1.0000000000000000e-15,2.0000000000000000,5.0000000000000000,5.0000000000000000,5.0000000000000000e-09,true,
424,ATM_analytic,Put,7.9788456080286550,-100.00000000000000,-100.00000000000000,4.0000000000000000,1.0000000000000000e-10,2.0000000000000000,5.0000000000000000,5.0000000000000000,5.0000000000000000e-09,true,
425,ATM_analytic,Call,7.9788456080286550,-100.00000000000000,-100.00000000000000,4.0000000000000000,1.0000000000000000e-10,2.0000000000000000,5.0000000000000000,5.0000000000000000,5.0000000000000000e-09,true,
426,ATM_analytic,Put,7.9788456080286550,-100.00000000000000,-100.00000000000000,4.0000000000000000,0.10000000000000000,2.0000000000000000,5.0000000000000000,5.0000000000000000,5.0000000000000000e-09,true,
427,ATM_analytic,Call,7.9788456080286550,-100.00000000000000,-100.00000000000000,4.0000000000000000,0.10000000000000000,2.0000000000000000,5.0000000000000000,5.0000000000000000,5.0000000000000000e-09,true,
428,ATM_analytic,Put,7.9788456080286550,-100.00000000000000,-100.00000000000000,4.0000000000000000,2.5000000000000000,2.0000000000000000,5.0000000000000000,5.0000000000000000,5.0000000000000000e-09,true,
429,ATM_analytic,Call,7.9788456080286550,-100.00000000000000,-100.00000000000000,4.0000000000000000,2.5000000000000000,2.0000000000000000,5.0000000000000000,5.0000000000000000,5.0000000000000000e-09,true,
430,ATM_analytic,Put,7.9788456080286550,-100.00000000000000,-100.00000000000000,4.0000000000000000,-0.10000000000000000,2.0000000000000000,5.0000000000000000,5.0000000000000000,5.0000000000000000e-09,true,
431,ATM_analytic,Call,7.9788456080286550,-100.00000000000000,-100.00000000000000,4.0000000000000000,-0.10000000000000000,2.0000000000000000,5.0000000000000000,5.0000000000000000,5.0000000000000000e-09,true,
432,ATM_analytic,Put,0.00099735570100358200,-0.0050000000000000000,-0.0050000000000000000,0.25000000000000000,0.0000000000000000,0.50000000000000000,0.010000000000000000,0.0099999999999988990,1.0000000000000000e-09,true,
433,ATM_analytic,Call,0.00099735570100358200,-0.0050000000000000000,-0.0050000000000000000,0.25000000000000000,0.0000000000000000,0.50000000000000000,0.010000000000000000,0.0099999999999988990,1.0000000000000000e-09,true,
434,ATM_analytic,Put,0.00099735570100358200,-0.0050000000000000000,-0.0050000000000000000,0.25000000000000000,1.0000000000000000e-20,0.50000000000000000,0.010000000000000000,0.0099999999999988990,1.0000000000000000e-09,true,
435,ATM_analytic,Call,0.00099735570100358200,-0.0050000000000000000,-0.0050000000000000000,0.25000000000000000,1.0000000000000000e-20,0.50000000000000000,0.010000000000000000,0.0099999999999988990,1.0000000000000000e-09,true,
436,ATM_analytic,Put,0.00099735570100358200,-0.0050000000000000000,-0.0050000000000000000,0.25000000000000000,1.0000000000000000e-16,0.50000000000000000,0.010000000000000000,0.0099999999999988990,1.0000000000000000e-09,true,
437,ATM_analytic,Call,0.00099735570100358200,-0.0050000000000000000,-0.0050000000000000000,0.25000000000000000,1.0000000000000000e-16,0.50000000000000000,0.010000000000000000,0.0099999999999988990,1.0000000000000000e-09,true,
438,ATM_analytic,Put,0.00099735570100358200,-0.0050000000000000000,-0.0050000000000000000,0.25000000000000000,1.0000000000000000e-15,0.50000000000000000,0.010000000000000000,0.0099999999999988990,1.0000000000000000e-09,true,
439,ATM_analytic,Call,0.00099735570100358200,-0.0050000000000000000,-0.0050000000000000000,0.25000000000000000,1.0000000000000000e-15,0.50000000000000000,0.010000000000000000,0.0099999999999988990,1.0000000000000000e-09,true,
440,ATM_analytic,Put,0.00099735570100358200,-0.0050000000000000000,-0.0050000000000000000,0.25000000000000000,1.0000000000000000e-10,0.50000000000000000,0.010000000000000000,0.0099999999999988990,1.0000000000000000e-09,true,
441,ATM_analytic,Call,0.00099735570100358200,-0.0050000000000000000,-0.0050000000000000000,0.25000000000000000,1.0000000000000000e-10,0.50000000000000000,0.010000000000000000,0.0099999999999988990,1.0000000000000000e-09,true,
442,ATM_analytic,Put,0.00099735570100358200,-0.0050000000000000000,-0.0050000000000000000,0.25000000000000000,0.10000000000000000,0.50000000000000000,0.010000000000000000,0.0099999999999999950,1.0000000000000000e-09,true,
443,ATM_analytic,Call,0.00099735570100358200,-0.0050000000000000000,-0.0050000000000000000,0.25000000000000000,0.10000000000000000,0.50000000000000000,0.010000000000000000,0.0099999999999999950,1.0000000000000000e-09,true,
444,ATM_analytic,Put,0.00099735570100358200,-0.0050000000000000000,-0.0050000000000000000,0.25000000000000000,2.5000000000000000,0.50000000000000000,0.010000000000000000,0.010000000000000009,1.0000000000000000e-09,true,
445,ATM_analytic,Call,0.00099735570100358200,-0.0050000000000000000,-0.0050000000000000000,0.25000000000000000,2.5000000000000000,0.50000000000000000,0.010000000000000000,0.010000000000000009,1.0000000000000000e-09,true,
446,ATM_analytic,Put,0.00099735570100358200,-0.0050000000000000000,-0.0050000000000000000,0.25000000000000000,-0.10000000000000000,0.50000000000000000,0.010000000000000000,0.0099999999999999950,1.0000000000000000e-09,true,
447,ATM_analytic,Call,0.00099735570100358200,-0.0050000000000000000,-0.0050000000000000000,0.25000000000000000,-0.10000000000000000,0.50000000000000000,0.010000000000000000,0.0099999999999999950,1.0000000000000000e-09,true,
448,ATM_analytic,Put,0.099735570100358180,-0.0050000000000000000,-0.0050000000000000000,0.25000000000000000,0.0000000000000000,0.50000000000000000,1.0000000000000000,0.99999999999999640,1.0000000000000000e-09,true,
449,ATM_analytic,Call,0.099735570100358180,-0.0050000000000000000,-0.0050000000000000000,0.25000000000000000,0.0000000000000000,0.50000000000000000,1.0000000000000000,0.99999999999999640,1.0000000000000000e-09,true,
450,ATM_analytic,Put,0.099735570100358180,-0.0050000000000000000,-0.0050000000000000000,0.25000000000000000,1.0000000000000000e-20,0.50000000000000000,1.0000000000000000,0.99999999999999640,1.0000000000000000e-09,true,
451,ATM_analytic,Call,0.099735570100358180,-0.0050000000000000000,-0.0050000000000000000,0.25000000000000000,1.0000000000000000e-20,0.50000000000000000,1.0000000000000000,0.99999999999999640,1.0000000000000000e-09,true,
452,ATM_analytic,Put,0.099735570100358180,-0.0050000000000000000,-0.0050000000000000000,0.25000000000000000,1.0000000000000000e-16,0.50000000000000000,1.0000000000000000,0.99999999999999640,1.0000000000000000e-09,true,
453,ATM_analytic,Call,0.099735570100358180,-0.0050000000000000000,-0.0050000000000000000,0.25000000000000000,1.0000000000000000e-16,0.50000000000000000,1.0000000000000000,0.99999999999999640,1.0000000000000000e-09,true,
454,ATM_analytic,Put,0.099735570100358180,-0.0050000000000000000,-0.0050000000000000000,0.25000000000000000,1.0000000000000000e-15,0.50000000000000000,1.0000000000000000,0.99999999999999640,1.0000000000000000e-09,true,
455,ATM_analytic,Call,0.099735570100358180,-0.0050000000000000000,-0.0050000000000000000,0.25000000000000000,1.0000000000000000e-15,0.50000000000000000,1.0000000000000000,0.99999999999999640,1.0000000000000000e-09,true,
456,ATM_analytic,Put,0.099735570100358180,-0.0050000000000000000,-0.0050000000000000000,0.25000000000000000,1.0000000000000000e-10,0.50000000000000000,1.0000000000000000,0.99999999999999640,1.0000000000000000e-09,true,
457,ATM_analytic,Call,0.099735570100358180,-0.0050000000000000000,-0.0050000000000000000,0.25000000000000000,1.0000000000000000e-10,0.50000000000000000,1.0000000000000000,0.99999999999999640,1.0000000000000000e-09,true,
458,ATM_analytic,Put,0.099735570100358180,-0.0050000000000000000,-0.0050000000000000000,0.25000000000000000,0.10000000000000000,0.50000000000000000,1.0000000000000000,1.0000000000000000,1.0000000000000000e-09,true,
459,ATM_analytic,Call,0.099735570100358180,-0.0050000000000000000,-0.0050000000000000000,0.25000000000000000,0.10000000000000000,0.50000000000000000,1.0000000000000000,1.0000000000000000,1.0000000000000000e-09,true,
460,ATM_analytic,Put,0.099735570100358180,-0.0050000000000000000,-0.0050000000000000000,0.25000000000000000,2.5000000000000000,0.50000000000000000,1.0000000000000000,1.0000000000000000,1.0000000000000000e-09,true,
461,ATM_analytic,Call,0.099735570100358180,-0.0050000000000000000,-0.0050000000000000000,0.25000000000000000,2.5000000000000000,0.50000000000000000,1.0000000000000000,1.0000000000000000,1.0000000000000000e-09,true,
462,ATM_analytic,Put,0.099735570100358180,-0.0050000000000000000,-0.0050000000000000000,0.25000000000000000,-0.10000000000000000,0.50000000000000000,1.0000000000000000,1.0000000000000000,1.0000000000000000e-09,true,
463,ATM_analytic,Call,0.099735570100358180,-0.0050000000000000000,-0.0050000000000000000,0.25000000000000000,-0.10000000000000000,0.50000000000000000,1.0000000000000000,1.0000000000000000,1.0000000000000000e-09,true,
464,ATM_analytic,Put,0.49867785050179090,-0.0050000000000000000,-0.0050000000000000000,0.25000000000000000,0.0000000000000000,0.50000000000000000,5.0000000000000000,5.0000000000000000,5.0000000000000000e-09,true,
465,ATM_analytic,Call,0.49867785050179090,-0.0050000000000000000,-0.0050000000000000000,0.25000000000000000,0.0000000000000000,0.50000000000000000,5.0000000000000000,5.0000000000000000,5.0000000000000000e-09,true,
466,ATM_analytic,Put,0.49867785050179090,-0.0050000000000000000,-0.0050000000000000000,0.25000000000000000,1.0000000000000000e-20,0.50000000000000000,5.0000000000000000,5.0000000000000000,5.0000000000000000e-09,true,
467,ATM_analytic,Call,0.49867785050179090,-0.0050000000000000000,-0.0050000000000000000,0.25000000000000000,1.0000000000000000e-20,0.50000000000000000,5.0000000000000000,5.0000000000000000,5.0000000000000000e-09,true,
468,ATM_analytic,Put,0.49867785050179090,-0.0050000000000000000,-0.0050000000000000000,0.25000000000000000,1.0000000000000000e-16,0.50000000000000000,5.0000000000000000,5.0000000000000000,5.0000000000000000e-09,true,
469,ATM_analytic,Call,0.49867785050179090,-0.0050000000000000000,-0.0050000000000000000,0.25000000000000000,1.0000000000000000e-16,0.50000000000000000,5.0000000000000000,5.0000000000000000,5.0000000000000000e-09,true,
470,ATM_analytic,Put,0.49867785050179090,-0.0050000000000000000,-0.0050000000000000000,0.25000000000000000,1.0000000000000000e-15,0.50000000000000000,5.0000000000000000,5.0000000000000000,5.0000000000000000e-09,true,
471,ATM_analytic,Call,0.49867785050179090,-0.0050000000000000000,-0.0050000000000000000,0.25000000000000000,1.0000000000000000e-15,0.50000000000000000,5.0000000000000000,5.0000000000000000,5.0000000000000000e-09,true,
472,ATM_analytic,Put,0.49867785050179090,-0.0050000000000000000,-0.0050000000000000000,0.25000000000000000,1.0000000000000000e-10,0.50000000000000000,5.0000000000000000,5.0000000000000000,5.0000000000000000e-09,true,
473,ATM_analytic,Call,0.49867785050179090,-0.0050000000000000000,-0.0050000000000000000,0.25000000000000000,1.0000000000000000e-10,0.50000000000000000,5.0000000000000000,5.0000000000000000,5.0000000000000000e-09,true,
474,ATM_analytic,Put,0.49867785050179090,-0.0050000000000000000,-0.0050000000000000000,0.25000000000000000,0.10000000000000000,0.50000000000000000,5.0000000000000000,5.0000000000000000,5.0000000000000000e-09,true,
475,ATM_analytic,Call,0.49867785050179090,-0.0050000000000000000,-0.0050000000000000000,0.25000000000000000,0.10000000000000000,0.50000000000000000,5.0000000000000000,5.0000000000000000,5.0000000000000000e-09,true,
476,ATM_analytic,Put,0.49867785050179090,-0.0050000000000000000,-0.0050000000000000000,0.25000000000000000,2.5000000000000000,0.50000000000000000,5.0000000000000000,5.0000000000000000,5.0000000000000000e-09,true,
477,ATM_analytic,Call,0.49867785050179090,-0.0050000000000000000,-0.0050000000000000000,0.25000000000000000,2.5000000000000000,0.50000000000000000,5.0000000000000000,5.0000000000000000,5.0000000000000000e-09,true,
478,ATM_analytic,Put,0.49867785050179090,-0.0050000000000000000,-0.0050000000000000000,0.25000000000000000,-0.10000000000000000,0.50000000000000000,5.0000000000000000,5.0000000000000000,5.0000000000000000e-09,true,
479,ATM_analytic,Call,0.49867785050179090,-0.0050000000000000000,-0.0050000000000000000,0.25000000000000000,-0.10000000000000000,0.50000000000000000,5.0000000000000000,5.0000000000000000,5.0000000000000000e-09,true,
480,ATM_analytic,Put,0.0019947114020071640,-0.0050000000000000000,-0.0050000000000000000,0.25000000000000000,0.0000000000000000,1.0000000000000000,0.010000000000000000,0.0099999999999988990,1.0000000000000000e-09,true,
481,ATM_analytic,Call,0.0019947114020071640,-0.0050000000000000000,-0.0050000000000000000,0.25000000000000000,0.0000000000000000,1.0000000000000000,0.010000000000000000,0.0099999999999988990,1.0000000000000000e-09,true,
482,ATM_analytic,Put,0.0019947114020071640,-0.0050000000000000000,-0.0050000000000000000,0.25000000000000000,1.0000000000000000e-20,1.0000000000000000,0.010000000000000000,0.0099999999999988990,1.0000000000000000e-09,true,
483,ATM_analytic,Call,0.0019947114020071640,-0.0050000000000000000,-0.0050000000000000000,0.25000000000000000,1.0000000000000000e-20,1.0000000000000000,0.010000000000000000,0.0099999999999988990,1.0000000000000000e-09,true,
484,ATM_analytic,Put,0.0019947114020071640,-0.0050000000000000000,-0.0050000000000000000,0.25000000000000000,1.0000000000000000e-16,1.0000000000000000,0.010000000000000000,0.0099999999999988990,1.0000000000000000e-09,true,
485,ATM_analytic,Call,0.0019947114020071640,-0.0050000000000000000,-0.0050000000000000000,0.25000000000000000,1.0000000000000000e-16,1.0000000000000000,0.010000000000000000,0.0099999999999988990,1.0000000000000000e-09,true,
486,ATM_analytic,Put,0.0019947114020071640,-0.0050000000000000000,-0.0050000000000000000,0.25000000000000000,1.0000000000000000e-15,1.0000000000000000,0.010000000000000000,0.0099999999999988990,1.0000000000000000e-09,true,
487,ATM_analytic,Call,0.0019947114020071640,-0.0050000000000000000,-0.0050000000000000000,0.25000000000000000,1.0000000000000000e-15,1.0000000000000000,0.010000000000000000,0.0099999999999988990,1.0000000000000000e-09,true,
488,ATM_analytic,Put,0.0019947114020071640,-0.0050000000000000000,-0.0050000000000000000,0.25000000000000000,1.0000000000000000e-10,1.0000000000000000,0.010000000000000000,0.0099999999999988990,1.0000000000000000e-09,true,
489,ATM_analytic,Call,0.0019947114020071640,-0.0050000000000000000,-0.0050000000000000000,0.25000000000000000,1.0000000000000000e-10,1.0000000000000000,0.010000000000000000,0.0099999999999988990,1.0000000000000000e-09,true,
490,ATM_analytic,Put,0.0019947114020071640,-0.0050000000000000000,-0.0050000000000000000,0.25000000000000000,0.10000000000000000,1.0000000000000000,0.010000000000000000,0.0099999999999999950,1.0000000000000000e-09,true,
491,ATM_analytic,Call,0.0019947114020071640,-0.0050000000000000000,-0.0050000000000000000,0.25000000000000000,0.10000000000000000,1.0000000000000000,0.010000000000000000,0.0099999999999999950,1.0000000000000000e-09,true,
492,ATM_analytic,Put,0.0019947114020071640,-0.0050000000000000000,-0.0050000000000000000,0.25000000000000000,2.5000000000000000,1.0000000000000000,0.010000000000000000,0.010000000000000009,1.0000000000000000e-09,true,
493,ATM_analytic,Call,0.0019947114020071640,-0.0050000000000000000,-0.0050000000000000000,0.25000000000000000,2.5000000000000000,1.0000000000000000,0.010000000000000000,0.010000000000000009,1.0000000000000000e-09,true,
494,ATM_analytic,Put,0.0019947114020071640,-0.0050000000000000000,-0.0050000000000000000,0.25000000000000000,-0.10000000000000000,1.0000000000000000,0.010000000000000000,0.0099999999999999950,1.0000000000000000e-09,true,
495,ATM_analytic,Call,0.0019947114020071640,-0.0050000000000000000,-0.0050000000000000000,0.25000000000000000,-0.10000000000000000,1.0000000000000000,0.010000000000000000,0.0099999999999999950,1.0000000000000000e-09,true,
496,ATM_analytic,Put,0.19947114020071635,-0.0050000000000000000,-0.0050000000000000000,0.25000000000000000,0.0000000000000000,1.0000000000000000,1.0000000000000000,0.99999999999999980,1.0000000000000000e-09,true,
497,ATM_analytic,Call,0.19947114020071635,-0.0050000000000000000,-0.0050000000000000000,0.25000000000000000,0.0000000000000000,1.0000000000000000,1.0000000000000000,0.99999999999999980,1.0000000000000000e-09,true,
498,ATM_analytic,Put,0.19947114020071635,-0.0050000000000000000,-0.0050000000000000000,0.25000000000000000,1.0000000000000000e-20,1.0000000000000000,1.0000000000000000,0.99999999999999980,1.0000000000000000e-09,true,
499,ATM_analytic,Call,0.19947114020071635,-0.0050000000000000000,-0.0050000000000000000,0.25000000000000000,1.0000000000000000e-20,1.0000000000000000,1.0000000000000000,0.99999999999999980,1.0000000000000000e-09,true,
500,ATM_analytic,Put,0.19947114020071635,-0.0050000000000000000,-0.0050000000000000000,0.25000000000000000,1.0000000000000000e-16,1.0000000000000000,1.0000000000000000,0.99999999999999980,1.0000000000000000e-09,true,
501,ATM_analytic,Call,0.19947114020071635,-0.0050000000000000000,-0.0050000000000000000,0.25000000000000000,1.0000000000000000e-16,1.0000000000000000,1.0000000000000000,0.99999999999999980,1.0000000000000000e-09,true,
502,ATM_analytic,Put,0.19947114020071635,-0.0050000000000000000,-0.0050000000000000000,0.25000000000000000,1.0000000000000000e-15,1.0000000000000000,1.0000000000000000,0.99999999999999980,1.0000000000000000e-09,true,
503,ATM_analytic,Call,0.19947114020071635,-0.0050000000000000000,-0.0050000000000000000,0.25000000000000000,1.0000000000000000e-15,1.0000000000000000,1.0000000000000000,0.99999999999999980,1.0000000000000000e-09,true,
504,ATM_analytic,Put,0.19947114020071635,-0.0050000000000000000,-0.0050000000000000000,0.25000000000000000,1.0000000000000000e-10,1.0000000000000000,1.0000000000000000,0.99999999999999980,1.0000000000000000e-09,true,
505,ATM_analytic,Call,0.19947114020071635,-0.0050000000000000000,-0.0050000000000000000,0.25000000000000000,1.0000000000000000e-10,1.0000000000000000,1.0000000000000000,0.99999999999999980,1.0000000000000000e-09,true,
506,ATM_analytic,Put,0.19947114020071635,-0.0050000000000000000,-0.0050000000000000000,0.25000000000000000,0.10000000000000000,1.0000000000000000,1.0000000000000000,1.0000000000000000,1.0000000000000000e-09,true,
507,ATM_analytic,Call,0.19947114020071635,-0.0050000000000000000,-0.0050000000000000000,0.25000000000000000,0.10000000000000000,1.0000000000000000,1.0000000000000000,1.0000000000000000,1.0000000000000000e-09,true,
508,ATM_analytic,Put,0.19947114020071635,-0.0050000000000000000,-0.0050000000000000000,0.25000000000000000,2.5000000000000000,1.0000000000000000,1.0000000000000000,1.0000000000000000,1.0000000000000000e-09,true,
509,ATM_analytic,Call,0.19947114020071635,-0.0050000000000000000,-0.0050000000000000000,0.25000000000000000,2.5000000000000000,1.0000000000000000,1.0000000000000000,1.0000000000000000,1.0000000000000000e-09,true,
510,ATM_analytic,Put,0.19947114020071635,-0.0050000000000000000,-0.0050000000000000000,0.25000000000000000,-0.10000000000000000,1.0000000000000000,1.0000000000000000,1.0000000000000000,1.0000000000000000e-09,true,
511,ATM_analytic,Call,0.19947114020071635,-0.0050000000000000000,-0.0050000000000000000,0.25000000000000000,-0.10000000000000000,1.0000000000000000,1.0000000000000000,1.0000000000000000,1.0000000000000000e-09,true,
512,ATM_analytic,Put,0.99735570100358180,-0.0050000000000000000,-0.0050000000000000000,0.25000000000000000,0.0000000000000000,1.0000000000000000,5.0000000000000000,5.0000000000000000,5.0000000000000000e-09,true,
513,ATM_analytic,Call,0.99735570100358180,-0.0050000000000000000,-0.0050000000000000000,0.25000000000000000,0.0000000000000000,1.0000000000000000,5.0000000000000000,5.0000000000000000,5.0000000000000000e-09,true,
514,ATM_analytic,Put,0.99735570100358180,-0.0050000000000000000,-0.0050000000000000000,0.25000000000000000,1.0000000000000000e-20,1.0000000000000000,5.0000000000000000,5.0000000000000000,5.0000000000000000e-09,true,
515,ATM_analytic,Call,0.99735570100358180,-0.0050000000000000000,-0.0050000000000000000,0.25000000000000000,1.0000000000000000e-20,1.0000000000000000,5.0000000000000000,5.0000000000000000,5.0000000000000000e-09,true,
516,ATM_analytic,Put,0.99735570100358180,-0.0050000000000000000,-0.0050000000000000000,0.25000000000000000,1.0000000000000000e-16,1.0000000000000000,5.0000000000000000,5.0000000000000000,5.0000000000000000e-09,true,
517,ATM_analytic,Call,0.99735570100358180,-0.0050000000000000000,-0.0050000000000000000,0.25000000000000000,1.0000000000000000e-16,1.0000000000000000,5.0000000000000000,5.0000000000000000,5.0000000000000000e-09,true,
518,ATM_analytic,Put,0.99735570100358180,-0.0050000000000000000,-0.0050000000000000000,0.25000000000000000,1.0000000000000000e-15,1.0000000000000000,5.0000000000000000,5.0000000000000000,5.0000000000000000e-09,true,
519,ATM_analytic,Call,0.99735570100358180,-0.0050000000000000000,-0.0050000000000000000,0.25000000000000000,1.0000000000000000e-15,1.0000000000000000,5.0000000000000000,5.0000000000000000,5.0000000000000000e-09,true,
520,ATM_analytic,Put,0.99735570100358180,-0.0050000000000000000,-0.0050000000000000000,0.25000000000000000,1.0000000000000000e-10,1.0000000000000000,5.0000000000000000,5.0000000000000000,5.0000000000000000e-09,true,
521,ATM_analytic,Call,0.99735570100358180,-0.0050000000000000000,-0.0050000000000000000,0.25000000000000000,1.0000000000000000e-10,1.0000000000000000,5.0000000000000000,5.0000000000000000,5.0000000000000000e-09,true,
522,ATM_analytic,Put,0.99735570100358180,-0.0050000000000000000,-0.0050000000000000000,0.25000000000000000,0.10000000000000000,1.0000000000000000,5.0000000000000000,5.0000000000000000,5.0000000000000000e-09,true,
523,ATM_analytic,Call,0.99735570100358180,-0.0050000000000000000,-0.0050000000000000000,0.25000000000000000,0.10000000000000000,1.0000000000000000,5.0000000000000000,5.0000000000000000,5.0000000000000000e-09,true,
524,ATM_analytic,Put,0.99735570100358180,-0.0050000000000000000,-0.0050000000000000000,0.25000000000000000,2.5000000000000000,1.0000000000000000,5.0000000000000000,5.0000000000000000,5.0000000000000000e-09,true,
525,ATM_analytic,Call,0.99735570100358180,-0.0050000000000000000,-0.0050000000000000000,0.25000000000000000,2.5000000000000000,1.0000000000000000,5.0000000000000000,5.0000000000000000,5.0000000000000000e-09,true,
526,ATM_analytic,Put,0.99735570100358180,-0.0050000000000000000,-0.0050000000000000000,0.25000000000000000,-0.10000000000000000,1.0000000000000000,5.0000000000000000,5.0000000000000000,5.0000000000000000e-09,true,
527,ATM_analytic,Call,0.99735570100358180,-0.0050000000000000000,-0.0050000000000000000,0.25000000000000000,-0.10000000000000000,1.0000000000000000,5.0000000000000000,5.0000000000000000,5.0000000000000000e-09,true,
528,ATM_analytic,Put,0.0039894228040143280,-0.0050000000000000000,-0.0050000000000000000,0.25000000000000000,0.0000000000000000,2.0000000000000000,0.010000000000000000,0.0099999999999988990,1.0000000000000000e-09,true,
529,ATM_analytic,Call,0.0039894228040143280,-0.0050000000000000000,-0.0050000000000000000,0.25000000000000000,0.0000000000000000,2.0000000000000000,0.010000000000000000,0.0099999999999988990,1.0000000000000000e-09,true,
530,ATM_analytic,Put,0.0039894228040143280,-0.0050000000000000000,-0.0050000000000000000,0.25000000000000000,1.0000000000000000e-20,2.0000000000000000,0.010000000000000000,0.0099999999999988990,1.0000000000000000e-09,true,
531,ATM_analytic,Call,0.0039894228040143280,-0.0050000000000000000,-0.0050000000000000000,0.25000000000000000,1.0000000000000000e-20,2.0000000000000000,0.010000000000000000,0.0099999999999988990,1.0000000000000000e-09,true,
532,ATM_analytic,Put,0.0039894228040143280,-0.0050000000000000000,-0.0050000000000000000,0.25000000000000000,1.0000000000000000e-16,2.0000000000000000,0.010000000000000000,0.0099999999999988990,1.0000000000000000e-09,true,
533,ATM_analytic,Call,0.0039894228040143280,-0.0050000000000000000,-0.0050000000000000000,0.25000000000000000,1.0000000000000000e-16,2.0000000000000000,0.010000000000000000,0.0099999999999988990,1.0000000000000000e-09,true,
534,ATM_analytic,Put,0.0039894228040143280,-0.0050000000000000000,-0.0050000000000000000,0.25000000000000000,1.0000000000000000e-15,2.0000000000000000,0.010000000000000000,0.0099999999999988990,1.0000000000000000e-09,true,
535,ATM_analytic,Call,0.0039894228040143280,-0.0050000000000000000,-0.0050000000000000000,0.25000000000000000,1.0000000000000000e-15,2.0000000000000000,0.010000000000000000,0.0099999999999988990,1.0000000000000000e-09,true,
536,ATM_analytic,Put,0.0039894228040143280,-0.0050000000000000000,-0.0050000000000000000,0.25000000000000000,1.0000000000000000e-10,2.0000000000000000,0.010000000000000000,0.0099999999999988990,1.0000000000000000e-09,true,
537,ATM_analytic,Call,0.0039894228040143280,-0.0050000000000000000,-0.0050000000000000000,0.25000000000000000,1.0000000000000000e-10,2.0000000000000000,0.010000000000000000,0.0099999999999988990,1.0000000000000000e-09,true,
538,ATM_analytic,Put,0.0039894228040143280,-0.0050000000000000000,-0.0050000000000000000,0.25000000000000000,0.10000000000000000,2.0000000000000000,0.010000000000000000,0.0099999999999999950,1.0000000000000000e-09,true,
539,ATM_analytic,Call,0.0039894228040143280,-0.0050000000000000000,-0.0050000000000000000,0.25000000000000000,0.10000000000000000,2.0000000000000000,0.010000000000000000,0.0099999999999999950,1.0000000000000000e-09,true,
540,ATM_analytic,Put,0.0039894228040143280,-0.0050000000000000000,-0.0050000000000000000,0.25000000000000000,2.5000000000000000,2.0000000000000000,0.010000000000000000,0.010000000000000009,1.0000000000000000e-09,true,
541,ATM_analytic,Call,0.0039894228040143280,-0.0050000000000000000,-0.0050000000000000000,0.25000000000000000,2.5000000000000000,2.0000000000000000,0.010000000000000000,0.010000000000000009,1.0000000000000000e-09,true,
542,ATM_analytic,Put,0.0039894228040143280,-0.0050000000000000000,-0.0050000000000000000,0.25000000000000000,-0.10000000000000000,2.0000000000000000,0.010000000000000000,0.0099999999999999950,1.0000000000000000e-09,true,
543,ATM_analytic,Call,0.0039894228040143280,-0.0050000000000000000,-0.0050000000000000000,0.25000000000000000,-0.10000000000000000,2.0000000000000000,0.010000000000000000,0.0099999999999999950,1.0000000000000000e-09,true,
544,ATM_analytic,Put,0.39894228040143270,-0.0050000000000000000,-0.0050000000000000000,0.25000000000000000,0.0000000000000000,2.0000000000000000,1.0000000000000000,0.99999999999999980,1.0000000000000000e-09,true,
545,ATM_analytic,Call,0.39894228040143270,-0.0050000000000000000,-0.0050000000000000000,0.25000000000000000,0.0000000000000000,2.0000000000000000,1.0000000000000000,0.99999999999999980,1.0000000000000000e-09,true,
546,ATM_analytic,Put,0.39894228040143270,-0.0050000000000000000,-0.0050000000000000000,0.25000000000000000,1.0000000000000000e-20,2.0000000000000000,1.0000000000000000,0.99999999999999980,1.0000000000000000e-09,true,
547,ATM_analytic,Call,0.39894228040143270,-0.0050000000000000000,-0.0050000000000000000,0.25000000000000000,1.0000000000000000e-20,2.0000000000000000,1.0000000000000000,0.99999999999999980,1.0000000000000000e-09,true,
548,ATM_analytic,Put,0.39894228040143270,-0.0050000000000000000,-0.0050000000000000000,0.25000000000000000,1.0000000000000000e-16,2.0000000000000000,1.0000000000000000,0.99999999999999980,1.0000000000000000e-09,true,
549,ATM_analytic,Call,0.39894228040143270,-0.0050000000000000000,-0.0050000000000000000,0.25000000000000000,1.0000000000000000e-16,2.0000000000000000,1.0000000000000000,0.99999999999999980,1.0000000000000000e-09,true,
550,ATM_analytic,Put,0.39894228040143270,-0.0050000000000000000,-0.0050000000000000000,0.25000000000000000,1.0000000000000000e-15,2.0000000000000000,1.0000000000000000,0.99999999999999980,1.0000000000000000e-09,true,
551,ATM_analytic,Call,0.39894228040143270,-0.0050000000000000000,-0.0050000000000000000,0.25000000000000000,1.0000000000000000e-15,2.0000000000000000,1.0000000000000000,0.99999999999999980,1.0000000000000000e-09,true,
552,ATM_analytic,Put,0.39894228040143270,-0.0050000000000000000,-0.0050000000000000000,0.25000000000000000,1.0000000000000000e-10,2.0000000000000000,1.0000000000000000,0.99999999999999980,1.0000000000000000e-09,true,
553,ATM_analytic,Call,0.39894228040143270,-0.0050000000000000000,-0.0050000000000000000,0.25000000000000000,1.0000000000000000e-10,2.0000000000000000,1.0000000000000000,0.99999999999999980,1.0000000000000000e-09,true,
554,ATM_analytic,Put,0.39894228040143270,-0.0050000000000000000,-0.0050000000000000000,0.25000000000000000,0.10000000000000000,2.0000000000000000,1.0000000000000000,1.0000000000000000,1.0000000000000000e-09,true,
555,ATM_analytic,Call,0.39894228040143270,-0.0050000000000000000,-0.0050000000000000000,0.25000000000000000,0.10000000000000000,2.0000000000000000,1.0000000000000000,1.0000000000000000,1.0000000000000000e-09,true,
556,ATM_analytic,Put,0.39894228040143270,-0.0050000000000000000,-0.0050000000000000000,0.25000000000000000,2.5000000000000000,2.0000000000000000,1.0000000000000000,1.0000000000000000,1.0000000000000000e-09,true,
557,ATM_analytic,Call,0.39894228040143270,-0.0050000000000000000,-0.0050000000000000000,0.25000000000000000,2.5000000000000000,2.0000000000000000,1.0000000000000000,1.0000000000000000,1.0000000000000000e-09,true,
558,ATM_analytic,Put,0.39894228040143270,-0.0050000000000000000,-0.0050000000000000000,0.25000000000000000,-0.10000000000000000,2.0000000000000000,1.0000000000000000,1.0000000000000000,1.0000000000000000e-09,true,
559,ATM_analytic,Call,0.39894228040143270,-0.0050000000000000000,-0.0050000000000000000,0.25000000000000000,-0.10000000000000000,2.0000000000000000,1.0000000000000000,1.0000000000000000,1.0000000000000000e-09,true,
560,ATM_analytic,Put,1.9947114020071637,-0.0050000000000000000,-0.0050000000000000000,0.25000000000000000,0.0000000000000000,2.0000000000000000,5.0000000000000000,5.0000000000000000,5.0000000000000000e-09,true,
561,ATM_analytic,Call,1.9947114020071637,-0.0050000000000000000,-0.0050000000000000000,0.25000000000000000,0.0000000000000000,2.0000000000000000,5.0000000000000000,5.0000000000000000,5.0000000000000000e-09,true,
562,ATM_analytic,Put,1.9947114020071637,-0.0050000000000000000,-0.0050000000000000000,0.25000000000000000,1.0000000000000000e-20,2.0000000000000000,5.0000000000000000,5.0000000000000000,5.0000000000000000e-09,true,
563,ATM_analytic,Call,1.9947114020071637,-0.0050000000000000000,-0.0050000000000000000,0.25000000000000000,1.0000000000000000e-20,2.0000000000000000,5.0000000000000000,5.0000000000000000,5.0000000000000000e-09,true,
564,ATM_analytic,Put,1.9947114020071637,-0.0050000000000000000,-0.0050000000000000000,0.25000000000000000,1.0000000000000000e-16,2.0000000000000000,5.0000000000000000,5.0000000000000000,5.0000000000000000e-09,true,
565,ATM_analytic,Call,1.9947114020071637,-0.0050000000000000000,-0.0050000000000000000,0.25000000000000000,1.0000000000000000e-16,2.0000000000000000,5.0000000000000000,5.0000000000000000,5.0000000000000000e-09,true,
566,ATM_analytic,Put,1.9947114020071637,-0.0050000000000000000,-0.0050000000000000000,0.25000000000000000,1.0000000000000000e-15,2.0000000000000000,5.0000000000000000,5.0000000000000000,5.0000000000000000e-09,true,
567,ATM_analytic,Call,1.9947114020071637,-0.0050000000000000000,-0.0050000000000000000,0.25000000000000000,1.0000000000000000e-15,2.0000000000000000,5.0000000000000000,5.0000000000000000,5.0000000000000000e-09,true,
568,ATM_analytic,Put,1.9947114020071637,-0.0050000000000000000,-0.0050000000000000000,0.25000000000000000,1.0000000000000000e-10,2.0000000000000000,5.0000000000000000,5.0000000000000000,5.0000000000000000e-09,true,
569,ATM_analytic,Call,1.9947114020071637,-0.0050000000000000000,-0.0050000000000000000,0.25000000000000000,1.0000000000000000e-10,2.0000000000000000,5.0000000000000000,5.0000000000000000,5.0000000000000000e-09,true,
570,ATM_analytic,Put,1.9947114020071637,-0.0050000000000000000,-0.0050000000000000000,0.25000000000000000,0.10000000000000000,2.0000000000000000,5.0000000000000000,5.0000000000000000,5.0000000000000000e-09,true,
571,ATM_analytic,Call,1.9947114020071637,-0.0050000000000000000,-0.0050000000000000000,0.25000000000000000,0.10000000000000000,2.0000000000000000,5.0000000000000000,5.0000000000000000,5.0000000000000000e-09,true,
572,ATM_analytic,Put,1.9947114020071637,-0.0050000000000000000,-0.0050000000000000000,0.25000000000000000,2.5000000000000000,2.0000000000000000,5.0000000000000000,5.0000000000000000,5.0000000000000000e-09,true,
573,ATM_analytic,Call,1.9947114020071637,-0.0050000000000000000,-0.0050000000000000000,0.25000000000000000,2.5000000000000000,2.0000000000000000,5.0000000000000000,5.0000000000000000,5.0000000000000000e-09,true,
574,ATM_analytic,Put,1.9947114020071637,-0.0050000000000000000,-0.0050000000000000000,0.25000000000000000,-0.10000000000000000,2.0000000000000000,5.0000000000000000,5.0000000000000000,5.0000000000000000e-09,true,
575,ATM_analytic,Call,1.9947114020071637,-0.0050000000000000000,-0.0050000000000000000,0.25000000000000000,-0.10000000000000000,2.0000000000000000,5.0000000000000000,5.0000000000000000,5.0000000000000000e-09,true,
576,ATM_analytic,Put,0.0019947114020071640,-0.0050000000000000000,-0.0050000000000000000,1.0000000000000000,0.0000000000000000,0.50000000000000000,0.010000000000000000,0.0099999999999988990,1.0000000000000000e-09,true,
577,ATM_analytic,Call,0.0019947114020071640,-0.0050000000000000000,-0.0050000000000000000,1.0000000000000000,0.0000000000000000,0.50000000000000000,0.010000000000000000,0.0099999999999988990,1.0000000000000000e-09,true,
578,ATM_analytic,Put,0.0019947114020071640,-0.0050000000000000000,-0.0050000000000000000,1.0000000000000000,1.0000000000000000e-20,0.50000000000000000,0.010000000000000000,0.0099999999999988990,1.0000000000000000e-09,true,
579,ATM_analytic,Call,0.0019947114020071640,-0.0050000000000000000,-0.0050000000000000000,1.0000000000000000,1.0000000000000000e-20,0.50000000000000000,0.010000000000000000,0.0099999999999988990,1.0000000000000000e-09,true,
580,ATM_analytic,Put,0.0019947114020071640,-0.0050000000000000000,-0.0050000000000000000,1.0000000000000000,1.0000000000000000e-16,0.50000000000000000,0.010000000000000000,0.0099999999999988990,1.0000000000000000e-09,true,
581,ATM_analytic,Call,0.0019947114020071640,-0.0050000000000000000,-0.0050000000000000000,1.0000000000000000,1.0000000000000000e-16,0.50000000000000000,0.010000000000000000,0.0099999999999988990,1.0000000000000000e-09,true,
582,ATM_analytic,Put,0.0019947114020071640,-0.0050000000000000000,-0.0050000000000000000,1.0000000000000000,1.0000000000000000e-15,0.50000000000000000,0.010000000000000000,0.0099999999999988990,1.0000000000000000e-09,true,
583,ATM_analytic,Call,0.0019947114020071640,-0.0050000000000000000,-0.0050000000000000000,1.0000000000000000,1.0000000000000000e-15,0.50000000000000000,0.010000000000000000,0.0099999999999988990,1.0000000000000000e-09,true,
584,ATM_analytic,Put,0.0019947114020071640,-0.0050000000000000000,-0.0050000000000000000,1.0000000000000000,1.0000000000000000e-10,0.50000000000000000,0.010000000000000000,0.0099999999999988990,1.0000000000000000e-09,true,
585,ATM_analytic,Call,0.0019947114020071640,-0.0050000000000000000,-0.0050000000000000000,1.0000000000000000,1.0000000000000000e-10,0.50000000000000000,0.010000000000000000,0.0099999999999988990,1.0000000000000000e-09,true,
586,ATM_analytic,Put,0.0019947114020071640,-0.0050000000000000000,-0.0050000000000000000,1.0000000000000000,0.10000000000000000,0.50000000000000000,0.010000000000000000,0.0099999999999999950,1.0000000000000000e-09,true,
587,ATM_analytic,Call,0.0019947114020071640,-0.0050000000000000000,-0.0050000000000000000,1.0000000000000000,0.10000000000000000,0.50000000000000000,0.010000000000000000,0.0099999999999999950,1.0000000000000000e-09,true,
588,ATM_analytic,Put,0.0019947114020071640,-0.0050000000000000000,-0.0050000000000000000,1.0000000000000000,2.5000000000000000,0.50000000000000000,0.010000000000000000,0.010000000000000009,1.0000000000000000e-09,true,
589,ATM_analytic,Call,0.0019947114020071640,-0.0050000000000000000,-0.0050000000000000000,1.0000000000000000,2.5000000000000000,0.50000000000000000,0.010000000000000000,0.010000000000000009,1.0000000000000000e-09,true,
590,ATM_analytic,Put,0.0019947114020071640,-0.0050000000000000000,-0.0050000000000000000,1.0000000000000000,-0.10000000000000000,0.50000000000000000,0.010000000000000000,0.0099999999999999950,1.0000000000000000e-09,true,
591,ATM_analytic,Call,0.0019947114020071640,-0.0050000000000000000,-0.0050000000000000000,1.0000000000000000,-0.10000000000000000,0.50000000000000000,0.010000000000000000,0.0099999999999999950,1.0000000000000000e-09,true,
592,ATM_analytic,Put,0.19947114020071635,-0.0050000000000000000,-0.0050000000000000000,1.0000000000000000,0.0000000000000000,0.50000000000000000,1.0000000000000000,0.99999999999999980,1.0000000000000000e-09,true,
593,ATM_analytic,Call,0.19947114020071635,-0.0050000000000000000,-0.0050000000000000000,1.0000000000000000,0.0000000000000000,0.50000000000000000,1.0000000000000000,0.99999999999999980,1.0000000000000000e-09,true,
594,ATM_analytic,Put,0.19947114020071635,-0.0050000000000000000,-0.0050000000000000000,1.0000000000000000,1.0000000000000000e-20,0.50000000000000000,1.0000000000000000,0.99999999999999980,1.0000000000000000e-09,true,
595,ATM_analytic,Call,0.19947114020071635,-0.0050000000000000000,-0.0050000000000000000,1.0000000000000000,1.0000000000000000e-20,0.50000000000000000,1.0000000000000000,0.99999999999999980,1.0000000000000000e-09,true,
596,ATM_analytic,Put,0.19947114020071635,-0.0050000000000000000,-0.0050000000000000000,1.0000000000000000,1.0000000000000000e-16,0.50000000000000000,1.0000000000000000,0.99999999999999980,1.0000000000000000e-09,true,
597,ATM_analytic,Call,0.19947114020071635,-0.0050000000000000000,-0.0050000000000000000,1.0000000000000000,1.0000000000000000e-16,0.50000000000000000,1.0000000000000000,0.99999999999999980,1.0000000000000000e-09,true,
598,ATM_analytic,Put,0.19947114020071635,-0.0050000000000000000,-0.0050000000000000000,1.0000000000000000,1.0000000000000000e-15,0.50000000000000000,1.0000000000000000,0.99999999999999980,1.0000000000000000e-09,true,
599,ATM_analytic,Call,0.19947114020071635,-0.0050000000000000000,-0.0050000000000000000,1.0000000000000000,1.0000000000000000e-15,0.50000000000000000,1.0000000000000000,0.99999999999999980,1.0000000000000000e-09,true,
600,ATM_analytic,Put,0.19947114020071635,-0.0050000000000000000,-0.0050000000000000000,1.0000000000000000,1.0000000000000000e-10,0.50000000000000000,1.0000000000000000,0.99999999999999980,1.0000000000000000e-09,true,
601,ATM_analytic,Call,0.19947114020071635,-0.0050000000000000000,-0.0050000000000000000,1.0000000000000000,1.0000000000000000e-10,0.50000000000000000,1.0000000000000000,0.99999999999999980,1.0000000000000000e-09,true,
602,ATM_analytic,Put,0.19947114020071635,-0.0050000000000000000,-0.0050000000000000000,1.0000000000000000,0.10000000000000000,0.50000000000000000,1.0000000000000000,1.0000000000000000,1.0000000000000000e-09,true,
603,ATM_analytic,Call,0.19947114020071635,-0.0050000000000000000,-0.0050000000000000000,1.0000000000000000,0.10000000000000000,0.50000000000000000,1.0000000000000000,1.0000000000000000,1.0000000000000000e-09,true,
604,ATM_analytic,Put,0.19947114020071635,-0.0050000000000000000,-0.0050000000000000000,1.0000000000000000,2.5000000000000000,0.50000000000000000,1.0000000000000000,1.0000000000000000,1.0000000000000000e-09,true,
605,ATM_analytic,Call,0.19947114020071635,-0.0050000000000000000,-0.0050000000000000000,1.0000000000000000,2.5000000000000000,0.50000000000000000,1.0000000000000000,1.0000000000000000,1.0000000000000000e-09,true,
606,ATM_analytic,Put,0.19947114020071635,-0.0050000000000000000,-0.0050000000000000000,1.0000000000000000,-0.10000000000000000,0.50000000000000000,1.0000000000000000,1.0000000000000000,1.0000000000000000e-09,true,
607,ATM_analytic,Call,0.19947114020071635,-0.0050000000000000000,-0.0050000000000000000,1.0000000000000000,-0.10000000000000000,0.50000000000000000,1.0000000000000000,1.0000000000000000,1.0000000000000000e-09,true,
608,ATM_analytic,Put,0.99735570100358180,-0.0050000000000000000,-0.0050000000000000000,1.0000000000000000,0.0000000000000000,0.50000000000000000,5.0000000000000000,5.0000000000000000,5.0000000000000000e-09,true,
609,ATM_analytic,Call,0.99735570100358180,-0.0050000000000000000,-0.0050000000000000000,1.0000000000000000,0.0000000000000000,0.50000000000000000,5.0000000000000000,5.0000000000000000,5.0000000000000000e-09,true,
610,ATM_analytic,Put,0.99735570100358180,-0.0050000000000000000,-0.0050000000000000000,1.0000000000000000,1.0000000000000000e-20,0.50000000000000000,5.0000000000000000,5.0000000000000000,5.0000000000000000e-09,true,
611,ATM_analytic,Call,0.99735570100358180,-0.0050000000000000000,-0.0050000000000000000,1.0000000000000000,1.0000000000000000e-20,0.50000000000000000,5.0000000000000000,5.0000000000000000,5.0000000000000000e-09,true,
612,ATM_analytic,Put,0.99735570100358180,-0.0050000000000000000,-0.0050000000000000000,1.0000000000000000,1.0000000000000000e-16,0.50000000000000000,5.0000000000000000,5.0000000000000000,5.0000000000000000e-09,true,
613,ATM_analytic,Call,0.99735570100358180,-0.0050000000000000000,-0.0050000000000000000,1.0000000000000000,1.0000000000000000e-16,0.50000000000000000,5.0000000000000000,5.0000000000000000,5.0000000000000000e-09,true,
614,ATM_analytic,Put,0.99735570100358180,-0.0050000000000000000,-0.0050000000000000000,1.0000000000000000,1.0000000000000000e-15,0.50000000000000000,5.0000000000000000,5.0000000000000000,5.0000000000000000e-09,true,
615,ATM_analytic,Call,0.99735570100358180,-0.0050000000000000000,-0.0050000000000000000,1.0000000000000000,1.0000000000000000e-15,0.50000000000000000,5.0000000000000000,5.0000000000000000,5.0000000000000000e-09,true,
616,ATM_analytic,Put,0.99735570100358180,-0.0050000000000000000,-0.0050000000000000000,1.0000000000000000,1.0000000000000000e-10,0.50000000000000000,5.0000000000000000,5.0000000000000000,5.0000000000000000e-09,true,
617,ATM_analytic,Call,0.99735570100358180,-0.0050000000000000000,-0.0050000000000000000,1.0000000000000000,1.0000000000000000e-10,0.50000000000000000,5.0000000000000000,5.0000000000000000,5.0000000000000000e-09,true,
618,ATM_analytic,Put,0.99735570100358180,-0.0050000000000000000,-0.0050000000000000000,1.0000000000000000,0.10000000000000000,0.50000000000000000,5.0000000000000000,5.0000000000000000,5.0000000000000000e-09,true,
619,ATM_analytic,Call,0.99735570100358180,-0.0050000000000000000,-0.0050000000000000000,1.0000000000000000,0.10000000000000000,0.50000000000000000,5.0000000000000000,5.0000000000000000,5.0000000000000000e-09,true,
620,ATM_analytic,Put,0.99735570100358180,-0.0050000000000000000,-0.0050000000000000000,1.0000000000000000,2.5000000000000000,0.50000000000000000,5.0000000000000000,5.0000000000000000,5.0000000000000000e-09,true,
621,ATM_analytic,Call,0.99735570100358180,-0.0050000000000000000,-0.0050000000000000000,1.0000000000000000,2.5000000000000000,0.50000000000000000,5.0000000000000000,5.0000000000000000,5.0000000000000000e-09,true,
622,ATM_analytic,Put,0.99735570100358180,-0.0050000000000000000,-0.0050000000000000000,1.0000000000000000,-0.10000000000000000,0.50000000000000000,5.0000000000000000,5.0000000000000000,5.0000000000000000e-09,true,
623,ATM_analytic,Call,0.99735570100358180,-0.0050000000000000000,-0.0050000000000000000,1.0000000000000000,-0.10000000000000000,0.50000000000000000,5.0000000000000000,5.0000000000000000,5.0000000000000000e-09,true,
624,ATM_analytic,Put,0.0039894228040143280,-0.0050000000000000000,-0.0050000000000000000,1.0000000000000000,0.0000000000000000,1.0000000000000000,0.010000000000000000,0.0099999999999988990,1.0000000000000000e-09,true,
625,ATM_analytic,Call,0.0039894228040143280,-0.0050000000000000000,-0.0050000000000000000,1.0000000000000000,0.0000000000000000,1.0000000000000000,0.010000000000000000,0.0099999999999988990,1.0000000000000000e-09,true,
626,ATM_analytic,Put,0.0039894228040143280,-0.0050000000000000000,-0.0050000000000000000,1.0000000000000000,1.0000000000000000e-20,1.0000000000000000,0.010000000000000000,0.0099999999999988990,1.0000000000000000e-09,true,
627,ATM_analytic,Call,0.0039894228040143280,-0.0050000000000000000,-0.0050000000000000000,1.0000000000000000,1.0000000000000000e-20,1.0000000000000000,0.010000000000000000,0.0099999999999988990,1.0000000000000000e-09,true,
628,ATM_analytic,Put,0.0039894228040143280,-0.0050000000000000000,-0.0050000000000000000,1.0000000000000000,1.0000000000000000e-16,1.0000000000000000,0.010000000000000000,0.0099999999999988990,1.0000000000000000e-09,true,
629,ATM_analytic,Call,0.0039894228040143280,-0.0050000000000000000,-0.0050000000000000000,1.0000000000000000,1.0000000000000000e-16,1.0000000000000000,0.010000000000000000,0.0099999999999988990,1.0000000000000000e-09,true,
630,ATM_analytic,Put,0.0039894228040143280,-0.0050000000000000000,-0.0050000000000000000,1.0000000000000000,1.0000000000000000e-15,1.0000000000000000,0.010000000000000000,0.0099999999999988990,1.0000000000000000e-09,true,
631,ATM_analytic,Call,0.0039894228040143280,-0.0050000000000000000,-0.0050000000000000000,1.0000000000000000,1.0000000000000000e-15,1.0000000000000000,0.010000000000000000,0.0099999999999988990,1.0000000000000000e-09,true,
632,ATM_analytic,Put,0.0039894228040143280,-0.0050000000000000000,-0.0050000000000000000,1.0000000000000000,1.0000000000000000e-10,1.0000000000000000,0.010000000000000000,0.0099999999999988990,1.0000000000000000e-09,true,
633,ATM_analytic,Call,0.0039894228040143280,-0.0050000000000000000,-0.0050000000000000000,1.0000000000000000,1.0000000000000000e-10,1.0000000000000000,0.010000000000000000,0.0099999999999988990,1.0000000000000000e-09,true,
634,ATM_analytic,Put,0.0039894228040143280,-0.0050000000000000000,-0.0050000000000000000,1.0000000000000000,0.10000000000000000,1.0000000000000000,0.010000000000000000,0.0099999999999999950,1.0000000000000000e-09,true,
635,ATM_analytic,Call,0.0039894228040143280,-0.0050000000000000000,-0.0050000000000000000,1.0000000000000000,0.10000000000000000,1.0000000000000000,0.010000000000000000,0.0099999999999999950,1.0000000000000000e-09,true,
636,ATM_analytic,Put,0.0039894228040143280,-0.0050000000000000000,-0.0050000000000000000,1.0000000000000000,2.5000000000000000,1.0000000000000000,0.010000000000000000,0.010000000000000009,1.0000000000000000e-09,true,
637,ATM_analytic,Call,0.0039894228040143280,-0.0050000000000000000,-0.0050000000000000000,1.0000000000000000,2.5000000000000000,1.0000000000000000,0.010000000000000000,0.010000000000000009,1.0000000000000000e-09,true,
638,ATM_analytic,Put,0.0039894228040143280,-0.0050000000000000000,-0.0050000000000000000,1.0000000000000000,-0.10000000000000000,1.0000000000000000,0.010000000000000000,0.0099999999999999950,1.0000000000000000e-09,true,
639,ATM_analytic,Call,0.0039894228040143280,-0.0050000000000000000,-0.0050000000000000000,1.0000000000000000,-0.10000000000000000,1.0000000000000000,0.010000000000000000,0.0099999999999999950,1.0000000000000000e-09,true,
640,ATM_analytic,Put,0.39894228040143270,-0.0050000000000000000,-0.0050000000000000000,1.0000000000000000,0.0000000000000000,1.0000000000000000,1.0000000000000000,0.99999999999999980,1.0000000000000000e-09,true,
641,ATM_analytic,Call,0.39894228040143270,-0.0050000000000000000,-0.0050000000000000000,1.0000000000000000,0.0000000000000000,1.0000000000000000,1.0000000000000000,0.99999999999999980,1.0000000000000000e-09,true,
642,ATM_analytic,Put,0.39894228040143270,-0.0050000000000000000,-0.0050000000000000000,1.0000000000000000,1.0000000000000000e-20,1.0000000000000000,1.0000000000000000,0.99999999999999980,1.0000000000000000e-09,true,
643,ATM_analytic,Call,0.39894228040143270,-0.0050000000000000000,-0.0050000000000000000,1.0000000000000000,1.0000000000000000e-20,1.0000000000000000,1.0000000000000000,0.99999999999999980,1.0000000000000000e-09,true,
644,ATM_analytic,Put,0.39894228040143270,-0.0050000000000000000,-0.0050000000000000000,1.0000000000000000,1.0000000000000000e-16,1.0000000000000000,1.0000000000000000,0.99999999999999980,1.0000000000000000e-09,true,
645,ATM_analytic,Call,0.39894228040143270,-0.0050000000000000000,-0.0050000000000000000,1.0000000000000000,1.0000000000000000e-16,1.0000000000000000,1.0000000000000000,0.99999999999999980,1.0000000000000000e-09,true,
646,ATM_analytic,Put,0.39894228040143270,-0.0050000000000000000,-0.0050000000000000000,1.0000000000000000,1.0000000000000000e-15,1.0000000000000000,1.0000000000000000,0.99999999999999980,1.0000000000000000e-09,true,
647,ATM_analytic,Call,0.39894228040143270,-0.0050000000000000000,-0.0050000000000000000,1.0000000000000000,1.0000000000000000e-15,1.0000000000000000,1.0000000000000000,0.99999999999999980,1.0000000000000000e-09,true,
648,ATM_analytic,Put,0.39894228040143270,-0.0050000000000000000,-0.0050000000000000000,1.0000000000000000,1.0000000000000000e-10,1.0000000000000000,1.0000000000000000,0.99999999999999980,1.0000000000000000e-09,true,
649,ATM_analytic,Call,0.39894228040143270,-0.0050000000000000000,-0.0050000000000000000,1.0000000000000000,1.0000000000000000e-10,1.0000000000000000,1.0000000000000000,0.99999999999999980,1.0000000000000000e-09,true,
650,ATM_analytic,Put,0.39894228040143270,-0.0050000000000000000,-0.0050000000000000000,1.0000000000000000,0.10000000000000000,1.0000000000000000,1.0000000000000000,1.0000000000000000,1.0000000000000000e-09,true,
651,ATM_analytic,Call,0.39894228040143270,-0.0050000000000000000,-0.0050000000000000000,1.0000000000000000,0.10000000000000000,1.0000000000000000,1.0000000000000000,1.0000000000000000,1.0000000000000000e-09,true,
652,ATM_analytic,Put,0.39894228040143270,-0.0050000000000000000,-0.0050000000000000000,1.0000000000000000,2.5000000000000000,1.0000000000000000,1.0000000000000000,1.0000000000000000,1.0000000000000000e-09,true,
653,ATM_analytic,Call,0.39894228040143270,-0.0050000000000000000,-0.0050000000000000000,1.0000000000000000,2.5000000000000000,1.0000000000000000,1.0000000000000000,1.0000000000000000,1.0000000000000000e-09,true,
654,ATM_analytic,Put,0.39894228040143270,-0.0050000000000000000,-0.0050000000000000000,1.0000000000000000,-0.10000000000000000,1.0000000000000000,1.0000000000000000,1.0000000000000000,1.0000000000000000e-09,true,
655,ATM_analytic,Call,0.39894228040143270,-0.0050000000000000000,-0.0050000000000000000,1.0000000000000000,-0.10000000000000000,1.0000000000000000,1.0000000000000000,1.0000000000000000,1.0000000000000000e-09,true,
656,ATM_analytic,Put,1.9947114020071637,-0.0050000000000000000,-0.0050000000000000000,1.0000000000000000,0.0000000000000000,1.0000000000000000,5.0000000000000000,5.0000000000000000,5.0000000000000000e-09,true,
657,ATM_analytic,Call,1.9947114020071637,-0.0050000000000000000,-0.0050000000000000000,1.0000000000000000,0.0000000000000000,1.0000000000000000,5.0000000000000000,5.0000000000000000,5.0000000000000000e-09,true,
658,ATM_analytic,Put,1.9947114020071637,-0.0050000000000000000,-0.0050000000000000000,1.0000000000000000,1.0000000000000000e-20,1.0000000000000000,5.0000000000000000,5.0000000000000000,5.0000000000000000e-09,true,
659,ATM_analytic,Call,1.9947114020071637,-0.0050000000000000000,-0.0050000000000000000,1.0000000000000000,1.0000000000000000e-20,1.0000000000000000,5.0000000000000000,5.0000000000000000,5.0000000000000000e-09,true,
660,ATM_analytic,Put,1.9947114020071637,-0.0050000000000000000,-0.0050000000000000000,1.0000000000000000,1.0000000000000000e-16,1.0000000000000000,5.0000000000000000,5.0000000000000000,5.0000000000000000e-09,true,
661,ATM_analytic,Call,1.9947114020071637,-0.0050000000000000000,-0.0050000000000000000,1.0000000000000000,1.0000000000000000e-16,1.0000000000000000,5.0000000000000000,5.0000000000000000,5.0000000000000000e-09,true,
662,ATM_analytic,Put,1.9947114020071637,-0.0050000000000000000,-0.0050000000000000000,1.0000000000000000,1.0000000000000000e-15,1.0000000000000000,5.0000000000000000,5.0000000000000000,5.0000000000000000e-09,true,
663,ATM_analytic,Call,1.9947114020071637,-0.0050000000000000000,-0.0050000000000000000,1.0000000000000000,1.0000000000000000e-15,1.0000000000000000,5.0000000000000000,5.0000000000000000,5.0000000000000000e-09,true,
664,ATM_analytic,Put,1.9947114020071637,-0.0050000000000000000,-0.0050000000000000000,1.0000000000000000,1.0000000000000000e-10,1.0000000000000000,5.0000000000000000,5.0000000000000000,5.0000000000000000e-09,true,
665,ATM_analytic,Call,1.9947114020071637,-0.0050000000000000000,-0.0050000000000000000,1.0000000000000000,1.0000000000000000e-10,1.0000000000000000,5.0000000000000000,5.0000000000000000,5.0000000000000000e-09,true,
666,ATM_analytic,Put,1.9947114020071637,-0.0050000000000000000,-0.0050000000000000000,1.0000000000000000,0.10000000000000000,1.0000000000000000,5.0000000000000000,5.0000000000000000,5.0000000000000000e-09,true,
667,ATM_analytic,Call,1.9947114020071637,-0.0050000000000000000,-0.0050000000000000000,1.0000000000000000,0.10000000000000000,1.0000000000000000,5.0000000000000000,5.0000000000000000,5.0000000000000000e-09,true,
668,ATM_analytic,Put,1.9947114020071637,-0.0050000000000000000,-0.0050000000000000000,1.0000000000000000,2.5000000000000000,1.0000000000000000,5.0000000000000000,5.0000000000000000,5.0000000000000000e-09,true,
669,ATM_analytic,Call,1.9947114020071637,-0.0050000000000000000,-0.0050000000000000000,1.0000000000000000,2.5000000000000000,1.0000000000000000,5.0000000000000000,5.0000000000000000,5.0000000000000000e-09,true,
670,ATM_analytic,Put,1.9947114020071637,-0.0050000000000000000,-0.0050000000000000000,1.0000000000000000,-0.10000000000000000,1.0000000000000000,5.0000000000000000,5.0000000000000000,5.0000000000000000e-09,true,
671,ATM_analytic,Call,1.9947114020071637,-0.0050000000000000000,-0.0050000000000000000,1.0000000000000000,-0.10000000000000000,1.0000000000000000,5.0000000000000000,5.0000000000000000,5.0000000000000000e-09,true,
672,ATM_analytic,Put,0.0079788456080286550,-0.0050000000000000000,-0.0050000000000000000,1.0000000000000000,0.0000000000000000,2.0000000000000000,0.010000000000000000,0.0099999999999988990,1.0000000000000000e-09,true,
673,ATM_analytic,Call,0.0079788456080286550,-0.0050000000000000000,-0.0050000000000000000,1.0000000000000000,0.0000000000000000,2.0000000000000000,0.010000000000000000,0.0099999999999988990,1.0000000000000000e-09,true,
674,ATM_analytic,Put,0.0079788456080286550,-0.0050000000000000000,-0.0050000000000000000,1.0000000000000000,1.0000000000000000e-20,2.0000000000000000,0.010000000000000000,0.0099999999999988990,1.0000000000000000e-09,true,
675,ATM_analytic,Call,0.0079788456080286550,-0.0050000000000000000,-0.0050000000000000000,1.0000000000000000,1.0000000000000000e-20,2.0000000000000000,0.010000000000000000,0.0099999999999988990,1.0000000000000000e-09,true,
676,ATM_analytic,Put,0.0079788456080286550,-0.0050000000000000000,-0.0050000000000000000,1.0000000000000000,1.0000000000000000e-16,2.0000000000000000,0.010000000000000000,0.0099999999999988990,1.0000000000000000e-09,true,
677,ATM_analytic,Call,0.0079788456080286550,-0.0050000000000000000,-0.0050000000000000000,1.0000000000000000,1.0000000000000000e-16,2.0000000000000000,0.010000000000000000,0.0099999999999988990,1.0000000000000000e-09,true,
678,ATM_analytic,Put,0.0079788456080286550,-0.0050000000000000000,-0.0050000000000000000,1.0000000000000000,1.0000000000000000e-15,2.0000000000000000,0.010000000000000000,0.0099999999999988990,1.0000000000000000e-09,true,
679,ATM_analytic,Call,0.0079788456080286550,-0.0050000000000000000,-0.0050000000000000000,1.0000000000000000,1.0000000000000000e-15,2.0000000000000000,0.010000000000000000,0.0099999999999988990,1.0000000000000000e-09,true,
680,ATM_analytic,Put,0.0079788456080286550,-0.0050000000000000000,-0.0050000000000000000,1.0000000000000000,1.0000000000000000e-10,2.0000000000000000,0.010000000000000000,0.0099999999999988990,1.0000000000000000e-09,true,
681,ATM_analytic,Call,0.0079788456080286550,-0.0050000000000000000,-0.0050000000000000000,1.0000000000000000,1.0000000000000000e-10,2.0000000000000000,0.010000000000000000,0.0099999999999988990,1.0000000000000000e-09,true,
682,ATM_analytic,Put,0.0079788456080286550,-0.0050000000000000000,-0.0050000000000000000,1.0000000000000000,0.10000000000000000,2.0000000000000000,0.010000000000000000,0.0099999999999999950,1.0000000000000000e-09,true,
683,ATM_analytic,Call,0.0079788456080286550,-0.0050000000000000000,-0.0050000000000000000,1.0000000000000000,0.10000000000000000,2.0000000000000000,0.010000000000000000,0.0099999999999999950,1.0000000000000000e-09,true,
684,ATM_analytic,Put,0.0079788456080286550,-0.0050000000000000000,-0.0050000000000000000,1.0000000000000000,2.5000000000000000,2.0000000000000000,0.010000000000000000,0.010000000000000009,1.0000000000000000e-09,true,
685,ATM_analytic,Call,0.0079788456080286550,-0.0050000000000000000,-0.0050000000000000000,1.0000000000000000,2.5000000000000000,2.0000000000000000,0.010000000000000000,0.010000000000000009,1.0000000000000000e-09,true,
686,ATM_analytic,Put,0.0079788456080286550,-0.0050000000000000000,-0.0050000000000000000,1.0000000000000000,-0.10000000000000000,2.0000000000000000,0.010000000000000000,0.0099999999999999950,1.0000000000000000e-09,true,
687,ATM_analytic,Call,0.0079788456080286550,-0.0050000000000000000,-0.0050000000000000000,1.0000000000000000,-0.10000000000000000,2.0000000000000000,0.010000000000000000,0.0099999999999999950,1.0000000000000000e-09,true,
688,ATM_analytic,Put,0.79788456080286540,-0.0050000000000000000,-0.0050000000000000000,1.0000000000000000,0.0000000000000000,2.0000000000000000,1.0000000000000000,0.99999999999999980,1.0000000000000000e-09,true,
689,ATM_analytic,Call,0.79788456080286540,-0.0050000000000000000,-0.0050000000000000000,1.0000000000000000,0.0000000000000000,2.0000000000000000,1.0000000000000000,0.99999999999999980,1.0000000000000000e-09,true,
690,ATM_analytic,Put,0.79788456080286540,-0.0050000000000000000,-0.0050000000000000000,1.0000000000000000,1.0000000000000000e-20,2.0000000000000000,1.0000000000000000,0.99999999999999980,1.0000000000000000e-09,true,
691,ATM_analytic,Call,0.79788456080286540,-0.0050000000000000000,-0.0050000000000000000,1.0000000000000000,1.0000000000000000e-20,2.0000000000000000,1.0000000000000000,0.99999999999999980,1.0000000000000000e-09,true,
692,ATM_analytic,Put,0.79788456080286540,-0.0050000000000000000,-0.0050000000000000000,1.0000000000000000,1.0000000000000000e-16,2.0000000000000000,1.0000000000000000,0.99999999999999980,1.0000000000000000e-09,true,
693,ATM_analytic,Call,0.79788456080286540,-0.0050000000000000000,-0.0050000000000000000,1.0000000000000000,1.0000000000000000e-16,2.0000000000000000,1.0000000000000000,0.99999999999999980,1.0000000000000000e-09,true,
694,ATM_analytic,Put,0.79788456080286540,-0.0050000000000000000,-0.0050000000000000000,1.0000000000000000,1.0000000000000000e-15,2.0000000000000000,1.0000000000000000,0.99999999999999980,1.0000000000000000e-09,true,
695,ATM_analytic,Call,0.79788456080286540,-0.0050000000000000000,-0.0050000000000000000,1.0000000000000000,1.0000000000000000e-15,2.0000000000000000,1.0000000000000000,0.99999999999999980,1.0000000000000000e-09,true,
696,ATM_analytic,Put,0.79788456080286540,-0.0050000000000000000,-0.0050000000000000000,1.0000000000000000,1.0000000000000000e-10,2.0000000000000000,1.0000000000000000,0.99999999999999980,1.0000000000000000e-09,true,
697,ATM_analytic,Call,0.79788456080286540,-0.0050000000000000000,-0.0050000000000000000,1.0000000000000000,1.0000000000000000e-10,2.0000000000000000,1.0000000000000000,0.99999999999999980,1.0000000000000000e-09,true,
698,ATM_analytic,Put,0.79788456080286540,-0.0050000000000000000,-0.0050000000000000000,1.0000000000000000,0.10000000000000000,2.0000000000000000,1.0000000000000000,1.0000000000000000,1.0000000000000000e-09,true,
699,ATM_analytic,Call,0.79788456080286540,-0.0050000000000000000,-0.0050000000000000000,1.0000000000000000,0.10000000000000000,2.0000000000000000,1.0000000000000000,1.0000000000000000,1.0000000000000000e-09,true,
700,ATM_analytic,Put,0.79788456080286540,-0.0050000000000000000,-0.0050000000000000000,1.0000000000000000,2.5000000000000000,2.0000000000000000,1.0000000000000000,1.0000000000000000,1.0000000000000000e-09,true,
701,ATM_analytic,Call,0.79788456080286540,-0.0050000000000000000,-0.0050000000000000000,1.0000000000000000,2.5000000000000000,2.0000000000000000,1.0000000000000000,1.0000000000000000,1.0000000000000000e-09,true,
702,ATM_analytic,Put,0.79788456080286540,-0.0050000000000000000,-0.0050000000000000000,1.0000000000000000,-0.10000000000000000,2.0000000000000000,1.0000000000000000,1.0000000000000000,1.0000000000000000e-09,true,
703,ATM_analytic,Call,0.79788456080286540,-0.0050000000000000000,-0.0050000000000000000,1.0000000000000000,-0.10000000000000000,2.0000000000000000,1.0000000000000000,1.0000000000000000,1.0000000000000000e-09,true,
704,ATM_analytic,Put,3.9894228040143274,-0.0050000000000000000,-0.0050000000000000000,1.0000000000000000,0.0000000000000000,2.0000000000000000,5.0000000000000000,5.0000000000000000,5.0000000000000000e-09,true,
705,ATM_analytic,Call,3.9894228040143274,-0.0050000000000000000,-0.0050000000000000000,1.0000000000000000,0.0000000000000000,2.0000000000000000,5.0000000000000000,5.0000000000000000,5.0000000000000000e-09,true,
706,ATM_analytic,Put,3.9894228040143274,-0.0050000000000000000,-0.0050000000000000000,1.0000000000000000,1.0000000000000000e-20,2.0000000000000000,5.0000000000000000,5.0000000000000000,5.0000000000000000e-09,true,
707,ATM_analytic,Call,3.9894228040143274,-0.0050000000000000000,-0.0050000000000000000,1.0000000000000000,1.0000000000000000e-20,2.0000000000000000,5.0000000000000000,5.0000000000000000,5.0000000000000000e-09,true,
708,ATM_analytic,Put,3.9894228040143274,-0.0050000000000000000,-0.0050000000000000000,1.0000000000000000,1.0000000000000000e-16,2.0000000000000000,5.0000000000000000,5.0000000000000000,5.0000000000000000e-09,true,
709,ATM_analytic,Call,3.9894228040143274,-0.0050000000000000000,-0.0050000000000000000,1.0000000000000000,1.0000000000000000e-16,2.0000000000000000,5.0000000000000000,5.0000000000000000,5.0000000000000000e-09,true,
710,ATM_analytic,Put,3.9894228040143274,-0.0050000000000000000,-0.0050000000000000000,1.0000000000000000,1.0000000000000000e-15,2.0000000000000000,5.0000000000000000,5.0000000000000000,5.0000000000000000e-09,true,
711,ATM_analytic,Call,3.9894228040143274,-0.0050000000000000000,-0.0050000000000000000,1.0000000000000000,1.0000000000000000e-15,2.0000000000000000,5.0000000000000000,5.0000000000000000,5.0000000000000000e-09,true,
712,ATM_analytic,Put,3.9894228040143274,-0.0050000000000000000,-0.0050000000000000000,1.0000000000000000,1.0000000000000000e-10,2.0000000000000000,5.0000000000000000,5.0000000000000000,5.0000000000000000e-09,true,
713,ATM_analytic,Call,3.9894228040143274,-0.0050000000000000000,-0.0050000000000000000,1.0000000000000000,1.0000000000000000e-10,2.0000000000000000,5.0000000000000000,5.0000000000000000,5.0000000000000000e-09,true,
714,ATM_analytic,Put,3.9894228040143274,-0.0050000000000000000,-0.0050000000000000000,1.0000000000000000,0.10000000000000000,2.0000000000000000,5.0000000000000000,5.0000000000000000,5.0000000000000000e-09,true,
715,ATM_analytic,Call,3.9894228040143274,-0.0050000000000000000,-0.0050000000000000000,1.0000000000000000,0.10000000000000000,2.0000000000000000,5.0000000000000000,5.0000000000000000,5.0000000000000000e-09,true,
716,ATM_analytic,Put,3.9894228040143274,-0.0050000000000000000,-0.0050000000000000000,1.0000000000000000,2.5000000000000000,2.0000000000000000,5.0000000000000000,5.0000000000000000,5.0000000000000000e-09,true,
717,ATM_analytic,Call,3.9894228040143274,-0.0050000000000000000,-0.0050000000000000000,1.0000000000000000,2.5000000000000000,2.0000000000000000,5.0000000000000000,5.0000000000000000,5.0000000000000000e-09,true,
718,ATM_analytic,Put,3.9894228040143274,-0.0050000000000000000,-0.0050000000000000000,1.0000000000000000,-0.10000000000000000,2.0000000000000000,5.0000000000000000,5.0000000000000000,5.0000000000000000e-09,true,
719,ATM_analytic,Call,3.9894228040143274,-0.0050000000000000000,-0.0050000000000000000,1.0000000000000000,-0.10000000000000000,2.0000000000000000,5.0000000000000000,5.0000000000000000,5.0000000000000000e-09,true,
720,ATM_analytic,Put,0.0039894228040143280,-0.0050000000000000000,-0.0050000000000000000,4.0000000000000000,0.0000000000000000,0.50000000000000000,0.010000000000000000,0.0099999999999988990,1.0000000000000000e-09,true,
721,ATM_analytic,Call,0.0039894228040143280,-0.0050000000000000000,-0.0050000000000000000,4.0000000000000000,0.0000000000000000,0.50000000000000000,0.010000000000000000,0.0099999999999988990,1.0000000000000000e-09,true,
722,ATM_analytic,Put,0.0039894228040143280,-0.0050000000000000000,-0.0050000000000000000,4.0000000000000000,1.0000000000000000e-20,0.50000000000000000,0.010000000000000000,0.0099999999999988990,1.0000000000000000e-09,true,
723,ATM_analytic,Call,0.0039894228040143280,-0.0050000000000000000,-0.0050000000000000000,4.0000000000000000,1.0000000000000000e-20,0.50000000000000000,0.010000000000000000,0.0099999999999988990,1.0000000000000000e-09,true,
724,ATM_analytic,Put,0.0039894228040143280,-0.0050000000000000000,-0.0050000000000000000,4.0000000000000000,1.0000000000000000e-16,0.50000000000000000,0.010000000000000000,0.0099999999999988990,1.0000000000000000e-09,true,
725,ATM_analytic,Call,0.0039894228040143280,-0.0050000000000000000,-0.0050000000000000000,4.0000000000000000,1.0000000000000000e-16,0.50000000000000000,0.010000000000000000,0.0099999999999988990,1.0000000000000000e-09,true,
726,ATM_analytic,Put,0.0039894228040143280,-0.0050000000000000000,-0.0050000000000000000,4.0000000000000000,1.0000000000000000e-15,0.50000000000000000,0.010000000000000000,0.0099999999999988990,1.0000000000000000e-09,true,
727,ATM_analytic,Call,0.0039894228040143280,-0.0050000000000000000,-0.0050000000000000000,4.0000000000000000,1.0000000000000000e-15,0.50000000000000000,0.010000000000000000,0.0099999999999988990,1.0000000000000000e-09,true,
728,ATM_analytic,Put,0.0039894228040143280,-0.0050000000000000000,-0.0050000000000000000,4.0000000000000000,1.0000000000000000e-10,0.50000000000000000,0.010000000000000000,0.0099999999999988990,1.0000000000000000e-09,true,
729,ATM_analytic,Call,0.0039894228040143280,-0.0050000000000000000,-0.0050000000000000000,4.0000000000000000,1.0000000000000000e-10,0.50000000000000000,0.010000000000000000,0.0099999999999988990,1.0000000000000000e-09,true,
730,ATM_analytic,Put,0.0039894228040143280,-0.0050000000000000000,-0.0050000000000000000,4.0000000000000000,0.10000000000000000,0.50000000000000000,0.010000000000000000,0.0099999999999999950,1.0000000000000000e-09,true,
731,ATM_analytic,Call,0.0039894228040143280,-0.0050000000000000000,-0.0050000000000000000,4.0000000000000000,0.10000000000000000,0.50000000000000000,0.010000000000000000,0.0099999999999999950,1.0000000000000000e-09,true,
732,ATM_analytic,Put,0.0039894228040143280,-0.0050000000000000000,-0.0050000000000000000,4.0000000000000000,2.5000000000000000,0.50000000000000000,0.010000000000000000,0.010000000000000009,1.0000000000000000e-09,true,
733,ATM_analytic,Call,0.0039894228040143280,-0.0050000000000000000,-0.0050000000000000000,4.0000000000000000,2.5000000000000000,0.50000000000000000,0.010000000000000000,0.010000000000000009,1.0000000000000000e-09,true,
734,ATM_analytic,Put,0.0039894228040143280,-0.0050000000000000000,-0.0050000000000000000,4.0000000000000000,-0.10000000000000000,0.50000000000000000,0.010000000000000000,0.0099999999999999950,1.0000000000000000e-09,true,
735,ATM_analytic,Call,0.0039894228040143280,-0.0050000000000000000,-0.0050000000000000000,4.0000000000000000,-0.10000000000000000,0.50000000000000000,0.010000000000000000,0.0099999999999999950,1.0000000000000000e-09,true,
736,ATM_analytic,Put,0.39894228040143270,-0.0050000000000000000,-0.0050000000000000000,4.0000000000000000,0.0000000000000000,0.50000000000000000,1.0000000000000000,0.99999999999999980,1.0000000000000000e-09,true,
737,ATM_analytic,Call,0.39894228040143270,-0.0050000000000000000,-0.0050000000000000000,4.0000000000000000,0.0000000000000000,0.50000000000000000,1.0000000000000000,0.99999999999999980,1.0000000000000000e-09,true,
738,ATM_analytic,Put,0.39894228040143270,-0.0050000000000000000,-0.0050000000000000000,4.0000000000000000,1.0000000000000000e-20,0.50000000000000000,1.0000000000000000,0.99999999999999980,1.0000000000000000e-09,true,
739,ATM_analytic,Call,0.39894228040143270,-0.0050000000000000000,-0.0050000000000000000,4.0000000000000000,1.0000000000000000e-20,0.50000000000000000,1.0000000000000000,0.99999999999999980,1.0000000000000000e-09,true,
740,ATM_analytic,Put,0.39894228040143270,-0.0050000000000000000,-0.0050000000000000000,4.0000000000000000,1.0000000000000000e-16,0.50000000000000000,1.0000000000000000,0.99999999999999980,1.0000000000000000e-09,true,
741,ATM_analytic,Call,0.39894228040143270,-0.0050000000000000000,-0.0050000000000000000,4.0000000000000000,1.0000000000000000e-16,0.50000000000000000,1.0000000000000000,0.99999999999999980,1.0000000000000000e-09,true,
742,ATM_analytic,Put,0.39894228040143270,-0.0050000000000000000,-0.0050000000000000000,4.0000000000000000,1.0000000000000000e-15,0.50000000000000000,1.0000000000000000,0.99999999999999980,1.0000000000000000e-09,true,
743,ATM_analytic,Call,0.39894228040143270,-0.0050000000000000000,-0.0050000000000000000,4.0000000000000000,1.0000000000000000e-15,0.50000000000000000,1.0000000000000000,0.99999999999999980,1.0000000000000000e-09,true,
744,ATM_analytic,Put,0.39894228040143270,-0.0050000000000000000,-0.0050000000000000000,4.0000000000000000,1.0000000000000000e-10,0.50000000000000000,1.0000000000000000,0.99999999999999980,1.0000000000000000e-09,true,
745,ATM_analytic,Call,0.39894228040143270,-0.0050000000000000000,-0.0050000000000000000,4.0000000000000000,1.0000000000000000e-10,0.50000000000000000,1.0000000000000000,0.99999999999999980,1.0000000000000000e-09,true,
746,ATM_analytic,Put,0.39894228040143270,-0.0050000000000000000,-0.0050000000000000000,4.0000000000000000,0.10000000000000000,0.50000000000000000,1.0000000000000000,1.0000000000000000,1.0000000000000000e-09,true,
747,ATM_analytic,Call,0.39894228040143270,-0.0050000000000000000,-0.0050000000000000000,4.0000000000000000,0.10000000000000000,0.50000000000000000,1.0000000000000000,1.0000000000000000,1.0000000000000000e-09,true,
748,ATM_analytic,Put,0.39894228040143270,-0.0050000000000000000,-0.0050000000000000000,4.0000000000000000,2.5000000000000000,0.50000000000000000,1.0000000000000000,1.0000000000000000,1.0000000000000000e-09,true,
749,ATM_analytic,Call,0.39894228040143270,-0.0050000000000000000,-0.0050000000000000000,4.0000000000000000,2.5000000000000000,0.50000000000000000,1.0000000000000000,1.0000000000000000,1.0000000000000000e-09,true,
750,ATM_analytic,Put,0.39894228040143270,-0.0050000000000000000,-0.0050000000000000000,4.0000000000000000,-0.10000000000000000,0.50000000000000000,1.0000000000000000,1.0000000000000000,1.0000000000000000e-09,true,
751,ATM_analytic,Call,0.39894228040143270,-0.0050000000000000000,-0.0050000000000000000,4.0000000000000000,-0.10000000000000000,0.50000000000000000,1.0000000000000000,1.0000000000000000,1.0000000000000000e-09,true,
752,ATM_analytic,Put,1.9947114020071637,-0.0050000000000000000,-0.0050000000000000000,4.0000000000000000,0.0000000000000000,0.50000000000000000,5.0000000000000000,5.0000000000000000,5.0000000000000000e-09,true,
753,ATM_analytic,Call,1.9947114020071637,-0.0050000000000000000,-0.0050000000000000000,4.0000000000000000,0.0000000000000000,0.50000000000000000,5.0000000000000000,5.0000000000000000,5.0000000000000000e-09,true,
754,ATM_analytic,Put,1.9947114020071637,-0.0050000000000000000,-0.0050000000000000000,4.0000000000000000,1.0000000000000000e-20,0.50000000000000000,5.0000000000000000,5.0000000000000000,5.0000000000000000e-09,true,
755,ATM_analytic,Call,1.9947114020071637,-0.0050000000000000000,-0.0050000000000000000,4.0000000000000000,1.0000000000000000e-20,0.50000000000000000,5.0000000000000000,5.0000000000000000,5.0000000000000000e-09,true,
756,ATM_analytic,Put,1.9947114020071637,-0.0050000000000000000,-0.0050000000000000000,4.0000000000000000,1.0000000000000000e-16,0.50000000000000000,5.0000000000000000,5.0000000000000000,5.0000000000000000e-09,true,
757,ATM_analytic,Call,1.9947114020071637,-0.0050000000000000000,-0.0050000000000000000,4.0000000000000000,1.0000000000000000e-16,0.50000000000000000,5.0000000000000000,5.0000000000000000,5.0000000000000000e-09,true,
758,ATM_analytic,Put,1.9947114020071637,-0.0050000000000000000,-0.0050000000000000000,4.0000000000000000,1.0000000000000000e-15,0.50000000000000000,5.0000000000000000,5.0000000000000000,5.0000000000000000e-09,true,
759,ATM_analytic,Call,1.9947114020071637,-0.0050000000000000000,-0.0050000000000000000,4.0000000000000000,1.0000000000000000e-15,0.50000000000000000,5.0000000000000000,5.0000000000000000,5.0000000000000000e-09,true,
760,ATM_analytic,Put,1.9947114020071637,-0.0050000000000000000,-0.0050000000000000000,4.0000000000000000,1.0000000000000000e-10,0.50000000000000000,5.0000000000000000,5.0000000000000000,5.0000000000000000e-09,true,
761,ATM_analytic,Call,1.9947114020071637,-0.0050000000000000000,-0.0050000000000000000,4.0000000000000000,1.0000000000000000e-10,0.50000000000000000,5.0000000000000000,5.0000000000000000,5.0000000000000000e-09,true,
762,ATM_analytic,Put,1.9947114020071637,-0.0050000000000000000,-0.0050000000000000000,4.0000000000000000,0.10000000000000000,0.50000000000000000,5.0000000000000000,5.0000000000000000,5.0000000000000000e-09,true,
763,ATM_analytic,Call,1.9947114020071637,-0.0050000000000000000,-0.0050000000000000000,4.0000000000000000,0.10000000000000000,0.50000000000000000,5.0000000000000000,5.0000000000000000,5.0000000000000000e-09,true,
764,ATM_analytic,Put,1.9947114020071637,-0.0050000000000000000,-0.0050000000000000000,4.0000000000000000,2.5000000000000000,0.50000000000000000,5.0000000000000000,5.0000000000000000,5.0000000000000000e-09,true,
765,ATM_analytic,Call,1.9947114020071637,-0.0050000000000000000,-0.0050000000000000000,4.0000000000000000,2.5000000000000000,0.50000000000000000,5.0000000000000000,5.0000000000000000,5.0000000000000000e-09,true,
766,ATM_analytic,Put,1.9947114020071637,-0.0050000000000000000,-0.0050000000000000000,4.0000000000000000,-0.10000000000000000,0.50000000000000000,5.0000000000000000,5.0000000000000000,5.0000000000000000e-09,true,
767,ATM_analytic,Call,1.9947114020071637,-0.0050000000000000000,-0.0050000000000000000,4.0000000000000000,-0.10000000000000000,0.50000000000000000,5.0000000000000000,5.0000000000000000,5.0000000000000000e-09,true,
768,ATM_analytic,Put,0.0079788456080286550,-0.0050000000000000000,-0.0050000000000000000,4.0000000000000000,0.0000000000000000,1.0000000000000000,0.010000000000000000,0.0099999999999988990,1.0000000000000000e-09,true,
769,ATM_analytic,Call,0.0079788456080286550,-0.0050000000000000000,-0.0050000000000000000,4.0000000000000000,0.0000000000000000,1.0000000000000000,0.010000000000000000,0.0099999999999988990,1.0000000000000000e-09,true,
770,ATM_analytic,Put,0.0079788456080286550,-0.0050000000000000000,-0.0050000000000000000,4.0000000000000000,1.0000000000000000e-20,1.0000000000000000,0.010000000000000000,0.0099999999999988990,1.0000000000000000e-09,true,
771,ATM_analytic,Call,0.0079788456080286550,-0.0050000000000000000,-0.0050000000000000000,4.0000000000000000,1.0000000000000000e-20,1.0000000000000000,0.010000000000000000,0.0099999999999988990,1.0000000000000000e-09,true,
772,ATM_analytic,Put,0.0079788456080286550,-0.0050000000000000000,-0.0050000000000000000,4.0000000000000000,1.0000000000000000e-16,1.0000000000000000,0.010000000000000000,0.0099999999999988990,1.0000000000000000e-09,true,
773,ATM_analytic,Call,0.0079788456080286550,-0.0050000000000000000,-0.0050000000000000000,4.0000000000000000,1.0000000000000000e-16,1.0000000000000000,0.010000000000000000,0.0099999999999988990,1.0000000000000000e-09,true,
774,ATM_analytic,Put,0.0079788456080286550,-0.0050000000000000000,-0.0050000000000000000,4.0000000000000000,1.0000000000000000e-15,1.0000000000000000,0.010000000000000000,0.0099999999999988990,1.0000000000000000e-09,true,
775,ATM_analytic,Call,0.0079788456080286550,-0.0050000000000000000,-0.0050000000000000000,4.0000000000000000,1.0000000000000000e-15,1.0000000000000000,0.010000000000000000,0.0099999999999988990,1.0000000000000000e-09,true,
776,ATM_analytic,Put,0.0079788456080286550,-0.0050000000000000000,-0.0050000000000000000,4.0000000000000000,1.0000000000000000e-10,1.0000000000000000,0.010000000000000000,0.0099999999999988990,1.0000000000000000e-09,true,
777,ATM_analytic,Call,0.0079788456080286550,-0.0050000000000000000,-0.0050000000000000000,4.0000000000000000,1.0000000000000000e-10,1.0000000000000000,0.010000000000000000,0.0099999999999988990,1.0000000000000000e-09,true,
778,ATM_analytic,Put,0.0079788456080286550,-0.0050000000000000000,-0.0050000000000000000,4.0000000000000000,0.10000000000000000,1.0000000000000000,0.010000000000000000,0.0099999999999999950,1.0000000000000000e-09,true,
779,ATM_analytic,Call,0.0079788456080286550,-0.0050000000000000000,-0.0050000000000000000,4.0000000000000000,0.10000000000000000,1.0000000000000000,0.010000000000000000,0.0099999999999999950,1.0000000000000000e-09,true,
780,ATM_analytic,Put,0.0079788456080286550,-0.0050000000000000000,-0.0050000000000000000,4.0000000000000000,2.5000000000000000,1.0000000000000000,0.010000000000000000,0.010000000000000009,1.0000000000000000e-09,true,
781,ATM_analytic,Call,0.0079788456080286550,-0.0050000000000000000,-0.0050000000000000000,4.0000000000000000,2.5000000000000000,1.0000000000000000,0.010000000000000000,0.010000000000000009,1.0000000000000000e-09,true,
782,ATM_analytic,Put,0.0079788456080286550,-0.0050000000000000000,-0.0050000000000000000,4.0000000000000000,-0.10000000000000000,1.0000000000000000,0.010000000000000000,0.0099999999999999950,1.0000000000000000e-09,true,
783,ATM_analytic,Call,0.0079788456080286550,-0.0050000000000000000,-0.0050000000000000000,4.0000000000000000,-0.10000000000000000,1.0000000000000000,0.010000000000000000,0.0099999999999999950,1.0000000000000000e-09,true,
784,ATM_analytic,Put,0.79788456080286540,-0.0050000000000000000,-0.0050000000000000000,4.0000000000000000,0.0000000000000000,1.0000000000000000,1.0000000000000000,0.99999999999999980,1.0000000000000000e-09,true,
785,ATM_analytic,Call,0.79788456080286540,-0.0050000000000000000,-0.0050000000000000000,4.0000000000000000,0.0000000000000000,1.0000000000000000,1.0000000000000000,0.99999999999999980,1.0000000000000000e-09,true,
786,ATM_analytic,Put,0.79788456080286540,-0.0050000000000000000,-0.0050000000000000000,4.0000000000000000,1.0000000000000000e-20,1.0000000000000000,1.0000000000000000,0.99999999999999980,1.0000000000000000e-09,true,
787,ATM_analytic,Call,0.79788456080286540,-0.0050000000000000000,-0.0050000000000000000,4.0000000000000000,1.0000000000000000e-20,1.0000000000000000,1.0000000000000000,0.99999999999999980,1.0000000000000000e-09,true,
788,ATM_analytic,Put,0.79788456080286540,-0.0050000000000000000,-0.0050000000000000000,4.0000000000000000,1.0000000000000000e-16,1.0000000000000000,1.0000000000000000,0.99999999999999980,1.0000000000000000e-09,true,
789,ATM_analytic,Call,0.79788456080286540,-0.0050000000000000000,-0.0050000000000000000,4.0000000000000000,1.0000000000000000e-16,1.0000000000000000,1.0000000000000000,0.99999999999999980,1.0000000000000000e-09,true,
790,ATM_analytic,Put,0.79788456080286540,-0.0050000000000000000,-0.0050000000000000000,4.0000000000000000,1.0000000000000000e-15,1.0000000000000000,1.0000000000000000,0.99999999999999980,1.0000000000000000e-09,true,
791,ATM_analytic,Call,0.79788456080286540,-0.0050000000000000000,-0.0050000000000000000,4.0000000000000000,1.0000000000000000e-15,1.0000000000000000,1.0000000000000000,0.99999999999999980,1.0000000000000000e-09,true,
792,ATM_analytic,Put,0.79788456080286540,-0.0050000000000000000,-0.0050000000000000000,4.0000000000000000,1.0000000000000000e-10,1.0000000000000000,1.0000000000000000,0.99999999999999980,1.0000000000000000e-09,true,
793,ATM_analytic,Call,0.79788456080286540,-0.0050000000000000000,-0.0050000000000000000,4.0000000000000000,1.0000000000000000e-10,1.0000000000000000,1.0000000000000000,0.99999999999999980,1.0000000000000000e-09,true,
794,ATM_analytic,Put,0.79788456080286540,-0.0050000000000000000,-0.0050000000000000000,4.0000000000000000,0.10000000000000000,1.0000000000000000,1.0000000000000000,1.0000000000000000,1.0000000000000000e-09,true,
795,ATM_analytic,Call,0.79788456080286540,-0.0050000000000000000,-0.0050000000000000000,4.0000000000000000,0.10000000000000000,1.0000000000000000,1.0000000000000000,1.0000000000000000,1.0000000000000000e-09,true,
796,ATM_analytic,Put,0.79788456080286540,-0.0050000000000000000,-0.0050000000000000000,4.0000000000000000,2.5000000000000000,1.0000000000000000,1.0000000000000000,1.0000000000000000,1.0000000000000000e-09,true,
797,ATM_analytic,Call,0.79788456080286540,-0.0050000000000000000,-0.0050000000000000000,4.0000000000000000,2.5000000000000000,1.0000000000000000,1.0000000000000000,1.0000000000000000,1.0000000000000000e-09,true,
798,ATM_analytic,Put,0.79788456080286540,-0.0050000000000000000,-0.0050000000000000000,4.0000000000000000,-0.10000000000000000,1.0000000000000000,1.0000000000000000,1.0000000000000000,1.0000000000000000e-09,true,
799,ATM_analytic,Call,0.79788456080286540,-0.0050000000000000000,-0.0050000000000000000,4.0000000000000000,-0.10000000000000000,1.0000000000000000,1.0000000000000000,1.0000000000000000,1.0000000000000000e-09,true,
800,ATM_analytic,Put,3.9894228040143274,-0.0050000000000000000,-0.0050000000000000000,4.0000000000000000,0.0000000000000000,1.0000000000000000,5.0000000000000000,5.0000000000000000,5.0000000000000000e-09,true,
801,ATM_analytic,Call,3.9894228040143274,-0.0050000000000000000,-0.0050000000000000000,4.0000000000000000,0.0000000000000000,1.0000000000000000,5.0000000000000000,5.0000000000000000,5.0000000000000000e-09,true,
802,ATM_analytic,Put,3.9894228040143274,-0.0050000000000000000,-0.0050000000000000000,4.0000000000000000,1.0000000000000000e-20,1.0000000000000000,5.0000000000000000,5.0000000000000000,5.0000000000000000e-09,true,
803,ATM_analytic,Call,3.9894228040143274,-0.0050000000000000000,-0.0050000000000000000,4.0000000000000000,1.0000000000000000e-20,1.0000000000000000,5.0000000000000000,5.0000000000000000,5.0000000000000000e-09,true,
804,ATM_analytic,Put,3.9894228040143274,-0.0050000000000000000,-0.0050000000000000000,4.0000000000000000,1.0000000000000000e-16,1.0000000000000000,5.0000000000000000,5.0000000000000000,5.0000000000000000e-09,true,
805,ATM_analytic,Call,3.9894228040143274,-0.0050000000000000000,-0.0050000000000000000,4.0000000000000000,1.0000000000000000e-16,1.0000000000000000,5.0000000000000000,5.0000000000000000,5.0000000000000000e-09,true,
806,ATM_analytic,Put,3.9894228040143274,-0.0050000000000000000,-0.0050000000000000000,4.0000000000000000,1.0000000000000000e-15,1.0000000000000000,5.0000000000000000,5.0000000000000000,5.0000000000000000e-09,true,
807,ATM_analytic,Call,3.9894228040143274,-0.0050000000000000000,-0.0050000000000000000,4.0000000000000000,1.0000000000000000e-15,1.0000000000000000,5.0000000000000000,5.0000000000000000,5.0000000000000000e-09,true,
808,ATM_analytic,Put,3.9894228040143274,-0.0050000000000000000,-0.0050000000000000000,4.0000000000000000,1.0000000000000000e-10,1.0000000000000000,5.0000000000000000,5.0000000000000000,5.0000000000000000e-09,true,
809,ATM_analytic,Call,3.9894228040143274,-0.0050000000000000000,-0.0050000000000000000,4.0000000000000000,1.0000000000000000e-10,1.0000000000000000,5.0000000000000000,5.0000000000000000,5.0000000000000000e-09,true,
810,ATM_analytic,Put,3.9894228040143274,-0.0050000000000000000,-0.0050000000000000000,4.0000000000000000,0.10000000000000000,1.0000000000000000,5.0000000000000000,5.0000000000000000,5.0000000000000000e-09,true,
811,ATM_analytic,Call,3.9894228040143274,-0.0050000000000000000,-0.0050000000000000000,4.0000000000000000,0.10000000000000000,1.0000000000000000,5.0000000000000000,5.0000000000000000,5.0000000000000000e-09,true,
812,ATM_analytic,Put,3.9894228040143274,-0.0050000000000000000,-0.0050000000000000000,4.0000000000000000,2.5000000000000000,1.0000000000000000,5.0000000000000000,5.0000000000000000,5.0000000000000000e-09,true,
813,ATM_analytic,Call,3.9894228040143274,-0.0050000000000000000,-0.0050000000000000000,4.0000000000000000,2.5000000000000000,1.0000000000000000,5.0000000000000000,5.0000000000000000,5.0000000000000000e-09,true,
814,ATM_analytic,Put,3.9894228040143274,-0.0050000000000000000,-0.0050000000000000000,4.0000000000000000,-0.10000000000000000,1.0000000000000000,5.0000000000000000,5.0000000000000000,5.0000000000000000e-09,true,
815,ATM_analytic,Call,3.9894228040143274,-0.0050000000000000000,-0.0050000000000000000,4.0000000000000000,-0.10000000000000000,1.0000000000000000,5.0000000000000000,5.0000000000000000,5.0000000000000000e-09,true,
816,ATM_analytic,Put,0.015957691216057310,-0.0050000000000000000,-0.0050000000000000000,4.0000000000000000,0.0000000000000000,2.0000000000000000,0.010000000000000000,0.0099999999999988990,1.0000000000000000e-09,true,
817,ATM_analytic,Call,0.015957691216057310,-0.0050000000000000000,-0.0050000000000000000,4.0000000000000000,0.0000000000000000,2.0000000000000000,0.010000000000000000,0.0099999999999988990,1.0000000000000000e-09,true,
818,ATM_analytic,Put,0.015957691216057310,-0.0050000000000000000,-0.0050000000000000000,4.0000000000000000,1.0000000000000000e-20,2.0000000000000000,0.010000000000000000,0.0099999999999988990,1.0000000000000000e-09,true,
819,ATM_analytic,Call,0.015957691216057310,-0.0050000000000000000,-0.0050000000000000000,4.0000000000000000,1.0000000000000000e-20,2.0000000000000000,0.010000000000000000,0.0099999999999988990,1.0000000000000000e-09,true,
820,ATM_analytic,Put,0.015957691216057310,-0.0050000000000000000,-0.0050000000000000000,4.0000000000000000,1.0000000000000000e-16,2.0000000000000000,0.010000000000000000,0.0099999999999988990,1.0000000000000000e-09,true,
821,ATM_analytic,Call,0.015957691216057310,-0.0050000000000000000,-0.0050000000000000000,4.0000000000000000,1.0000000000000000e-16,2.0000000000000000,0.010000000000000000,0.0099999999999988990,1.0000000000000000e-09,true,
822,ATM_analytic,Put,0.015957691216057310,-0.0050000000000000000,-0.0050000000000000000,4.0000000000000000,1.0000000000000000e-15,2.0000000000000000,0.010000000000000000,0.0099999999999988990,1.0000000000000000e-09,true,
823,ATM_analytic,Call,0.015957691216057310,-0.0050000000000000000,-0.0050000000000000000,4.0000000000000000,1.0000000000000000e-15,2.0000000000000000,0.010000000000000000,0.0099999999999988990,1.0000000000000000e-09,true,
824,ATM_analytic,Put,0.015957691216057310,-0.0050000000000000000,-0.0050000000000000000,4.0000000000000000,1.0000000000000000e-10,2.0000000000000000,0.010000000000000000,0.0099999999999988990,1.0000000000000000e-09,true,
825,ATM_analytic,Call,0.015957691216057310,-0.0050000000000000000,-0.0050000000000000000,4.0000000000000000,1.0000000000000000e-10,2.0000000000000000,0.010000000000000000,0.0099999999999988990,1.0000000000000000e-09,true,
826,ATM_analytic,Put,0.015957691216057310,-0.0050000000000000000,-0.0050000000000000000,4.0000000000000000,0.10000000000000000,2.0000000000000000,0.010000000000000000,0.0099999999999999950,1.0000000000000000e-09,true,
827,ATM_analytic,Call,0.015957691216057310,-0.0050000000000000000,-0.0050000000000000000,4.0000000000000000,0.10000000000000000,2.0000000000000000,0.010000000000000000,0.0099999999999999950,1.0000000000000000e-09,true,
828,ATM_analytic,Put,0.015957691216057310,-0.0050000000000000000,-0.0050000000000000000,4.0000000000000000,2.5000000000000000,2.0000000000000000,0.010000000000000000,0.010000000000000009,1.0000000000000000e-09,true,
829,ATM_analytic,Call,0.015957691216057310,-0.0050000000000000000,-0.0050000000000000000,4.0000000000000000,2.5000000000000000,2.0000000000000000,0.010000000000000000,0.010000000000000009,1.0000000000000000e-09,true,
830,ATM_analytic,Put,0.015957691216057310,-0.0050000000000000000,-0.0050000000000000000,4.0000000000000000,-0.10000000000000000,2.0000000000000000,0.010000000000000000,0.0099999999999999950,1.0000000000000000e-09,true,
831,ATM_analytic,Call,0.015957691216057310,-0.0050000000000000000,-0.0050000000000000000,4.0000000000000000,-0.10000000000000000,2.0000000000000000,0.010000000000000000,0.0099999999999999950,1.0000000000000000e-09,true,
832,ATM_analytic,Put,1.5957691216057308,-0.0050000000000000000,-0.0050000000000000000,4.0000000000000000,0.0000000000000000,2.0000000000000000,1.0000000000000000,0.99999999999999980,1.0000000000000000e-09,true,
833,ATM_analytic,Call,1.5957691216057308,-0.0050000000000000000,-0.0050000000000000000,4.0000000000000000,0.0000000000000000,2.0000000000000000,1.0000000000000000,0.99999999999999980,1.0000000000000000e-09,true,
834,ATM_analytic,Put,1.5957691216057308,-0.0050000000000000000,-0.0050000000000000000,4.0000000000000000,1.0000000000000000e-20,2.0000000000000000,1.0000000000000000,0.99999999999999980,1.0000000000000000e-09,true,
835,ATM_analytic,Call,1.5957691216057308,-0.0050000000000000000,-0.0050000000000000000,4.0000000000000000,1.0000000000000000e-20,2.0000000000000000,1.0000000000000000,0.99999999999999980,1.0000000000000000e-09,true,
836,ATM_analytic,Put,1.5957691216057308,-0.0050000000000000000,-0.0050000000000000000,4.0000000000000000,1.0000000000000000e-16,2.0000000000000000,1.0000000000000000,0.99999999999999980,1.0000000000000000e-09,true,
837,ATM_analytic,Call,1.5957691216057308,-0.0050000000000000000,-0.0050000000000000000,4.0000000000000000,1.0000000000000000e-16,2.0000000000000000,1.0000000000000000,0.99999999999999980,1.0000000000000000e-09,true,
838,ATM_analytic,Put,1.5957691216057308,-0.0050000000000000000,-0.0050000000000000000,4.0000000000000000,1.0000000000000000e-15,2.0000000000000000,1.0000000000000000,0.99999999999999980,1.0000000000000000e-09,true,
839,ATM_analytic,Call,1.5957691216057308,-0.0050000000000000000,-0.0050000000000000000,4.0000000000000000,1.0000000000000000e-15,2.0000000000000000,1.0000000000000000,0.99999999999999980,1.0000000000000000e-09,true,
840,ATM_analytic,Put,1.5957691216057308,-0.0050000000000000000,-0.0050000000000000000,4.0000000000000000,1.0000000000000000e-10,2.0000000000000000,1.0000000000000000,0.99999999999999980,1.0000000000000000e-09,true,
841,ATM_analytic,Call,1.5957691216057308,-0.0050000000000000000,-0.0050000000000000000,4.0000000000000000,1.0000000000000000e-10,2.0000000000000000,1.0000000000000000,0.99999999999999980,1.0000000000000000e-09,true,
842,ATM_analytic,Put,1.5957691216057308,-0.0050000000000000000,-0.0050000000000000000,4.0000000000000000,0.10000000000000000,2.0000000000000000,1.0000000000000000,1.0000000000000000,1.0000000000000000e-09,true,
843,ATM_analytic,Call,1.5957691216057308,-0.0050000000000000000,-0.0050000000000000000,4.0000000000000000,0.10000000000000000,2.0000000000000000,1.0000000000000000,1.0000000000000000,1.0000000000000000e-09,true,
844,ATM_analytic,Put,1.5957691216057308,-0.0050000000000000000,-0.0050000000000000000,4.0000000000000000,2.5000000000000000,2.0000000000000000,1.0000000000000000,1.0000000000000000,1.0000000000000000e-09,true,
845,ATM_analytic,Call,1.5957691216057308,-0.0050000000000000000,-0.0050000000000000000,4.0000000000000000,2.5000000000000000,2.0000000000000000,1.0000000000000000,1.0000000000000000,1.0000000000000000e-09,true,
846,ATM_analytic,Put,1.5957691216057308,-0.0050000000000000000,-0.0050000000000000000,4.0000000000000000,-0.10000000000000000,2.0000000000000000,1.0000000000000000,1.0000000000000000,1.0000000000000000e-09,true,
847,ATM_analytic,Call,1.5957691216057308,-0.0050000000000000000,-0.0050000000000000000,4.0000000000000000,-0.10000000000000000,2.0000000000000000,1.0000000000000000,1.0000000000000000,1.0000000000000000e-09,true,
848,ATM_analytic,Put,7.9788456080286550,-0.0050000000000000000,-0.0050000000000000000,4.0000000000000000,0.0000000000000000,2.0000000000000000,5.0000000000000000,5.0000000000000000,5.0000000000000000e-09,true,
849,ATM_analytic,Call,7.9788456080286550,-0.0050000000000000000,-0.0050000000000000000,4.0000000000000000,0.0000000000000000,2.0000000000000000,5.0000000000000000,5.0000000000000000,5.0000000000000000e-09,true,
850,ATM_analytic,Put,7.9788456080286550,-0.0050000000000000000,-0.0050000000000000000,4.0000000000000000,1.0000000000000000e-20,2.0000000000000000,5.0000000000000000,5.0000000000000000,5.0000000000000000e-09,true,
851,ATM_analytic,Call,7.9788456080286550,-0.0050000000000000000,-0.0050000000000000000,4.0000000000000000,1.0000000000000000e-20,2.0000000000000000,5.0000000000000000,5.0000000000000000,5.0000000000000000e-09,true,
852,ATM_analytic,Put,7.9788456080286550,-0.0050000000000000000,-0.0050000000000000000,4.0000000000000000,1.0000000000000000e-16,2.0000000000000000,5.0000000000000000,5.0000000000000000,5.0000000000000000e-09,true,
853,ATM_analytic,Call,7.9788456080286550,-0.0050000000000000000,-0.0050000000000000000,4.0000000000000000,1.0000000000000000e-16,2.0000000000000000,5.0000000000000000,5.0000000000000000,5.0000000000000000e-09,true,
854,ATM_analytic,Put,7.9788456080286550,-0.0050000000000000000,-0.0050000000000000000,4.0000000000000000,1.0000000000000000e-15,2.0000000000000000,5.0000000000000000,5.0000000000000000,5.0000000000000000e-09,true,
855,ATM_analytic,Call,7.9788456080286550,-0.0050000000000000000,-0.0050000000000000000,4.0000000000000000,1.0000000000000000e-15,2.0000000000000000,5.0000000000000000,5.0000000000000000,5.0000000000000000e-09,true,
856,ATM_analytic,Put,7.9788456080286550,-0.0050000000000000000,-0.0050000000000000000,4.0000000000000000,1.0000000000000000e-10,2.0000000000000000,5.0000000000000000,5.0000000000000000,5.0000000000000000e-09,true,
857,ATM_analytic,Call,7.9788456080286550,-0.0050000000000000000,-0.0050000000000000000,4.0000000000000000,1.0000000000000000e-10,2.0000000000000000,5.0000000000000000,5.0000000000000000,5.0000000000000000e-09,true,
858,ATM_analytic,Put,7.9788456080286550,-0.0050000000000000000,-0.0050000000000000000,4.0000000000000000,0.10000000000000000,2.0000000000000000,5.0000000000000000,5.0000000000000000,5.0000000000000000e-09,true,
859,ATM_analytic,Call,7.9788456080286550,-0.0050000000000000000,-0.0050000000000000000,4.0000000000000000,0.10000000000000000,2.0000000000000000,5.0000000000000000,5.0000000000000000,5.0000000000000000e-09,true,
860,ATM_analytic,Put,7.9788456080286550,-0.0050000000000000000,-0.0050000000000000000,4.0000000000000000,2.5000000000000000,2.0000000000000000,5.0000000000000000,5.0000000000000000,5.0000000000000000e-09,true,
861,ATM_analytic,Call,7.9788456080286550,-0.0050000000000000000,-0.0050000000000000000,4.0000000000000000,2.5000000000000000,2.0000000000000000,5.0000000000000000,5.0000000000000000,5.0000000000000000e-09,true,
862,ATM_analytic,Put,7.9788456080286550,-0.0050000000000000000,-0.0050000000000000000,4.0000000000000000,-0.10000000000000000,2.0000000000000000,5.0000000000000000,5.0000000000000000,5.0000000000000000e-09,true,
863,ATM_analytic,Call,7.9788456080286550,-0.0050000000000000000,-0.0050000000000000000,4.0000000000000000,-0.10000000000000000,2.0000000000000000,5.0000000000000000,5.0000000000000000,5.0000000000000000e-09,true,
864,ATM_analytic,Put,0.00099735570100358200,0.0000000000000000,0.0000000000000000,0.25000000000000000,0.0000000000000000,0.50000000000000000,0.010000000000000000,0.0099999999999988990,1.0000000000000000e-09,true,
865,ATM_analytic,Call,0.00099735570100358200,0.0000000000000000,0.0000000000000000,0.25000000000000000,0.0000000000000000,0.50000000000000000,0.010000000000000000,0.0099999999999988990,1.0000000000000000e-09,true,
866,ATM_analytic,Put,0.00099735570100358200,0.0000000000000000,0.0000000000000000,0.25000000000000000,1.0000000000000000e-20,0.50000000000000000,0.010000000000000000,0.0099999999999988990,1.0000000000000000e-09,true,
867,ATM_analytic,Call,0.00099735570100358200,0.0000000000000000,0.0000000000000000,0.25000000000000000,1.0000000000000000e-20,0.50000000000000000,0.010000000000000000,0.0099999999999988990,1.0000000000000000e-09,true,
868,ATM_analytic,Put,0.00099735570100358200,0.0000000000000000,0.0000000000000000,0.25000000000000000,1.0000000000000000e-16,0.50000000000000000,0.010000000000000000,0.0099999999999988990,1.0000000000000000e-09,true,
869,ATM_analytic,Call,0.00099735570100358200,0.0000000000000000,0.0000000000000000,0.25000000000000000,1.0000000000000000e-16,0.50000000000000000,0.010000000000000000,0.0099999999999988990,1.0000000000000000e-09,true,
870,ATM_analytic,Put,0.00099735570100358200,0.0000000000000000,0.0000000000000000,0.25000000000000000,1.0000000000000000e-15,0.50000000000000000,0.010000000000000000,0.0099999999999988990,1.0000000000000000e-09,true,
871,ATM_analytic,Call,0.00099735570100358200,0.0000000000000000,0.0000000000000000,0.25000000000000000,1.0000000000000000e-15,0.50000000000000000,0.010000000000000000,0.0099999999999988990,1.0000000000000000e-09,true,
872,ATM_analytic,Put,0.00099735570100358200,0.0000000000000000,0.0000000000000000,0.25000000000000000,1.0000000000000000e-10,0.50000000000000000,0.010000000000000000,0.0099999999999988990,1.0000000000000000e-09,true,
873,ATM_analytic,Call,0.00099735570100358200,0.0000000000000000,0.0000000000000000,0.25000000000000000,1.0000000000000000e-10,0.50000000000000000,0.010000000000000000,0.0099999999999988990,1.0000000000000000e-09,true,
874,ATM_analytic,Put,0.00099735570100358200,0.0000000000000000,0.0000000000000000,0.25000000000000000,0.10000000000000000,0.50000000000000000,0.010000000000000000,0.0099999999999999950,1.0000000000000000e-09,true,
875,ATM_analytic,Call,0.00099735570100358200,0.0000000000000000,0.0000000000000000,0.25000000000000000,0.10000000000000000,0.50000000000000000,0.010000000000000000,0.0099999999999999950,1.0000000000000000e-09,true,
876,ATM_analytic,Put,0.00099735570100358200,0.0000000000000000,0.0000000000000000,0.25000000000000000,2.5000000000000000,0.50000000000000000,0.010000000000000000,0.010000000000000009,1.0000000000000000e-09,true,
877,ATM_analytic,Call,0.00099735570100358200,0.0000000000000000,0.0000000000000000,0.25000000000000000,2.5000000000000000,0.50000000000000000,0.010000000000000000,0.010000000000000009,1.0000000000000000e-09,true,
878,ATM_analytic,Put,0.00099735570100358200,0.0000000000000000,0.0000000000000000,0.25000000000000000,-0.10000000000000000,0.50000000000000000,0.010000000000000000,0.0099999999999999950,1.0000000000000000e-09,true,
879,ATM_analytic,Call,0.00099735570100358200,0.0000000000000000,0.0000000000000000,0.25000000000000000,-0.10000000000000000,0.50000000000000000,0.010000000000000000,0.0099999999999999950,1.0000000000000000e-09,true,
880,ATM_analytic,Put,0.099735570100358180,0.0000000000000000,0.0000000000000000,0.25000000000000000,0.0000000000000000,0.50000000000000000,1.0000000000000000,0.99999999999999640,1.0000000000000000e-09,true,
881,ATM_analytic,Call,0.099735570100358180,0.0000000000000000,0.0000000000000000,0.25000000000000000,0.0000000000000000,0.50000000000000000,1.0000000000000000,0.99999999999999640,1.0000000000000000e-09,true,
882,ATM_analytic,Put,0.099735570100358180,0.0000000000000000,0.0000000000000000,0.25000000000000000,1.0000000000000000e-20,0.50000000000000000,1.0000000000000000,0.99999999999999640,1.0000000000000000e-09,true,
883,ATM_analytic,Call,0.099735570100358180,0.0000000000000000,0.0000000000000000,0.25000000000000000,1.0000000000000000e-20,0.50000000000000000,1.0000000000000000,0.99999999999999640,1.0000000000000000e-09,true,
884,ATM_analytic,Put,0.099735570100358180,0.0000000000000000,0.0000000000000000,0.25000000000000000,1.0000000000000000e-16,0.50000000000000000,1.0000000000000000,0.99999999999999640,1.0000000000000000e-09,true,
885,ATM_analytic,Call,0.099735570100358180,0.0000000000000000,0.0000000000000000,0.25000000000000000,1.0000000000000000e-16,0.50000000000000000,1.0000000000000000,0.99999999999999640,1.0000000000000000e-09,true,
886,ATM_analytic,Put,0.099735570100358180,0.0000000000000000,0.0000000000000000,0.25000000000000000,1.0000000000000000e-15,0.50000000000000000,1.0000000000000000,0.99999999999999640,1.0000000000000000e-09,true,
887,ATM_analytic,Call,0.099735570100358180,0.0000000000000000,0.0000000000000000,0.25000000000000000,1.0000000000000000e-15,0.50000000000000000,1.0000000000000000,0.99999999999999640,1.0000000000000000e-09,true,
888,ATM_analytic,Put,0.099735570100358180,0.0000000000000000,0.0000000000000000,0.25000000000000000,1.0000000000000000e-10,0.50000000000000000,1.0000000000000000,0.99999999999999640,1.0000000000000000e-09,true,
889,ATM_analytic,Call,0.099735570100358180,0.0000000000000000,0.0000000000000000,0.25000000000000000,1.0000000000000000e-10,0.50000000000000000,1.0000000000000000,0.99999999999999640,1.0000000000000000e-09,true,
890,ATM_analytic,Put,0.099735570100358180,0.0000000000000000,0.0000000000000000,0.25000000000000000,0.10000000000000000,0.50000000000000000,1.0000000000000000,1.0000000000000000,1.0000000000000000e-09,true,
891,ATM_analytic,Call,0.099735570100358180,0.0000000000000000,0.0000000000000000,0.25000000000000000,0.10000000000000000,0.50000000000000000,1.0000000000000000,1.0000000000000000,1.0000000000000000e-09,true,
892,ATM_analytic,Put,0.099735570100358180,0.0000000000000000,0.0000000000000000,0.25000000000000000,2.5000000000000000,0.50000000000000000,1.0000000000000000,1.0000000000000000,1.0000000000000000e-09,true,
893,ATM_analytic,Call,0.099735570100358180,0.0000000000000000,0.0000000000000000,0.25000000000000000,2.5000000000000000,0.50000000000000000,1.0000000000000000,1.0000000000000000,1.0000000000000000e-09,true,
894,ATM_analytic,Put,0.099735570100358180,0.0000000000000000,0.0000000000000000,0.25000000000000000,-0.10000000000000000,0.50000000000000000,1.0000000000000000,1.0000000000000000,1.0000000000000000e-09,true,
895,ATM_analytic,Call,0.099735570100358180,0.0000000000000000,0.0000000000000000,0.25000000000000000,-0.10000000000000000,0.50000000000000000,1.0000000000000000,1.0000000000000000,1.0000000000000000e-09,true,
896,ATM_analytic,Put,0.49867785050179090,0.0000000000000000,0.0000000000000000,0.25000000000000000,0.0000000000000000,0.50000000000000000,5.0000000000000000,5.0000000000000000,5.0000000000000000e-09,true,
897,ATM_analytic,Call,0.49867785050179090,0.0000000000000000,0.0000000000000000,0.25000000000000000,0.0000000000000000,0.50000000000000000,5.0000000000000000,5.0000000000000000,5.0000000000000000e-09,true,
898,ATM_analytic,Put,0.49867785050179090,0.0000000000000000,0.0000000000000000,0.25000000000000000,1.0000000000000000e-20,0.50000000000000000,5.0000000000000000,5.0000000000000000,5.0000000000000000e-09,true,
899,ATM_analytic,Call,0.49867785050179090,0.0000000000000000,0.0000000000000000,0.25000000000000000,1.0000000000000000e-20,0.50000000000000000,5.0000000000000000,5.0000000000000000,5.0000000000000000e-09,true,
900,ATM_analytic,Put,0.49867785050179090,0.0000000000000000,0.0000000000000000,0.25000000000000000,1.0000000000000000e-16,0.50000000000000000,5.0000000000000000,5.0000000000000000,5.0000000000000000e-09,true,
901,ATM_analytic,Call,0.49867785050179090,0.0000000000000000,0.0000000000000000,0.25000000000000000,1.0000000000000000e-16,0.50000000000000000,5.0000000000000000,5.0000000000000000,5.0000000000000000e-09,true,
902,ATM_analytic,Put,0.49867785050179090,0.0000000000000000,0.0000000000000000,0.25000000000000000,1.0000000000000000e-15,0.50000000000000000,5.0000000000000000,5.0000000000000000,5.0000000000000000e-09,true,
903,ATM_analytic,Call,0.49867785050179090,0.0000000000000000,0.0000000000000000,0.25000000000000000,1.0000000000000000e-15,0.50000000000000000,5.0000000000000000,5.0000000000000000,5.0000000000000000e-09,true,
904,ATM_analytic,Put,0.49867785050179090,0.0000000000000000,0.0000000000000000,0.25000000000000000,1.0000000000000000e-10,0.50000000000000000,5.0000000000000000,5.0000000000000000,5.0000000000000000e-09,true,
905,ATM_analytic,Call,0.49867785050179090,0.0000000000000000,0.0000000000000000,0.25000000000000000,1.0000000000000000e-10,0.50000000000000000,5.0000000000000000,5.0000000000000000,5.0000000000000000e-09,true,
906,ATM_analytic,Put,0.49867785050179090,0.0000000000000000,0.0000000000000000,0.25000000000000000,0.10000000000000000,0.50000000000000000,5.0000000000000000,5.0000000000000000,5.0000000000000000e-09,true,
907,ATM_analytic,Call,0.49867785050179090,0.0000000000000000,0.0000000000000000,0.25000000000000000,0.10000000000000000,0.50000000000000000,5.0000000000000000,5.0000000000000000,5.0000000000000000e-09,true,
908,ATM_analytic,Put,0.49867785050179090,0.0000000000000000,0.0000000000000000,0.25000000000000000,2.5000000000000000,0.50000000000000000,5.0000000000000000,5.0000000000000000,5.0000000000000000e-09,true,
909,ATM_analytic,Call,0.49867785050179090,0.0000000000000000,0.0000000000000000,0.25000000000000000,2.5000000000000000,0.50000000000000000,5.0000000000000000,5.0000000000000000,5.0000000000000000e-09,true,
910,ATM_analytic,Put,0.49867785050179090,0.0000000000000000,0.0000000000000000,0.25000000000000000,-0.10000000000000000,0.50000000000000000,5.0000000000000000,5.0000000000000000,5.0000000000000000e-09,true,
911,ATM_analytic,Call,0.49867785050179090,0.0000000000000000,0.0000000000000000,0.25000000000000000,-0.10000000000000000,0.50000000000000000,5.0000000000000000,5.0000000000000000,5.0000000000000000e-09,true,
912,ATM_analytic,Put,0.0019947114020071640,0.0000000000000000,0.0000000000000000,0.25000000000000000,0.0000000000000000,1.0000000000000000,0.010000000000000000,0.0099999999999988990,1.0000000000000000e-09,true,
913,ATM_analytic,Call,0.0019947114020071640,0.0000000000000000,0.0000000000000000,0.25000000000000000,0.0000000000000000,1.0000000000000000,0.010000000000000000,0.0099999999999988990,1.0000000000000000e-09,true,
914,ATM_analytic,Put,0.0019947114020071640,0.0000000000000000,0.0000000000000000,0.25000000000000000,1.0000000000000000e-20,1.0000000000000000,0.010000000000000000,0.0099999999999988990,1.0000000000000000e-09,true,
915,ATM_analytic,Call,0.0019947114020071640,0.0000000000000000,0.0000000000000000,0.25000000000000000,1.0000000000000000e-20,1.0000000000000000,0.010000000000000000,0.0099999999999988990,1.0000000000000000e-09,true,
916,ATM_analytic,Put,0.0019947114020071640,0.0000000000000000,0.0000000000000000,0.25000000000000000,1.0000000000000000e-16,1.0000000000000000,0.010000000000000000,0.0099999999999988990,1.0000000000000000e-09,true,
917,ATM_analytic,Call,0.0019947114020071640,0.0000000000000000,0.0000000000000000,0.25000000000000000,1.0000000000000000e-16,1.0000000000000000,0.010000000000000000,0.0099999999999988990,1.0000000000000000e-09,true,
918,ATM_analytic,Put,0.0019947114020071640,0.0000000000000000,0.0000000000000000,0.25000000000000000,1.0000000000000000e-15,1.0000000000000000,0.010000000000000000,0.0099999999999988990,1.0000000000000000e-09,true,
919,ATM_analytic,Call,0.0019947114020071640,0.0000000000000000,0.0000000000000000,0.25000000000000000,1.0000000000000000e-15,1.0000000000000000,0.010000000000000000,0.0099999999999988990,1.0000000000000000e-09,true,
920,ATM_analytic,Put,0.0019947114020071640,0.0000000000000000,0.0000000000000000,0.25000000000000000,1.0000000000000000e-10,1.0000000000000000,0.010000000000000000,0.0099999999999988990,1.0000000000000000e-09,true,
921,ATM_analytic,Call,0.0019947114020071640,0.0000000000000000,0.0000000000000000,0.25000000000000000,1.0000000000000000e-10,1.0000000000000000,0.010000000000000000,0.0099999999999988990,1.0000000000000000e-09,true,
922,ATM_analytic,Put,0.0019947114020071640,0.0000000000000000,0.0000000000000000,0.25000000000000000,0.10000000000000000,1.0000000000000000,0.010000000000000000,0.0099999999999999950,1.0000000000000000e-09,true,
923,ATM_analytic,Call,0.0019947114020071640,0.0000000000000000,0.0000000000000000,0.25000000000000000,0.10000000000000000,1.0000000000000000,0.010000000000000000,0.0099999999999999950,1.0000000000000000e-09,true,
924,ATM_analytic,Put,0.0019947114020071640,0.0000000000000000,0.0000000000000000,0.25000000000000000,2.5000000000000000,1.0000000000000000,0.010000000000000000,0.010000000000000009,1.0000000000000000e-09,true,
925,ATM_analytic,Call,0.0019947114020071640,0.0000000000000000,0.0000000000000000,0.25000000000000000,2.5000000000000000,1.0000000000000000,0.010000000000000000,0.010000000000000009,1.0000000000000000e-09,true,
926,ATM_analytic,Put,0.0019947114020071640,0.0000000000000000,0.0000000000000000,0.25000000000000000,-0.10000000000000000,1.0000000000000000,0.010000000000000000,0.0099999999999999950,1.0000000000000000e-09,true,
927,ATM_analytic,Call,0.0019947114020071640,0.0000000000000000,0.0000000000000000,0.25000000000000000,-0.10000000000000000,1.0000000000000000,0.010000000000000000,0.0099999999999999950,1.0000000000000000e-09,true,
928,ATM_analytic,Put,0.19947114020071635,0.0000000000000000,0.0000000000000000,0.25000000000000000,0.0000000000000000,1.0000000000000000,1.0000000000000000,0.99999999999999980,1.0000000000000000e-09,true,
929,ATM_analytic,Call,0.19947114020071635,0.0000000000000000,0.0000000000000000,0.25000000000000000,0.0000000000000000,1.0000000000000000,1.0000000000000000,0.99999999999999980,1.0000000000000000e-09,true,
930,ATM_analytic,Put,0.19947114020071635,0.0000000000000000,0.0000000000000000,0.25000000000000000,1.0000000000000000e-20,1.0000000000000000,1.0000000000000000,0.99999999999999980,1.0000000000000000e-09,true,
931,ATM_analytic,Call,0.19947114020071635,0.0000000000000000,0.0000000000000000,0.25000000000000000,1.0000000000000000e-20,1.0000000000000000,1.0000000000000000,0.99999999999999980,1.0000000000000000e-09,true,
932,ATM_analytic,Put,0.19947114020071635,0.0000000000000000,0.0000000000000000,0.25000000000000000,1.0000000000000000e-16,1.0000000000000000,1.0000000000000000,0.99999999999999980,1.0000000000000000e-09,true,
933,ATM_analytic,Call,0.19947114020071635,0.0000000000000000,0.0000000000000000,0.25000000000000000,1.0000000000000000e-16,1.0000000000000000,1.0000000000000000,0.99999999999999980,1.0000000000000000e-09,true,
934,ATM_analytic,Put,0.19947114020071635,0.0000000000000000,0.0000000000000000,0.25000000000000000,1.0000000000000000e-15,1.0000000000000000,1.0000000000000000,0.99999999999999980,1.0000000000000000e-09,true,
935,ATM_analytic,Call,0.19947114020071635,0.0000000000000000,0.0000000000000000,0.25000000000000000,1.0000000000000000e-15,1.0000000000000000,1.0000000000000000,0.99999999999999980,1.0000000000000000e-09,true,
936,ATM_analytic,Put,0.19947114020071635,0.0000000000000000,0.0000000000000000,0.25000000000000000,1.0000000000000000e-10,1.0000000000000000,1.0000000000000000,0.99999999999999980,1.0000000000000000e-09,true,
937,ATM_analytic,Call,0.19947114020071635,0.0000000000000000,0.0000000000000000,0.25000000000000000,1.0000000000000000e-10,1.0000000000000000,1.0000000000000000,0.99999999999999980,1.0000000000000000e-09,true,
938,ATM_analytic,Put,0.19947114020071635,0.0000000000000000,0.0000000000000000,0.25000000000000000,0.10000000000000000,1.0000000000000000,1.0000000000000000,1.0000000000000000,1.0000000000000000e-09,true,
939,ATM_analytic,Call,0.19947114020071635,0.0000000000000000,0.0000000000000000,0.25000000000000000,0.10000000000000000,1.0000000000000000,1.0000000000000000,1.0000000000000000,1.0000000000000000e-09,true,
940,ATM_analytic,Put,0.19947114020071635,0.0000000000000000,0.0000000000000000,0.25000000000000000,2.5000000000000000,1.0000000000000000,1.0000000000000000,1.0000000000000000,1.0000000000000000e-09,true,
941,ATM_analytic,Call,0.19947114020071635,0.0000000000000000,0.0000000000000000,0.25000000000000000,2.5000000000000000,1.0000000000000000,1.0000000000000000,1.0000000000000000,1.0000000000000000e-09,true,
942,ATM_analytic,Put,0.19947114020071635,0.0000000000000000,0.0000000000000000,0.25000000000000000,-0.10000000000000000,1.0000000000000000,1.0000000000000000,1.0000000000000000,1.0000000000000000e-09,true,
943,ATM_analytic,Call,0.19947114020071635,0.0000000000000000,0.0000000000000000,0.25000000000000000,-0.10000000000000000,1.0000000000000000,1.0000000000000000,1.0000000000000000,1.0000000000000000e-09,true,
944,ATM_analytic,Put,0.99735570100358180,0.0000000000000000,0.0000000000000000,0.25000000000000000,0.0000000000000000,1.0000000000000000,5.0000000000000000,5.0000000000000000,5.0000000000000000e-09,true,
945,ATM_analytic,Call,0.99735570100358180,0.0000000000000000,0.0000000000000000,0.25000000000000000,0.0000000000000000,1.0000000000000000,5.0000000000000000,5.0000000000000000,5.0000000000000000e-09,true,
946,ATM_analytic,Put,0.99735570100358180,0.0000000000000000,0.0000000000000000,0.25000000000000000,1.0000000000000000e-20,1.0000000000000000,5.0000000000000000,5.0000000000000000,5.0000000000000000e-09,true,
947,ATM_analytic,Call,0.99735570100358180,0.0000000000000000,0.0000000000000000,0.25000000000000000,1.0000000000000000e-20,1.0000000000000000,5.0000000000000000,5.0000000000000000,5.0000000000000000e-09,true,
948,ATM_analytic,Put,0.99735570100358180,0.0000000000000000,0.0000000000000000,0.25000000000000000,1.0000000000000000e-16,1.0000000000000000,5.0000000000000000,5.0000000000000000,5.0000000000000000e-09,true,
949,ATM_analytic,Call,0.99735570100358180,0.0000000000000000,0.0000000000000000,0.25000000000000000,1.0000000000000000e-16,1.0000000000000000,5.0000000000000000,5.0000000000000000,5.0000000000000000e-09,true,
950,ATM_analytic,Put,0.99735570100358180,0.0000000000000000,0.0000000000000000,0.25000000000000000,1.0000000000000000e-15,1.0000000000000000,5.0000000000000000,5.0000000000000000,5.0000000000000000e-09,true,
951,ATM_analytic,Call,0.99735570100358180,0.0000000000000000,0.0000000000000000,0.25000000000000000,1.0000000000000000e-15,1.0000000000000000,5.0000000000000000,5.0000000000000000,5.0000000000000000e-09,true,
952,ATM_analytic,Put,0.99735570100358180,0.0000000000000000,0.0000000000000000,0.25000000000000000,1.0000000000000000e-10,1.0000000000000000,5.0000000000000000,5.0000000000000000,5.0000000000000000e-09,true,
953,ATM_analytic,Call,0.99735570100358180,0.0000000000000000,0.0000000000000000,0.25000000000000000,1.0000000000000000e-10,1.0000000000000000,5.0000000000000000,5.0000000000000000,5.0000000000000000e-09,true,
954,ATM_analytic,Put,0.99735570100358180,0.0000000000000000,0.0000000000000000,0.25000000000000000,0.10000000000000000,1.0000000000000000,5.0000000000000000,5.0000000000000000,5.0000000000000000e-09,true,
955,ATM_analytic,Call,0.99735570100358180,0.0000000000000000,0.0000000000000000,0.25000000000000000,0.10000000000000000,1.0000000000000000,5.0000000000000000,5.0000000000000000,5.0000000000000000e-09,true,
956,ATM_analytic,Put,0.99735570100358180,0.0000000000000000,0.0000000000000000,0.25000000000000000,2.5000000000000000,1.0000000000000000,5.0000000000000000,5.0000000000000000,5.0000000000000000e-09,true,
957,ATM_analytic,Call,0.99735570100358180,0.0000000000000000,0.0000000000000000,0.25000000000000000,2.5000000000000000,1.0000000000000000,5.0000000000000000,5.0000000000000000,5.0000000000000000e-09,true,
958,ATM_analytic,Put,0.99735570100358180,0.0000000000000000,0.0000000000000000,0.25000000000000000,-0.10000000000000000,1.0000000000000000,5.0000000000000000,5.0000000000000000,5.0000000000000000e-09,true,
959,ATM_analytic,Call,0.99735570100358180,0.0000000000000000,0.0000000000000000,0.25000000000000000,-0.10000000000000000,1.0000000000000000,5.0000000000000000,5.0000000000000000,5.0000000000000000e-09,true,
960,ATM_analytic,Put,0.0039894228040143280,0.0000000000000000,0.0000000000000000,0.25000000000000000,0.0000000000000000,2.0000000000000000,0.010000000000000000,0.0099999999999988990,1.0000000000000000e-09,true,
961,ATM_analytic,Call,0.0039894228040143280,0.0000000000000000,0.0000000000000000,0.25000000000000000,0.0000000000000000,2.0000000000000000,0.010000000000000000,0.0099999999999988990,1.0000000000000000e-09,true,
962,ATM_analytic,Put,0.0039894228040143280,0.0000000000000000,0.0000000000000000,0.25000000000000000,1.0000000000000000e-20,2.0000000000000000,0.010000000000000000,0.0099999999999988990,1.0000000000000000e-09,true,
963,ATM_analytic,Call,0.0039894228040143280,0.0000000000000000,0.0000000000000000,0.25000000000000000,1.0000000000000000e-20,2.0000000000000000,0.010000000000000000,0.0099999999999988990,1.0000000000000000e-09,true,
964,ATM_analytic,Put,0.0039894228040143280,0.0000000000000000,0.0000000000000000,0.25000000000000000,1.0000000000000000e-16,2.0000000000000000,0.010000000000000000,0.0099999999999988990,1.0000000000000000e-09,true,
965,ATM_analytic,Call,0.0039894228040143280,0.0000000000000000,0.0000000000000000,0.25000000000000000,1.0000000000000000e-16,2.0000000000000000,0.010000000000000000,0.0099999999999988990,1.0000000000000000e-09,true,
966,ATM_analytic,Put,0.0039894228040143280,0.0000000000000000,0.0000000000000000,0.25000000000000000,1.0000000000000000e-15,2.0000000000000000,0.010000000000000000,0.0099999999999988990,1.0000000000000000e-09,true,
967,ATM_analytic,Call,0.0039894228040143280,0.0000000000000000,0.0000000000000000,0.25000000000000000,1.0000000000000000e-15,2.0000000000000000,0.010000000000000000,0.0099999999999988990,1.0000000000000000e-09,true,
968,ATM_analytic,Put,0.0039894228040143280,0.0000000000000000,0.0000000000000000,0.25000000000000000,1.0000000000000000e-10,2.0000000000000000,0.010000000000000000,0.0099999999999988990,1.0000000000000000e-09,true,
969,ATM_analytic,Call,0.0039894228040143280,0.0000000000000000,0.0000000000000000,0.25000000000000000,1.0000000000000000e-10,2.0000000000000000,0.010000000000000000,0.0099999999999988990,1.0000000000000000e-09,true,
970,ATM_analytic,Put,0.0039894228040143280,0.0000000000000000,0.0000000000000000,0.25000000000000000,0.10000000000000000,2.0000000000000000,0.010000000000000000,0.0099999999999999950,1.0000000000000000e-09,true,
971,ATM_analytic,Call,0.0039894228040143280,0.0000000000000000,0.0000000000000000,0.25000000000000000,0.10000000000000000,2.0000000000000000,0.010000000000000000,0.0099999999999999950,1.0000000000000000e-09,true,
972,ATM_analytic,Put,0.0039894228040143280,0.0000000000000000,0.0000000000000000,0.25000000000000000,2.5000000000000000,2.0000000000000000,0.010000000000000000,0.010000000000000009,1.0000000000000000e-09,true,
973,ATM_analytic,Call,0.0039894228040143280,0.0000000000000000,0.0000000000000000,0.25000000000000000,2.5000000000000000,2.0000000000000000,0.010000000000000000,0.010000000000000009,1.0000000000000000e-09,true,
974,ATM_analytic,Put,0.0039894228040143280,0.0000000000000000,0.0000000000000000,0.25000000000000000,-0.10000000000000000,2.0000000000000000,0.010000000000000000,0.0099999999999999950,1.0000000000000000e-09,true,
975,ATM_analytic,Call,0.0039894228040143280,0.0000000000000000,0.0000000000000000,0.25000000000000000,-0.10000000000000000,2.0000000000000000,0.010000000000000000,0.0099999999999999950,1.0000000000000000e-09,true,
976,ATM_analytic,Put,0.39894228040143270,0.0000000000000000,0.0000000000000000,0.25000000000000000,0.0000000000000000,2.0000000000000000,1.0000000000000000,0.99999999999999980,1.0000000000000000e-09,true,
977,ATM_analytic,Call,0.39894228040143270,0.0000000000000000,0.0000000000000000,0.25000000000000000,0.0000000000000000,2.0000000000000000,1.0000000000000000,0.99999999999999980,1.0000000000000000e-09,true,
978,ATM_analytic,Put,0.39894228040143270,0.0000000000000000,0.0000000000000000,0.25000000000000000,1.0000000000000000e-20,2.0000000000000000,1.0000000000000000,0.99999999999999980,1.0000000000000000e-09,true,
979,ATM_analytic,Call,0.39894228040143270,0.0000000000000000,0.0000000000000000,0.25000000000000000,1.0000000000000000e-20,2.0000000000000000,1.0000000000000000,0.99999999999999980,1.0000000000000000e-09,true,
980,ATM_analytic,Put,0.39894228040143270,0.0000000000000000,0.0000000000000000,0.25000000000000000,1.0000000000000000e-16,2.0000000000000000,1.0000000000000000,0.99999999999999980,1.0000000000000000e-09,true,
981,ATM_analytic,Call,0.39894228040143270,0.0000000000000000,0.0000000000000000,0.25000000000000000,1.0000000000000000e-16,2.0000000000000000,1.0000000000000000,0.99999999999999980,1.0000000000000000e-09,true,
982,ATM_analytic,Put,0.39894228040143270,0.0000000000000000,0.0000000000000000,0.25000000000000000,1.0000000000000000e-15,2.0000000000000000,1.0000000000000000,0.99999999999999980,1.0000000000000000e-09,true,
983,ATM_analytic,Call,0.39894228040143270,0.0000000000000000,0.0000000000000000,0.25000000000000000,1.0000000000000000e-15,2.0000000000000000,1.0000000000000000,0.99999999999999980,1.0000000000000000e-09,true,
984,ATM_analytic,Put,0.39894228040143270,0.0000000000000000,0.0000000000000000,0.25000000000000000,1.0000000000000000e-10,2.0000000000000000,1.0000000000000000,0.99999999999999980,1.0000000000000000e-09,true,
985,ATM_analytic,Call,0.39894228040143270,0.0000000000000000,0.0000000000000000,0.25000000000000000,1.0000000000000000e-10,2.0000000000000000,1.0000000000000000,0.99999999999999980,1.0000000000000000e-09,true,
986,ATM_analytic,Put,0.39894228040143270,0.0000000000000000,0.0000000000000000,0.25000000000000000,0.10000000000000000,2.0000000000000000,1.0000000000000000,1.0000000000000000,1.0000000000000000e-09,true,
987,ATM_analytic,Call,0.39894228040143270,0.0000000000000000,0.0000000000000000,0.25000000000000000,0.10000000000000000,2.0000000000000000,1.0000000000000000,1.0000000000000000,1.0000000000000000e-09,true,
988,ATM_analytic,Put,0.39894228040143270,0.0000000000000000,0.0000000000000000,0.25000000000000000,2.5000000000000000,2.0000000000000000,1.0000000000000000,1.0000000000000000,1.0000000000000000e-09,true,
989,ATM_analytic,Call,0.39894228040143270,0.0000000000000000,0.0000000000000000,0.25000000000000000,2.5000000000000000,2.0000000000000000,1.0000000000000000,1.0000000000000000,1.0000000000000000e-09,true,
990,ATM_analytic,Put,0.39894228040143270,0.0000000000000000,0.0000000000000000,0.25000000000000000,-0.10000000000000000,2.0000000000000000,1.0000000000000000,1.0000000000000000,1.0000000000000000e-09,true,
991,ATM_analytic,Call,0.39894228040143270,0.0000000000000000,0.0000000000000000,0.25000000000000000,-0.10000000000000000,2.0000000000000000,1.0000000000000000,1.0000000000000000,1.0000000000000000e-09,true,
992,ATM_analytic,Put,1.9947114020071637,0.0000000000000000,0.0000000000000000,0.25000000000000000,0.0000000000000000,2.0000000000000000,5.0000000000000000,5.0000000000000000,5.0000000000000000e-09,true,
993,ATM_analytic,Call,1.9947114020071637,0.0000000000000000,0.0000000000000000,0.25000000000000000,0.0000000000000000,2.0000000000000000,5.0000000000000000,5.0000000000000000,5.0000000000000000e-09,true,
994,ATM_analytic,Put,1.9947114020071637,0.0000000000000000,0.0000000000000000,0.25000000000000000,1.0000000000000000e-20,2.0000000000000000,5.0000000000000000,5.0000000000000000,5.0000000000000000e-09,true,
995,ATM_analytic,Call,1.9947114020071637,0.0000000000000000,0.0000000000000000,0.25000000000000000,1.0000000000000000e-20,2.0000000000000000,5.0000000000000000,5.0000000000000000,5.0000000000000000e-09,true,
996,ATM_analytic,Put,1.9947114020071637,0.0000000000000000,0.0000000000000000,0.25000000000000000,1.0000000000000000e-16,2.0000000000000000,5.0000000000000000,5.0000000000000000,5.0000000000000000e-09,true,
997,ATM_analytic,Call,1.9947114020071637,0.0000000000000000,0.0000000000000000,0.25000000000000000,1.0000000000000000e-16,2.0000000000000000,5.0000000000000000,5.0000000000000000,5.0000000000000000e-09,true,
998,ATM_analytic,Put,1.9947114020071637,0.0000000000000000,0.0000000000000000,0.25000000000000000,1.0000000000000000e-15,2.0000000000000000,5.0000000000000000,5.0000000000000000,5.0000000000000000e-09,true,
999,ATM_analytic,Call,1.9947114020071637,0.0000000000000000,0.0000000000000000,0.25000000000000000,1.0000000000000000e-15,2.0000000000000000,5.0000000000000000,5.0000000000000000,5.0000000000000000e-09,true,
1000,ATM_analytic,Put,1.9947114020071637,0.0000000000000000,0.0000000000000000,0.25000000000000000,1.0000000000000000e-10,2.0000000000000000,5.0000000000000000,5.0000000000000000,5.0000000000000000e-09,true,
1001,ATM_analytic,Call,1.9947114020071637,0.0000000000000000,0.0000000000000000,0.25000000000000000,1.0000000000000000e-10,2.0000000000000000,5.0000000000000000,5.0000000000000000,5.0000000000000000e-09,true,
1002,ATM_analytic,Put,1.9947114020071637,0.0000000000000000,0.0000000000000000,0.25000000000000000,0.10000000000000000,2.0000000000000000,5.0000000000000000,5.0000000000000000,5.0000000000000000e-09,true,
1003,ATM_analytic,Call,1.9947114020071637,0.0000000000000000,0.0000000000000000,0.25000000000000000,0.10000000000000000,2.0000000000000000,5.0000000000000000,5.0000000000000000,5.0000000000000000e-09,true,
1004,ATM_analytic,Put,1.9947114020071637,0.0000000000000000,0.0000000000000000,0.25000000000000000,2.5000000000000000,2.0000000000000000,5.0000000000000000,5.0000000000000000,5.0000000000000000e-09,true,
1005,ATM_analytic,Call,1.9947114020071637,0.0000000000000000,0.0000000000000000,0.25000000000000000,2.5000000000000000,2.0000000000000000,5.0000000000000000,5.0000000000000000,5.0000000000000000e-09,true,
1006,ATM_analytic,Put,1.9947114020071637,0.0000000000000000,0.0000000000000000,0.25000000000000000,-0.10000000000000000,2.0000000000000000,5.0000000000000000,5.0000000000000000,5.0000000000000000e-09,true,
1007,ATM_analytic,Call,1.9947114020071637,0.0000000000000000,0.0000000000000000,0.25000000000000000,-0.10000000000000000,2.0000000000000000,5.0000000000000000,5.0000000000000000,5.0000000000000000e-09,true,
1008,ATM_analytic,Put,0.0019947114020071640,0.0000000000000000,0.0000000000000000,1.0000000000000000,0.0000000000000000,0.50000000000000000,0.010000000000000000,0.0099999999999988990,1.0000000000000000e-09,true,
1009,ATM_analytic,Call,0.0019947114020071640,0.0000000000000000,0.0000000000000000,1.0000000000000000,0.0000000000000000,0.50000000000000000,0.010000000000000000,0.0099999999999988990,1.0000000000000000e-09,true,
1010,ATM_analytic,Put,0.0019947114020071640,0.0000000000000000,0.0000000000000000,1.0000000000000000,1.0000000000000000e-20,0.50000000000000000,0.010000000000000000,0.0099999999999988990,1.0000000000000000e-09,true,
1011,ATM_analytic,Call,0.0019947114020071640,0.0000000000000000,0.0000000000000000,1.0000000000000000,1.0000000000000000e-20,0.50000000000000000,0.010000000000000000,0.0099999999999988990,1.0000000000000000e-09,true,
1012,ATM_analytic,Put,0.0019947114020071640,0.0000000000000000,0.0000000000000000,1.0000000000000000,1.0000000000000000e-16,0.50000000000000000,0.010000000000000000,0.0099999999999988990,1.0000000000000000e-09,true,
1013,ATM_analytic,Call,0.0019947114020071640,0.0000000000000000,0.0000000000000000,1.0000000000000000,1.0000000000000000e-16,0.50000000000000000,0.010000000000000000,0.0099999999999988990,1.0000000000000000e-09,true,
1014,ATM_analytic,Put,0.0019947114020071640,0.0000000000000000,0.0000000000000000,1.0000000000000000,1.0000000000000000e-15,0.50000000000000000,0.010000000000000000,0.0099999999999988990,1.0000000000000000e-09,true,
1015,ATM_analytic,Call,0.0019947114020071640,0.0000000000000000,0.0000000000000000,1.0000000000000000,1.0000000000000000e-15,0.50000000000000000,0.010000000000000000,0.0099999999999988990,1.0000000000000000e-09,true,
1016,ATM_analytic,Put,0.0019947114020071640,0.0000000000000000,0.0000000000000000,1.0000000000000000,1.0000000000000000e-10,0.50000000000000000,0.010000000000000000,0.0099999999999988990,1.0000000000000000e-09,true,
1017,ATM_analytic,Call,0.0019947114020071640,0.0000000000000000,0.0000000000000000,1.0000000000000000,1.0000000000000000e-10,0.50000000000000000,0.010000000000000000,0.0099999999999988990,1.0000000000000000e-09,true,
1018,ATM_analytic,Put,0.0019947114020071640,0.0000000000000000,0.0000000000000000,1.0000000000000000,0.10000000000000000,0.50000000000000000,0.010000000000000000,0.0099999999999999950,1.0000000000000000e-09,true,
1019,ATM_analytic,Call,0.0019947114020071640,0.0000000000000000,0.0000000000000000,1.0000000000000000,0.10000000000000000,0.50000000000000000,0.010000000000000000,0.0099999999999999950,1.0000000000000000e-09,true,
1020,ATM_analytic,Put,0.0019947114020071640,0.0000000000000000,0.0000000000000000,1.0000000000000000,2.5000000000000000,0.50000000000000000,0.010000000000000000,0.010000000000000009,1.0000000000000000e-09,true,
1021,ATM_analytic,Call,0.0019947114020071640,0.0000000000000000,0.0000000000000000,1.0000000000000000,2.5000000000000000,0.50000000000000000,0.010000000000000000,0.010000000000000009,1.0000000000000000e-09,true,
1022,ATM_analytic,Put,0.0019947114020071640,0.0000000000000000,0.0000000000000000,1.0000000000000000,-0.10000000000000000,0.50000000000000000,0.010000000000000000,0.0099999999999999950,1.0000000000000000e-09,true,
1023,ATM_analytic,Call,0.0019947114020071640,0.0000000000000000,0.0000000000000000,1.0000000000000000,-0.10000000000000000,0.50000000000000000,0.010000000000000000,0.0099999999999999950,1.0000000000000000e-09,true,
1024,ATM_analytic,Put,0.19947114020071635,0.0000000000000000,0.0000000000000000,1.0000000000000000,0.0000000000000000,0.50000000000000000,1.0000000000000000,0.99999999999999980,1.0000000000000000e-09,true,
1025,ATM_analytic,Call,0.19947114020071635,0.0000000000000000,0.0000000000000000,1.0000000000000000,0.0000000000000000,0.50000000000000000,1.0000000000000000,0.99999999999999980,1.0000000000000000e-09,true,
1026,ATM_analytic,Put,0.19947114020071635,0.0000000000000000,0.0000000000000000,1.0000000000000000,1.0000000000000000e-20,0.50000000000000000,1.0000000000000000,0.99999999999999980,1.0000000000000000e-09,true,
1027,ATM_analytic,Call,0.19947114020071635,0.0000000000000000,0.0000000000000000,1.0000000000000000,1.0000000000000000e-20,0.50000000000000000,1.0000000000000000,0.99999999999999980,1.0000000000000000e-09,true,
1028,ATM_analytic,Put,0.19947114020071635,0.0000000000000000,0.0000000000000000,1.0000000000000000,1.0000000000000000e-16,0.50000000000000000,1.0000000000000000,0.99999999999999980,1.0000000000000000e-09,true,
1029,ATM_analytic,Call,0.19947114020071635,0.0000000000000000,0.0000000000000000,1.0000000000000000,1.0000000000000000e-16,0.50000000000000000,1.0000000000000000,0.99999999999999980,1.0000000000000000e-09,true,
1030,ATM_analytic,Put,0.19947114020071635,0.0000000000000000,0.0000000000000000,1.0000000000000000,1.0000000000000000e-15,0.50000000000000000,1.0000000000000000,0.99999999999999980,1.0000000000000000e-09,true,
1031,ATM_analytic,Call,0.19947114020071635,0.0000000000000000,0.0000000000000000,1.0000000000000000,1.0000000000000000e-15,0.50000000000000000,1.0000000000000000,0.99999999999999980,1.0000000000000000e-09,true,
1032,ATM_analytic,Put,0.19947114020071635,0.0000000000000000,0.0000000000000000,1.0000000000000000,1.0000000000000000e-10,0.50000000000000000,1.0000000000000000,0.99999999999999980,1.0000000000000000e-09,true,
1033,ATM_analytic,Call,0.19947114020071635,0.0000000000000000,0.0000000000000000,1.0000000000000000,1.0000000000000000e-10,0.50000000000000000,1.0000000000000000,0.99999999999999980,1.0000000000000000e-09,true,
1034,ATM_analytic,Put,0.19947114020071635,0.0000000000000000,0.0000000000000000,1.0000000000000000,0.10000000000000000,0.50000000000000000,1.0000000000000000,1.0000000000000000,1.0000000000000000e-09,true,
1035,ATM_analytic,Call,0.19947114020071635,0.0000000000000000,0.0000000000000000,1.0000000000000000,0.10000000000000000,0.50000000000000000,1.0000000000000000,1.0000000000000000,1.0000000000000000e-09,true,
1036,ATM_analytic,Put,0.19947114020071635,0.0000000000000000,0.0000000000000000,1.0000000000000000,2.5000000000000000,0.50000000000000000,1.0000000000000000,1.0000000000000000,1.0000000000000000e-09,true,
1037,ATM_analytic,Call,0.19947114020071635,0.0000000000000000,0.0000000000000000,1.0000000000000000,2.5000000000000000,0.50000000000000000,1.0000000000000000,1.0000000000000000,1.0000000000000000e-09,true,
1038,ATM_analytic,Put,0.19947114020071635,0.0000000000000000,0.0000000000000000,1.0000000000000000,-0.10000000000000000,0.50000000000000000,1.0000000000000000,1.0000000000000000,1.0000000000000000e-09,true,
1039,ATM_analytic,Call,0.19947114020071635,0.0000000000000000,0.0000000000000000,1.0000000000000000,-0.10000000000000000,0.50000000000000000,1.0000000000000000,1.0000000000000000,1.0000000000000000e-09,true,
1040,ATM_analytic,Put,0.99735570100358180,0.0000000000000000,0.0000000000000000,1.0000000000000000,0.0000000000000000,0.50000000000000000,5.0000000000000000,5.0000000000000000,5.0000000000000000e-09,true,
1041,ATM_analytic,Call,0.99735570100358180,0.0000000000000000,0.0000000000000000,1.0000000000000000,0.0000000000000000,0.50000000000000000,5.0000000000000000,5.0000000000000000,5.0000000000000000e-09,true,
1042,ATM_analytic,Put,0.99735570100358180,0.0000000000000000,0.0000000000000000,1.0000000000000000,1.0000000000000000e-20,0.50000000000000000,5.0000000000000000,5.0000000000000000,5.0000000000000000e-09,true,
1043,ATM_analytic,Call,0.99735570100358180,0.0000000000000000,0.0000000000000000,1.0000000000000000,1.0000000000000000e-20,0.50000000000000000,5.0000000000000000,5.0000000000000000,5.0000000000000000e-09,true,
1044,ATM_analytic,Put,0.99735570100358180,0.0000000000000000,0.0000000000000000,1.0000000000000000,1.0000000000000000e-16,0.50000000000000000,5.0000000000000000,5.0000000000000000,5.0000000000000000e-09,true,
1045,ATM_analytic,Call,0.99735570100358180,0.0000000000000000,0.0000000000000000,1.0000000000000000,1.0000000000000000e-16,0.50000000000000000,5.0000000000000000,5.0000000000000000,5.0000000000000000e-09,true,
1046,ATM_analytic,Put,0.99735570100358180,0.0000000000000000,0.0000000000000000,1.0000000000000000,1.0000000000000000e-15,0.50000000000000000,5.0000000000000000,5.0000000000000000,5.0000000000000000e-09,true,
1047,ATM_analytic,Call,0.99735570100358180,0.0000000000000000,0.0000000000000000,1.0000000000000000,1.0000000000000000e-15,0.50000000000000000,5.0000000000000000,5.0000000000000000,5.0000000000000000e-09,true,
1048,ATM_analytic,Put,0.99735570100358180,0.0000000000000000,0.0000000000000000,1.0000000000000000,1.0000000000000000e-10,0.50000000000000000,5.0000000000000000,5.0000000000000000,5.0000000000000000e-09,true,
1049,ATM_analytic,Call,0.99735570100358180,0.0000000000000000,0.0000000000000000,1.0000000000000000,1.0000000000000000e-10,0.50000000000000000,5.0000000000000000,5.0000000000000000,5.0000000000000000e-09,true,
1050,ATM_analytic,Put,0.99735570100358180,0.0000000000000000,0.0000000000000000,1.0000000000000000,0.10000000000000000,0.50000000000000000,5.0000000000000000,5.0000000000000000,5.0000000000000000e-09,true,
1051,ATM_analytic,Call,0.99735570100358180,0.0000000000000000,0.0000000000000000,1.0000000000000000,0.10000000000000000,0.50000000000000000,5.0000000000000000,5.0000000000000000,5.0000000000000000e-09,true,
1052,ATM_analytic,Put,0.99735570100358180,0.0000000000000000,0.0000000000000000,1.0000000000000000,2.5000000000000000,0.50000000000000000,5.0000000000000000,5.0000000000000000,5.0000000000000000e-09,true,
1053,ATM_analytic,Call,0.99735570100358180,0.0000000000000000,0.0000000000000000,1.0000000000000000,2.5000000000000000,0.50000000000000000,5.0000000000000000,5.0000000000000000,5.0000000000000000e-09,true,
1054,ATM_analytic,Put,0.99735570100358180,0.0000000000000000,0.0000000000000000,1.0000000000000000,-0.10000000000000000,0.50000000000000000,5.0000000000000000,5.0000000000000000,5.0000000000000000e-09,true,
1055,ATM_analytic,Call,0.99735570100358180,0.0000000000000000,0.0000000000000000,1.0000000000000000,-0.10000000000000000,0.50000000000000000,5.0000000000000000,5.0000000000000000,5.0000000000000000e-09,true,
1056,ATM_analytic,Put,0.0039894228040143280,0.0000000000000000,0.0000000000000000,1.0000000000000000,0.0000000000000000,1.0000000000000000,0.010000000000000000,0.0099999999999988990,1.0000000000000000e-09,true,
1057,ATM_analytic,Call,0.0039894228040143280,0.0000000000000000,0.0000000000000000,1.0000000000000000,0.0000000000000000,1.0000000000000000,0.010000000000000000,0.0099999999999988990,1.0000000000000000e-09,true,
1058,ATM_analytic,Put,0.0039894228040143280,0.0000000000000000,0.0000000000000000,1.0000000000000000,1.0000000000000000e-20,1.0000000000000000,0.010000000000000000,0.0099999999999988990,1.0000000000000000e-09,true,
1059,ATM_analytic,Call,0.0039894228040143280,0.0000000000000000,0.0000000000000000,1.0000000000000000,1.0000000000000000e-20,1.0000000000000000,0.010000000000000000,0.0099999999999988990,1.0000000000000000e-09,true,
1060,ATM_analytic,Put,0.0039894228040143280,0.0000000000000000,0.0000000000000000,1.0000000000000000,1.0000000000000000e-16,1.0000000000000000,0.010000000000000000,0.0099999999999988990,1.0000000000000000e-09,true,
1061,ATM_analytic,Call,0.0039894228040143280,0.0000000000000000,0.0000000000000000,1.0000000000000000,1.0000000000000000e-16,1.0000000000000000,0.010000000000000000,0.0099999999999988990,1.0000000000000000e-09,true,
1062,ATM_analytic,Put,0.0039894228040143280,0.0000000000000000,0.0000000000000000,1.0000000000000000,1.0000000000000000e-15,1.0000000000000000,0.010000000000000000,0.0099999999999988990,1.0000000000000000e-09,true,
1063,ATM_analytic,Call,0.0039894228040143280,0.0000000000000000,0.0000000000000000,1.0000000000000000,1.0000000000000000e-15,1.0000000000000000,0.010000000000000000,0.0099999999999988990,1.0000000000000000e-09,true,
1064,ATM_analytic,Put,0.0039894228040143280,0.0000000000000000,0.0000000000000000,1.0000000000000000,1.0000000000000000e-10,1.0000000000000000,0.010000000000000000,0.0099999999999988990,1.0000000000000000e-09,true,
1065,ATM_analytic,Call,0.0039894228040143280,0.0000000000000000,0.0000000000000000,1.0000000000000000,1.0000000000000000e-10,1.0000000000000000,0.010000000000000000,0.0099999999999988990,1.0000000000000000e-09,true,
1066,ATM_analytic,Put,0.0039894228040143280,0.0000000000000000,0.0000000000000000,1.0000000000000000,0.10000000000000000,1.0000000000000000,0.010000000000000000,0.0099999999999999950,1.0000000000000000e-09,true,
1067,ATM_analytic,Call,0.0039894228040143280,0.0000000000000000,0.0000000000000000,1.0000000000000000,0.10000000000000000,1.0000000000000000,0.010000000000000000,0.0099999999999999950,1.0000000000000000e-09,true,
1068,ATM_analytic,Put,0.0039894228040143280,0.0000000000000000,0.0000000000000000,1.0000000000000000,2.5000000000000000,1.0000000000000000,0.010000000000000000,0.010000000000000009,1.0000000000000000e-09,true,
1069,ATM_analytic,Call,0.0039894228040143280,0.0000000000000000,0.0000000000000000,1.0000000000000000,2.5000000000000000,1.0000000000000000,0.010000000000000000,0.010000000000000009,1.0000000000000000e-09,true,
1070,ATM_analytic,Put,0.0039894228040143280,0.0000000000000000,0.0000000000000000,1.0000000000000000,-0.10000000000000000,1.0000000000000000,0.010000000000000000,0.0099999999999999950,1.0000000000000000e-09,true,
1071,ATM_analytic,Call,0.0039894228040143280,0.0000000000000000,0.0000000000000000,1.0000000000000000,-0.10000000000000000,1.0000000000000000,0.010000000000000000,0.0099999999999999950,1.0000000000000000e-09,true,
1072,ATM_analytic,Put,0.39894228040143270,0.0000000000000000,0.0000000000000000,1.0000000000000000,0.0000000000000000,1.0000000000000000,1.0000000000000000,0.99999999999999980,1.0000000000000000e-09,true,
1073,ATM_analytic,Call,0.39894228040143270,0.0000000000000000,0.0000000000000000,1.0000000000000000,0.0000000000000000,1.0000000000000000,1.0000000000000000,0.99999999999999980,1.0000000000000000e-09,true,
1074,ATM_analytic,Put,0.39894228040143270,0.0000000000000000,0.0000000000000000,1.0000000000000000,1.0000000000000000e-20,1.0000000000000000,1.0000000000000000,0.99999999999999980,1.0000000000000000e-09,true,
1075,ATM_analytic,Call,0.39894228040143270,0.0000000000000000,0.0000000000000000,1.0000000000000000,1.0000000000000000e-20,1.0000000000000000,1.0000000000000000,0.99999999999999980,1.0000000000000000e-09,true,
1076,ATM_analytic,Put,0.39894228040143270,0.0000000000000000,0.0000000000000000,1.0000000000000000,1.0000000000000000e-16,1.0000000000000000,1.0000000000000000,0.99999999999999980,1.0000000000000000e-09,true,
1077,ATM_analytic,Call,0.39894228040143270,0.0000000000000000,0.0000000000000000,1.0000000000000000,1.0000000000000000e-16,1.0000000000000000,1.0000000000000000,0.99999999999999980,1.0000000000000000e-09,true,
1078,ATM_analytic,Put,0.39894228040143270,0.0000000000000000,0.0000000000000000,1.0000000000000000,1.0000000000000000e-15,1.0000000000000000,1.0000000000000000,0.99999999999999980,1.0000000000000000e-09,true,
1079,ATM_analytic,Call,0.39894228040143270,0.0000000000000000,0.0000000000000000,1.0000000000000000,1.0000000000000000e-15,1.0000000000000000,1.0000000000000000,0.99999999999999980,1.0000000000000000e-09,true,
1080,ATM_analytic,Put,0.39894228040143270,0.0000000000000000,0.0000000000000000,1.0000000000000000,1.0000000000000000e-10,1.0000000000000000,1.0000000000000000,0.99999999999999980,1.0000000000000000e-09,true,
1081,ATM_analytic,Call,0.39894228040143270,0.0000000000000000,0.0000000000000000,1.0000000000000000,1.0000000000000000e-10,1.0000000000000000,1.0000000000000000,0.99999999999999980,1.0000000000000000e-09,true,
1082,ATM_analytic,Put,0.39894228040143270,0.0000000000000000,0.0000000000000000,1.0000000000000000,0.10000000000000000,1.0000000000000000,1.0000000000000000,1.0000000000000000,1.0000000000000000e-09,true,
1083,ATM_analytic,Call,0.39894228040143270,0.0000000000000000,0.0000000000000000,1.0000000000000000,0.10000000000000000,1.0000000000000000,1.0000000000000000,1.0000000000000000,1.0000000000000000e-09,true,
1084,ATM_analytic,Put,0.39894228040143270,0.0000000000000000,0.0000000000000000,1.0000000000000000,2.5000000000000000,1.0000000000000000,1.0000000000000000,1.0000000000000000,1.0000000000000000e-09,true,
1085,ATM_analytic,Call,0.39894228040143270,0.0000000000000000,0.0000000000000000,1.0000000000000000,2.5000000000000000,1.0000000000000000,1.0000000000000000,1.0000000000000000,1.0000000000000000e-09,true,
1086,ATM_analytic,Put,0.39894228040143270,0.0000000000000000,0.0000000000000000,1.0000000000000000,-0.10000000000000000,1.0000000000000000,1.0000000000000000,1.0000000000000000,1.0000000000000000e-09,true,
1087,ATM_analytic,Call,0.39894228040143270,0.0000000000000000,0.0000000000000000,1.0000000000000000,-0.10000000000000000,1.0000000000000000,1.0000000000000000,1.0000000000000000,1.0000000000000000e-09,true,
1088,ATM_analytic,Put,1.9947114020071637,0.0000000000000000,0.0000000000000000,1.0000000000000000,0.0000000000000000,1.0000000000000000,5.0000000000000000,5.0000000000000000,5.0000000000000000e-09,true,
1089,ATM_analytic,Call,1.9947114020071637,0.0000000000000000,0.0000000000000000,1.0000000000000000,0.0000000000000000,1.0000000000000000,5.0000000000000000,5.0000000000000000,5.0000000000000000e-09,true,
1090,ATM_analytic,Put,1.9947114020071637,0.0000000000000000,0.0000000000000000,1.0000000000000000,1.0000000000000000e-20,1.0000000000000000,5.0000000000000000,5.0000000000000000,5.0000000000000000e-09,true,
1091,ATM_analytic,Call,1.9947114020071637,0.0000000000000000,0.0000000000000000,1.0000000000000000,1.0000000000000000e-20,1.0000000000000000,5.0000000000000000,5.0000000000000000,5.0000000000000000e-09,true,
1092,ATM_analytic,Put,1.9947114020071637,0.0000000000000000,0.0000000000000000,1.0000000000000000,1.0000000000000000e-16,1.0000000000000000,5.0000000000000000,5.0000000000000000,5.0000000000000000e-09,true,
1093,ATM_analytic,Call,1.9947114020071637,0.0000000000000000,0.0000000000000000,1.0000000000000000,1.0000000000000000e-16,1.0000000000000000,5.0000000000000000,5.0000000000000000,5.0000000000000000e-09,true,
1094,ATM_analytic,Put,1.9947114020071637,0.0000000000000000,0.0000000000000000,1.0000000000000000,1.0000000000000000e-15,1.0000000000000000,5.0000000000000000,5.0000000000000000,5.0000000000000000e-09,true,
1095,ATM_analytic,Call,1.9947114020071637,0.0000000000000000,0.0000000000000000,1.0000000000000000,1.0000000000000000e-15,1.0000000000000000,5.0000000000000000,5.0000000000000000,5.0000000000000000e-09,true,
1096,ATM_analytic,Put,1.9947114020071637,0.0000000000000000,0.0000000000000000,1.0000000000000000,1.0000000000000000e-10,1.0000000000000000,5.0000000000000000,5.0000000000000000,5.0000000000000000e-09,true,
1097,ATM_analytic,Call,1.9947114020071637,0.0000000000000000,0.0000000000000000,1.0000000000000000,1.0000000000000000e-10,1.0000000000000000,5.0000000000000000,5.0000000000000000,5.0000000000000000e-09,true,
1098,ATM_analytic,Put,1.9947114020071637,0.0000000000000000,0.0000000000000000,1.0000000000000000,0.10000000000000000,1.0000000000000000,5.0000000000000000,5.0000000000000000,5.0000000000000000e-09,true,
1099,ATM_analytic,Call,1.9947114020071637,0.0000000000000000,0.0000000000000000,1.0000000000000000,0.10000000000000000,1.0000000000000000,5.0000000000000000,5.0000000000000000,5.0000000000000000e-09,true,
1100,ATM_analytic,Put,1.9947114020071637,0.0000000000000000,0.0000000000000000,1.0000000000000000,2.5000000000000000,1.0000000000000000,5.0000000000000000,5.0000000000000000,5.0000000000000000e-09,true,
1101,ATM_analytic,Call,1.9947114020071637,0.0000000000000000,0.0000000000000000,1.0000000000000000,2.5000000000000000,1.0000000000000000,5.0000000000000000,5.0000000000000000,5.0000000000000000e-09,true,
1102,ATM_analytic,Put,1.9947114020071637,0.0000000000000000,0.0000000000000000,1.0000000000000000,-0.10000000000000000,1.0000000000000000,5.0000000000000000,5.0000000000000000,5.0000000000000000e-09,true,
1103,ATM_analytic,Call,1.9947114020071637,0.0000000000000000,0.0000000000000000,1.0000000000000000,-0.10000000000000000,1.0000000000000000,5.0000000000000000,5.0000000000000000,5.0000000000000000e-09,true,
1104,ATM_analytic,Put,0.0079788456080286550,0.0000000000000000,0.0000000000000000,1.0000000000000000,0.0000000000000000,2.0000000000000000,0.010000000000000000,0.0099999999999988990,1.0000000000000000e-09,true,
1105,ATM_analytic,Call,0.0079788456080286550,0.0000000000000000,0.0000000000000000,1.0000000000000000,0.0000000000000000,2.0000000000000000,0.010000000000000000,0.0099999999999988990,1.0000000000000000e-09,true,
1106,ATM_analytic,Put,0.0079788456080286550,0.0000000000000000,0.0000000000000000,1.0000000000000000,1.0000000000000000e-20,2.0000000000000000,0.010000000000000000,0.0099999999999988990,1.0000000000000000e-09,true,
1107,ATM_analytic,Call,0.0079788456080286550,0.0000000000000000,0.0000000000000000,1.0000000000000000,1.0000000000000000e-20,2.0000000000000000,0.010000000000000000,0.0099999999999988990,1.0000000000000000e-09,true,
1108,ATM_analytic,Put,0.0079788456080286550,0.0000000000000000,0.0000000000000000,1.0000000000000000,1.0000000000000000e-16,2.0000000000000000,0.010000000000000000,0.0099999999999988990,1.0000000000000000e-09,true,
1109,ATM_analytic,Call,0.0079788456080286550,0.0000000000000000,0.0000000000000000,1.0000000000000000,1.0000000000000000e-16,2.0000000000000000,0.010000000000000000,0.0099999999999988990,1.0000000000000000e-09,true,
1110,ATM_analytic,Put,0.0079788456080286550,0.0000000000000000,0.0000000000000000,1.0000000000000000,1.0000000000000000e-15,2.0000000000000000,0.010000000000000000,0.0099999999999988990,1.0000000000000000e-09,true,
1111,ATM_analytic,Call,0.0079788456080286550,0.0000000000000000,0.0000000000000000,1.0000000000000000,1.0000000000000000e-15,2.0000000000000000,0.010000000000000000,0.0099999999999988990,1.0000000000000000e-09,true,
1112,ATM_analytic,Put,0.0079788456080286550,0.0000000000000000,0.0000000000000000,1.0000000000000000,1.0000000000000000e-10,2.0000000000000000,0.010000000000000000,0.0099999999999988990,1.0000000000000000e-09,true,
1113,ATM_analytic,Call,0.0079788456080286550,0.0000000000000000,0.0000000000000000,1.0000000000000000,1.0000000000000000e-10,2.0000000000000000,0.010000000000000000,0.0099999999999988990,1.0000000000000000e-09,true,
1114,ATM_analytic,Put,0.0079788456080286550,0.0000000000000000,0.0000000000000000,1.0000000000000000,0.10000000000000000,2.0000000000000000,0.010000000000000000,0.0099999999999999950,1.0000000000000000e-09,true,
1115,ATM_analytic,Call,0.0079788456080286550,0.0000000000000000,0.0000000000000000,1.0000000000000000,0.10000000000000000,2.0000000000000000,0.010000000000000000,0.0099999999999999950,1.0000000000000000e-09,true,
1116,ATM_analytic,Put,0.0079788456080286550,0.0000000000000000,0.0000000000000000,1.0000000000000000,2.5000000000000000,2.0000000000000000,0.010000000000000000,0.010000000000000009,1.0000000000000000e-09,true,
1117,ATM_analytic,Call,0.0079788456080286550,0.0000000000000000,0.0000000000000000,1.0000000000000000,2.5000000000000000,2.0000000000000000,0.010000000000000000,0.010000000000000009,1.0000000000000000e-09,true,
1118,ATM_analytic,Put,0.0079788456080286550,0.0000000000000000,0.0000000000000000,1.0000000000000000,-0.10000000000000000,2.0000000000000000,0.010000000000000000,0.0099999999999999950,1.0000000000000000e-09,true,
1119,ATM_analytic,Call,0.0079788456080286550,0.0000000000000000,0.0000000000000000,1.0000000000000000,-0.10000000000000000,2.0000000000000000,0.010000000000000000,0.0099999999999999950,1.0000000000000000e-09,true,
1120,ATM_analytic,Put,0.79788456080286540,0.0000000000000000,0.0000000000000000,1.0000000000000000,0.0000000000000000,2.0000000000000000,1.0000000000000000,0.99999999999999980,1.0000000000000000e-09,true,
1121,ATM_analytic,Call,0.79788456080286540,0.0000000000000000,0.0000000000000000,1.0000000000000000,0.0000000000000000,2.0000000000000000,1.0000000000000000,0.99999999999999980,1.0000000000000000e-09,true,
1122,ATM_analytic,Put,0.79788456080286540,0.0000000000000000,0.0000000000000000,1.0000000000000000,1.0000000000000000e-20,2.0000000000000000,1.0000000000000000,0.99999999999999980,1.0000000000000000e-09,true,
1123,ATM_analytic,Call,0.79788456080286540,0.0000000000000000,0.0000000000000000,1.0000000000000000,1.0000000000000000e-20,2.0000000000000000,1.0000000000000000,0.99999999999999980,1.0000000000000000e-09,true,
1124,ATM_analytic,Put,0.79788456080286540,0.0000000000000000,0.0000000000000000,1.0000000000000000,1.0000000000000000e-16,2.0000000000000000,1.0000000000000000,0.99999999999999980,1.0000000000000000e-09,true,
1125,ATM_analytic,Call,0.79788456080286540,0.0000000000000000,0.0000000000000000,1.0000000000000000,1.0000000000000000e-16,2.0000000000000000,1.0000000000000000,0.99999999999999980,1.0000000000000000e-09,true,
1126,ATM_analytic,Put,0.79788456080286540,0.0000000000000000,0.0000000000000000,1.0000000000000000,1.0000000000000000e-15,2.0000000000000000,1.0000000000000000,0.99999999999999980,1.0000000000000000e-09,true,
1127,ATM_analytic,Call,0.79788456080286540,0.0000000000000000,0.0000000000000000,1.0000000000000000,1.0000000000000000e-15,2.0000000000000000,1.0000000000000000,0.99999999999999980,1.0000000000000000e-09,true,
1128,ATM_analytic,Put,0.79788456080286540,0.0000000000000000,0.0000000000000000,1.0000000000000000,1.0000000000000000e-10,2.0000000000000000,1.0000000000000000,0.99999999999999980,1.0000000000000000e-09,true,
1129,ATM_analytic,Call,0.79788456080286540,0.0000000000000000,0.0000000000000000,1.0000000000000000,1.0000000000000000e-10,2.0000000000000000,1.0000000000000000,0.99999999999999980,1.0000000000000000e-09,true,
1130,ATM_analytic,Put,0.79788456080286540,0.0000000000000000,0.0000000000000000,1.0000000000000000,0.10000000000000000,2.0000000000000000,1.0000000000000000,1.0000000000000000,1.0000000000000000e-09,true,
1131,ATM_analytic,Call,0.79788456080286540,0.0000000000000000,0.0000000000000000,1.0000000000000000,0.10000000000000000,2.0000000000000000,1.0000000000000000,1.0000000000000000,1.0000000000000000e-09,true,
1132,ATM_analytic,Put,0.79788456080286540,0.0000000000000000,0.0000000000000000,1.0000000000000000,2.5000000000000000,2.0000000000000000,1.0000000000000000,1.0000000000000000,1.0000000000000000e-09,true,
1133,ATM_analytic,Call,0.79788456080286540,0.0000000000000000,0.0000000000000000,1.0000000000000000,2.5000000000000000,2.0000000000000000,1.0000000000000000,1.0000000000000000,1.0000000000000000e-09,true,
1134,ATM_analytic,Put,0.79788456080286540,0.0000000000000000,0.0000000000000000,1.0000000000000000,-0.10000000000000000,2.0000000000000000,1.0000000000000000,1.0000000000000000,1.0000000000000000e-09,true,
1135,ATM_analytic,Call,0.79788456080286540,0.0000000000000000,0.0000000000000000,1.0000000000000000,-0.10000000000000000,2.0000000000000000,1.0000000000000000,1.0000000000000000,1.0000000000000000e-09,true,
1136,ATM_analytic,Put,3.9894228040143274,0.0000000000000000,0.0000000000000000,1.0000000000000000,0.0000000000000000,2.0000000000000000,5.0000000000000000,5.0000000000000000,5.0000000000000000e-09,true,
1137,ATM_analytic,Call,3.9894228040143274,0.0000000000000000,0.0000000000000000,1.0000000000000000,0.0000000000000000,2.0000000000000000,5.0000000000000000,5.0000000000000000,5.0000000000000000e-09,true,
1138,ATM_analytic,Put,3.9894228040143274,0.0000000000000000,0.0000000000000000,1.0000000000000000,1.0000000000000000e-20,2.0000000000000000,5.0000000000000000,5.0000000000000000,5.0000000000000000e-09,true,
1139,ATM_analytic,Call,3.9894228040143274,0.0000000000000000,0.0000000000000000,1.0000000000000000,1.0000000000000000e-20,2.0000000000000000,5.0000000000000000,5.0000000000000000,5.0000000000000000e-09,true,
1140,ATM_analytic,Put,3.9894228040143274,0.0000000000000000,0.0000000000000000,1.0000000000000000,1.0000000000000000e-16,2.0000000000000000,5.0000000000000000,5.0000000000000000,5.0000000000000000e-09,true,
1141,ATM_analytic,Call,3.9894228040143274,0.0000000000000000,0.0000000000000000,1.0000000000000000,1.0000000000000000e-16,2.0000000000000000,5.0000000000000000,5.0000000000000000,5.0000000000000000e-09,true,
1142,ATM_analytic,Put,3.9894228040143274,0.0000000000000000,0.0000000000000000,1.0000000000000000,1.0000000000000000e-15,2.0000000000000000,5.0000000000000000,5.0000000000000000,5.0000000000000000e-09,true,
1143,ATM_analytic,Call,3.9894228040143274,0.0000000000000000,0.0000000000000000,1.0000000000000000,1.0000000000000000e-15,2.0000000000000000,5.0000000000000000,5.0000000000000000,5.0000000000000000e-09,true,
1144,ATM_analytic,Put,3.9894228040143274,0.0000000000000000,0.0000000000000000,1.0000000000000000,1.0000000000000000e-10,2.0000000000000000,5.0000000000000000,5.0000000000000000,5.0000000000000000e-09,true,
1145,ATM_analytic,Call,3.9894228040143274,0.0000000000000000,0.0000000000000000,1.0000000000000000,1.0000000000000000e-10,2.0000000000000000,5.0000000000000000,5.0000000000000000,5.0000000000000000e-09,true,
1146,ATM_analytic,Put,3.9894228040143274,0.0000000000000000,0.0000000000000000,1.0000000000000000,0.10000000000000000,2.0000000000000000,5.0000000000000000,5.0000000000000000,5.0000000000000000e-09,true,
1147,ATM_analytic,Call,3.9894228040143274,0.0000000000000000,0.0000000000000000,1.0000000000000000,0.10000000000000000,2.0000000000000000,5.0000000000000000,5.0000000000000000,5.0000000000000000e-09,true,
1148,ATM_analytic,Put,3.9894228040143274,0.0000000000000000,0.0000000000000000,1.0000000000000000,2.5000000000000000,2.0000000000000000,5.0000000000000000,5.0000000000000000,5.0000000000000000e-09,true,
1149,ATM_analytic,Call,3.9894228040143274,0.0000000000000000,0.0000000000000000,1.0000000000000000,2.5000000000000000,2.0000000000000000,5.0000000000000000,5.0000000000000000,5.0000000000000000e-09,true,
1150,ATM_analytic,Put,3.9894228040143274,0.0000000000000000,0.0000000000000000,1.0000000000000000,-0.10000000000000000,2.0000000000000000,5.0000000000000000,5.0000000000000000,5.0000000000000000e-09,true,
1151,ATM_analytic,Call,3.9894228040143274,0.0000000000000000,0.0000000000000000,1.0000000000000000,-0.10000000000000000,2.0000000000000000,5.0000000000000000,5.0000000000000000,5.0000000000000000e-09,true,
1152,ATM_analytic,Put,0.0039894228040143280,0.0000000000000000,0.0000000000000000,4.0000000000000000,0.0000000000000000,0.50000000000000000,0.010000000000000000,0.0099999999999988990,1.0000000000000000e-09,true,
1153,ATM_analytic,Call,0.0039894228040143280,0.0000000000000000,0.0000000000000000,4.0000000000000000,0.0000000000000000,0.50000000000000000,0.010000000000000000,0.0099999999999988990,1.0000000000000000e-09,true,
1154,ATM_analytic,Put,0.0039894228040143280,0.0000000000000000,0.0000000000000000,4.0000000000000000,1.0000000000000000e-20,0.50000000000000000,0.010000000000000000,0.0099999999999988990,1.0000000000000000e-09,true,
1155,ATM_analytic,Call,0.0039894228040143280,0.0000000000000000,0.0000000000000000,4.0000000000000000,1.0000000000000000e-20,0.50000000000000000,0.010000000000000000,0.0099999999999988990,1.0000000000000000e-09,true,
1156,ATM_analytic,Put,0.0039894228040143280,0.0000000000000000,0.0000000000000000,4.0000000000000000,1.0000000000000000e-16,0.50000000000000000,0.010000000000000000,0.0099999999999988990,1.0000000000000000e-09,true,
1157,ATM_analytic,Call,0.0039894228040143280,0.0000000000000000,0.0000000000000000,4.0000000000000000,1.0000000000000000e-16,0.50000000000000000,0.010000000000000000,0.0099999999999988990,1.0000000000000000e-09,true,
1158,ATM_analytic,Put,0.0039894228040143280,0.0000000000000000,0.0000000000000000,4.0000000000000000,1.0000000000000000e-15,0.50000000000000000,0.010000000000000000,0.0099999999999988990,1.0000000000000000e-09,true,
1159,ATM_analytic,Call,0.0039894228040143280,0.0000000000000000,0.0000000000000000,4.0000000000000000,1.0000000000000000e-15,0.50000000000000000,0.010000000000000000,0.0099999999999988990,1.0000000000000000e-09,true,
1160,ATM_analytic,Put,0.0039894228040143280,0.0000000000000000,0.0000000000000000,4.0000000000000000,1.0000000000000000e-10,0.50000000000000000,0.010000000000000000,0.0099999999999988990,1.0000000000000000e-09,true,
1161,ATM_analytic,Call,0.0039894228040143280,0.0000000000000000,0.0000000000000000,4.0000000000000000,1.0000000000000000e-10,0.50000000000000000,0.010000000000000000,0.0099999999999988990,1.0000000000000000e-09,true,
1162,ATM_analytic,Put,0.0039894228040143280,0.0000000000000000,0.0000000000000000,4.0000000000000000,0.10000000000000000,0.50000000000000000,0.010000000000000000,0.0099999999999999950,1.0000000000000000e-09,true,
1163,ATM_analytic,Call,0.0039894228040143280,0.0000000000000000,0.0000000000000000,4.0000000000000000,0.10000000000000000,0.50000000000000000,0.010000000000000000,0.0099999999999999950,1.0000000000000000e-09,true,
1164,ATM_analytic,Put,0.0039894228040143280,0.0000000000000000,0.0000000000000000,4.0000000000000000,2.5000000000000000,0.50000000000000000,0.010000000000000000,0.010000000000000009,1.0000000000000000e-09,true,
1165,ATM_analytic,Call,0.0039894228040143280,0.0000000000000000,0.0000000000000000,4.0000000000000000,2.5000000000000000,0.50000000000000000,0.010000000000000000,0.010000000000000009,1.0000000000000000e-09,true,
1166,ATM_analytic,Put,0.0039894228040143280,0.0000000000000000,0.0000000000000000,4.0000000000000000,-0.10000000000000000,0.50000000000000000,0.010000000000000000,0.0099999999999999950,1.0000000000000000e-09,true,
1167,ATM_analytic,Call,0.0039894228040143280,0.0000000000000000,0.0000000000000000,4.0000000000000000,-0.10000000000000000,0.50000000000000000,0.010000000000000000,0.0099999999999999950,1.0000000000000000e-09,true,
1168,ATM_analytic,Put,0.39894228040143270,0.0000000000000000,0.0000000000000000,4.0000000000000000,0.0000000000000000,0.50000000000000000,1.0000000000000000,0.99999999999999980,1.0000000000000000e-09,true,
1169,ATM_analytic,Call,0.39894228040143270,0.0000000000000000,0.0000000000000000,4.0000000000000000,0.0000000000000000,0.50000000000000000,1.0000000000000000,0.99999999999999980,1.0000000000000000e-09,true,
1170,ATM_analytic,Put,0.39894228040143270,0.0000000000000000,0.0000000000000000,4.0000000000000000,1.0000000000000000e-20,0.50000000000000000,1.0000000000000000,0.99999999999999980,1.0000000000000000e-09,true,
1171,ATM_analytic,Call,0.39894228040143270,0.0000000000000000,0.0000000000000000,4.0000000000000000,1.0000000000000000e-20,0.50000000000000000,1.0000000000000000,0.99999999999999980,1.0000000000000000e-09,true,
1172,ATM_analytic,Put,0.39894228040143270,0.0000000000000000,0.0000000000000000,4.0000000000000000,1.0000000000000000e-16,0.50000000000000000,1.0000000000000000,0.99999999999999980,1.0000000000000000e-09,true,
1173,ATM_analytic,Call,0.39894228040143270,0.0000000000000000,0.0000000000000000,4.0000000000000000,1.0000000000000000e-16,0.50000000000000000,1.0000000000000000,0.99999999999999980,1.0000000000000000e-09,true,
1174,ATM_analytic,Put,0.39894228040143270,0.0000000000000000,0.0000000000000000,4.0000000000000000,1.0000000000000000e-15,0.50000000000000000,1.0000000000000000,0.99999999999999980,1.0000000000000000e-09,true,
1175,ATM_analytic,Call,0.39894228040143270,0.0000000000000000,0.0000000000000000,4.0000000000000000,1.0000000000000000e-15,0.50000000000000000,1.0000000000000000,0.99999999999999980,1.0000000000000000e-09,true,
1176,ATM_analytic,Put,0.39894228040143270,0.0000000000000000,0.0000000000000000,4.0000000000000000,1.0000000000000000e-10,0.50000000000000000,1.0000000000000000,0.99999999999999980,1.0000000000000000e-09,true,
1177,ATM_analytic,Call,0.39894228040143270,0.0000000000000000,0.0000000000000000,4.0000000000000000,1.0000000000000000e-10,0.50000000000000000,1.0000000000000000,0.99999999999999980,1.0000000000000000e-09,true,
1178,ATM_analytic,Put,0.39894228040143270,0.0000000000000000,0.0000000000000000,4.0000000000000000,0.10000000000000000,0.50000000000000000,1.0000000000000000,1.0000000000000000,1.0000000000000000e-09,true,
1179,ATM_analytic,Call,0.39894228040143270,0.0000000000000000,0.0000000000000000,4.0000000000000000,0.10000000000000000,0.50000000000000000,1.0000000000000000,1.0000000000000000,1.0000000000000000e-09,true,
1180,ATM_analytic,Put,0.39894228040143270,0.0000000000000000,0.0000000000000000,4.0000000000000000,2.5000000000000000,0.50000000000000000,1.0000000000000000,1.0000000000000000,1.0000000000000000e-09,true,
1181,ATM_analytic,Call,0.39894228040143270,0.0000000000000000,0.0000000000000000,4.0000000000000000,2.5000000000000000,0.50000000000000000,1.0000000000000000,1.0000000000000000,1.0000000000000000e-09,true,
1182,ATM_analytic,Put,0.39894228040143270,0.0000000000000000,0.0000000000000000,4.0000000000000000,-0.10000000000000000,0.50000000000000000,1.0000000000000000,1.0000000000000000,1.0000000000000000e-09,true,
1183,ATM_analytic,Call,0.39894228040143270,0.0000000000000000,0.0000000000000000,4.0000000000000000,-0.10000000000000000,0.50000000000000000,1.0000000000000000,1.0000000000000000,1.0000000000000000e-09,true,
1184,ATM_analytic,Put,1.9947114020071637,0.0000000000000000,0.0000000000000000,4.0000000000000000,0.0000000000000000,0.50000000000000000,5.0000000000000000,5.0000000000000000,5.0000000000000000e-09,true,
1185,ATM_analytic,Call,1.9947114020071637,0.0000000000000000,0.0000000000000000,4.0000000000000000,0.0000000000000000,0.50000000000000000,5.0000000000000000,5.0000000000000000,5.0000000000000000e-09,true,
1186,ATM_analytic,Put,1.9947114020071637,0.0000000000000000,0.0000000000000000,4.0000000000000000,1.0000000000000000e-20,0.50000000000000000,5.0000000000000000,5.0000000000000000,5.0000000000000000e-09,true,
1187,ATM_analytic,Call,1.9947114020071637,0.0000000000000000,0.0000000000000000,4.0000000000000000,1.0000000000000000e-20,0.50000000000000000,5.0000000000000000,5.0000000000000000,5.0000000000000000e-09,true,
1188,ATM_analytic,Put,1.9947114020071637,0.0000000000000000,0.0000000000000000,4.0000000000000000,1.0000000000000000e-16,0.50000000000000000,5.0000000000000000,5.0000000000000000,5.0000000000000000e-09,true,
1189,ATM_analytic,Call,1.9947114020071637,0.0000000000000000,0.0000000000000000,4.0000000000000000,1.0000000000000000e-16,0.50000000000000000,5.0000000000000000,5.0000000000000000,5.0000000000000000e-09,true,
1190,ATM_analytic,Put,1.9947114020071637,0.0000000000000000,0.0000000000000000,4.0000000000000000,1.0000000000000000e-15,0.50000000000000000,5.0000000000000000,5.0000000000000000,5.0000000000000000e-09,true,
1191,ATM_analytic,Call,1.9947114020071637,0.0000000000000000,0.0000000000000000,4.0000000000000000,1.0000000000000000e-15,0.50000000000000000,5.0000000000000000,5.0000000000000000,5.0000000000000000e-09,true,
1192,ATM_analytic,Put,1.9947114020071637,0.0000000000000000,0.0000000000000000,4.0000000000000000,1.0000000000000000e-10,0.50000000000000000,5.0000000000000000,5.0000000000000000,5.0000000000000000e-09,true,
1193,ATM_analytic,Call,1.9947114020071637,0.0000000000000000,0.0000000000000000,4.0000000000000000,1.0000000000000000e-10,0.50000000000000000,5.0000000000000000,5.0000000000000000,5.0000000000000000e-09,true,
1194,ATM_analytic,Put,1.9947114020071637,0.0000000000000000,0.0000000000000000,4.0000000000000000,0.10000000000000000,0.50000000000000000,5.0000000000000000,5.0000000000000000,5.0000000000000000e-09,true,
1195,ATM_analytic,Call,1.9947114020071637,0.0000000000000000,0.0000000000000000,4.0000000000000000,0.10000000000000000,0.50000000000000000,5.0000000000000000,5.0000000000000000,5.0000000000000000e-09,true,
1196,ATM_analytic,Put,1.9947114020071637,0.0000000000000000,0.0000000000000000,4.0000000000000000,2.5000000000000000,0.50000000000000000,5.0000000000000000,5.0000000000000000,5.0000000000000000e-09,true,
1197,ATM_analytic,Call,1.9947114020071637,0.0000000000000000,0.0000000000000000,4.0000000000000000,2.5000000000000000,0.50000000000000000,5.0000000000000000,5.0000000000000000,5.0000000000000000e-09,true,
1198,ATM_analytic,Put,1.9947114020071637,0.0000000000000000,0.0000000000000000,4.0000000000000000,-0.10000000000000000,0.50000000000000000,5.0000000000000000,5.0000000000000000,5.0000000000000000e-09,true,
1199,ATM_analytic,Call,1.9947114020071637,0.0000000000000000,0.0000000000000000,4.0000000000000000,-0.10000000000000000,0.50000000000000000,5.0000000000000000,5.0000000000000000,5.0000000000000000e-09,true,
1200,ATM_analytic,Put,0.0079788456080286550,0.0000000000000000,0.0000000000000000,4.0000000000000000,0.0000000000000000,1.0000000000000000,0.010000000000000000,0.0099999999999988990,1.0000000000000000e-09,true,
1201,ATM_analytic,Call,0.0079788456080286550,0.0000000000000000,0.0000000000000000,4.0000000000000000,0.0000000000000000,1.0000000000000000,0.010000000000000000,0.0099999999999988990,1.0000000000000000e-09,true,
1202,ATM_analytic,Put,0.0079788456080286550,0.0000000000000000,0.0000000000000000,4.0000000000000000,1.0000000000000000e-20,1.0000000000000000,0.010000000000000000,0.0099999999999988990,1.0000000000000000e-09,true,
1203,ATM_analytic,Call,0.0079788456080286550,0.0000000000000000,0.0000000000000000,4.0000000000000000,1.0000000000000000e-20,1.0000000000000000,0.010000000000000000,0.0099999999999988990,1.0000000000000000e-09,true,
1204,ATM_analytic,Put,0.0079788456080286550,0.0000000000000000,0.0000000000000000,4.0000000000000000,1.0000000000000000e-16,1.0000000000000000,0.010000000000000000,0.0099999999999988990,1.0000000000000000e-09,true,
1205,ATM_analytic,Call,0.0079788456080286550,0.0000000000000000,0.0000000000000000,4.0000000000000000,1.0000000000000000e-16,1.0000000000000000,0.010000000000000000,0.0099999999999988990,1.0000000000000000e-09,true,
1206,ATM_analytic,Put,0.0079788456080286550,0.0000000000000000,0.0000000000000000,4.0000000000000000,1.0000000000000000e-15,1.0000000000000000,0.010000000000000000,0.0099999999999988990,1.0000000000000000e-09,true,
1207,ATM_analytic,Call,0.0079788456080286550,0.0000000000000000,0.0000000000000000,4.0000000000000000,1.0000000000000000e-15,1.0000000000000000,0.010000000000000000,0.0099999999999988990,1.0000000000000000e-09,true,
1208,ATM_analytic,Put,0.0079788456080286550,0.0000000000000000,0.0000000000000000,4.0000000000000000,1.0000000000000000e-10,1.0000000000000000,0.010000000000000000,0.0099999999999988990,1.0000000000000000e-09,true,
1209,ATM_analytic,Call,0.0079788456080286550,0.0000000000000000,0.0000000000000000,4.0000000000000000,1.0000000000000000e-10,1.0000000000000000,0.010000000000000000,0.0099999999999988990,1.0000000000000000e-09,true,
1210,ATM_analytic,Put,0.0079788456080286550,0.0000000000000000,0.0000000000000000,4.0000000000000000,0.10000000000000000,1.0000000000000000,0.010000000000000000,0.0099999999999999950,1.0000000000000000e-09,true,
1211,ATM_analytic,Call,0.0079788456080286550,0.0000000000000000,0.0000000000000000,4.0000000000000000,0.10000000000000000,1.0000000000000000,0.010000000000000000,0.0099999999999999950,1.0000000000000000e-09,true,
1212,ATM_analytic,Put,0.0079788456080286550,0.0000000000000000,0.0000000000000000,4.0000000000000000,2.5000000000000000,1.0000000000000000,0.010000000000000000,0.010000000000000009,1.0000000000000000e-09,true,
1213,ATM_analytic,Call,0.0079788456080286550,0.0000000000000000,0.0000000000000000,4.0000000000000000,2.5000000000000000,1.0000000000000000,0.010000000000000000,0.010000000000000009,1.0000000000000000e-09,true,
1214,ATM_analytic,Put,0.0079788456080286550,0.0000000000000000,0.0000000000000000,4.0000000000000000,-0.10000000000000000,1.0000000000000000,0.010000000000000000,0.0099999999999999950,1.0000000000000000e-09,true,
1215,ATM_analytic,Call,0.0079788456080286550,0.0000000000000000,0.0000000000000000,4.0000000000000000,-0.10000000000000000,1.0000000000000000,0.010000000000000000,0.0099999999999999950,1.0000000000000000e-09,true,
1216,ATM_analytic,Put,0.79788456080286540,0.0000000000000000,0.0000000000000000,4.0000000000000000,0.0000000000000000,1.0000000000000000,1.0000000000000000,0.99999999999999980,1.0000000000000000e-09,true,
1217,ATM_analytic,Call,0.79788456080286540,0.0000000000000000,0.0000000000000000,4.0000000000000000,0.0000000000000000,1.0000000000000000,1.0000000000000000,0.99999999999999980,1.0000000000000000e-09,true,
1218,ATM_analytic,Put,0.79788456080286540,0.0000000000000000,0.0000000000000000,4.0000000000000000,1.0000000000000000e-20,1.0000000000000000,1.0000000000000000,0.99999999999999980,1.0000000000000000e-09,true,
1219,ATM_analytic,Call,0.79788456080286540,0.0000000000000000,0.0000000000000000,4.0000000000000000,1.0000000000000000e-20,1.0000000000000000,1.0000000000000000,0.99999999999999980,1.0000000000000000e-09,true,
1220,ATM_analytic,Put,0.79788456080286540,0.0000000000000000,0.0000000000000000,4.0000000000000000,1.0000000000000000e-16,1.0000000000000000,1.0000000000000000,0.99999999999999980,1.0000000000000000e-09,true,
1221,ATM_analytic,Call,0.79788456080286540,0.0000000000000000,0.0000000000000000,4.0000000000000000,1.0000000000000000e-16,1.0000000000000000,1.0000000000000000,0.99999999999999980,1.0000000000000000e-09,true,
1222,ATM_analytic,Put,0.79788456080286540,0.0000000000000000,0.0000000000000000,4.0000000000000000,1.0000000000000000e-15,1.0000000000000000,1.0000000000000000,0.99999999999999980,1.0000000000000000e-09,true,
1223,ATM_analytic,Call,0.79788456080286540,0.0000000000000000,0.0000000000000000,4.0000000000000000,1.0000000000000000e-15,1.0000000000000000,1.0000000000000000,0.99999999999999980,1.0000000000000000e-09,true,
1224,ATM_analytic,Put,0.79788456080286540,0.0000000000000000,0.0000000000000000,4.0000000000000000,1.0000000000000000e-10,1.0000000000000000,1.0000000000000000,0.99999999999999980,1.0000000000000000e-09,true,
1225,ATM_analytic,Call,0.79788456080286540,0.0000000000000000,0.0000000000000000,4.0000000000000000,1.0000000000000000e-10,1.0000000000000000,1.0000000000000000,0.99999999999999980,1.0000000000000000e-09,true,
1226,ATM_analytic,Put,0.79788456080286540,0.0000000000000000,0.0000000000000000,4.0000000000000000,0.10000000000000000,1.0000000000000000,1.0000000000000000,1.0000000000000000,1.0000000000000000e-09,true,
1227,ATM_analytic,Call,0.79788456080286540,0.0000000000000000,0.0000000000000000,4.0000000000000000,0.10000000000000000,1.0000000000000000,1.0000000000000000,1.0000000000000000,1.0000000000000000e-09,true,
1228,ATM_analytic,Put,0.79788456080286540,0.0000000000000000,0.0000000000000000,4.0000000000000000,2.5000000000000000,1.0000000000000000,1.0000000000000000,1.0000000000000000,1.0000000000000000e-09,true,
1229,ATM_analytic,Call,0.79788456080286540,0.0000000000000000,0.0000000000000000,4.0000000000000000,2.5000000000000000,1.0000000000000000,1.0000000000000000,1.0000000000000000,1.0000000000000000e-09,true,
1230,ATM_analytic,Put,0.79788456080286540,0.0000000000000000,0.0000000000000000,4.0000000000000000,-0.10000000000000000,1.0000000000000000,1.0000000000000000,1.0000000000000000,1.0000000000000000e-09,true,
1231,ATM_analytic,Call,0.79788456080286540,0.0000000000000000,0.0000000000000000,4.0000000000000000,-0.10000000000000000,1.0000000000000000,1.0000000000000000,1.0000000000000000,1.0000000000000000e-09,true,
1232,ATM_analytic,Put,3.9894228040143274,0.0000000000000000,0.0000000000000000,4.0000000000000000,0.0000000000000000,1.0000000000000000,5.0000000000000000,5.0000000000000000,5.0000000000000000e-09,true,
1233,ATM_analytic,Call,3.9894228040143274,0.0000000000000000,0.0000000000000000,4.0000000000000000,0.0000000000000000,1.0000000000000000,5.0000000000000000,5.0000000000000000,5.0000000000000000e-09,true,
1234,ATM_analytic,Put,3.9894228040143274,0.0000000000000000,0.0000000000000000,4.0000000000000000,1.0000000000000000e-20,1.0000000000000000,5.0000000000000000,5.0000000000000000,5.0000000000000000e-09,true,
1235,ATM_analytic,Call,3.9894228040143274,0.0000000000000000,0.0000000000000000,4.0000000000000000,1.0000000000000000e-20,1.0000000000000000,5.0000000000000000,5.0000000000000000,5.0000000000000000e-09,true,
1236,ATM_analytic,Put,3.9894228040143274,0.0000000000000000,0.0000000000000000,4.0000000000000000,1.0000000000000000e-16,1.0000000000000000,5.0000000000000000,5.0000000000000000,5.0000000000000000e-09,true,
1237,ATM_analytic,Call,3.9894228040143274,0.0000000000000000,0.0000000000000000,4.0000000000000000,1.0000000000000000e-16,1.0000000000000000,5.0000000000000000,5.0000000000000000,5.0000000000000000e-09,true,
1238,ATM_analytic,Put,3.9894228040143274,0.0000000000000000,0.0000000000000000,4.0000000000000000,1.0000000000000000e-15,1.0000000000000000,5.0000000000000000,5.0000000000000000,5.0000000000000000e-09,true,
1239,ATM_analytic,Call,3.9894228040143274,0.0000000000000000,0.0000000000000000,4.0000000000000000,1.0000000000000000e-15,1.0000000000000000,5.0000000000000000,5.0000000000000000,5.0000000000000000e-09,true,
1240,ATM_analytic,Put,3.9894228040143274,0.0000000000000000,0.0000000000000000,4.0000000000000000,1.0000000000000000e-10,1.0000000000000000,5.0000000000000000,5.0000000000000000,5.0000000000000000e-09,true,
1241,ATM_analytic,Call,3.9894228040143274,0.0000000000000000,0.0000000000000000,4.0000000000000000,1.0000000000000000e-10,1.0000000000000000,5.0000000000000000,5.0000000000000000,5.0000000000000000e-09,true,
1242,ATM_analytic,Put,3.9894228040143274,0.0000000000000000,0.0000000000000000,4.0000000000000000,0.10000000000000000,1.0000000000000000,5.0000000000000000,5.0000000000000000,5.0000000000000000e-09,true,
1243,ATM_analytic,Call,3.9894228040143274,0.0000000000000000,0.0000000000000000,4.0000000000000000,0.10000000000000000,1.0000000000000000,5.0000000000000000,5.0000000000000000,5.0000000000000000e-09,true,
1244,ATM_analytic,Put,3.9894228040143274,0.0000000000000000,0.0000000000000000,4.0000000000000000,2.5000000000000000,1.0000000000000000,5.0000000000000000,5.0000000000000000,5.0000000000000000e-09,true,
1245,ATM_analytic,Call,3.9894228040143274,0.0000000000000000,0.0000000000000000,4.0000000000000000,2.5000000000000000,1.0000000000000000,5.0000000000000000,5.0000000000000000,5.0000000000000000e-09,true,
1246,ATM_analytic,Put,3.9894228040143274,0.0000000000000000,0.0000000000000000,4.0000000000000000,-0.10000000000000000,1.0000000000000000,5.0000000000000000,5.0000000000000000,5.0000000000000000e-09,true,
1247,ATM_analytic,Call,3.9894228040143274,0.0000000000000000,0.0000000000000000,4.0000000000000000,-0.10000000000000000,1.0000000000000000,5.0000000000000000,5.0000000000000000,5.0000000000000000e-09,true,
1248,ATM_analytic,Put,0.015957691216057310,0.0000000000000000,0.0000000000000000,4.0000000000000000,0.0000000000000000,2.0000000000000000,0.010000000000000000,0.0099999999999988990,1.0000000000000000e-09,true,
1249,ATM_analytic,Call,0.015957691216057310,0.0000000000000000,0.0000000000000000,4.0000000000000000,0.0000000000000000,2.0000000000000000,0.010000000000000000,0.0099999999999988990,1.0000000000000000e-09,true,
1250,ATM_analytic,Put,0.015957691216057310,0.0000000000000000,0.0000000000000000,4.0000000000000000,1.0000000000000000e-20,2.0000000000000000,0.010000000000000000,0.0099999999999988990,1.0000000000000000e-09,true,
1251,ATM_analytic,Call,0.015957691216057310,0.0000000000000000,0.0000000000000000,4.0000000000000000,1.0000000000000000e-20,2.0000000000000000,0.010000000000000000,0.0099999999999988990,1.0000000000000000e-09,true,
1252,ATM_analytic,Put,0.015957691216057310,0.0000000000000000,0.0000000000000000,4.0000000000000000,1.0000000000000000e-16,2.0000000000000000,0.010000000000000000,0.0099999999999988990,1.0000000000000000e-09,true,
1253,ATM_analytic,Call,0.015957691216057310,0.0000000000000000,0.0000000000000000,4.0000000000000000,1.0000000000000000e-16,2.0000000000000000,0.010000000000000000,0.0099999999999988990,1.0000000000000000e-09,true,
1254,ATM_analytic,Put,0.015957691216057310,0.0000000000000000,0.0000000000000000,4.0000000000000000,1.0000000000000000e-15,2.0000000000000000,0.010000000000000000,0.0099999999999988990,1.0000000000000000e-09,true,
1255,ATM_analytic,Call,0.015957691216057310,0.0000000000000000,0.0000000000000000,4.0000000000000000,1.0000000000000000e-15,2.0000000000000000,0.010000000000000000,0.0099999999999988990,1.0000000000000000e-09,true,
1256,ATM_analytic,Put,0.015957691216057310,0.0000000000000000,0.0000000000000000,4.0000000000000000,1.0000000000000000e-10,2.0000000000000000,0.010000000000000000,0.0099999999999988990,1.0000000000000000e-09,true,
1257,ATM_analytic,Call,0.015957691216057310,0.0000000000000000,0.0000000000000000,4.0000000000000000,1.0000000000000000e-10,2.0000000000000000,0.010000000000000000,0.0099999999999988990,1.0000000000000000e-09,true,
1258,ATM_analytic,Put,0.015957691216057310,0.0000000000000000,0.0000000000000000,4.0000000000000000,0.10000000000000000,2.0000000000000000,0.010000000000000000,0.0099999999999999950,1.0000000000000000e-09,true,
1259,ATM_analytic,Call,0.015957691216057310,0.0000000000000000,0.0000000000000000,4.0000000000000000,0.10000000000000000,2.0000000000000000,0.010000000000000000,0.0099999999999999950,1.0000000000000000e-09,true,
1260,ATM_analytic,Put,0.015957691216057310,0.0000000000000000,0.0000000000000000,4.0000000000000000,2.5000000000000000,2.0000000000000000,0.010000000000000000,0.010000000000000009,1.0000000000000000e-09,true,
1261,ATM_analytic,Call,0.015957691216057310,0.0000000000000000,0.0000000000000000,4.0000000000000000,2.5000000000000000,2.0000000000000000,0.010000000000000000,0.010000000000000009,1.0000000000000000e-09,true,
1262,ATM_analytic,Put,0.015957691216057310,0.0000000000000000,0.0000000000000000,4.0000000000000000,-0.10000000000000000,2.0000000000000000,0.010000000000000000,0.0099999999999999950,1.0000000000000000e-09,true,
1263,ATM_analytic,Call,0.015957691216057310,0.0000000000000000,0.0000000000000000,4.0000000000000000,-0.10000000000000000,2.0000000000000000,0.010000000000000000,0.0099999999999999950,1.0000000000000000e-09,true,
1264,ATM_analytic,Put,1.5957691216057308,0.0000000000000000,0.0000000000000000,4.0000000000000000,0.0000000000000000,2.0000000000000000,1.0000000000000000,0.99999999999999980,1.0000000000000000e-09,true,
1265,ATM_analytic,Call,1.5957691216057308,0.0000000000000000,0.0000000000000000,4.0000000000000000,0.0000000000000000,2.0000000000000000,1.0000000000000000,0.99999999999999980,1.0000000000000000e-09,true,
1266,ATM_analytic,Put,1.5957691216057308,0.0000000000000000,0.0000000000000000,4.0000000000000000,1.0000000000000000e-20,2.0000000000000000,1.0000000000000000,0.99999999999999980,1.0000000000000000e-09,true,
1267,ATM_analytic,Call,1.5957691216057308,0.0000000000000000,0.0000000000000000,4.0000000000000000,1.0000000000000000e-20,2.0000000000000000,1.0000000000000000,0.99999999999999980,1.0000000000000000e-09,true,
1268,ATM_analytic,Put,1.5957691216057308,0.0000000000000000,0.0000000000000000,4.0000000000000000,1.0000000000000000e-16,2.0000000000000000,1.0000000000000000,0.99999999999999980,1.0000000000000000e-09,true,
1269,ATM_analytic,Call,1.5957691216057308,0.0000000000000000,0.0000000000000000,4.0000000000000000,1.0000000000000000e-16,2.0000000000000000,1.0000000000000000,0.99999999999999980,1.0000000000000000e-09,true,
1270,ATM_analytic,Put,1.5957691216057308,0.0000000000000000,0.0000000000000000,4.0000000000000000,1.0000000000000000e-15,2.0000000000000000,1.0000000000000000,0.99999999999999980,1.0000000000000000e-09,true,
1271,ATM_analytic,Call,1.5957691216057308,0.0000000000000000,0.0000000000000000,4.0000000000000000,1.0000000000000000e-15,2.0000000000000000,1.0000000000000000,0.99999999999999980,1.0000000000000000e-09,true,
1272,ATM_analytic,Put,1.5957691216057308,0.0000000000000000,0.0000000000000000,4.0000000000000000,1.0000000000000000e-10,2.0000000000000000,1.0000000000000000,0.99999999999999980,1.0000000000000000e-09,true,
1273,ATM_analytic,Call,1.5957691216057308,0.0000000000000000,0.0000000000000000,4.0000000000000000,1.0000000000000000e-10,2.0000000000000000,1.0000000000000000,0.99999999999999980,1.0000000000000000e-09,true,
1274,ATM_analytic,Put,1.5957691216057308,0.0000000000000000,0.0000000000000000,4.0000000000000000,0.10000000000000000,2.0000000000000000,1.0000000000000000,1.0000000000000000,1.0000000000000000e-09,true,
1275,ATM_analytic,Call,1.5957691216057308,0.0000000000000000,0.0000000000000000,4.0000000000000000,0.10000000000000000,2.0000000000000000,1.0000000000000000,1.0000000000000000,1.0000000000000000e-09,true,
1276,ATM_analytic,Put,1.5957691216057308,0.0000000000000000,0.0000000000000000,4.0000000000000000,2.5000000000000000,2.0000000000000000,1.0000000000000000,1.0000000000000000,1.0000000000000000e-09,true,
1277,ATM_analytic,Call,1.5957691216057308,0.0000000000000000,0.0000000000000000,4.0000000000000000,2.5000000000000000,2.0000000000000000,1.0000000000000000,1.0000000000000000,1.0000000000000000e-09,true,
1278,ATM_analytic,Put,1.5957691216057308,0.0000000000000000,0.0000000000000000,4.0000000000000000,-0.10000000000000000,2.0000000000000000,1.0000000000000000,1.0000000000000000,1.0000000000000000e-09,true,
1279,ATM_analytic,Call,1.5957691216057308,0.0000000000000000,0.0000000000000000,4.0000000000000000,-0.10000000000000000,2.0000000000000000,1.0000000000000000,1.0000000000000000,1.0000000000000000e-09,true,
1280,ATM_analytic,Put,7.9788456080286550,0.0000000000000000,0.0000000000000000,4.0000000000000000,0.0000000000000000,2.0000000000000000,5.0000000000000000,5.0000000000000000,5.0000000000000000e-09,true,
1281,ATM_analytic,Call,7.9788456080286550,0.0000000000000000,0.0000000000000000,4.0000000000000000,0.0000000000000000,2.0000000000000000,5.0000000000000000,5.0000000000000000,5.0000000000000000e-09,true,
1282,ATM_analytic,Put,7.9788456080286550,0.0000000000000000,0.0000000000000000,4.0000000000000000,1.0000000000000000e-20,2.0000000000000000,5.0000000000000000,5.0000000000000000,5.0000000000000000e-09,true,
1283,ATM_analytic,Call,7.9788456080286550,0.0000000000000000,0.0000000000000000,4.0000000000000000,1.0000000000000000e-20,2.0000000000000000,5.0000000000000000,5.0000000000000000,5.0000000000000000e-09,true,
1284,ATM_analytic,Put,7.9788456080286550,0.0000000000000000,0.0000000000000000,4.0000000000000000,1.0000000000000000e-16,2.0000000000000000,5.0000000000000000,5.0000000000000000,5.0000000000000000e-09,true,
1285,ATM_analytic,Call,7.9788456080286550,0.0000000000000000,0.0000000000000000,4.0000000000000000,1.0000000000000000e-16,2.0000000000000000,5.0000000000000000,5.0000000000000000,5.0000000000000000e-09,true,
1286,ATM_analytic,Put,7.9788456080286550,0.0000000000000000,0.0000000000000000,4.0000000000000000,1.0000000000000000e-15,2.0000000000000000,5.0000000000000000,5.0000000000000000,5.0000000000000000e-09,true,
1287,ATM_analytic,Call,7.9788456080286550,0.0000000000000000,0.0000000000000000,4.0000000000000000,1.0000000000000000e-15,2.0000000000000000,5.0000000000000000,5.0000000000000000,5.0000000000000000e-09,true,
1288,ATM_analytic,Put,7.9788456080286550,0.0000000000000000,0.0000000000000000,4.0000000000000000,1.0000000000000000e-10,2.0000000000000000,5.0000000000000000,5.0000000000000000,5.0000000000000000e-09,true,
1289,ATM_analytic,Call,7.9788456080286550,0.0000000000000000,0.0000000000000000,4.0000000000000000,1.0000000000000000e-10,2.0000000000000000,5.0000000000000000,5.0000000000000000,5.0000000000000000e-09,true,
1290,ATM_analytic,Put,7.9788456080286550,0.0000000000000000,0.0000000000000000,4.0000000000000000,0.10000000000000000,2.0000000000000000,5.0000000000000000,5.0000000000000000,5.0000000000000000e-09,true,
1291,ATM_analytic,Call,7.9788456080286550,0.0000000000000000,0.0000000000000000,4.0000000000000000,0.10000000000000000,2.0000000000000000,5.0000000000000000,5.0000000000000000,5.0000000000000000e-09,true,
1292,ATM_analytic,Put,7.9788456080286550,0.0000000000000000,0.0000000000000000,4.0000000000000000,2.5000000000000000,2.0000000000000000,5.0000000000000000,5.0000000000000000,5.0000000000000000e-09,true,
1293,ATM_analytic,Call,7.9788456080286550,0.0000000000000000,0.0000000000000000,4.0000000000000000,2.5000000000000000,2.0000000000000000,5.0000000000000000,5.0000000000000000,5.0000000000000000e-09,true,
1294,ATM_analytic,Put,7.9788456080286550,0.0000000000000000,0.0000000000000000,4.0000000000000000,-0.10000000000000000,2.0000000000000000,5.0000000000000000,5.0000000000000000,5.0000000000000000e-09,true,
1295,ATM_analytic,Call,7.9788456080286550,0.0000000000000000,0.0000000000000000,4.0000000000000000,-0.10000000000000000,2.0000000000000000,5.0000000000000000,5.0000000000000000,5.0000000000000000e-09,true,
1296,ATM_analytic,Put,0.00099735570100358200,100.00000000000000,100.00000000000000,0.25000000000000000,0.0000000000000000,0.50000000000000000,0.010000000000000000,0.0099999999999988990,1.0000000000000000e-09,true,
1297,ATM_analytic,Call,0.00099735570100358200,100.00000000000000,100.00000000000000,0.25000000000000000,0.0000000000000000,0.50000000000000000,0.010000000000000000,0.0099999999999988990,1.0000000000000000e-09,true,
1298,ATM_analytic,Put,0.00099735570100358200,100.00000000000000,100.00000000000000,0.25000000000000000,1.0000000000000000e-20,0.50000000000000000,0.010000000000000000,0.0099999999999988990,1.0000000000000000e-09,true,
1299,ATM_analytic,Call,0.00099735570100358200,100.00000000000000,100.00000000000000,0.25000000000000000,1.0000000000000000e-20,0.50000000000000000,0.010000000000000000,0.0099999999999988990,1.0000000000000000e-09,true,
1300,ATM_analytic,Put,0.00099735570100358200,100.00000000000000,100.00000000000000,0.25000000000000000,1.0000000000000000e-16,0.50000000000000000,0.010000000000000000,0.0099999999999988990,1.0000000000000000e-09,true,
1301,ATM_analytic,Call,0.00099735570100358200,100.00000000000000,100.00000000000000,0.25000000000000000,1.0000000000000000e-16,0.50000000000000000,0.010000000000000000,0.0099999999999988990,1.0000000000000000e-09,true,
1302,ATM_analytic,Put,0.00099735570100358200,100.00000000000000,100.00000000000000,0.25000000000000000,1.0000000000000000e-15,0.50000000000000000,0.010000000000000000,0.0099999999999988990,1.0000000000000000e-09,true,
1303,ATM_analytic,Call,0.00099735570100358200,100.00000000000000,100.00000000000000,0.25000000000000000,1.0000000000000000e-15,0.50000000000000000,0.010000000000000000,0.0099999999999988990,1.0000000000000000e-09,true,
1304,ATM_analytic,Put,0.00099735570100358200,100.00000000000000,100.00000000000000,0.25000000000000000,1.0000000000000000e-10,0.50000000000000000,0.010000000000000000,0.0099999999999988990,1.0000000000000000e-09,true,
1305,ATM_analytic,Call,0.00099735570100358200,100.00000000000000,100.00000000000000,0.25000000000000000,1.0000000000000000e-10,0.50000000000000000,0.010000000000000000,0.0099999999999988990,1.0000000000000000e-09,true,
1306,ATM_analytic,Put,0.00099735570100358200,100.00000000000000,100.00000000000000,0.25000000000000000,0.10000000000000000,0.50000000000000000,0.010000000000000000,0.0099999999999999950,1.0000000000000000e-09,true,
1307,ATM_analytic,Call,0.00099735570100358200,100.00000000000000,100.00000000000000,0.25000000000000000,0.10000000000000000,0.50000000000000000,0.010000000000000000,0.0099999999999999950,1.0000000000000000e-09,true,
1308,ATM_analytic,Put,0.00099735570100358200,100.00000000000000,100.00000000000000,0.25000000000000000,2.5000000000000000,0.50000000000000000,0.010000000000000000,0.010000000000000009,1.0000000000000000e-09,true,
1309,ATM_analytic,Call,0.00099735570100358200,100.00000000000000,100.00000000000000,0.25000000000000000,2.5000000000000000,0.50000000000000000,0.010000000000000000,0.010000000000000009,1.0000000000000000e-09,true,
1310,ATM_analytic,Put,0.00099735570100358200,100.00000000000000,100.00000000000000,0.25000000000000000,-0.10000000000000000,0.50000000000000000,0.010000000000000000,0.0099999999999999950,1.0000000000000000e-09,true,
1311,ATM_analytic,Call,0.00099735570100358200,100.00000000000000,100.00000000000000,0.25000000000000000,-0.10000000000000000,0.50000000000000000,0.010000000000000000,0.0099999999999999950,1.0000000000000000e-09,true,
1312,ATM_analytic,Put,0.099735570100358180,100.00000000000000,100.00000000000000,0.25000000000000000,0.0000000000000000,0.50000000000000000,1.0000000000000000,0.99999999999999640,1.0000000000000000e-09,true,
1313,ATM_analytic,Call,0.099735570100358180,100.00000000000000,100.00000000000000,0.25000000000000000,0.0000000000000000,0.50000000000000000,1.0000000000000000,0.99999999999999640,1.0000000000000000e-09,true,
1314,ATM_analytic,Put,0.099735570100358180,100.00000000000000,100.00000000000000,0.25000000000000000,1.0000000000000000e-20,0.50000000000000000,1.0000000000000000,0.99999999999999640,1.0000000000000000e-09,true,
1315,ATM_analytic,Call,0.099735570100358180,100.00000000000000,100.00000000000000,0.25000000000000000,1.0000000000000000e-20,0.50000000000000000,1.0000000000000000,0.99999999999999640,1.0000000000000000e-09,true,
1316,ATM_analytic,Put,0.099735570100358180,100.00000000000000,100.00000000000000,0.25000000000000000,1.0000000000000000e-16,0.50000000000000000,1.0000000000000000,0.99999999999999640,1.0000000000000000e-09,true,
1317,ATM_analytic,Call,0.099735570100358180,100.00000000000000,100.00000000000000,0.25000000000000000,1.0000000000000000e-16,0.50000000000000000,1.0000000000000000,0.99999999999999640,1.0000000000000000e-09,true,
1318,ATM_analytic,Put,0.099735570100358180,100.00000000000000,100.00000000000000,0.25000000000000000,1.0000000000000000e-15,0.50000000000000000,1.0000000000000000,0.99999999999999640,1.0000000000000000e-09,true,
1319,ATM_analytic,Call,0.099735570100358180,100.00000000000000,100.00000000000000,0.25000000000000000,1.0000000000000000e-15,0.50000000000000000,1.0000000000000000,0.99999999999999640,1.0000000000000000e-09,true,
1320,ATM_analytic,Put,0.099735570100358180,100.00000000000000,100.00000000000000,0.25000000000000000,1.0000000000000000e-10,0.50000000000000000,1.0000000000000000,0.99999999999999640,1.0000000000000000e-09,true,
1321,ATM_analytic,Call,0.099735570100358180,100.00000000000000,100.00000000000000,0.25000000000000000,1.0000000000000000e-10,0.50000000000000000,1.0000000000000000,0.99999999999999640,1.0000000000000000e-09,true,
1322,ATM_analytic,Put,0.099735570100358180,100.00000000000000,100.00000000000000,0.25000000000000000,0.10000000000000000,0.50000000000000000,1.0000000000000000,1.0000000000000000,1.0000000000000000e-09,true,
1323,ATM_analytic,Call,0.099735570100358180,100.00000000000000,100.00000000000000,0.25000000000000000,0.10000000000000000,0.50000000000000000,1.0000000000000000,1.0000000000000000,1.0000000000000000e-09,true,
1324,ATM_analytic,Put,0.099735570100358180,100.00000000000000,100.00000000000000,0.25000000000000000,2.5000000000000000,0.50000000000000000,1.0000000000000000,1.0000000000000000,1.0000000000000000e-09,true,
1325,ATM_analytic,Call,0.099735570100358180,100.00000000000000,100.00000000000000,0.25000000000000000,2.5000000000000000,0.50000000000000000,1.0000000000000000,1.0000000000000000,1.0000000000000000e-09,true,
1326,ATM_analytic,Put,0.099735570100358180,100.00000000000000,100.00000000000000,0.25000000000000000,-0.10000000000000000,0.50000000000000000,1.0000000000000000,1.0000000000000000,1.0000000000000000e-09,true,
1327,ATM_analytic,Call,0.099735570100358180,100.00000000000000,100.00000000000000,0.25000000000000000,-0.10000000000000000,0.50000000000000000,1.0000000000000000,1.0000000000000000,1.0000000000000000e-09,true,
1328,ATM_analytic,Put,0.49867785050179090,100.00000000000000,100.00000000000000,0.25000000000000000,0.0000000000000000,0.50000000000000000,5.0000000000000000,5.0000000000000000,5.0000000000000000e-09,true,
1329,ATM_analytic,Call,0.49867785050179090,100.00000000000000,100.00000000000000,0.25000000000000000,0.0000000000000000,0.50000000000000000,5.0000000000000000,5.0000000000000000,5.0000000000000000e-09,true,
1330,ATM_analytic,Put,0.49867785050179090,100.00000000000000,100.00000000000000,0.25000000000000000,1.0000000000000000e-20,0.50000000000000000,5.0000000000000000,5.0000000000000000,5.0000000000000000e-09,true,
1331,ATM_analytic,Call,0.49867785050179090,100.00000000000000,100.00000000000000,0.25000000000000000,1.0000000000000000e-20,0.50000000000000000,5.0000000000000000,5.0000000000000000,5.0000000000000000e-09,true,
1332,ATM_analytic,Put,0.49867785050179090,100.00000000000000,100.00000000000000,0.25000000000000000,1.0000000000000000e-16,0.50000000000000000,5.0000000000000000,5.0000000000000000,5.0000000000000000e-09,true,
1333,ATM_analytic,Call,0.49867785050179090,100.00000000000000,100.00000000000000,0.25000000000000000,1.0000000000000000e-16,0.50000000000000000,5.0000000000000000,5.0000000000000000,5.0000000000000000e-09,true,
1334,ATM_analytic,Put,0.49867785050179090,100.00000000000000,100.00000000000000,0.25000000000000000,1.0000000000000000e-15,0.50000000000000000,5.0000000000000000,5.0000000000000000,5.0000000000000000e-09,true,
1335,ATM_analytic,Call,0.49867785050179090,100.00000000000000,100.00000000000000,0.25000000000000000,1.0000000000000000e-15,0.50000000000000000,5.0000000000000000,5.0000000000000000,5.0000000000000000e-09,true,
1336,ATM_analytic,Put,0.49867785050179090,100.00000000000000,100.00000000000000,0.25000000000000000,1.0000000000000000e-10,0.50000000000000000,5.0000000000000000,5.0000000000000000,5.0000000000000000e-09,true,
1337,ATM_analytic,Call,0.49867785050179090,100.00000000000000,100.00000000000000,0.25000000000000000,1.0000000000000000e-10,0.50000000000000000,5.0000000000000000,5.0000000000000000,5.0000000000000000e-09,true,
1338,ATM_analytic,Put,0.49867785050179090,100.00000000000000,100.00000000000000,0.25000000000000000,0.10000000000000000,0.50000000000000000,5.0000000000000000,5.0000000000000000,5.0000000000000000e-09,true,
1339,ATM_analytic,Call,0.49867785050179090,100.00000000000000,100.00000000000000,0.25000000000000000,0.10000000000000000,0.50000000000000000,5.0000000000000000,5.0000000000000000,5.0000000000000000e-09,true,
1340,ATM_analytic,Put,0.49867785050179090,100.00000000000000,100.00000000000000,0.25000000000000000,2.5000000000000000,0.50000000000000000,5.0000000000000000,5.0000000000000000,5.0000000000000000e-09,true,
1341,ATM_analytic,Call,0.49867785050179090,100.00000000000000,100.00000000000000,0.25000000000000000,2.5000000000000000,0.50000000000000000,5.0000000000000000,5.0000000000000000,5.0000000000000000e-09,true,
1342,ATM_analytic,Put,0.49867785050179090,100.00000000000000,100.00000000000000,0.25000000000000000,-0.10000000000000000,0.50000000000000000,5.0000000000000000,5.0000000000000000,5.0000000000000000e-09,true,
1343,ATM_analytic,Call,0.49867785050179090,100.00000000000000,100.00000000000000,0.25000000000000000,-0.10000000000000000,0.50000000000000000,5.0000000000000000,5.0000000000000000,5.0000000000000000e-09,true,
1344,ATM_analytic,Put,0.0019947114020071640,100.00000000000000,100.00000000000000,0.25000000000000000,0.0000000000000000,1.0000000000000000,0.010000000000000000,0.0099999999999988990,1.0000000000000000e-09,true,
1345,ATM_analytic,Call,0.0019947114020071640,100.00000000000000,100.00000000000000,0.25000000000000000,0.0000000000000000,1.0000000000000000,0.010000000000000000,0.0099999999999988990,1.0000000000000000e-09,true,
1346,ATM_analytic,Put,0.0019947114020071640,100.00000000000000,100.00000000000000,0.25000000000000000,1.0000000000000000e-20,1.0000000000000000,0.010000000000000000,0.0099999999999988990,1.0000000000000000e-09,true,
1347,ATM_analytic,Call,0.0019947114020071640,100.00000000000000,100.00000000000000,0.25000000000000000,1.0000000000000000e-20,1.0000000000000000,0.010000000000000000,0.0099999999999988990,1.0000000000000000e-09,true,
1348,ATM_analytic,Put,0.0019947114020071640,100.00000000000000,100.00000000000000,0.25000000000000000,1.0000000000000000e-16,1.0000000000000000,0.010000000000000000,0.0099999999999988990,1.0000000000000000e-09,true,
1349,ATM_analytic,Call,0.0019947114020071640,100.00000000000000,100.00000000000000,0.25000000000000000,1.0000000000000000e-16,1.0000000000000000,0.010000000000000000,0.0099999999999988990,1.0000000000000000e-09,true,
1350,ATM_analytic,Put,0.0019947114020071640,100.00000000000000,100.00000000000000,0.25000000000000000,1.0000000000000000e-15,1.0000000000000000,0.010000000000000000,0.0099999999999988990,1.0000000000000000e-09,true,
1351,ATM_analytic,Call,0.0019947114020071640,100.00000000000000,100.00000000000000,0.25000000000000000,1.0000000000000000e-15,1.0000000000000000,0.010000000000000000,0.0099999999999988990,1.0000000000000000e-09,true,
1352,ATM_analytic,Put,0.0019947114020071640,100.00000000000000,100.00000000000000,0.25000000000000000,1.0000000000000000e-10,1.0000000000000000,0.010000000000000000,0.0099999999999988990,1.0000000000000000e-09,true,
1353,ATM_analytic,Call,0.0019947114020071640,100.00000000000000,100.00000000000000,0.25000000000000000,1.0000000000000000e-10,1.0000000000000000,0.010000000000000000,0.0099999999999988990,1.0000000000000000e-09,true,
1354,ATM_analytic,Put,0.0019947114020071640,100.00000000000000,100.00000000000000,0.25000000000000000,0.10000000000000000,1.0000000000000000,0.010000000000000000,0.0099999999999999950,1.0000000000000000e-09,true,
1355,ATM_analytic,Call,0.0019947114020071640,100.00000000000000,100.00000000000000,0.25000000000000000,0.10000000000000000,1.0000000000000000,0.010000000000000000,0.0099999999999999950,1.0000000000000000e-09,true,
1356,ATM_analytic,Put,0.0019947114020071640,100.00000000000000,100.00000000000000,0.25000000000000000,2.5000000000000000,1.0000000000000000,0.010000000000000000,0.010000000000000009,1.0000000000000000e-09,true,
1357,ATM_analytic,Call,0.0019947114020071640,100.00000000000000,100.00000000000000,0.25000000000000000,2.5000000000000000,1.0000000000000000,0.010000000000000000,0.010000000000000009,1.0000000000000000e-09,true,
1358,ATM_analytic,Put,0.0019947114020071640,100.00000000000000,100.00000000000000,0.25000000000000000,-0.10000000000000000,1.0000000000000000,0.010000000000000000,0.0099999999999999950,1.0000000000000000e-09,true,
1359,ATM_analytic,Call,0.0019947114020071640,100.00000000000000,100.00000000000000,0.25000000000000000,-0.10000000000000000,1.0000000000000000,0.010000000000000000,0.0099999999999999950,1.0000000000000000e-09,true,
1360,ATM_analytic,Put,0.19947114020071635,100.00000000000000,100.00000000000000,0.25000000000000000,0.0000000000000000,1.0000000000000000,1.0000000000000000,0.99999999999999980,1.0000000000000000e-09,true,
1361,ATM_analytic,Call,0.19947114020071635,100.00000000000000,100.00000000000000,0.25000000000000000,0.0000000000000000,1.0000000000000000,1.0000000000000000,0.99999999999999980,1.0000000000000000e-09,true,
1362,ATM_analytic,Put,0.19947114020071635,100.00000000000000,100.00000000000000,0.25000000000000000,1.0000000000000000e-20,1.0000000000000000,1.0000000000000000,0.99999999999999980,1.0000000000000000e-09,true,
1363,ATM_analytic,Call,0.19947114020071635,100.00000000000000,100.00000000000000,0.25000000000000000,1.0000000000000000e-20,1.0000000000000000,1.0000000000000000,0.99999999999999980,1.0000000000000000e-09,true,
1364,ATM_analytic,Put,0.19947114020071635,100.00000000000000,100.00000000000000,0.25000000000000000,1.0000000000000000e-16,1.0000000000000000,1.0000000000000000,0.99999999999999980,1.0000000000000000e-09,true,
1365,ATM_analytic,Call,0.19947114020071635,100.00000000000000,100.00000000000000,0.25000000000000000,1.0000000000000000e-16,1.0000000000000000,1.0000000000000000,0.99999999999999980,1.0000000000000000e-09,true,
1366,ATM_analytic,Put,0.19947114020071635,100.00000000000000,100.00000000000000,0.25000000000000000,1.0000000000000000e-15,1.0000000000000000,1.0000000000000000,0.99999999999999980,1.0000000000000000e-09,true,
1367,ATM_analytic,Call,0.19947114020071635,100.00000000000000,100.00000000000000,0.25000000000000000,1.0000000000000000e-15,1.0000000000000000,1.0000000000000000,0.99999999999999980,1.0000000000000000e-09,true,
1368,ATM_analytic,Put,0.19947114020071635,100.00000000000000,100.00000000000000,0.25000000000000000,1.0000000000000000e-10,1.0000000000000000,1.0000000000000000,0.99999999999999980,1.0000000000000000e-09,true,
1369,ATM_analytic,Call,0.19947114020071635,100.00000000000000,100.00000000000000,0.25000000000000000,1.0000000000000000e-10,1.0000000000000000,1.0000000000000000,0.99999999999999980,1.0000000000000000e-09,true,
1370,ATM_analytic,Put,0.19947114020071635,100.00000000000000,100.00000000000000,0.25000000000000000,0.10000000000000000,1.0000000000000000,1.0000000000000000,1.0000000000000000,1.0000000000000000e-09,true,
1371,ATM_analytic,Call,0.19947114020071635,100.00000000000000,100.00000000000000,0.25000000000000000,0.10000000000000000,1.0000000000000000,1.0000000000000000,1.0000000000000000,1.0000000000000000e-09,true,
1372,ATM_analytic,Put,0.19947114020071635,100.00000000000000,100.00000000000000,0.25000000000000000,2.5000000000000000,1.0000000000000000,1.0000000000000000,1.0000000000000000,1.0000000000000000e-09,true,
1373,ATM_analytic,Call,0.19947114020071635,100.00000000000000,100.00000000000000,0.25000000000000000,2.5000000000000000,1.0000000000000000,1.0000000000000000,1.0000000000000000,1.0000000000000000e-09,true,
1374,ATM_analytic,Put,0.19947114020071635,100.00000000000000,100.00000000000000,0.25000000000000000,-0.10000000000000000,1.0000000000000000,1.0000000000000000,1.0000000000000000,1.0000000000000000e-09,true,
1375,ATM_analytic,Call,0.19947114020071635,100.00000000000000,100.00000000000000,0.25000000000000000,-0.10000000000000000,1.0000000000000000,1.0000000000000000,1.0000000000000000,1.0000000000000000e-09,true,
1376,ATM_analytic,Put,0.99735570100358180,100.00000000000000,100.00000000000000,0.25000000000000000,0.0000000000000000,1.0000000000000000,5.0000000000000000,5.0000000000000000,5.0000000000000000e-09,true,
1377,ATM_analytic,Call,0.99735570100358180,100.00000000000000,100.00000000000000,0.25000000000000000,0.0000000000000000,1.0000000000000000,5.0000000000000000,5.0000000000000000,5.0000000000000000e-09,true,
1378,ATM_analytic,Put,0.99735570100358180,100.00000000000000,100.00000000000000,0.25000000000000000,1.0000000000000000e-20,1.0000000000000000,5.0000000000000000,5.0000000000000000,5.0000000000000000e-09,true,
1379,ATM_analytic,Call,0.99735570100358180,100.00000000000000,100.00000000000000,0.25000000000000000,1.0000000000000000e-20,1.0000000000000000,5.0000000000000000,5.0000000000000000,5.0000000000000000e-09,true,
1380,ATM_analytic,Put,0.99735570100358180,100.00000000000000,100.00000000000000,0.25000000000000000,1.0000000000000000e-16,1.0000000000000000,5.0000000000000000,5.0000000000000000,5.0000000000000000e-09,true,
1381,ATM_analytic,Call,0.99735570100358180,100.00000000000000,100.00000000000000,0.25000000000000000,1.0000000000000000e-16,1.0000000000000000,5.0000000000000000,5.0000000000000000,5.0000000000000000e-09,true,
1382,ATM_analytic,Put,0.99735570100358180,100.00000000000000,100.00000000000000,0.25000000000000000,1.0000000000000000e-15,1.0000000000000000,5.0000000000000000,5.0000000000000000,5.0000000000000000e-09,true,
1383,ATM_analytic,Call,0.99735570100358180,100.00000000000000,100.00000000000000,0.25000000000000000,1.0000000000000000e-15,1.0000000000000000,5.0000000000000000,5.0000000000000000,5.0000000000000000e-09,true,
1384,ATM_analytic,Put,0.99735570100358180,100.00000000000000,100.00000000000000,0.25000000000000000,1.0000000000000000e-10,1.0000000000000000,5.0000000000000000,5.0000000000000000,5.0000000000000000e-09,true,
1385,ATM_analytic,Call,0.99735570100358180,100.00000000000000,100.00000000000000,0.25000000000000000,1.0000000000000000e-10,1.0000000000000000,5.0000000000000000,5.0000000000000000,5.0000000000000000e-09,true,
1386,ATM_analytic,Put,0.99735570100358180,100.00000000000000,100.00000000000000,0.25000000000000000,0.10000000000000000,1.0000000000000000,5.0000000000000000,5.0000000000000000,5.0000000000000000e-09,true,
1387,ATM_analytic,Call,0.99735570100358180,100.00000000000000,100.00000000000000,0.25000000000000000,0.10000000000000000,1.0000000000000000,5.0000000000000000,5.0000000000000000,5.0000000000000000e-09,true,
1388,ATM_analytic,Put,0.99735570100358180,100.00000000000000,100.00000000000000,0.25000000000000000,2.5000000000000000,1.0000000000000000,5.0000000000000000,5.0000000000000000,5.0000000000000000e-09,true,
1389,ATM_analytic,Call,0.99735570100358180,100.00000000000000,100.00000000000000,0.25000000000000000,2.5000000000000000,1.0000000000000000,5.0000000000000000,5.0000000000000000,5.0000000000000000e-09,true,
1390,ATM_analytic,Put,0.99735570100358180,100.00000000000000,100.00000000000000,0.25000000000000000,-0.10000000000000000,1.0000000000000000,5.0000000000000000,5.0000000000000000,5.0000000000000000e-09,true,
1391,ATM_analytic,Call,0.99735570100358180,100.00000000000000,100.00000000000000,0.25000000000000000,-0.10000000000000000,1.0000000000000000,5.0000000000000000,5.0000000000000000,5.0000000000000000e-09,true,
1392,ATM_analytic,Put,0.0039894228040143280,100.00000000000000,100.00000000000000,0.25000000000000000,0.0000000000000000,2.0000000000000000,0.010000000000000000,0.0099999999999988990,1.0000000000000000e-09,true,
1393,ATM_analytic,Call,0.0039894228040143280,100.00000000000000,100.00000000000000,0.25000000000000000,0.0000000000000000,2.0000000000000000,0.010000000000000000,0.0099999999999988990,1.0000000000000000e-09,true,
1394,ATM_analytic,Put,0.0039894228040143280,100.00000000000000,100.00000000000000,0.25000000000000000,1.0000000000000000e-20,2.0000000000000000,0.010000000000000000,0.0099999999999988990,1.0000000000000000e-09,true,
1395,ATM_analytic,Call,0.0039894228040143280,100.00000000000000,100.00000000000000,0.25000000000000000,1.0000000000000000e-20,2.0000000000000000,0.010000000000000000,0.0099999999999988990,1.0000000000000000e-09,true,
1396,ATM_analytic,Put,0.0039894228040143280,100.00000000000000,100.00000000000000,0.25000000000000000,1.0000000000000000e-16,2.0000000000000000,0.010000000000000000,0.0099999999999988990,1.0000000000000000e-09,true,
1397,ATM_analytic,Call,0.0039894228040143280,100.00000000000000,100.00000000000000,0.25000000000000000,1.0000000000000000e-16,2.0000000000000000,0.010000000000000000,0.0099999999999988990,1.0000000000000000e-09,true,
1398,ATM_analytic,Put,0.0039894228040143280,100.00000000000000,100.00000000000000,0.25000000000000000,1.0000000000000000e-15,2.0000000000000000,0.010000000000000000,0.0099999999999988990,1.0000000000000000e-09,true,
1399,ATM_analytic,Call,0.0039894228040143280,100.00000000000000,100.00000000000000,0.25000000000000000,1.0000000000000000e-15,2.0000000000000000,0.010000000000000000,0.0099999999999988990,1.0000000000000000e-09,true,
1400,ATM_analytic,Put,0.0039894228040143280,100.00000000000000,100.00000000000000,0.25000000000000000,1.0000000000000000e-10,2.0000000000000000,0.010000000000000000,0.0099999999999988990,1.0000000000000000e-09,true,
1401,ATM_analytic,Call,0.0039894228040143280,100.00000000000000,100.00000000000000,0.25000000000000000,1.0000000000000000e-10,2.0000000000000000,0.010000000000000000,0.0099999999999988990,1.0000000000000000e-09,true,
1402,ATM_analytic,Put,0.0039894228040143280,100.00000000000000,100.00000000000000,0.25000000000000000,0.10000000000000000,2.0000000000000000,0.010000000000000000,0.0099999999999999950,1.0000000000000000e-09,true,
1403,ATM_analytic,Call,0.0039894228040143280,100.00000000000000,100.00000000000000,0.25000000000000000,0.10000000000000000,2.0000000000000000,0.010000000000000000,0.0099999999999999950,1.0000000000000000e-09,true,
1404,ATM_analytic,Put,0.0039894228040143280,100.00000000000000,100.00000000000000,0.25000000000000000,2.5000000000000000,2.0000000000000000,0.010000000000000000,0.010000000000000009,1.0000000000000000e-09,true,
1405,ATM_analytic,Call,0.0039894228040143280,100.00000000000000,100.00000000000000,0.25000000000000000,2.5000000000000000,2.0000000000000000,0.010000000000000000,0.010000000000000009,1.0000000000000000e-09,true,
1406,ATM_analytic,Put,0.0039894228040143280,100.00000000000000,100.00000000000000,0.25000000000000000,-0.10000000000000000,2.0000000000000000,0.010000000000000000,0.0099999999999999950,1.0000000000000000e-09,true,
1407,ATM_analytic,Call,0.0039894228040143280,100.00000000000000,100.00000000000000,0.25000000000000000,-0.10000000000000000,2.0000000000000000,0.010000000000000000,0.0099999999999999950,1.0000000000000000e-09,true,
1408,ATM_analytic,Put,0.39894228040143270,100.00000000000000,100.00000000000000,0.25000000000000000,0.0000000000000000,2.0000000000000000,1.0000000000000000,0.99999999999999980,1.0000000000000000e-09,true,
1409,ATM_analytic,Call,0.39894228040143270,100.00000000000000,100.00000000000000,0.25000000000000000,0.0000000000000000,2.0000000000000000,1.0000000000000000,0.99999999999999980,1.0000000000000000e-09,true,
1410,ATM_analytic,Put,0.39894228040143270,100.00000000000000,100.00000000000000,0.25000000000000000,1.0000000000000000e-20,2.0000000000000000,1.0000000000000000,0.99999999999999980,1.0000000000000000e-09,true,
1411,ATM_analytic,Call,0.39894228040143270,100.00000000000000,100.00000000000000,0.25000000000000000,1.0000000000000000e-20,2.0000000000000000,1.0000000000000000,0.99999999999999980,1.0000000000000000e-09,true,
1412,ATM_analytic,Put,0.39894228040143270,100.00000000000000,100.00000000000000,0.25000000000000000,1.0000000000000000e-16,2.0000000000000000,1.0000000000000000,0.99999999999999980,1.0000000000000000e-09,true,
1413,ATM_analytic,Call,0.39894228040143270,100.00000000000000,100.00000000000000,0.25000000000000000,1.0000000000000000e-16,2.0000000000000000,1.0000000000000000,0.99999999999999980,1.0000000000000000e-09,true,
1414,ATM_analytic,Put,0.39894228040143270,100.00000000000000,100.00000000000000,0.25000000000000000,1.0000000000000000e-15,2.0000000000000000,1.0000000000000000,0.99999999999999980,1.0000000000000000e-09,true,
1415,ATM_analytic,Call,0.39894228040143270,100.00000000000000,100.00000000000000,0.25000000000000000,1.0000000000000000e-15,2.0000000000000000,1.0000000000000000,0.99999999999999980,1.0000000000000000e-09,true,
1416,ATM_analytic,Put,0.39894228040143270,100.00000000000000,100.00000000000000,0.25000000000000000,1.0000000000000000e-10,2.0000000000000000,1.0000000000000000,0.99999999999999980,1.0000000000000000e-09,true,
1417,ATM_analytic,Call,0.39894228040143270,100.00000000000000,100.00000000000000,0.25000000000000000,1.0000000000000000e-10,2.0000000000000000,1.0000000000000000,0.99999999999999980,1.0000000000000000e-09,true,
1418,ATM_analytic,Put,0.39894228040143270,100.00000000000000,100.00000000000000,0.25000000000000000,0.10000000000000000,2.0000000000000000,1.0000000000000000,1.0000000000000000,1.0000000000000000e-09,true,
1419,ATM_analytic,Call,0.39894228040143270,100.00000000000000,100.00000000000000,0.25000000000000000,0.10000000000000000,2.0000000000000000,1.0000000000000000,1.0000000000000000,1.0000000000000000e-09,true,
1420,ATM_analytic,Put,0.39894228040143270,100.00000000000000,100.00000000000000,0.25000000000000000,2.5000000000000000,2.0000000000000000,1.0000000000000000,1.0000000000000000,1.0000000000000000e-09,true,
1421,ATM_analytic,Call,0.39894228040143270,100.00000000000000,100.00000000000000,0.25000000000000000,2.5000000000000000,2.0000000000000000,1.0000000000000000,1.0000000000000000,1.0000000000000000e-09,true,
1422,ATM_analytic,Put,0.39894228040143270,100.00000000000000,100.00000000000000,0.25000000000000000,-0.10000000000000000,2.0000000000000000,1.0000000000000000,1.0000000000000000,1.0000000000000000e-09,true,
1423,ATM_analytic,Call,0.39894228040143270,100.00000000000000,100.00000000000000,0.25000000000000000,-0.10000000000000000,2.0000000000000000,1.0000000000000000,1.0000000000000000,1.0000000000000000e-09,true,
1424,ATM_analytic,Put,1.9947114020071637,100.00000000000000,100.00000000000000,0.25000000000000000,0.0000000000000000,2.0000000000000000,5.0000000000000000,5.0000000000000000,5.0000000000000000e-09,true,
1425,ATM_analytic,Call,1.9947114020071637,100.00000000000000,100.00000000000000,0.25000000000000000,0.0000000000000000,2.0000000000000000,5.0000000000000000,5.0000000000000000,5.0000000000000000e-09,true,
1426,ATM_analytic,Put,1.9947114020071637,100.00000000000000,100.00000000000000,0.25000000000000000,1.0000000000000000e-20,2.0000000000000000,5.0000000000000000,5.0000000000000000,5.0000000000000000e-09,true,
1427,ATM_analytic,Call,1.9947114020071637,100.00000000000000,100.00000000000000,0.25000000000000000,1.0000000000000000e-20,2.0000000000000000,5.0000000000000000,5.0000000000000000,5.0000000000000000e-09,true,
1428,ATM_analytic,Put,1.9947114020071637,100.00000000000000,100.00000000000000,0.25000000000000000,1.0000000000000000e-16,2.0000000000000000,5.0000000000000000,5.0000000000000000,5.0000000000000000e-09,true,
1429,ATM_analytic,Call,1.9947114020071637,100.00000000000000,100.00000000000000,0.25000000000000000,1.0000000000000000e-16,2.0000000000000000,5.0000000000000000,5.0000000000000000,5.0000000000000000e-09,true,
1430,ATM_analytic,Put,1.9947114020071637,100.00000000000000,100.00000000000000,0.25000000000000000,1.0000000000000000e-15,2.0000000000000000,5.0000000000000000,5.0000000000000000,5.0000000000000000e-09,true,
1431,ATM_analytic,Call,1.9947114020071637,100.00000000000000,100.00000000000000,0.25000000000000000,1.0000000000000000e-15,2.0000000000000000,5.0000000000000000,5.0000000000000000,5.0000000000000000e-09,true,
1432,ATM_analytic,Put,1.9947114020071637,100.00000000000000,100.00000000000000,0.25000000000000000,1.0000000000000000e-10,2.0000000000000000,5.0000000000000000,5.0000000000000000,5.0000000000000000e-09,true,
1433,ATM_analytic,Call,1.9947114020071637,100.00000000000000,100.00000000000000,0.25000000000000000,1.0000000000000000e-10,2.0000000000000000,5.0000000000000000,5.0000000000000000,5.0000000000000000e-09,true,
1434,ATM_analytic,Put,1.9947114020071637,100.00000000000000,100.00000000000000,0.25000000000000000,0.10000000000000000,2.0000000000000000,5.0000000000000000,5.0000000000000000,5.0000000000000000e-09,true,
1435,ATM_analytic,Call,1.9947114020071637,100.00000000000000,100.00000000000000,0.25000000000000000,0.10000000000000000,2.0000000000000000,5.0000000000000000,5.0000000000000000,5.0000000000000000e-09,true,
1436,ATM_analytic,Put,1.9947114020071637,100.00000000000000,100.00000000000000,0.25000000000000000,2.5000000000000000,2.0000000000000000,5.0000000000000000,5.0000000000000000,5.0000000000000000e-09,true,
1437,ATM_analytic,Call,1.9947114020071637,100.00000000000000,100.00000000000000,0.25000000000000000,2.5000000000000000,2.0000000000000000,5.0000000000000000,5.0000000000000000,5.0000000000000000e-09,true,
1438,ATM_analytic,Put,1.9947114020071637,100.00000000000000,100.00000000000000,0.25000000000000000,-0.10000000000000000,2.0000000000000000,5.0000000000000000,5.0000000000000000,5.0000000000000000e-09,true,
1439,ATM_analytic,Call,1.9947114020071637,100.00000000000000,100.00000000000000,0.25000000000000000,-0.10000000000000000,2.0000000000000000,5.0000000000000000,5.0000000000000000,5.0000000000000000e-09,true,
1440,ATM_analytic,Put,0.0019947114020071640,100.00000000000000,100.00000000000000,1.0000000000000000,0.0000000000000000,0.50000000000000000,0.010000000000000000,0.0099999999999988990,1.0000000000000000e-09,true,
1441,ATM_analytic,Call,0.0019947114020071640,100.00000000000000,100.00000000000000,1.0000000000000000,0.0000000000000000,0.50000000000000000,0.010000000000000000,0.0099999999999988990,1.0000000000000000e-09,true,
1442,ATM_analytic,Put,0.0019947114020071640,100.00000000000000,100.00000000000000,1.0000000000000000,1.0000000000000000e-20,0.50000000000000000,0.010000000000000000,0.0099999999999988990,1.0000000000000000e-09,true,
1443,ATM_analytic,Call,0.0019947114020071640,100.00000000000000,100.00000000000000,1.0000000000000000,1.0000000000000000e-20,0.50000000000000000,0.010000000000000000,0.0099999999999988990,1.0000000000000000e-09,true,
1444,ATM_analytic,Put,0.0019947114020071640,100.00000000000000,100.00000000000000,1.0000000000000000,1.0000000000000000e-16,0.50000000000000000,0.010000000000000000,0.0099999999999988990,1.0000000000000000e-09,true,
1445,ATM_analytic,Call,0.0019947114020071640,100.00000000000000,100.00000000000000,1.0000000000000000,1.0000000000000000e-16,0.50000000000000000,0.010000000000000000,0.0099999999999988990,1.0000000000000000e-09,true,
1446,ATM_analytic,Put,0.0019947114020071640,100.00000000000000,100.00000000000000,1.0000000000000000,1.0000000000000000e-15,0.50000000000000000,0.010000000000000000,0.0099999999999988990,1.0000000000000000e-09,true,
1447,ATM_analytic,Call,0.0019947114020071640,100.00000000000000,100.00000000000000,1.0000000000000000,1.0000000000000000e-15,0.50000000000000000,0.010000000000000000,0.0099999999999988990,1.0000000000000000e-09,true,
1448,ATM_analytic,Put,0.0019947114020071640,100.00000000000000,100.00000000000000,1.0000000000000000,1.0000000000000000e-10,0.50000000000000000,0.010000000000000000,0.0099999999999988990,1.0000000000000000e-09,true,
1449,ATM_analytic,Call,0.0019947114020071640,100.00000000000000,100.00000000000000,1.0000000000000000,1.0000000000000000e-10,0.50000000000000000,0.010000000000000000,0.0099999999999988990,1.0000000000000000e-09,true,
1450,ATM_analytic,Put,0.0019947114020071640,100.00000000000000,100.00000000000000,1.0000000000000000,0.10000000000000000,0.50000000000000000,0.010000000000000000,0.0099999999999999950,1.0000000000000000e-09,true,
1451,ATM_analytic,Call,0.0019947114020071640,100.00000000000000,100.00000000000000,1.0000000000000000,0.10000000000000000,0.50000000000000000,0.010000000000000000,0.0099999999999999950,1.0000000000000000e-09,true,
1452,ATM_analytic,Put,0.0019947114020071640,100.00000000000000,100.00000000000000,1.0000000000000000,2.5000000000000000,0.50000000000000000,0.010000000000000000,0.010000000000000009,1.0000000000000000e-09,true,
1453,ATM_analytic,Call,0.0019947114020071640,100.00000000000000,100.00000000000000,1.0000000000000000,2.5000000000000000,0.50000000000000000,0.010000000000000000,0.010000000000000009,1.0000000000000000e-09,true,
1454,ATM_analytic,Put,0.0019947114020071640,100.00000000000000,100.00000000000000,1.0000000000000000,-0.10000000000000000,0.50000000000000000,0.010000000000000000,0.0099999999999999950,1.0000000000000000e-09,true,
1455,ATM_analytic,Call,0.0019947114020071640,100.00000000000000,100.00000000000000,1.0000000000000000,-0.10000000000000000,0.50000000000000000,0.010000000000000000,0.0099999999999999950,1.0000000000000000e-09,true,
1456,ATM_analytic,Put,0.19947114020071635,100.00000000000000,100.00000000000000,1.0000000000000000,0.0000000000000000,0.50000000000000000,1.0000000000000000,0.99999999999999980,1.0000000000000000e-09,true,
1457,ATM_analytic,Call,0.19947114020071635,100.00000000000000,100.00000000000000,1.0000000000000000,0.0000000000000000,0.50000000000000000,1.0000000000000000,0.99999999999999980,1.0000000000000000e-09,true,
1458,ATM_analytic,Put,0.19947114020071635,100.00000000000000,100.00000000000000,1.0000000000000000,1.0000000000000000e-20,0.50000000000000000,1.0000000000000000,0.99999999999999980,1.0000000000000000e-09,true,
1459,ATM_analytic,Call,0.19947114020071635,100.00000000000000,100.00000000000000,1.0000000000000000,1.0000000000000000e-20,0.50000000000000000,1.0000000000000000,0.99999999999999980,1.0000000000000000e-09,true,
1460,ATM_analytic,Put,0.19947114020071635,100.00000000000000,100.00000000000000,1.0000000000000000,1.0000000000000000e-16,0.50000000000000000,1.0000000000000000,0.99999999999999980,1.0000000000000000e-09,true,
1461,ATM_analytic,Call,0.19947114020071635,100.00000000000000,100.00000000000000,1.0000000000000000,1.0000000000000000e-16,0.50000000000000000,1.0000000000000000,0.99999999999999980,1.0000000000000000e-09,true,
1462,ATM_analytic,Put,0.19947114020071635,100.00000000000000,100.00000000000000,1.0000000000000000,1.0000000000000000e-15,0.50000000000000000,1.0000000000000000,0.99999999999999980,1.0000000000000000e-09,true,
1463,ATM_analytic,Call,0.19947114020071635,100.00000000000000,100.00000000000000,1.0000000000000000,1.0000000000000000e-15,0.50000000000000000,1.0000000000000000,0.99999999999999980,1.0000000000000000e-09,true,
1464,ATM_analytic,Put,0.19947114020071635,100.00000000000000,100.00000000000000,1.0000000000000000,1.0000000000000000e-10,0.50000000000000000,1.0000000000000000,0.99999999999999980,1.0000000000000000e-09,true,
1465,ATM_analytic,Call,0.19947114020071635,100.00000000000000,100.00000000000000,1.0000000000000000,1.0000000000000000e-10,0.50000000000000000,1.0000000000000000,0.99999999999999980,1.0000000000000000e-09,true,
1466,ATM_analytic,Put,0.19947114020071635,100.00000000000000,100.00000000000000,1.0000000000000000,0.10000000000000000,0.50000000000000000,1.0000000000000000,1.0000000000000000,1.0000000000000000e-09,true,
1467,ATM_analytic,Call,0.19947114020071635,100.00000000000000,100.00000000000000,1.0000000000000000,0.10000000000000000,0.50000000000000000,1.0000000000000000,1.0000000000000000,1.0000000000000000e-09,true,
1468,ATM_analytic,Put,0.19947114020071635,100.00000000000000,100.00000000000000,1.0000000000000000,2.5000000000000000,0.50000000000000000,1.0000000000000000,1.0000000000000000,1.0000000000000000e-09,true,
1469,ATM_analytic,Call,0.19947114020071635,100.00000000000000,100.00000000000000,1.0000000000000000,2.5000000000000000,0.50000000000000000,1.0000000000000000,1.0000000000000000,1.0000000000000000e-09,true,
1470,ATM_analytic,Put,0.19947114020071635,100.00000000000000,100.00000000000000,1.0000000000000000,-0.10000000000000000,0.50000000000000000,1.0000000000000000,1.0000000000000000,1.0000000000000000e-09,true,
1471,ATM_analytic,Call,0.19947114020071635,100.00000000000000,100.00000000000000,1.0000000000000000,-0.10000000000000000,0.50000000000000000,1.0000000000000000,1.0000000000000000,1.0000000000000000e-09,true,
1472,ATM_analytic,Put,0.99735570100358180,100.00000000000000,100.00000000000000,1.0000000000000000,0.0000000000000000,0.50000000000000000,5.0000000000000000,5.0000000000000000,5.0000000000000000e-09,true,
1473,ATM_analytic,Call,0.99735570100358180,100.00000000000000,100.00000000000000,1.0000000000000000,0.0000000000000000,0.50000000000000000,5.0000000000000000,5.0000000000000000,5.0000000000000000e-09,true,
1474,ATM_analytic,Put,0.99735570100358180,100.00000000000000,100.00000000000000,1.0000000000000000,1.0000000000000000e-20,0.50000000000000000,5.0000000000000000,5.0000000000000000,5.0000000000000000e-09,true,
1475,ATM_analytic,Call,0.99735570100358180,100.00000000000000,100.00000000000000,1.0000000000000000,1.0000000000000000e-20,0.50000000000000000,5.0000000000000000,5.0000000000000000,5.0000000000000000e-09,true,
1476,ATM_analytic,Put,0.99735570100358180,100.00000000000000,100.00000000000000,1.0000000000000000,1.0000000000000000e-16,0.50000000000000000,5.0000000000000000,5.0000000000000000,5.0000000000000000e-09,true,
1477,ATM_analytic,Call,0.99735570100358180,100.00000000000000,100.00000000000000,1.0000000000000000,1.0000000000000000e-16,0.50000000000000000,5.0000000000000000,5.0000000000000000,5.0000000000000000e-09,true,
1478,ATM_analytic,Put,0.99735570100358180,100.00000000000000,100.00000000000000,1.0000000000000000,1.0000000000000000e-15,0.50000000000000000,5.0000000000000000,5.0000000000000000,5.0000000000000000e-09,true,
1479,ATM_analytic,Call,0.99735570100358180,100.00000000000000,100.00000000000000,1.0000000000000000,1.0000000000000000e-15,0.50000000000000000,5.0000000000000000,5.0000000000000000,5.0000000000000000e-09,true,
1480,ATM_analytic,Put,0.99735570100358180,100.00000000000000,100.00000000000000,1.0000000000000000,1.0000000000000000e-10,0.50000000000000000,5.0000000000000000,5.0000000000000000,5.0000000000000000e-09,true,
1481,ATM_analytic,Call,0.99735570100358180,100.00000000000000,100.00000000000000,1.0000000000000000,1.0000000000000000e-10,0.50000000000000000,5.0000000000000000,5.0000000000000000,5.0000000000000000e-09,true,
1482,ATM_analytic,Put,0.99735570100358180,100.00000000000000,100.00000000000000,1.0000000000000000,0.10000000000000000,0.50000000000000000,5.0000000000000000,5.0000000000000000,5.0000000000000000e-09,true,
1483,ATM_analytic,Call,0.99735570100358180,100.00000000000000,100.00000000000000,1.0000000000000000,0.10000000000000000,0.50000000000000000,5.0000000000000000,5.0000000000000000,5.0000000000000000e-09,true,
1484,ATM_analytic,Put,0.99735570100358180,100.00000000000000,100.00000000000000,1.0000000000000000,2.5000000000000000,0.50000000000000000,5.0000000000000000,5.0000000000000000,5.0000000000000000e-09,true,
1485,ATM_analytic,Call,0.99735570100358180,100.00000000000000,100.00000000000000,1.0000000000000000,2.5000000000000000,0.50000000000000000,5.0000000000000000,5.0000000000000000,5.0000000000000000e-09,true,
1486,ATM_analytic,Put,0.99735570100358180,100.00000000000000,100.00000000000000,1.0000000000000000,-0.10000000000000000,0.50000000000000000,5.0000000000000000,5.0000000000000000,5.0000000000000000e-09,true,
1487,ATM_analytic,Call,0.99735570100358180,100.00000000000000,100.00000000000000,1.0000000000000000,-0.10000000000000000,0.50000000000000000,5.0000000000000000,5.0000000000000000,5.0000000000000000e-09,true,
1488,ATM_analytic,Put,0.0039894228040143280,100.00000000000000,100.00000000000000,1.0000000000000000,0.0000000000000000,1.0000000000000000,0.010000000000000000,0.0099999999999988990,1.0000000000000000e-09,true,
1489,ATM_analytic,Call,0.0039894228040143280,100.00000000000000,100.00000000000000,1.0000000000000000,0.0000000000000000,1.0000000000000000,0.010000000000000000,0.0099999999999988990,1.0000000000000000e-09,true,
1490,ATM_analytic,Put,0.0039894228040143280,100.00000000000000,100.00000000000000,1.0000000000000000,1.0000000000000000e-20,1.0000000000000000,0.010000000000000000,0.0099999999999988990,1.0000000000000000e-09,true,
1491,ATM_analytic,Call,0.0039894228040143280,100.00000000000000,100.00000000000000,1.0000000000000000,1.0000000000000000e-20,1.0000000000000000,0.010000000000000000,0.0099999999999988990,1.0000000000000000e-09,true,
1492,ATM_analytic,Put,0.0039894228040143280,100.00000000000000,100.00000000000000,1.0000000000000000,1.0000000000000000e-16,1.0000000000000000,0.010000000000000000,0.0099999999999988990,1.0000000000000000e-09,true,
1493,ATM_analytic,Call,0.0039894228040143280,100.00000000000000,100.00000000000000,1.0000000000000000,1.0000000000000000e-16,1.0000000000000000,0.010000000000000000,0.0099999999999988990,1.0000000000000000e-09,true,
1494,ATM_analytic,Put,0.0039894228040143280,100.00000000000000,100.00000000000000,1.0000000000000000,1.0000000000000000e-15,1.0000000000000000,0.010000000000000000,0.0099999999999988990,1.0000000000000000e-09,true,
1495,ATM_analytic,Call,0.0039894228040143280,100.00000000000000,100.00000000000000,1.0000000000000000,1.0000000000000000e-15,1.0000000000000000,0.010000000000000000,0.0099999999999988990,1.0000000000000000e-09,true,
1496,ATM_analytic,Put,0.0039894228040143280,100.00000000000000,100.00000000000000,1.0000000000000000,1.0000000000000000e-10,1.0000000000000000,0.010000000000000000,0.0099999999999988990,1.0000000000000000e-09,true,
1497,ATM_analytic,Call,0.0039894228040143280,100.00000000000000,100.00000000000000,1.0000000000000000,1.0000000000000000e-10,1.0000000000000000,0.010000000000000000,0.0099999999999988990,1.0000000000000000e-09,true,
1498,ATM_analytic,Put,0.0039894228040143280,100.00000000000000,100.00000000000000,1.0000000000000000,0.10000000000000000,1.0000000000000000,0.010000000000000000,0.0099999999999999950,1.0000000000000000e-09,true,
1499,ATM_analytic,Call,0.0039894228040143280,100.00000000000000,100.00000000000000,1.0000000000000000,0.10000000000000000,1.0000000000000000,0.010000000000000000,0.0099999999999999950,1.0000000000000000e-09,true,
1500,ATM_analytic,Put,0.0039894228040143280,100.00000000000000,100.00000000000000,1.0000000000000000,2.5000000000000000,1.0000000000000000,0.010000000000000000,0.010000000000000009,1.0000000000000000e-09,true,
1501,ATM_analytic,Call,0.0039894228040143280,100.00000000000000,100.00000000000000,1.0000000000000000,2.5000000000000000,1.0000000000000000,0.010000000000000000,0.010000000000000009,1.0000000000000000e-09,true,
1502,ATM_analytic,Put,0.0039894228040143280,100.00000000000000,100.00000000000000,1.0000000000000000,-0.10000000000000000,1.0000000000000000,0.010000000000000000,0.0099999999999999950,1.0000000000000000e-09,true,
1503,ATM_analytic,Call,0.0039894228040143280,100.00000000000000,100.00000000000000,1.0000000000000000,-0.10000000000000000,1.0000000000000000,0.010000000000000000,0.0099999999999999950,1.0000000000000000e-09,true,
1504,ATM_analytic,Put,0.39894228040143270,100.00000000000000,100.00000000000000,1.0000000000000000,0.0000000000000000,1.0000000000000000,1.0000000000000000,0.99999999999999980,1.0000000000000000e-09,true,
1505,ATM_analytic,Call,0.39894228040143270,100.00000000000000,100.00000000000000,1.0000000000000000,0.0000000000000000,1.0000000000000000,1.0000000000000000,0.99999999999999980,1.0000000000000000e-09,true,
1506,ATM_analytic,Put,0.39894228040143270,100.00000000000000,100.00000000000000,1.0000000000000000,1.0000000000000000e-20,1.0000000000000000,1.0000000000000000,0.99999999999999980,1.0000000000000000e-09,true,
1507,ATM_analytic,Call,0.39894228040143270,100.00000000000000,100.00000000000000,1.0000000000000000,1.0000000000000000e-20,1.0000000000000000,1.0000000000000000,0.99999999999999980,1.0000000000000000e-09,true,
1508,ATM_analytic,Put,0.39894228040143270,100.00000000000000,100.00000000000000,1.0000000000000000,1.0000000000000000e-16,1.0000000000000000,1.0000000000000000,0.99999999999999980,1.0000000000000000e-09,true,
1509,ATM_analytic,Call,0.39894228040143270,100.00000000000000,100.00000000000000,1.0000000000000000,1.0000000000000000e-16,1.0000000000000000,1.0000000000000000,0.99999999999999980,1.0000000000000000e-09,true,
1510,ATM_analytic,Put,0.39894228040143270,100.00000000000000,100.00000000000000,1.0000000000000000,1.0000000000000000e-15,1.0000000000000000,1.0000000000000000,0.99999999999999980,1.0000000000000000e-09,true,
1511,ATM_analytic,Call,0.39894228040143270,100.00000000000000,100.00000000000000,1.0000000000000000,1.0000000000000000e-15,1.0000000000000000,1.0000000000000000,0.99999999999999980,1.0000000000000000e-09,true,
1512,ATM_analytic,Put,0.39894228040143270,100.00000000000000,100.00000000000000,1.0000000000000000,1.0000000000000000e-10,1.0000000000000000,1.0000000000000000,0.99999999999999980,1.0000000000000000e-09,true,
1513,ATM_analytic,Call,0.39894228040143270,100.00000000000000,100.00000000000000,1.0000000000000000,1.0000000000000000e-10,1.0000000000000000,1.0000000000000000,0.99999999999999980,1.0000000000000000e-09,true,
1514,ATM_analytic,Put,0.39894228040143270,100.00000000000000,100.00000000000000,1.0000000000000000,0.10000000000000000,1.0000000000000000,1.0000000000000000,1.0000000000000000,1.0000000000000000e-09,true,
1515,ATM_analytic,Call,0.39894228040143270,100.00000000000000,100.00000000000000,1.0000000000000000,0.10000000000000000,1.0000000000000000,1.0000000000000000,1.0000000000000000,1.0000000000000000e-09,true,
1516,ATM_analytic,Put,0.39894228040143270,100.00000000000000,100.00000000000000,1.0000000000000000,2.5000000000000000,1.0000000000000000,1.0000000000000000,1.0000000000000000,1.0000000000000000e-09,true,
1517,ATM_analytic,Call,0.39894228040143270,100.00000000000000,100.00000000000000,1.0000000000000000,2.5000000000000000,1.0000000000000000,1.0000000000000000,1.0000000000000000,1.0000000000000000e-09,true,
1518,ATM_analytic,Put,0.39894228040143270,100.00000000000000,100.00000000000000,1.0000000000000000,-0.10000000000000000,1.0000000000000000,1.0000000000000000,1.0000000000000000,1.0000000000000000e-09,true,
1519,ATM_analytic,Call,0.39894228040143270,100.00000000000000,100.00000000000000,1.0000000000000000,-0.10000000000000000,1.0000000000000000,1.0000000000000000,1.0000000000000000,1.0000000000000000e-09,true,
1520,ATM_analytic,Put,1.9947114020071637,100.00000000000000,100.00000000000000,1.0000000000000000,0.0000000000000000,1.0000000000000000,5.0000000000000000,5.0000000000000000,5.0000000000000000e-09,true,
1521,ATM_analytic,Call,1.9947114020071637,100.00000000000000,100.00000000000000,1.0000000000000000,0.0000000000000000,1.0000000000000000,5.0000000000000000,5.0000000000000000,5.0000000000000000e-09,true,
1522,ATM_analytic,Put,1.9947114020071637,100.00000000000000,100.00000000000000,1.0000000000000000,1.0000000000000000e-20,1.0000000000000000,5.0000000000000000,5.0000000000000000,5.0000000000000000e-09,true,
1523,ATM_analytic,Call,1.9947114020071637,100.00000000000000,100.00000000000000,1.0000000000000000,1.0000000000000000e-20,1.0000000000000000,5.0000000000000000,5.0000000000000000,5.0000000000000000e-09,true,
1524,ATM_analytic,Put,1.9947114020071637,100.00000000000000,100.00000000000000,1.0000000000000000,1.0000000000000000e-16,1.0000000000000000,5.0000000000000000,5.0000000000000000,5.0000000000000000e-09,true,
1525,ATM_analytic,Call,1.9947114020071637,100.00000000000000,100.00000000000000,1.0000000000000000,1.0000000000000000e-16,1.0000000000000000,5.0000000000000000,5.0000000000000000,5.0000000000000000e-09,true,
1526,ATM_analytic,Put,1.9947114020071637,100.00000000000000,100.00000000000000,1.0000000000000000,1.0000000000000000e-15,1.0000000000000000,5.0000000000000000,5.0000000000000000,5.0000000000000000e-09,true,
1527,ATM_analytic,Call,1.9947114020071637,100.00000000000000,100.00000000000000,1.0000000000000000,1.0000000000000000e-15,1.0000000000000000,5.0000000000000000,5.0000000000000000,5.0000000000000000e-09,true,
1528,ATM_analytic,Put,1.9947114020071637,100.00000000000000,100.00000000000000,1.0000000000000000,1.0000000000000000e-10,1.0000000000000000,5.0000000000000000,5.0000000000000000,5.0000000000000000e-09,true,
1529,ATM_analytic,Call,1.9947114020071637,100.00000000000000,100.00000000000000,1.0000000000000000,1.0000000000000000e-10,1.0000000000000000,5.0000000000000000,5.0000000000000000,5.0000000000000000e-09,true,
1530,ATM_analytic,Put,1.9947114020071637,100.00000000000000,100.00000000000000,1.0000000000000000,0.10000000000000000,1.0000000000000000,5.0000000000000000,5.0000000000000000,5.0000000000000000e-09,true,
1531,ATM_analytic,Call,1.9947114020071637,100.00000000000000,100.00000000000000,1.0000000000000000,0.10000000000000000,1.0000000000000000,5.0000000000000000,5.0000000000000000,5.0000000000000000e-09,true,
1532,ATM_analytic,Put,1.9947114020071637,100.00000000000000,100.00000000000000,1.0000000000000000,2.5000000000000000,1.0000000000000000,5.0000000000000000,5.0000000000000000,5.0000000000000000e-09,true,
1533,ATM_analytic,Call,1.9947114020071637,100.00000000000000,100.00000000000000,1.0000000000000000,2.5000000000000000,1.0000000000000000,5.0000000000000000,5.0000000000000000,5.0000000000000000e-09,true,
1534,ATM_analytic,Put,1.9947114020071637,100.00000000000000,100.00000000000000,1.0000000000000000,-0.10000000000000000,1.0000000000000000,5.0000000000000000,5.0000000000000000,5.0000000000000000e-09,true,
1535,ATM_analytic,Call,1.9947114020071637,100.00000000000000,100.00000000000000,1.0000000000000000,-0.10000000000000000,1.0000000000000000,5.0000000000000000,5.0000000000000000,5.0000000000000000e-09,true,
1536,ATM_analytic,Put,0.0079788456080286550,100.00000000000000,100.00000000000000,1.0000000000000000,0.0000000000000000,2.0000000000000000,0.010000000000000000,0.0099999999999988990,1.0000000000000000e-09,true,
1537,ATM_analytic,Call,0.0079788456080286550,100.00000000000000,100.00000000000000,1.0000000000000000,0.0000000000000000,2.0000000000000000,0.010000000000000000,0.0099999999999988990,1.0000000000000000e-09,true,
1538,ATM_analytic,Put,0.0079788456080286550,100.00000000000000,100.00000000000000,1.0000000000000000,1.0000000000000000e-20,2.0000000000000000,0.010000000000000000,0.0099999999999988990,1.0000000000000000e-09,true,
1539,ATM_analytic,Call,0.0079788456080286550,100.00000000000000,100.00000000000000,1.0000000000000000,1.0000000000000000e-20,2.0000000000000000,0.010000000000000000,0.0099999999999988990,1.0000000000000000e-09,true,
1540,ATM_analytic,Put,0.0079788456080286550,100.00000000000000,100.00000000000000,1.0000000000000000,1.0000000000000000e-16,2.0000000000000000,0.010000000000000000,0.0099999999999988990,1.0000000000000000e-09,true,
1541,ATM_analytic,Call,0.0079788456080286550,100.00000000000000,100.00000000000000,1.0000000000000000,1.0000000000000000e-16,2.0000000000000000,0.010000000000000000,0.0099999999999988990,1.0000000000000000e-09,true,
1542,ATM_analytic,Put,0.0079788456080286550,100.00000000000000,100.00000000000000,1.0000000000000000,1.0000000000000000e-15,2.0000000000000000,0.010000000000000000,0.0099999999999988990,1.0000000000000000e-09,true,
1543,ATM_analytic,Call,0.0079788456080286550,100.00000000000000,100.00000000000000,1.0000000000000000,1.0000000000000000e-15,2.0000000000000000,0.010000000000000000,0.0099999999999988990,1.0000000000000000e-09,true,
1544,ATM_analytic,Put,0.0079788456080286550,100.00000000000000,100.00000000000000,1.0000000000000000,1.0000000000000000e-10,2.0000000000000000,0.010000000000000000,0.0099999999999988990,1.0000000000000000e-09,true,
1545,ATM_analytic,Call,0.0079788456080286550,100.00000000000000,100.00000000000000,1.0000000000000000,1.0000000000000000e-10,2.0000000000000000,0.010000000000000000,0.0099999999999988990,1.0000000000000000e-09,true,
1546,ATM_analytic,Put,0.0079788456080286550,100.00000000000000,100.00000000000000,1.0000000000000000,0.10000000000000000,2.0000000000000000,0.010000000000000000,0.0099999999999999950,1.0000000000000000e-09,true,
1547,ATM_analytic,Call,0.0079788456080286550,100.00000000000000,100.00000000000000,1.0000000000000000,0.10000000000000000,2.0000000000000000,0.010000000000000000,0.0099999999999999950,1.0000000000000000e-09,true,
1548,ATM_analytic,Put,0.0079788456080286550,100.00000000000000,100.00000000000000,1.0000000000000000,2.5000000000000000,2.0000000000000000,0.010000000000000000,0.010000000000000009,1.0000000000000000e-09,true,
1549,ATM_analytic,Call,0.0079788456080286550,100.00000000000000,100.00000000000000,1.0000000000000000,2.5000000000000000,2.0000000000000000,0.010000000000000000,0.010000000000000009,1.0000000000000000e-09,true,
1550,ATM_analytic,Put,0.0079788456080286550,100.00000000000000,100.00000000000000,1.0000000000000000,-0.10000000000000000,2.0000000000000000,0.010000000000000000,0.0099999999999999950,1.0000000000000000e-09,true,
1551,ATM_analytic,Call,0.0079788456080286550,100.00000000000000,100.00000000000000,1.0000000000000000,-0.10000000000000000,2.0000000000000000,0.010000000000000000,0.0099999999999999950,1.0000000000000000e-09,true,
1552,ATM_analytic,Put,0.79788456080286540,100.00000000000000,100.00000000000000,1.0000000000000000,0.0000000000000000,2.0000000000000000,1.0000000000000000,0.99999999999999980,1.0000000000000000e-09,true,
1553,ATM_analytic,Call,0.79788456080286540,100.00000000000000,100.00000000000000,1.0000000000000000,0.0000000000000000,2.0000000000000000,1.0000000000000000,0.99999999999999980,1.0000000000000000e-09,true,
1554,ATM_analytic,Put,0.79788456080286540,100.00000000000000,100.00000000000000,1.0000000000000000,1.0000000000000000e-20,2.0000000000000000,1.0000000000000000,0.99999999999999980,1.0000000000000000e-09,true,
1555,ATM_analytic,Call,0.79788456080286540,100.00000000000000,100.00000000000000,1.0000000000000000,1.0000000000000000e-20,2.0000000000000000,1.0000000000000000,0.99999999999999980,1.0000000000000000e-09,true,
1556,ATM_analytic,Put,0.79788456080286540,100.00000000000000,100.00000000000000,1.0000000000000000,1.0000000000000000e-16,2.0000000000000000,1.0000000000000000,0.99999999999999980,1.0000000000000000e-09,true,
1557,ATM_analytic,Call,0.79788456080286540,100.00000000000000,100.00000000000000,1.0000000000000000,1.0000000000000000e-16,2.0000000000000000,1.0000000000000000,0.99999999999999980,1.0000000000000000e-09,true,
1558,ATM_analytic,Put,0.79788456080286540,100.00000000000000,100.00000000000000,1.0000000000000000,1.0000000000000000e-15,2.0000000000000000,1.0000000000000000,0.99999999999999980,1.0000000000000000e-09,true,
1559,ATM_analytic,Call,0.79788456080286540,100.00000000000000,100.00000000000000,1.0000000000000000,1.0000000000000000e-15,2.0000000000000000,1.0000000000000000,0.99999999999999980,1.0000000000000000e-09,true,
1560,ATM_analytic,Put,0.79788456080286540,100.00000000000000,100.00000000000000,1.0000000000000000,1.0000000000000000e-10,2.0000000000000000,1.0000000000000000,0.99999999999999980,1.0000000000000000e-09,true,
1561,ATM_analytic,Call,0.79788456080286540,100.00000000000000,100.00000000000000,1.0000000000000000,1.0000000000000000e-10,2.0000000000000000,1.0000000000000000,0.99999999999999980,1.0000000000000000e-09,true,
1562,ATM_analytic,Put,0.79788456080286540,100.00000000000000,100.00000000000000,1.0000000000000000,0.10000000000000000,2.0000000000000000,1.0000000000000000,1.0000000000000000,1.0000000000000000e-09,true,
1563,ATM_analytic,Call,0.79788456080286540,100.00000000000000,100.00000000000000,1.0000000000000000,0.10000000000000000,2.0000000000000000,1.0000000000000000,1.0000000000000000,1.0000000000000000e-09,true,
1564,ATM_analytic,Put,0.79788456080286540,100.00000000000000,100.00000000000000,1.0000000000000000,2.5000000000000000,2.0000000000000000,1.0000000000000000,1.0000000000000000,1.0000000000000000e-09,true,
1565,ATM_analytic,Call,0.79788456080286540,100.00000000000000,100.00000000000000,1.0000000000000000,2.5000000000000000,2.0000000000000000,1.0000000000000000,1.0000000000000000,1.0000000000000000e-09,true,
1566,ATM_analytic,Put,0.79788456080286540,100.00000000000000,100.00000000000000,1.0000000000000000,-0.10000000000000000,2.0000000000000000,1.0000000000000000,1.0000000000000000,1.0000000000000000e-09,true,
1567,ATM_analytic,Call,0.79788456080286540,100.00000000000000,100.00000000000000,1.0000000000000000,-0.10000000000000000,2.0000000000000000,1.0000000000000000,1.0000000000000000,1.0000000000000000e-09,true,
1568,ATM_analytic,Put,3.9894228040143274,100.00000000000000,100.00000000000000,1.0000000000000000,0.0000000000000000,2.0000000000000000,5.0000000000000000,5.0000000000000000,5.0000000000000000e-09,true,
1569,ATM_analytic,Call,3.9894228040143274,100.00000000000000,100.00000000000000,1.0000000000000000,0.0000000000000000,2.0000000000000000,5.0000000000000000,5.0000000000000000,5.0000000000000000e-09,true,
1570,ATM_analytic,Put,3.9894228040143274,100.00000000000000,100.00000000000000,1.0000000000000000,1.0000000000000000e-20,2.0000000000000000,5.0000000000000000,5.0000000000000000,5.0000000000000000e-09,true,
1571,ATM_analytic,Call,3.9894228040143274,100.00000000000000,100.00000000000000,1.0000000000000000,1.0000000000000000e-20,2.0000000000000000,5.0000000000000000,5.0000000000000000,5.0000000000000000e-09,true,
1572,ATM_analytic,Put,3.9894228040143274,100.00000000000000,100.00000000000000,1.0000000000000000,1.0000000000000000e-16,2.0000000000000000,5.0000000000000000,5.0000000000000000,5.0000000000000000e-09,true,
1573,ATM_analytic,Call,3.9894228040143274,100.00000000000000,100.00000000000000,1.0000000000000000,1.0000000000000000e-16,2.0000000000000000,5.0000000000000000,5.0000000000000000,5.0000000000000000e-09,true,
1574,ATM_analytic,Put,3.9894228040143274,100.00000000000000,100.00000000000000,1.0000000000000000,1.0000000000000000e-15,2.0000000000000000,5.0000000000000000,5.0000000000000000,5.0000000000000000e-09,true,
1575,ATM_analytic,Call,3.9894228040143274,100.00000000000000,100.00000000000000,1.0000000000000000,1.0000000000000000e-15,2.0000000000000000,5.0000000000000000,5.0000000000000000,5.0000000000000000e-09,true,
1576,ATM_analytic,Put,3.9894228040143274,100.00000000000000,100.00000000000000,1.0000000000000000,1.0000000000000000e-10,2.0000000000000000,5.0000000000000000,5.0000000000000000,5.0000000000000000e-09,true,
1577,ATM_analytic,Call,3.9894228040143274,100.00000000000000,100.00000000000000,1.0000000000000000,1.0000000000000000e-10,2.0000000000000000,5.0000000000000000,5.0000000000000000,5.0000000000000000e-09,true,
1578,ATM_analytic,Put,3.9894228040143274,100.00000000000000,100.00000000000000,1.0000000000000000,0.10000000000000000,2.0000000000000000,5.0000000000000000,5.0000000000000000,5.0000000000000000e-09,true,
1579,ATM_analytic,Call,3.9894228040143274,100.00000000000000,100.00000000000000,1.0000000000000000,0.10000000000000000,2.0000000000000000,5.0000000000000000,5.0000000000000000,5.0000000000000000e-09,true,
1580,ATM_analytic,Put,3.9894228040143274,100.00000000000000,100.00000000000000,1.0000000000000000,2.5000000000000000,2.0000000000000000,5.0000000000000000,5.0000000000000000,5.0000000000000000e-09,true,
1581,ATM_analytic,Call,3.9894228040143274,100.00000000000000,100.00000000000000,1.0000000000000000,2.5000000000000000,2.0000000000000000,5.0000000000000000,5.0000000000000000,5.0000000000000000e-09,true,
1582,ATM_analytic,Put,3.9894228040143274,100.00000000000000,100.00000000000000,1.0000000000000000,-0.10000000000000000,2.0000000000000000,5.0000000000000000,5.0000000000000000,5.0000000000000000e-09,true,
1583,ATM_analytic,Call,3.9894228040143274,100.00000000000000,100.00000000000000,1.0000000000000000,-0.10000000000000000,2.0000000000000000,5.0000000000000000,5.0000000000000000,5.0000000000000000e-09,true,
1584,ATM_analytic,Put,0.0039894228040143280,100.00000000000000,100.00000000000000,4.0000000000000000,0.0000000000000000,0.50000000000000000,0.010000000000000000,0.0099999999999988990,1.0000000000000000e-09,true,
1585,ATM_analytic,Call,0.0039894228040143280,100.00000000000000,100.00000000000000,4.0000000000000000,0.0000000000000000,0.50000000000000000,0.010000000000000000,0.0099999999999988990,1.0000000000000000e-09,true,
1586,ATM_analytic,Put,0.0039894228040143280,100.00000000000000,100.00000000000000,4.0000000000000000,1.0000000000000000e-20,0.50000000000000000,0.010000000000000000,0.0099999999999988990,1.0000000000000000e-09,true,
1587,ATM_analytic,Call,0.0039894228040143280,100.00000000000000,100.00000000000000,4.0000000000000000,1.0000000000000000e-20,0.50000000000000000,0.010000000000000000,0.0099999999999988990,1.0000000000000000e-09,true,
1588,ATM_analytic,Put,0.0039894228040143280,100.00000000000000,100.00000000000000,4.0000000000000000,1.0000000000000000e-16,0.50000000000000000,0.010000000000000000,0.0099999999999988990,1.0000000000000000e-09,true,
1589,ATM_analytic,Call,0.0039894228040143280,100.00000000000000,100.00000000000000,4.0000000000000000,1.0000000000000000e-16,0.50000000000000000,0.010000000000000000,0.0099999999999988990,1.0000000000000000e-09,true,
1590,ATM_analytic,Put,0.0039894228040143280,100.00000000000000,100.00000000000000,4.0000000000000000,1.0000000000000000e-15,0.50000000000000000,0.010000000000000000,0.0099999999999988990,1.0000000000000000e-09,true,
1591,ATM_analytic,Call,0.0039894228040143280,100.00000000000000,100.00000000000000,4.0000000000000000,1.0000000000000000e-15,0.50000000000000000,0.010000000000000000,0.0099999999999988990,1.0000000000000000e-09,true,
1592,ATM_analytic,Put,0.0039894228040143280,100.00000000000000,100.00000000000000,4.0000000000000000,1.0000000000000000e-10,0.50000000000000000,0.010000000000000000,0.0099999999999988990,1.0000000000000000e-09,true,
1593,ATM_analytic,Call,0.0039894228040143280,100.00000000000000,100.00000000000000,4.0000000000000000,1.0000000000000000e-10,0.50000000000000000,0.010000000000000000,0.0099999999999988990,1.0000000000000000e-09,true,
1594,ATM_analytic,Put,0.0039894228040143280,100.00000000000000,100.00000000000000,4.0000000000000000,0.10000000000000000,0.50000000000000000,0.010000000000000000,0.0099999999999999950,1.0000000000000000e-09,true,
1595,ATM_analytic,Call,0.0039894228040143280,100.00000000000000,100.00000000000000,4.0000000000000000,0.10000000000000000,0.50000000000000000,0.010000000000000000,0.0099999999999999950,1.0000000000000000e-09,true,
1596,ATM_analytic,Put,0.0039894228040143280,100.00000000000000,100.00000000000000,4.0000000000000000,2.5000000000000000,0.50000000000000000,0.010000000000000000,0.010000000000000009,1.0000000000000000e-09,true,
1597,ATM_analytic,Call,0.0039894228040143280,100.00000000000000,100.00000000000000,4.0000000000000000,2.5000000000000000,0.50000000000000000,0.010000000000000000,0.010000000000000009,1.0000000000000000e-09,true,
1598,ATM_analytic,Put,0.0039894228040143280,100.00000000000000,100.00000000000000,4.0000000000000000,-0.10000000000000000,0.50000000000000000,0.010000000000000000,0.0099999999999999950,1.0000000000000000e-09,true,
1599,ATM_analytic,Call,0.0039894228040143280,100.00000000000000,100.00000000000000,4.0000000000000000,-0.10000000000000000,0.50000000000000000,0.010000000000000000,0.0099999999999999950,1.0000000000000000e-09,true,
1600,ATM_analytic,Put,0.39894228040143270,100.00000000000000,100.00000000000000,4.0000000000000000,0.0000000000000000,0.50000000000000000,1.0000000000000000,0.99999999999999980,1.0000000000000000e-09,true,
1601,ATM_analytic,Call,0.39894228040143270,100.00000000000000,100.00000000000000,4.0000000000000000,0.0000000000000000,0.50000000000000000,1.0000000000000000,0.99999999999999980,1.0000000000000000e-09,true,
1602,ATM_analytic,Put,0.39894228040143270,100.00000000000000,100.00000000000000,4.0000000000000000,1.0000000000000000e-20,0.50000000000000000,1.0000000000000000,0.99999999999999980,1.0000000000000000e-09,true,
1603,ATM_analytic,Call,0.39894228040143270,100.00000000000000,100.00000000000000,4.0000000000000000,1.0000000000000000e-20,0.50000000000000000,1.0000000000000000,0.99999999999999980,1.0000000000000000e-09,true,
1604,ATM_analytic,Put,0.39894228040143270,100.00000000000000,100.00000000000000,4.0000000000000000,1.0000000000000000e-16,0.50000000000000000,1.0000000000000000,0.99999999999999980,1.0000000000000000e-09,true,
1605,ATM_analytic,Call,0.39894228040143270,100.00000000000000,100.00000000000000,4.0000000000000000,1.0000000000000000e-16,0.50000000000000000,1.0000000000000000,0.99999999999999980,1.0000000000000000e-09,true,
1606,ATM_analytic,Put,0.39894228040143270,100.00000000000000,100.00000000000000,4.0000000000000000,1.0000000000000000e-15,0.50000000000000000,1.0000000000000000,0.99999999999999980,1.0000000000000000e-09,true,
1607,ATM_analytic,Call,0.39894228040143270,100.00000000000000,100.00000000000000,4.0000000000000000,1.0000000000000000e-15,0.50000000000000000,1.0000000000000000,0.99999999999999980,1.0000000000000000e-09,true,
1608,ATM_analytic,Put,0.39894228040143270,100.00000000000000,100.00000000000000,4.0000000000000000,1.0000000000000000e-10,0.50000000000000000,1.0000000000000000,0.99999999999999980,1.0000000000000000e-09,true,
1609,ATM_analytic,Call,0.39894228040143270,100.00000000000000,100.00000000000000,4.0000000000000000,1.0000000000000000e-10,0.50000000000000000,1.0000000000000000,0.99999999999999980,1.0000000000000000e-09,true,
1610,ATM_analytic,Put,0.39894228040143270,100.00000000000000,100.00000000000000,4.0000000000000000,0.10000000000000000,0.50000000000000000,1.0000000000000000,1.0000000000000000,1.0000000000000000e-09,true,
1611,ATM_analytic,Call,0.39894228040143270,100.00000000000000,100.00000000000000,4.0000000000000000,0.10000000000000000,0.50000000000000000,1.0000000000000000,1.0000000000000000,1.0000000000000000e-09,true,
1612,ATM_analytic,Put,0.39894228040143270,100.00000000000000,100.00000000000000,4.0000000000000000,2.5000000000000000,0.50000000000000000,1.0000000000000000,1.0000000000000000,1.0000000000000000e-09,true,
1613,ATM_analytic,Call,0.39894228040143270,100.00000000000000,100.00000000000000,4.0000000000000000,2.5000000000000000,0.50000000000000000,1.0000000000000000,1.0000000000000000,1.0000000000000000e-09,true,
1614,ATM_analytic,Put,0.39894228040143270,100.00000000000000,100.00000000000000,4.0000000000000000,-0.10000000000000000,0.50000000000000000,1.0000000000000000,1.0000000000000000,1.0000000000000000e-09,true,
1615,ATM_analytic,Call,0.39894228040143270,100.00000000000000,100.00000000000000,4.0000000000000000,-0.10000000000000000,0.50000000000000000,1.0000000000000000,1.0000000000000000,1.0000000000000000e-09,true,
1616,ATM_analytic,Put,1.9947114020071637,100.00000000000000,100.00000000000000,4.0000000000000000,0.0000000000000000,0.50000000000000000,5.0000000000000000,5.0000000000000000,5.0000000000000000e-09,true,
1617,ATM_analytic,Call,1.9947114020071637,100.00000000000000,100.00000000000000,4.0000000000000000,0.0000000000000000,0.50000000000000000,5.0000000000000000,5.0000000000000000,5.0000000000000000e-09,true,
1618,ATM_analytic,Put,1.9947114020071637,100.00000000000000,100.00000000000000,4.0000000000000000,1.0000000000000000e-20,0.50000000000000000,5.0000000000000000,5.0000000000000000,5.0000000000000000e-09,true,
1619,ATM_analytic,Call,1.9947114020071637,100.00000000000000,100.00000000000000,4.0000000000000000,1.0000000000000000e-20,0.50000000000000000,5.0000000000000000,5.0000000000000000,5.0000000000000000e-09,true,
1620,ATM_analytic,Put,1.9947114020071637,100.00000000000000,100.00000000000000,4.0000000000000000,1.0000000000000000e-16,0.50000000000000000,5.0000000000000000,5.0000000000000000,5.0000000000000000e-09,true,
1621,ATM_analytic,Call,1.9947114020071637,100.00000000000000,100.00000000000000,4.0000000000000000,1.0000000000000000e-16,0.50000000000000000,5.0000000000000000,5.0000000000000000,5.0000000000000000e-09,true,
1622,ATM_analytic,Put,1.9947114020071637,100.00000000000000,100.00000000000000,4.0000000000000000,1.0000000000000000e-15,0.50000000000000000,5.0000000000000000,5.0000000000000000,5.0000000000000000e-09,true,
1623,ATM_analytic,Call,1.9947114020071637,100.00000000000000,100.00000000000000,4.0000000000000000,1.0000000000000000e-15,0.50000000000000000,5.0000000000000000,5.0000000000000000,5.0000000000000000e-09,true,
1624,ATM_analytic,Put,1.9947114020071637,100.00000000000000,100.00000000000000,4.0000000000000000,1.0000000000000000e-10,0.50000000000000000,5.0000000000000000,5.0000000000000000,5.0000000000000000e-09,true,
1625,ATM_analytic,Call,1.9947114020071637,100.00000000000000,100.00000000000000,4.0000000000000000,1.0000000000000000e-10,0.50000000000000000,5.0000000000000000,5.0000000000000000,5.0000000000000000e-09,true,
1626,ATM_analytic,Put,1.9947114020071637,100.00000000000000,100.00000000000000,4.0000000000000000,0.10000000000000000,0.50000000000000000,5.0000000000000000,5.0000000000000000,5.0000000000000000e-09,true,
1627,ATM_analytic,Call,1.9947114020071637,100.00000000000000,100.00000000000000,4.0000000000000000,0.10000000000000000,0.50000000000000000,5.0000000000000000,5.0000000000000000,5.0000000000000000e-09,true,
1628,ATM_analytic,Put,1.9947114020071637,100.00000000000000,100.00000000000000,4.0000000000000000,2.5000000000000000,0.50000000000000000,5.0000000000000000,5.0000000000000000,5.0000000000000000e-09,true,
1629,ATM_analytic,Call,1.9947114020071637,100.00000000000000,100.00000000000000,4.0000000000000000,2.5000000000000000,0.50000000000000000,5.0000000000000000,5.0000000000000000,5.0000000000000000e-09,true,
1630,ATM_analytic,Put,1.9947114020071637,100.00000000000000,100.00000000000000,4.0000000000000000,-0.10000000000000000,0.50000000000000000,5.0000000000000000,5.0000000000000000,5.0000000000000000e-09,true,
1631,ATM_analytic,Call,1.9947114020071637,100.00000000000000,100.00000000000000,4.0000000000000000,-0.10000000000000000,0.50000000000000000,5.0000000000000000,5.0000000000000000,5.0000000000000000e-09,true,
1632,ATM_analytic,Put,0.0079788456080286550,100.00000000000000,100.00000000000000,4.0000000000000000,0.0000000000000000,1.0000000000000000,0.010000000000000000,0.0099999999999988990,1.0000000000000000e-09,true,
1633,ATM_analytic,Call,0.0079788456080286550,100.00000000000000,100.00000000000000,4.0000000000000000,0.0000000000000000,1.0000000000000000,0.010000000000000000,0.0099999999999988990,1.0000000000000000e-09,true,
1634,ATM_analytic,Put,0.0079788456080286550,100.00000000000000,100.00000000000000,4.0000000000000000,1.0000000000000000e-20,1.0000000000000000,0.010000000000000000,0.0099999999999988990,1.0000000000000000e-09,true,
1635,ATM_analytic,Call,0.0079788456080286550,100.00000000000000,100.00000000000000,4.0000000000000000,1.0000000000000000e-20,1.0000000000000000,0.010000000000000000,0.0099999999999988990,1.0000000000000000e-09,true,
1636,ATM_analytic,Put,0.0079788456080286550,100.00000000000000,100.00000000000000,4.0000000000000000,1.0000000000000000e-16,1.0000000000000000,0.010000000000000000,0.0099999999999988990,1.0000000000000000e-09,true,
1637,ATM_analytic,Call,0.0079788456080286550,100.00000000000000,100.00000000000000,4.0000000000000000,1.0000000000000000e-16,1.0000000000000000,0.010000000000000000,0.0099999999999988990,1.0000000000000000e-09,true,
1638,ATM_analytic,Put,0.0079788456080286550,100.00000000000000,100.00000000000000,4.0000000000000000,1.0000000000000000e-15,1.0000000000000000,0.010000000000000000,0.0099999999999988990,1.0000000000000000e-09,true,
1639,ATM_analytic,Call,0.0079788456080286550,100.00000000000000,100.00000000000000,4.0000000000000000,1.0000000000000000e-15,1.0000000000000000,0.010000000000000000,0.0099999999999988990,1.0000000000000000e-09,true,
1640,ATM_analytic,Put,0.0079788456080286550,100.00000000000000,100.00000000000000,4.0000000000000000,1.0000000000000000e-10,1.0000000000000000,0.010000000000000000,0.0099999999999988990,1.0000000000000000e-09,true,
1641,ATM_analytic,Call,0.0079788456080286550,100.00000000000000,100.00000000000000,4.0000000000000000,1.0000000000000000e-10,1.0000000000000000,0.010000000000000000,0.0099999999999988990,1.0000000000000000e-09,true,
1642,ATM_analytic,Put,0.0079788456080286550,100.00000000000000,100.00000000000000,4.0000000000000000,0.10000000000000000,1.0000000000000000,0.010000000000000000,0.0099999999999999950,1.0000000000000000e-09,true,
1643,ATM_analytic,Call,0.0079788456080286550,100.00000000000000,100.00000000000000,4.0000000000000000,0.10000000000000000,1.0000000000000000,0.010000000000000000,0.0099999999999999950,1.0000000000000000e-09,true,
1644,ATM_analytic,Put,0.0079788456080286550,100.00000000000000,100.00000000000000,4.0000000000000000,2.5000000000000000,1.0000000000000000,0.010000000000000000,0.010000000000000009,1.0000000000000000e-09,true,
1645,ATM_analytic,Call,0.0079788456080286550,100.00000000000000,100.00000000000000,4.0000000000000000,2.5000000000000000,1.0000000000000000,0.010000000000000000,0.010000000000000009,1.0000000000000000e-09,true,
1646,ATM_analytic,Put,0.0079788456080286550,100.00000000000000,100.00000000000000,4.0000000000000000,-0.10000000000000000,1.0000000000000000,0.010000000000000000,0.0099999999999999950,1.0000000000000000e-09,true,
1647,ATM_analytic,Call,0.0079788456080286550,100.00000000000000,100.00000000000000,4.0000000000000000,-0.10000000000000000,1.0000000000000000,0.010000000000000000,0.0099999999999999950,1.0000000000000000e-09,true,
1648,ATM_analytic,Put,0.79788456080286540,100.00000000000000,100.00000000000000,4.0000000000000000,0.0000000000000000,1.0000000000000000,1.0000000000000000,0.99999999999999980,1.0000000000000000e-09,true,
1649,ATM_analytic,Call,0.79788456080286540,100.00000000000000,100.00000000000000,4.0000000000000000,0.0000000000000000,1.0000000000000000,1.0000000000000000,0.99999999999999980,1.0000000000000000e-09,true,
1650,ATM_analytic,Put,0.79788456080286540,100.00000000000000,100.00000000000000,4.0000000000000000,1.0000000000000000e-20,1.0000000000000000,1.0000000000000000,0.99999999999999980,1.0000000000000000e-09,true,
1651,ATM_analytic,Call,0.79788456080286540,100.00000000000000,100.00000000000000,4.0000000000000000,1.0000000000000000e-20,1.0000000000000000,1.0000000000000000,0.99999999999999980,1.0000000000000000e-09,true,
1652,ATM_analytic,Put,0.79788456080286540,100.00000000000000,100.00000000000000,4.0000000000000000,1.0000000000000000e-16,1.0000000000000000,1.0000000000000000,0.99999999999999980,1.0000000000000000e-09,true,
1653,ATM_analytic,Call,0.79788456080286540,100.00000000000000,100.00000000000000,4.0000000000000000,1.0000000000000000e-16,1.0000000000000000,1.0000000000000000,0.99999999999999980,1.0000000000000000e-09,true,
1654,ATM_analytic,Put,0.79788456080286540,100.00000000000000,100.00000000000000,4.0000000000000000,1.0000000000000000e-15,1.0000000000000000,1.0000000000000000,0.99999999999999980,1.0000000000000000e-09,true,
1655,ATM_analytic,Call,0.79788456080286540,100.00000000000000,100.00000000000000,4.0000000000000000,1.0000000000000000e-15,1.0000000000000000,1.0000000000000000,0.99999999999999980,1.0000000000000000e-09,true,
1656,ATM_analytic,Put,0.79788456080286540,100.00000000000000,100.00000000000000,4.0000000000000000,1.0000000000000000e-10,1.0000000000000000,1.0000000000000000,0.99999999999999980,1.0000000000000000e-09,true,
1657,ATM_analytic,Call,0.79788456080286540,100.00000000000000,100.00000000000000,4.0000000000000000,1.0000000000000000e-10,1.0000000000000000,1.0000000000000000,0.99999999999999980,1.0000000000000000e-09,true,
1658,ATM_analytic,Put,0.79788456080286540,100.00000000000000,100.00000000000000,4.0000000000000000,0.10000000000000000,1.0000000000000000,1.0000000000000000,1.0000000000000000,1.0000000000000000e-09,true,
1659,ATM_analytic,Call,0.79788456080286540,100.00000000000000,100.00000000000000,4.0000000000000000,0.10000000000000000,1.0000000000000000,1.0000000000000000,1.0000000000000000,1.0000000000000000e-09,true,
1660,ATM_analytic,Put,0.79788456080286540,100.00000000000000,100.00000000000000,4.0000000000000000,2.5000000000000000,1.0000000000000000,1.0000000000000000,1.0000000000000000,1.0000000000000000e-09,true,
1661,ATM_analytic,Call,0.79788456080286540,100.00000000000000,100.00000000000000,4.0000000000000000,2.5000000000000000,1.0000000000000000,1.0000000000000000,1.0000000000000000,1.0000000000000000e-09,true,
1662,ATM_analytic,Put,0.79788456080286540,100.00000000000000,100.00000000000000,4.0000000000000000,-0.10000000000000000,1.0000000000000000,1.0000000000000000,1.0000000000000000,1.0000000000000000e-09,true,
1663,ATM_analytic,Call,0.79788456080286540,100.00000000000000,100.00000000000000,4.0000000000000000,-0.10000000000000000,1.0000000000000000,1.0000000000000000,1.0000000000000000,1.0000000000000000e-09,true,
1664,ATM_analytic,Put,3.9894228040143274,100.00000000000000,100.00000000000000,4.0000000000000000,0.0000000000000000,1.0000000000000000,5.0000000000000000,5.0000000000000000,5.0000000000000000e-09,true,
1665,ATM_analytic,Call,3.9894228040143274,100.00000000000000,100.00000000000000,4.0000000000000000,0.0000000000000000,1.0000000000000000,5.0000000000000000,5.0000000000000000,5.0000000000000000e-09,true,
1666,ATM_analytic,Put,3.9894228040143274,100.00000000000000,100.00000000000000,4.0000000000000000,1.0000000000000000e-20,1.0000000000000000,5.0000000000000000,5.0000000000000000,5.0000000000000000e-09,true,
1667,ATM_analytic,Call,3.9894228040143274,100.00000000000000,100.00000000000000,4.0000000000000000,1.0000000000000000e-20,1.0000000000000000,5.0000000000000000,5.0000000000000000,5.0000000000000000e-09,true,
1668,ATM_analytic,Put,3.9894228040143274,100.00000000000000,100.00000000000000,4.0000000000000000,1.0000000000000000e-16,1.0000000000000000,5.0000000000000000,5.0000000000000000,5.0000000000000000e-09,true,
1669,ATM_analytic,Call,3.9894228040143274,100.00000000000000,100.00000000000000,4.0000000000000000,1.0000000000000000e-16,1.0000000000000000,5.0000000000000000,5.0000000000000000,5.0000000000000000e-09,true,
1670,ATM_analytic,Put,3.9894228040143274,100.00000000000000,100.00000000000000,4.0000000000000000,1.0000000000000000e-15,1.0000000000000000,5.0000000000000000,5.0000000000000000,5.0000000000000000e-09,true,
1671,ATM_analytic,Call,3.9894228040143274,100.00000000000000,100.00000000000000,4.0000000000000000,1.0000000000000000e-15,1.0000000000000000,5.0000000000000000,5.0000000000000000,5.0000000000000000e-09,true,
1672,ATM_analytic,Put,3.9894228040143274,100.00000000000000,100.00000000000000,4.0000000000000000,1.0000000000000000e-10,1.0000000000000000,5.0000000000000000,5.0000000000000000,5.0000000000000000e-09,true,
1673,ATM_analytic,Call,3.9894228040143274,100.00000000000000,100.00000000000000,4.0000000000000000,1.0000000000000000e-10,1.0000000000000000,5.0000000000000000,5.0000000000000000,5.0000000000000000e-09,true,
1674,ATM_analytic,Put,3.9894228040143274,100.00000000000000,100.00000000000000,4.0000000000000000,0.10000000000000000,1.0000000000000000,5.0000000000000000,5.0000000000000000,5.0000000000000000e-09,true,
1675,ATM_analytic,Call,3.9894228040143274,100.00000000000000,100.00000000000000,4.0000000000000000,0.10000000000000000,1.0000000000000000,5.0000000000000000,5.0000000000000000,5.0000000000000000e-09,true,
1676,ATM_analytic,Put,3.9894228040143274,100.00000000000000,100.00000000000000,4.0000000000000000,2.5000000000000000,1.0000000000000000,5.0000000000000000,5.0000000000000000,5.0000000000000000e-09,true,
1677,ATM_analytic,Call,3.9894228040143274,100.00000000000000,100.00000000000000,4.0000000000000000,2.5000000000000000,1.0000000000000000,5.0000000000000000,5.0000000000000000,5.0000000000000000e-09,true,
1678,ATM_analytic,Put,3.9894228040143274,100.00000000000000,100.00000000000000,4.0000000000000000,-0.10000000000000000,1.0000000000000000,5.0000000000000000,5.0000000000000000,5.0000000000000000e-09,true,
1679,ATM_analytic,Call,3.9894228040143274,100.00000000000000,100.00000000000000,4.0000000000000000,-0.10000000000000000,1.0000000000000000,5.0000000000000000,5.0000000000000000,5.0000000000000000e-09,true,
1680,ATM_analytic,Put,0.015957691216057310,100.00000000000000,100.00000000000000,4.0000000000000000,0.0000000000000000,2.0000000000000000,0.010000000000000000,0.0099999999999988990,1.0000000000000000e-09,true,
1681,ATM_analytic,Call,0.015957691216057310,100.00000000000000,100.00000000000000,4.0000000000000000,0.0000000000000000,2.0000000000000000,0.010000000000000000,0.0099999999999988990,1.0000000000000000e-09,true,
1682,ATM_analytic,Put,0.015957691216057310,100.00000000000000,100.00000000000000,4.0000000000000000,1.0000000000000000e-20,2.0000000000000000,0.010000000000000000,0.0099999999999988990,1.0000000000000000e-09,true,
1683,ATM_analytic,Call,0.015957691216057310,100.00000000000000,100.00000000000000,4.0000000000000000,1.0000000000000000e-20,2.0000000000000000,0.010000000000000000,0.0099999999999988990,1.0000000000000000e-09,true,
1684,ATM_analytic,Put,0.015957691216057310,100.00000000000000,100.00000000000000,4.0000000000000000,1.0000000000000000e-16,2.0000000000000000,0.010000000000000000,0.0099999999999988990,1.0000000000000000e-09,true,
1685,ATM_analytic,Call,0.015957691216057310,100.00000000000000,100.00000000000000,4.0000000000000000,1.0000000000000000e-16,2.0000000000000000,0.010000000000000000,0.0099999999999988990,1.0000000000000000e-09,true,
1686,ATM_analytic,Put,0.015957691216057310,100.00000000000000,100.00000000000000,4.0000000000000000,1.0000000000000000e-15,2.0000000000000000,0.010000000000000000,0.0099999999999988990,1.0000000000000000e-09,true,
1687,ATM_analytic,Call,0.015957691216057310,100.00000000000000,100.00000000000000,4.0000000000000000,1.0000000000000000e-15,2.0000000000000000,0.010000000000000000,0.0099999999999988990,1.0000000000000000e-09,true,
1688,ATM_analytic,Put,0.015957691216057310,100.00000000000000,100.00000000000000,4.0000000000000000,1.0000000000000000e-10,2.0000000000000000,0.010000000000000000,0.0099999999999988990,1.0000000000000000e-09,true,
1689,ATM_analytic,Call,0.015957691216057310,100.00000000000000,100.00000000000000,4.0000000000000000,1.0000000000000000e-10,2.0000000000000000,0.010000000000000000,0.0099999999999988990,1.0000000000000000e-09,true,
1690,ATM_analytic,Put,0.015957691216057310,100.00000000000000,100.00000000000000,4.0000000000000000,0.10000000000000000,2.0000000000000000,0.010000000000000000,0.0099999999999999950,1.0000000000000000e-09,true,
1691,ATM_analytic,Call,0.015957691216057310,100.00000000000000,100.00000000000000,4.0000000000000000,0.10000000000000000,2.0000000000000000,0.010000000000000000,0.0099999999999999950,1.0000000000000000e-09,true,
1692,ATM_analytic,Put,0.015957691216057310,100.00000000000000,100.00000000000000,4.0000000000000000,2.5000000000000000,2.0000000000000000,0.010000000000000000,0.010000000000000009,1.0000000000000000e-09,true,
1693,ATM_analytic,Call,0.015957691216057310,100.00000000000000,100.00000000000000,4.0000000000000000,2.5000000000000000,2.0000000000000000,0.010000000000000000,0.010000000000000009,1.0000000000000000e-09,true,
1694,ATM_analytic,Put,0.015957691216057310,100.00000000000000,100.00000000000000,4.0000000000000000,-0.10000000000000000,2.0000000000000000,0.010000000000000000,0.0099999999999999950,1.0000000000000000e-09,true,
1695,ATM_analytic,Call,0.015957691216057310,100.00000000000000,100.00000000000000,4.0000000000000000,-0.10000000000000000,2.0000000000000000,0.010000000000000000,0.0099999999999999950,1.0000000000000000e-09,true,
1696,ATM_analytic,Put,1.5957691216057308,100.00000000000000,100.00000000000000,4.0000000000000000,0.0000000000000000,2.0000000000000000,1.0000000000000000,0.99999999999999980,1.0000000000000000e-09,true,
1697,ATM_analytic,Call,1.5957691216057308,100.00000000000000,100.00000000000000,4.0000000000000000,0.0000000000000000,2.0000000000000000,1.0000000000000000,0.99999999999999980,1.0000000000000000e-09,true,
1698,ATM_analytic,Put,1.5957691216057308,100.00000000000000,100.00000000000000,4.0000000000000000,1.0000000000000000e-20,2.0000000000000000,1.0000000000000000,0.99999999999999980,1.0000000000000000e-09,true,
1699,ATM_analytic,Call,1.5957691216057308,100.00000000000000,100.00000000000000,4.0000000000000000,1.0000000000000000e-20,2.0000000000000000,1.0000000000000000,0.99999999999999980,1.0000000000000000e-09,true,
1700,ATM_analytic,Put,1.5957691216057308,100.00000000000000,100.00000000000000,4.0000000000000000,1.0000000000000000e-16,2.0000000000000000,1.0000000000000000,0.99999999999999980,1.0000000000000000e-09,true,
1701,ATM_analytic,Call,1.5957691216057308,100.00000000000000,100.00000000000000,4.0000000000000000,1.0000000000000000e-16,2.0000000000000000,1.0000000000000000,0.99999999999999980,1.0000000000000000e-09,true,
1702,ATM_analytic,Put,1.5957691216057308,100.00000000000000,100.00000000000000,4.0000000000000000,1.0000000000000000e-15,2.0000000000000000,1.0000000000000000,0.99999999999999980,1.0000000000000000e-09,true,
1703,ATM_analytic,Call,1.5957691216057308,100.00000000000000,100.00000000000000,4.0000000000000000,1.0000000000000000e-15,2.0000000000000000,1.0000000000000000,0.99999999999999980,1.0000000000000000e-09,true,
1704,ATM_analytic,Put,1.5957691216057308,100.00000000000000,100.00000000000000,4.0000000000000000,1.0000000000000000e-10,2.0000000000000000,1.0000000000000000,0.99999999999999980,1.0000000000000000e-09,true,
1705,ATM_analytic,Call,1.5957691216057308,100.00000000000000,100.00000000000000,4.0000000000000000,1.0000000000000000e-10,2.0000000000000000,1.0000000000000000,0.99999999999999980,1.0000000000000000e-09,true,
1706,ATM_analytic,Put,1.5957691216057308,100.00000000000000,100.00000000000000,4.0000000000000000,0.10000000000000000,2.0000000000000000,1.0000000000000000,1.0000000000000000,1.0000000000000000e-09,true,
1707,ATM_analytic,Call,1.5957691216057308,100.00000000000000,100.00000000000000,4.0000000000000000,0.10000000000000000,2.0000000000000000,1.0000000000000000,1.0000000000000000,1.0000000000000000e-09,true,
1708,ATM_analytic,Put,1.5957691216057308,100.00000000000000,100.00000000000000,4.0000000000000000,2.5000000000000000,2.0000000000000000,1.0000000000000000,1.0000000000000000,1.0000000000000000e-09,true,
1709,ATM_analytic,Call,1.5957691216057308,100.00000000000000,100.00000000000000,4.0000000000000000,2.5000000000000000,2.0000000000000000,1.0000000000000000,1.0000000000000000,1.0000000000000000e-09,true,
1710,ATM_analytic,Put,1.5957691216057308,100.00000000000000,100.00000000000000,4.0000000000000000,-0.10000000000000000,2.0000000000000000,1.0000000000000000,1.0000000000000000,1.0000000000000000e-09,true,
1711,ATM_analytic,Call,1.5957691216057308,100.00000000000000,100.00000000000000,4.0000000000000000,-0.10000000000000000,2.0000000000000000,1.0000000000000000,1.0000000000000000,1.0000000000000000e-09,true,
1712,ATM_analytic,Put,7.9788456080286550,100.00000000000000,100.00000000000000,4.0000000000000000,0.0000000000000000,2.0000000000000000,5.0000000000000000,5.0000000000000000,5.0000000000000000e-09,true,
1713,ATM_analytic,Call,7.9788456080286550,100.00000000000000,100.00000000000000,4.0000000000000000,0.0000000000000000,2.0000000000000000,5.0000000000000000,5.0000000000000000,5.0000000000000000e-09,true,
1714,ATM_analytic,Put,7.9788456080286550,100.00000000000000,100.00000000000000,4.0000000000000000,1.0000000000000000e-20,2.0000000000000000,5.0000000000000000,5.0000000000000000,5.0000000000000000e-09,true,
1715,ATM_analytic,Call,7.9788456080286550,100.00000000000000,100.00000000000000,4.0000000000000000,1.0000000000000000e-20,2.0000000000000000,5.0000000000000000,5.0000000000000000,5.0000000000000000e-09,true,
1716,ATM_analytic,Put,7.9788456080286550,100.00000000000000,100.00000000000000,4.0000000000000000,1.0000000000000000e-16,2.0000000000000000,5.0000000000000000,5.0000000000000000,5.0000000000000000e-09,true,
1717,ATM_analytic,Call,7.9788456080286550,100.00000000000000,100.00000000000000,4.0000000000000000,1.0000000000000000e-16,2.0000000000000000,5.0000000000000000,5.0000000000000000,5.0000000000000000e-09,true,
1718,ATM_analytic,Put,7.9788456080286550,100.00000000000000,100.00000000000000,4.0000000000000000,1.0000000000000000e-15,2.0000000000000000,5.0000000000000000,5.0000000000000000,5.0000000000000000e-09,true,
1719,ATM_analytic,Call,7.9788456080286550,100.00000000000000,100.00000000000000,4.0000000000000000,1.0000000000000000e-15,2.0000000000000000,5.0000000000000000,5.0000000000000000,5.0000000000000000e-09,true,
1720,ATM_analytic,Put,7.9788456080286550,100.00000000000000,100.00000000000000,4.0000000000000000,1.0000000000000000e-10,2.0000000000000000,5.0000000000000000,5.0000000000000000,5.0000000000000000e-09,true,
1721,ATM_analytic,Call,7.9788456080286550,100.00000000000000,100.00000000000000,4.0000000000000000,1.0000000000000000e-10,2.0000000000000000,5.0000000000000000,5.0000000000000000,5.0000000000000000e-09,true,
1722,ATM_analytic,Put,7.9788456080286550,100.00000000000000,100.00000000000000,4.0000000000000000,0.10000000000000000,2.0000000000000000,5.0000000000000000,5.0000000000000000,5.0000000000000000e-09,true,
1723,ATM_analytic,Call,7.9788456080286550,100.00000000000000,100.00000000000000,4.0000000000000000,0.10000000000000000,2.0000000000000000,5.0000000000000000,5.0000000000000000,5.0000000000000000e-09,true,
1724,ATM_analytic,Put,7.9788456080286550,100.00000000000000,100.00000000000000,4.0000000000000000,2.5000000000000000,2.0000000000000000,5.0000000000000000,5.0000000000000000,5.0000000000000000e-09,true,
1725,ATM_analytic,Call,7.9788456080286550,100.00000000000000,100.00000000000000,4.0000000000000000,2.5000000000000000,2.0000000000000000,5.0000000000000000,5.0000000000000000,5.0000000000000000e-09,true,
1726,ATM_analytic,Put,7.9788456080286550,100.00000000000000,100.00000000000000,4.0000000000000000,-0.10000000000000000,2.0000000000000000,5.0000000000000000,5.0000000000000000,5.0000000000000000e-09,true,
1727,ATM_analytic,Call,7.9788456080286550,100.00000000000000,100.00000000000000,4.0000000000000000,-0.10000000000000000,2.0000000000000000,5.0000000000000000,5.0000000000000000,5.0000000000000000e-09,true,
1728,upstream_negative_forward,Put,0.020008862283826687,-0.0050000000000000000,0.015000000000000000,1.0000000000000000,0.010000000000000000,1.0000000000000000,0.0075000000000000000,0.0075000000000000830,1.0000000000000000e-08,true,
1729,upstream_negative_forward,Call,0.011642711489467626,-0.0050000000000000000,-0.010000000000000000,5.0000000000000000,0.0010000000000000000,1.0000000000000000,0.010000000000000000,0.010000000000000005,1.0000000000000000e-08,true,
1730,upstream_negative_forward,Call,0.00099735570100358170,-0.0050000000000000000,-0.0050000000000000000,0.25000000000000000,0.0049000000000000000,1.0000000000000000,0.0050000000000000000,0.0049999999999999990,1.0000000000000000e-08,true,
1731,upstream_negative_forward,Put,0.010726893964471605,-0.0050000000000000000,0.0000000000000000,1.0000000000000000,0.040000000000000000,1.0000000000000000,0.020000000000000000,0.020000000000000004,1.0000000000000000e-08,true,
1732,intrinsic_control,Put,0.0000000000000000,-100.00000000000000,-100.00000000000000,1.0000000000000000,0.0000000000000000,1.0000000000000000,0.0000000000000000,0.0000000000000000,0.0000000000000000,true,
1733,intrinsic_control,Call,0.0000000000000000,-100.00000000000000,-100.00000000000000,1.0000000000000000,0.0000000000000000,1.0000000000000000,0.0000000000000000,0.0000000000000000,0.0000000000000000,true,
1734,intrinsic_control,Put,0.0000000000000000,-100.00000000000000,-100.00000000000000,1.0000000000000000,1.0000000000000000e-20,1.0000000000000000,0.0000000000000000,0.0000000000000000,0.0000000000000000,true,
1735,intrinsic_control,Call,0.0000000000000000,-100.00000000000000,-100.00000000000000,1.0000000000000000,1.0000000000000000e-20,1.0000000000000000,0.0000000000000000,0.0000000000000000,0.0000000000000000,true,
1736,intrinsic_control,Put,0.0000000000000000,-100.00000000000000,-100.00000000000000,1.0000000000000000,0.10000000000000000,1.0000000000000000,0.0000000000000000,0.0000000000000000,0.0000000000000000,true,
1737,intrinsic_control,Call,0.0000000000000000,-100.00000000000000,-100.00000000000000,1.0000000000000000,0.10000000000000000,1.0000000000000000,0.0000000000000000,0.0000000000000000,0.0000000000000000,true,
1738,intrinsic_control,Put,0.0000000000000000,0.0000000000000000,0.0000000000000000,1.0000000000000000,0.0000000000000000,1.0000000000000000,0.0000000000000000,0.0000000000000000,0.0000000000000000,true,
1739,intrinsic_control,Call,0.0000000000000000,0.0000000000000000,0.0000000000000000,1.0000000000000000,0.0000000000000000,1.0000000000000000,0.0000000000000000,0.0000000000000000,0.0000000000000000,true,
1740,intrinsic_control,Put,0.0000000000000000,0.0000000000000000,0.0000000000000000,1.0000000000000000,1.0000000000000000e-20,1.0000000000000000,0.0000000000000000,0.0000000000000000,0.0000000000000000,true,
1741,intrinsic_control,Call,0.0000000000000000,0.0000000000000000,0.0000000000000000,1.0000000000000000,1.0000000000000000e-20,1.0000000000000000,0.0000000000000000,0.0000000000000000,0.0000000000000000,true,
1742,intrinsic_control,Put,0.0000000000000000,0.0000000000000000,0.0000000000000000,1.0000000000000000,0.10000000000000000,1.0000000000000000,0.0000000000000000,0.0000000000000000,0.0000000000000000,true,
1743,intrinsic_control,Call,0.0000000000000000,0.0000000000000000,0.0000000000000000,1.0000000000000000,0.10000000000000000,1.0000000000000000,0.0000000000000000,0.0000000000000000,0.0000000000000000,true,
1744,intrinsic_control,Put,0.0000000000000000,100.00000000000000,100.00000000000000,1.0000000000000000,0.0000000000000000,1.0000000000000000,0.0000000000000000,0.0000000000000000,0.0000000000000000,true,
1745,intrinsic_control,Call,0.0000000000000000,100.00000000000000,100.00000000000000,1.0000000000000000,0.0000000000000000,1.0000000000000000,0.0000000000000000,0.0000000000000000,0.0000000000000000,true,
1746,intrinsic_control,Put,0.0000000000000000,100.00000000000000,100.00000000000000,1.0000000000000000,1.0000000000000000e-20,1.0000000000000000,0.0000000000000000,0.0000000000000000,0.0000000000000000,true,
1747,intrinsic_control,Call,0.0000000000000000,100.00000000000000,100.00000000000000,1.0000000000000000,1.0000000000000000e-20,1.0000000000000000,0.0000000000000000,0.0000000000000000,0.0000000000000000,true,
1748,intrinsic_control,Put,0.0000000000000000,100.00000000000000,100.00000000000000,1.0000000000000000,0.10000000000000000,1.0000000000000000,0.0000000000000000,0.0000000000000000,0.0000000000000000,true,
1749,intrinsic_control,Call,0.0000000000000000,100.00000000000000,100.00000000000000,1.0000000000000000,0.10000000000000000,1.0000000000000000,0.0000000000000000,0.0000000000000000,0.0000000000000000,true,
