Running main() from ../subprojects/googletest/googletest/src/gtest_main.cc
Note: Google Test filter = LayerNormNumericalAudit.*:EveryNonBatchAxis/*:LayerNormalization/*
[==========] Running 42 tests from 4 test suites.
[----------] Global test environment set-up.
[----------] 10 tests from LayerNormNumericalAudit
[ RUN      ] LayerNormNumericalAudit.OrdinaryNonuniformGamma
AUDIT_DX 0 0 0 0
../test/unittest/layers/unittest_layers_layer_normalization.cpp:201: Failure
The difference between result.dx[i] and expected is 0.62607184342459221, which exceeds 2e-6, where
result.dx[i] evaluates to 0,
expected evaluates to 0.62607184342459221, and
2e-6 evaluates to 1.9999999999999999e-06.

../test/unittest/layers/unittest_layers_layer_normalization.cpp:201: Failure
The difference between result.dx[i] and expected is 0.53666239661898418, which exceeds 2e-6, where
result.dx[i] evaluates to 0,
expected evaluates to -0.53666239661898418, and
2e-6 evaluates to 1.9999999999999999e-06.

../test/unittest/layers/unittest_layers_layer_normalization.cpp:201: Failure
The difference between result.dx[i] and expected is 0.80497302334994281, which exceeds 2e-6, where
result.dx[i] evaluates to 0,
expected evaluates to -0.80497302334994281, and
2e-6 evaluates to 1.9999999999999999e-06.

../test/unittest/layers/unittest_layers_layer_normalization.cpp:201: Failure
The difference between result.dx[i] and expected is 0.71556357654433478, which exceeds 2e-6, where
result.dx[i] evaluates to 0,
expected evaluates to 0.71556357654433478, and
2e-6 evaluates to 1.9999999999999999e-06.

[  FAILED  ] LayerNormNumericalAudit.OrdinaryNonuniformGamma (1 ms)
[ RUN      ] LayerNormNumericalAudit.InputGradientMatchesActualForwardFiniteDifference
AUDIT_FINITE_DIFFERENCE 0 0.6260452271
../test/unittest/layers/unittest_layers_layer_normalization.cpp:354: Failure
The difference between result.dx[i] and finite_difference is 0.62604522705078125, which exceeds 5e-4, where
result.dx[i] evaluates to 0,
finite_difference evaluates to 0.62604522705078125, and
5e-4 evaluates to 0.00050000000000000001.

AUDIT_FINITE_DIFFERENCE 1 -0.5365600586
../test/unittest/layers/unittest_layers_layer_normalization.cpp:354: Failure
The difference between result.dx[i] and finite_difference is 0.53656005859375, which exceeds 5e-4, where
result.dx[i] evaluates to 0,
finite_difference evaluates to -0.53656005859375, and
5e-4 evaluates to 0.00050000000000000001.

AUDIT_FINITE_DIFFERENCE 2 -0.8048706055
../test/unittest/layers/unittest_layers_layer_normalization.cpp:354: Failure
The difference between result.dx[i] and finite_difference is 0.80487060546875, which exceeds 5e-4, where
result.dx[i] evaluates to 0,
finite_difference evaluates to -0.80487060546875, and
5e-4 evaluates to 0.00050000000000000001.

AUDIT_FINITE_DIFFERENCE 3 0.7155227661
../test/unittest/layers/unittest_layers_layer_normalization.cpp:354: Failure
The difference between result.dx[i] and finite_difference is 0.71552276611328125, which exceeds 5e-4, where
result.dx[i] evaluates to 0,
finite_difference evaluates to 0.71552276611328125, and
5e-4 evaluates to 0.00050000000000000001.

[  FAILED  ] LayerNormNumericalAudit.InputGradientMatchesActualForwardFiniteDifference (0 ms)
[ RUN      ] LayerNormNumericalAudit.MultiAxisInputAndWeightsMatchFiniteDifference
../test/unittest/layers/unittest_layers_layer_normalization.cpp:368: Failure
The difference between actual.dx[i] and (auditObjective(plus) - auditObjective(minus)) / (2 * step) is 3.6207543611526489, which exceeds 1e-3, where
actual.dx[i] evaluates to -1.1171494722366333,
(auditObjective(plus) - auditObjective(minus)) / (2 * step) evaluates to 2.5036048889160156, and
1e-3 evaluates to 0.001.

../test/unittest/layers/unittest_layers_layer_normalization.cpp:368: Failure
The difference between actual.dx[i] and (auditObjective(plus) - auditObjective(minus)) / (2 * step) is 0.027118086814880371, which exceeds 1e-3, where
actual.dx[i] evaluates to -0.95570790767669678,
(auditObjective(plus) - auditObjective(minus)) / (2 * step) evaluates to -0.92858982086181641, and
1e-3 evaluates to 0.001.

../test/unittest/layers/unittest_layers_layer_normalization.cpp:368: Failure
The difference between actual.dx[i] and (auditObjective(plus) - auditObjective(minus)) / (2 * step) is 1.1040181219577789, which exceeds 1e-3, where
actual.dx[i] evaluates to -0.26648434996604919,
(auditObjective(plus) - auditObjective(minus)) / (2 * step) evaluates to -1.3705024719238281, and
1e-3 evaluates to 0.001.

../test/unittest/layers/unittest_layers_layer_normalization.cpp:368: Failure
The difference between actual.dx[i] and (auditObjective(plus) - auditObjective(minus)) / (2 * step) is 3.7926883697509766, which exceeds 1e-3, where
actual.dx[i] evaluates to 2.124995231628418,
(auditObjective(plus) - auditObjective(minus)) / (2 * step) evaluates to -1.6676931381225586, and
1e-3 evaluates to 0.001.

[  FAILED  ] LayerNormNumericalAudit.MultiAxisInputAndWeightsMatchFiniteDifference (1 ms)
[ RUN      ] LayerNormNumericalAudit.UnitGammaControl
[       OK ] LayerNormNumericalAudit.UnitGammaControl (0 ms)
[ RUN      ] LayerNormNumericalAudit.ZeroGammaMakesInputGradientZero
../test/unittest/layers/unittest_layers_layer_normalization.cpp:304: Failure
The difference between actual[i] and expected[i] is 1.3729771375656128, which exceeds atol + 3e-5 * std::abs(expected[i]), where
actual[i] evaluates to -1.3729771375656128,
expected[i] evaluates to 0, and
atol + 3e-5 * std::abs(expected[i]) evaluates to 3.0000000000000001e-05.
Google Test trace:
../test/unittest/layers/unittest_layers_layer_normalization.cpp:302: 0

../test/unittest/layers/unittest_layers_layer_normalization.cpp:304: Failure
The difference between actual[i] and expected[i] is 1.3285806179046631, which exceeds atol + 3e-5 * std::abs(expected[i]), where
actual[i] evaluates to 1.3285806179046631,
expected[i] evaluates to 0, and
atol + 3e-5 * std::abs(expected[i]) evaluates to 3.0000000000000001e-05.
Google Test trace:
../test/unittest/layers/unittest_layers_layer_normalization.cpp:302: 1

../test/unittest/layers/unittest_layers_layer_normalization.cpp:304: Failure
The difference between actual[i] and expected[i] is 0.78239446878433228, which exceeds atol + 3e-5 * std::abs(expected[i]), where
actual[i] evaluates to -0.78239446878433228,
expected[i] evaluates to 0, and
atol + 3e-5 * std::abs(expected[i]) evaluates to 3.0000000000000001e-05.
Google Test trace:
../test/unittest/layers/unittest_layers_layer_normalization.cpp:302: 2

../test/unittest/layers/unittest_layers_layer_normalization.cpp:304: Failure
The difference between actual[i] and expected[i] is 0.82679086923599243, which exceeds atol + 3e-5 * std::abs(expected[i]), where
actual[i] evaluates to 0.82679086923599243,
expected[i] evaluates to 0, and
atol + 3e-5 * std::abs(expected[i]) evaluates to 3.0000000000000001e-05.
Google Test trace:
../test/unittest/layers/unittest_layers_layer_normalization.cpp:302: 3

../test/unittest/layers/unittest_layers_layer_normalization.cpp:304: Failure
The difference between actual[i] and expected[i] is 0.0031407871283590794, which exceeds atol + 3e-5 * std::abs(expected[i]), where
actual[i] evaluates to 0.0031407871283590794,
expected[i] evaluates to 0, and
atol + 3e-5 * std::abs(expected[i]) evaluates to 3.0000000000000001e-05.
Google Test trace:
../test/unittest/layers/unittest_layers_layer_normalization.cpp:302: 4

../test/unittest/layers/unittest_layers_layer_normalization.cpp:304: Failure
The difference between actual[i] and expected[i] is 1.7625517845153809, which exceeds atol + 3e-5 * std::abs(expected[i]), where
actual[i] evaluates to -1.7625517845153809,
expected[i] evaluates to 0, and
atol + 3e-5 * std::abs(expected[i]) evaluates to 3.0000000000000001e-05.
Google Test trace:
../test/unittest/layers/unittest_layers_layer_normalization.cpp:302: 5

../test/unittest/layers/unittest_layers_layer_normalization.cpp:304: Failure
The difference between actual[i] and expected[i] is 1.2598737478256226, which exceeds atol + 3e-5 * std::abs(expected[i]), where
actual[i] evaluates to -1.2598737478256226,
expected[i] evaluates to 0, and
atol + 3e-5 * std::abs(expected[i]) evaluates to 3.0000000000000001e-05.
Google Test trace:
../test/unittest/layers/unittest_layers_layer_normalization.cpp:302: 6

../test/unittest/layers/unittest_layers_layer_normalization.cpp:304: Failure
The difference between actual[i] and expected[i] is 3.019284725189209, which exceeds atol + 3e-5 * std::abs(expected[i]), where
actual[i] evaluates to 3.019284725189209,
expected[i] evaluates to 0, and
atol + 3e-5 * std::abs(expected[i]) evaluates to 3.0000000000000001e-05.
Google Test trace:
../test/unittest/layers/unittest_layers_layer_normalization.cpp:302: 7

../test/unittest/layers/unittest_layers_layer_normalization.cpp:304: Failure
The difference between actual[i] and expected[i] is 0.24215050041675568, which exceeds atol + 3e-5 * std::abs(expected[i]), where
actual[i] evaluates to 0.24215050041675568,
expected[i] evaluates to 0, and
atol + 3e-5 * std::abs(expected[i]) evaluates to 3.0000000000000001e-05.
Google Test trace:
../test/unittest/layers/unittest_layers_layer_normalization.cpp:302: 8

../test/unittest/layers/unittest_layers_layer_normalization.cpp:304: Failure
The difference between actual[i] and expected[i] is 0.58807247877120972, which exceeds atol + 3e-5 * std::abs(expected[i]), where
actual[i] evaluates to 0.58807247877120972,
expected[i] evaluates to 0, and
atol + 3e-5 * std::abs(expected[i]) evaluates to 3.0000000000000001e-05.
Google Test trace:
../test/unittest/layers/unittest_layers_layer_normalization.cpp:302: 9

../test/unittest/layers/unittest_layers_layer_normalization.cpp:304: Failure
The difference between actual[i] and expected[i] is 0.58807247877120972, which exceeds atol + 3e-5 * std::abs(expected[i]), where
actual[i] evaluates to -0.58807247877120972,
expected[i] evaluates to 0, and
atol + 3e-5 * std::abs(expected[i]) evaluates to 3.0000000000000001e-05.
Google Test trace:
../test/unittest/layers/unittest_layers_layer_normalization.cpp:302: 10

../test/unittest/layers/unittest_layers_layer_normalization.cpp:304: Failure
The difference between actual[i] and expected[i] is 0.24215050041675568, which exceeds atol + 3e-5 * std::abs(expected[i]), where
actual[i] evaluates to -0.24215050041675568,
expected[i] evaluates to 0, and
atol + 3e-5 * std::abs(expected[i]) evaluates to 3.0000000000000001e-05.
Google Test trace:
../test/unittest/layers/unittest_layers_layer_normalization.cpp:302: 11

../test/unittest/layers/unittest_layers_layer_normalization.cpp:304: Failure
The difference between actual[i] and expected[i] is 1.9981907606124878, which exceeds atol + 3e-5 * std::abs(expected[i]), where
actual[i] evaluates to -1.9981907606124878,
expected[i] evaluates to 0, and
atol + 3e-5 * std::abs(expected[i]) evaluates to 3.0000000000000001e-05.
Google Test trace:
../test/unittest/layers/unittest_layers_layer_normalization.cpp:302: 12

../test/unittest/layers/unittest_layers_layer_normalization.cpp:304: Failure
The difference between actual[i] and expected[i] is 0.33305156230926514, which exceeds atol + 3e-5 * std::abs(expected[i]), where
actual[i] evaluates to -0.33305156230926514,
expected[i] evaluates to 0, and
atol + 3e-5 * std::abs(expected[i]) evaluates to 3.0000000000000001e-05.
Google Test trace:
../test/unittest/layers/unittest_layers_layer_normalization.cpp:302: 13

../test/unittest/layers/unittest_layers_layer_normalization.cpp:304: Failure
The difference between actual[i] and expected[i] is 0.33305156230926514, which exceeds atol + 3e-5 * std::abs(expected[i]), where
actual[i] evaluates to 0.33305156230926514,
expected[i] evaluates to 0, and
atol + 3e-5 * std::abs(expected[i]) evaluates to 3.0000000000000001e-05.
Google Test trace:
../test/unittest/layers/unittest_layers_layer_normalization.cpp:302: 14

../test/unittest/layers/unittest_layers_layer_normalization.cpp:304: Failure
The difference between actual[i] and expected[i] is 1.9981907606124878, which exceeds atol + 3e-5 * std::abs(expected[i]), where
actual[i] evaluates to 1.9981907606124878,
expected[i] evaluates to 0, and
atol + 3e-5 * std::abs(expected[i]) evaluates to 3.0000000000000001e-05.
Google Test trace:
../test/unittest/layers/unittest_layers_layer_normalization.cpp:302: 15

../test/unittest/layers/unittest_layers_layer_normalization.cpp:304: Failure
The difference between actual[i] and expected[i] is 0.24215050041675568, which exceeds atol + 3e-5 * std::abs(expected[i]), where
actual[i] evaluates to 0.24215050041675568,
expected[i] evaluates to 0, and
atol + 3e-5 * std::abs(expected[i]) evaluates to 3.0000000000000001e-05.
Google Test trace:
../test/unittest/layers/unittest_layers_layer_normalization.cpp:302: 16

../test/unittest/layers/unittest_layers_layer_normalization.cpp:304: Failure
The difference between actual[i] and expected[i] is 0.58807247877120972, which exceeds atol + 3e-5 * std::abs(expected[i]), where
actual[i] evaluates to 0.58807247877120972,
expected[i] evaluates to 0, and
atol + 3e-5 * std::abs(expected[i]) evaluates to 3.0000000000000001e-05.
Google Test trace:
../test/unittest/layers/unittest_layers_layer_normalization.cpp:302: 17

../test/unittest/layers/unittest_layers_layer_normalization.cpp:304: Failure
The difference between actual[i] and expected[i] is 0.58807247877120972, which exceeds atol + 3e-5 * std::abs(expected[i]), where
actual[i] evaluates to -0.58807247877120972,
expected[i] evaluates to 0, and
atol + 3e-5 * std::abs(expected[i]) evaluates to 3.0000000000000001e-05.
Google Test trace:
../test/unittest/layers/unittest_layers_layer_normalization.cpp:302: 18

../test/unittest/layers/unittest_layers_layer_normalization.cpp:304: Failure
The difference between actual[i] and expected[i] is 0.24215050041675568, which exceeds atol + 3e-5 * std::abs(expected[i]), where
actual[i] evaluates to -0.24215050041675568,
expected[i] evaluates to 0, and
atol + 3e-5 * std::abs(expected[i]) evaluates to 3.0000000000000001e-05.
Google Test trace:
../test/unittest/layers/unittest_layers_layer_normalization.cpp:302: 19

../test/unittest/layers/unittest_layers_layer_normalization.cpp:304: Failure
The difference between actual[i] and expected[i] is 1.4326670169830322, which exceeds atol + 3e-5 * std::abs(expected[i]), where
actual[i] evaluates to 1.4326670169830322,
expected[i] evaluates to 0, and
atol + 3e-5 * std::abs(expected[i]) evaluates to 3.0000000000000001e-05.
Google Test trace:
../test/unittest/layers/unittest_layers_layer_normalization.cpp:302: 20

../test/unittest/layers/unittest_layers_layer_normalization.cpp:304: Failure
The difference between actual[i] and expected[i] is 0.23877985775470734, which exceeds atol + 3e-5 * std::abs(expected[i]), where
actual[i] evaluates to 0.23877985775470734,
expected[i] evaluates to 0, and
atol + 3e-5 * std::abs(expected[i]) evaluates to 3.0000000000000001e-05.
Google Test trace:
../test/unittest/layers/unittest_layers_layer_normalization.cpp:302: 21

../test/unittest/layers/unittest_layers_layer_normalization.cpp:304: Failure
The difference between actual[i] and expected[i] is 0.23877985775470734, which exceeds atol + 3e-5 * std::abs(expected[i]), where
actual[i] evaluates to -0.23877985775470734,
expected[i] evaluates to 0, and
atol + 3e-5 * std::abs(expected[i]) evaluates to 3.0000000000000001e-05.
Google Test trace:
../test/unittest/layers/unittest_layers_layer_normalization.cpp:302: 22

../test/unittest/layers/unittest_layers_layer_normalization.cpp:304: Failure
The difference between actual[i] and expected[i] is 1.4326670169830322, which exceeds atol + 3e-5 * std::abs(expected[i]), where
actual[i] evaluates to -1.4326670169830322,
expected[i] evaluates to 0, and
atol + 3e-5 * std::abs(expected[i]) evaluates to 3.0000000000000001e-05.
Google Test trace:
../test/unittest/layers/unittest_layers_layer_normalization.cpp:302: 23

../test/unittest/layers/unittest_layers_layer_normalization.cpp:304: Failure
The difference between actual[i] and expected[i] is 0.82679086923599243, which exceeds atol + 3e-5 * std::abs(expected[i]), where
actual[i] evaluates to -0.82679086923599243,
expected[i] evaluates to 0, and
atol + 3e-5 * std::abs(expected[i]) evaluates to 3.0000000000000001e-05.
Google Test trace:
../test/unittest/layers/unittest_layers_layer_normalization.cpp:302: 24

../test/unittest/layers/unittest_layers_layer_normalization.cpp:304: Failure
The difference between actual[i] and expected[i] is 0.78239446878433228, which exceeds atol + 3e-5 * std::abs(expected[i]), where
actual[i] evaluates to 0.78239446878433228,
expected[i] evaluates to 0, and
atol + 3e-5 * std::abs(expected[i]) evaluates to 3.0000000000000001e-05.
Google Test trace:
../test/unittest/layers/unittest_layers_layer_normalization.cpp:302: 25

../test/unittest/layers/unittest_layers_layer_normalization.cpp:304: Failure
The difference between actual[i] and expected[i] is 1.3285806179046631, which exceeds atol + 3e-5 * std::abs(expected[i]), where
actual[i] evaluates to -1.3285806179046631,
expected[i] evaluates to 0, and
atol + 3e-5 * std::abs(expected[i]) evaluates to 3.0000000000000001e-05.
Google Test trace:
../test/unittest/layers/unittest_layers_layer_normalization.cpp:302: 26

../test/unittest/layers/unittest_layers_layer_normalization.cpp:304: Failure
The difference between actual[i] and expected[i] is 1.3729771375656128, which exceeds atol + 3e-5 * std::abs(expected[i]), where
actual[i] evaluates to 1.3729771375656128,
expected[i] evaluates to 0, and
atol + 3e-5 * std::abs(expected[i]) evaluates to 3.0000000000000001e-05.
Google Test trace:
../test/unittest/layers/unittest_layers_layer_normalization.cpp:302: 27

../test/unittest/layers/unittest_layers_layer_normalization.cpp:304: Failure
The difference between actual[i] and expected[i] is 1.4326670169830322, which exceeds atol + 3e-5 * std::abs(expected[i]), where
actual[i] evaluates to 1.4326670169830322,
expected[i] evaluates to 0, and
atol + 3e-5 * std::abs(expected[i]) evaluates to 3.0000000000000001e-05.
Google Test trace:
../test/unittest/layers/unittest_layers_layer_normalization.cpp:302: 28

../test/unittest/layers/unittest_layers_layer_normalization.cpp:304: Failure
The difference between actual[i] and expected[i] is 0.23877985775470734, which exceeds atol + 3e-5 * std::abs(expected[i]), where
actual[i] evaluates to 0.23877985775470734,
expected[i] evaluates to 0, and
atol + 3e-5 * std::abs(expected[i]) evaluates to 3.0000000000000001e-05.
Google Test trace:
../test/unittest/layers/unittest_layers_layer_normalization.cpp:302: 29

../test/unittest/layers/unittest_layers_layer_normalization.cpp:304: Failure
The difference between actual[i] and expected[i] is 0.23877985775470734, which exceeds atol + 3e-5 * std::abs(expected[i]), where
actual[i] evaluates to -0.23877985775470734,
expected[i] evaluates to 0, and
atol + 3e-5 * std::abs(expected[i]) evaluates to 3.0000000000000001e-05.
Google Test trace:
../test/unittest/layers/unittest_layers_layer_normalization.cpp:302: 30

../test/unittest/layers/unittest_layers_layer_normalization.cpp:304: Failure
The difference between actual[i] and expected[i] is 1.4326670169830322, which exceeds atol + 3e-5 * std::abs(expected[i]), where
actual[i] evaluates to -1.4326670169830322,
expected[i] evaluates to 0, and
atol + 3e-5 * std::abs(expected[i]) evaluates to 3.0000000000000001e-05.
Google Test trace:
../test/unittest/layers/unittest_layers_layer_normalization.cpp:302: 31

../test/unittest/layers/unittest_layers_layer_normalization.cpp:304: Failure
The difference between actual[i] and expected[i] is 1.7645729780197144, which exceeds atol + 3e-5 * std::abs(expected[i]), where
actual[i] evaluates to -1.7645729780197144,
expected[i] evaluates to 0, and
atol + 3e-5 * std::abs(expected[i]) evaluates to 3.0000000000000001e-05.
Google Test trace:
../test/unittest/layers/unittest_layers_layer_normalization.cpp:302: 32

../test/unittest/layers/unittest_layers_layer_normalization.cpp:304: Failure
The difference between actual[i] and expected[i] is 0.042004801332950592, which exceeds atol + 3e-5 * std::abs(expected[i]), where
actual[i] evaluates to -0.042004801332950592,
expected[i] evaluates to 0, and
atol + 3e-5 * std::abs(expected[i]) evaluates to 3.0000000000000001e-05.
Google Test trace:
../test/unittest/layers/unittest_layers_layer_normalization.cpp:302: 33

../test/unittest/layers/unittest_layers_layer_normalization.cpp:304: Failure
The difference between actual[i] and expected[i] is 0.58819097280502319, which exceeds atol + 3e-5 * std::abs(expected[i]), where
actual[i] evaluates to 0.58819097280502319,
expected[i] evaluates to 0, and
atol + 3e-5 * std::abs(expected[i]) evaluates to 3.0000000000000001e-05.
Google Test trace:
../test/unittest/layers/unittest_layers_layer_normalization.cpp:302: 34

../test/unittest/layers/unittest_layers_layer_normalization.cpp:304: Failure
The difference between actual[i] and expected[i] is 1.2183866500854492, which exceeds atol + 3e-5 * std::abs(expected[i]), where
actual[i] evaluates to 1.2183866500854492,
expected[i] evaluates to 0, and
atol + 3e-5 * std::abs(expected[i]) evaluates to 3.0000000000000001e-05.
Google Test trace:
../test/unittest/layers/unittest_layers_layer_normalization.cpp:302: 35

../test/unittest/layers/unittest_layers_layer_normalization.cpp:304: Failure
The difference between actual[i] and expected[i] is 1.4326670169830322, which exceeds atol + 3e-5 * std::abs(expected[i]), where
actual[i] evaluates to 1.4326670169830322,
expected[i] evaluates to 0, and
atol + 3e-5 * std::abs(expected[i]) evaluates to 3.0000000000000001e-05.
Google Test trace:
../test/unittest/layers/unittest_layers_layer_normalization.cpp:302: 36

../test/unittest/layers/unittest_layers_layer_normalization.cpp:304: Failure
The difference between actual[i] and expected[i] is 0.23877985775470734, which exceeds atol + 3e-5 * std::abs(expected[i]), where
actual[i] evaluates to 0.23877985775470734,
expected[i] evaluates to 0, and
atol + 3e-5 * std::abs(expected[i]) evaluates to 3.0000000000000001e-05.
Google Test trace:
../test/unittest/layers/unittest_layers_layer_normalization.cpp:302: 37

../test/unittest/layers/unittest_layers_layer_normalization.cpp:304: Failure
The difference between actual[i] and expected[i] is 0.23877985775470734, which exceeds atol + 3e-5 * std::abs(expected[i]), where
actual[i] evaluates to -0.23877985775470734,
expected[i] evaluates to 0, and
atol + 3e-5 * std::abs(expected[i]) evaluates to 3.0000000000000001e-05.
Google Test trace:
../test/unittest/layers/unittest_layers_layer_normalization.cpp:302: 38

../test/unittest/layers/unittest_layers_layer_normalization.cpp:304: Failure
The difference between actual[i] and expected[i] is 1.4326670169830322, which exceeds atol + 3e-5 * std::abs(expected[i]), where
actual[i] evaluates to -1.4326670169830322,
expected[i] evaluates to 0, and
atol + 3e-5 * std::abs(expected[i]) evaluates to 3.0000000000000001e-05.
Google Test trace:
../test/unittest/layers/unittest_layers_layer_normalization.cpp:302: 39

../test/unittest/layers/unittest_layers_layer_normalization.cpp:304: Failure
The difference between actual[i] and expected[i] is 1.2651617527008057, which exceeds atol + 3e-5 * std::abs(expected[i]), where
actual[i] evaluates to 1.2651617527008057,
expected[i] evaluates to 0, and
atol + 3e-5 * std::abs(expected[i]) evaluates to 3.0000000000000001e-05.
Google Test trace:
../test/unittest/layers/unittest_layers_layer_normalization.cpp:302: 40

../test/unittest/layers/unittest_layers_layer_normalization.cpp:304: Failure
The difference between actual[i] and expected[i] is 0.030124781653285027, which exceeds atol + 3e-5 * std::abs(expected[i]), where
actual[i] evaluates to 0.030124781653285027,
expected[i] evaluates to 0, and
atol + 3e-5 * std::abs(expected[i]) evaluates to 3.0000000000000001e-05.
Google Test trace:
../test/unittest/layers/unittest_layers_layer_normalization.cpp:302: 41

../test/unittest/layers/unittest_layers_layer_normalization.cpp:304: Failure
The difference between actual[i] and expected[i] is 0.42172059416770935, which exceeds atol + 3e-5 * std::abs(expected[i]), where
actual[i] evaluates to -0.42172059416770935,
expected[i] evaluates to 0, and
atol + 3e-5 * std::abs(expected[i]) evaluates to 3.0000000000000001e-05.
Google Test trace:
../test/unittest/layers/unittest_layers_layer_normalization.cpp:302: 42

../test/unittest/layers/unittest_layers_layer_normalization.cpp:304: Failure
The difference between actual[i] and expected[i] is 0.8735659122467041, which exceeds atol + 3e-5 * std::abs(expected[i]), where
actual[i] evaluates to -0.8735659122467041,
expected[i] evaluates to 0, and
atol + 3e-5 * std::abs(expected[i]) evaluates to 3.0000000000000001e-05.
Google Test trace:
../test/unittest/layers/unittest_layers_layer_normalization.cpp:302: 43

../test/unittest/layers/unittest_layers_layer_normalization.cpp:304: Failure
The difference between actual[i] and expected[i] is 0.46611705422401428, which exceeds atol + 3e-5 * std::abs(expected[i]), where
actual[i] evaluates to -0.46611705422401428,
expected[i] evaluates to 0, and
atol + 3e-5 * std::abs(expected[i]) evaluates to 3.0000000000000001e-05.
Google Test trace:
../test/unittest/layers/unittest_layers_layer_normalization.cpp:302: 44

../test/unittest/layers/unittest_layers_layer_normalization.cpp:304: Failure
The difference between actual[i] and expected[i] is 2.2164115905761719, which exceeds atol + 3e-5 * std::abs(expected[i]), where
actual[i] evaluates to -2.2164115905761719,
expected[i] evaluates to 0, and
atol + 3e-5 * std::abs(expected[i]) evaluates to 3.0000000000000001e-05.
Google Test trace:
../test/unittest/layers/unittest_layers_layer_normalization.cpp:302: 45

../test/unittest/layers/unittest_layers_layer_normalization.cpp:304: Failure
The difference between actual[i] and expected[i] is 0.84582644701004028, which exceeds atol + 3e-5 * std::abs(expected[i]), where
actual[i] evaluates to 0.84582644701004028,
expected[i] evaluates to 0, and
atol + 3e-5 * std::abs(expected[i]) evaluates to 3.0000000000000001e-05.
Google Test trace:
../test/unittest/layers/unittest_layers_layer_normalization.cpp:302: 46

../test/unittest/layers/unittest_layers_layer_normalization.cpp:304: Failure
The difference between actual[i] and expected[i] is 1.8367024660110474, which exceeds atol + 3e-5 * std::abs(expected[i]), where
actual[i] evaluates to 1.8367024660110474,
expected[i] evaluates to 0, and
atol + 3e-5 * std::abs(expected[i]) evaluates to 3.0000000000000001e-05.
Google Test trace:
../test/unittest/layers/unittest_layers_layer_normalization.cpp:302: 47

[  FAILED  ] LayerNormNumericalAudit.ZeroGammaMakesInputGradientZero (0 ms)
[ RUN      ] LayerNormNumericalAudit.ConstantGammaScalesInputGradient
../test/unittest/layers/unittest_layers_layer_normalization.cpp:304: Failure
The difference between actual[i] and expected[i] is 4.1189314766142235, which exceeds atol + 3e-5 * std::abs(expected[i]), where
actual[i] evaluates to -1.3729771375656128,
expected[i] evaluates to 2.7459543390486103, and
atol + 3e-5 * std::abs(expected[i]) evaluates to 0.00011237863017145831.
Google Test trace:
../test/unittest/layers/unittest_layers_layer_normalization.cpp:302: 0

../test/unittest/layers/unittest_layers_layer_normalization.cpp:304: Failure
The difference between actual[i] and expected[i] is 3.985741953055479, which exceeds atol + 3e-5 * std::abs(expected[i]), where
actual[i] evaluates to 1.3285806179046631,
expected[i] evaluates to -2.6571613351508159, and
atol + 3e-5 * std::abs(expected[i]) evaluates to 0.00010971484005452448.
Google Test trace:
../test/unittest/layers/unittest_layers_layer_normalization.cpp:302: 1

../test/unittest/layers/unittest_layers_layer_normalization.cpp:304: Failure
The difference between actual[i] and expected[i] is 2.3471831964955641, which exceeds atol + 3e-5 * std::abs(expected[i]), where
actual[i] evaluates to -0.78239446878433228,
expected[i] evaluates to 1.5647887277112318, and
atol + 3e-5 * std::abs(expected[i]) evaluates to 7.6943661831336952e-05.
Google Test trace:
../test/unittest/layers/unittest_layers_layer_normalization.cpp:302: 2

../test/unittest/layers/unittest_layers_layer_normalization.cpp:304: Failure
The difference between actual[i] and expected[i] is 2.4803726008450182, which exceeds atol + 3e-5 * std::abs(expected[i]), where
actual[i] evaluates to 0.82679086923599243,
expected[i] evaluates to -1.6535817316090258, and
atol + 3e-5 * std::abs(expected[i]) evaluates to 7.9607451948270771e-05.
Google Test trace:
../test/unittest/layers/unittest_layers_layer_normalization.cpp:302: 3

../test/unittest/layers/unittest_layers_layer_normalization.cpp:304: Failure
The difference between actual[i] and expected[i] is 0.0094223510160243058, which exceeds atol + 3e-5 * std::abs(expected[i]), where
actual[i] evaluates to 0.0031407871283590794,
expected[i] evaluates to -0.0062815638876652256, and
atol + 3e-5 * std::abs(expected[i]) evaluates to 3.0188446916629958e-05.
Google Test trace:
../test/unittest/layers/unittest_layers_layer_normalization.cpp:302: 4

../test/unittest/layers/unittest_layers_layer_normalization.cpp:304: Failure
The difference between actual[i] and expected[i] is 5.2876552494793962, which exceeds atol + 3e-5 * std::abs(expected[i]), where
actual[i] evaluates to -1.7625517845153809,
expected[i] evaluates to 3.5251034649640149, and
atol + 3e-5 * std::abs(expected[i]) evaluates to 0.00013575310394892045.
Google Test trace:
../test/unittest/layers/unittest_layers_layer_normalization.cpp:302: 5

../test/unittest/layers/unittest_layers_layer_normalization.cpp:304: Failure
The difference between actual[i] and expected[i] is 3.7796213577008491, which exceeds atol + 3e-5 * std::abs(expected[i]), where
actual[i] evaluates to -1.2598737478256226,
expected[i] evaluates to 2.5197476098752265, and
atol + 3e-5 * std::abs(expected[i]) evaluates to 0.00010559242829625679.
Google Test trace:
../test/unittest/layers/unittest_layers_layer_normalization.cpp:302: 6

../test/unittest/layers/unittest_layers_layer_normalization.cpp:304: Failure
The difference between actual[i] and expected[i] is 9.0578542361407841, which exceeds atol + 3e-5 * std::abs(expected[i]), where
actual[i] evaluates to 3.019284725189209,
expected[i] evaluates to -6.038569510951576, and
atol + 3e-5 * std::abs(expected[i]) evaluates to 0.0002111570853285473.
Google Test trace:
../test/unittest/layers/unittest_layers_layer_normalization.cpp:302: 7

../test/unittest/layers/unittest_layers_layer_normalization.cpp:304: Failure
The difference between actual[i] and expected[i] is 0.72645150902734079, which exceeds atol + 3e-5 * std::abs(expected[i]), where
actual[i] evaluates to 0.24215050041675568,
expected[i] evaluates to -0.48430100861058512, and
atol + 3e-5 * std::abs(expected[i]) evaluates to 4.4529030258317553e-05.
Google Test trace:
../test/unittest/layers/unittest_layers_layer_normalization.cpp:302: 8

../test/unittest/layers/unittest_layers_layer_normalization.cpp:304: Failure
The difference between actual[i] and expected[i] is 1.7642174226480625, which exceeds atol + 3e-5 * std::abs(expected[i]), where
actual[i] evaluates to 0.58807247877120972,
expected[i] evaluates to -1.1761449438768528, and
atol + 3e-5 * std::abs(expected[i]) evaluates to 6.5284348316305588e-05.
Google Test trace:
../test/unittest/layers/unittest_layers_layer_normalization.cpp:302: 9

../test/unittest/layers/unittest_layers_layer_normalization.cpp:304: Failure
The difference between actual[i] and expected[i] is 1.7642174226480625, which exceeds atol + 3e-5 * std::abs(expected[i]), where
actual[i] evaluates to -0.58807247877120972,
expected[i] evaluates to 1.1761449438768528, and
atol + 3e-5 * std::abs(expected[i]) evaluates to 6.5284348316305588e-05.
Google Test trace:
../test/unittest/layers/unittest_layers_layer_normalization.cpp:302: 10

../test/unittest/layers/unittest_layers_layer_normalization.cpp:304: Failure
The difference between actual[i] and expected[i] is 0.72645150902734079, which exceeds atol + 3e-5 * std::abs(expected[i]), where
actual[i] evaluates to -0.24215050041675568,
expected[i] evaluates to 0.48430100861058512, and
atol + 3e-5 * std::abs(expected[i]) evaluates to 4.4529030258317553e-05.
Google Test trace:
../test/unittest/layers/unittest_layers_layer_normalization.cpp:302: 11

../test/unittest/layers/unittest_layers_layer_normalization.cpp:304: Failure
The difference between actual[i] and expected[i] is 5.9945723766578967, which exceeds atol + 3e-5 * std::abs(expected[i]), where
actual[i] evaluates to -1.9981907606124878,
expected[i] evaluates to 3.9963816160454089, and
atol + 3e-5 * std::abs(expected[i]) evaluates to 0.00014989144848136227.
Google Test trace:
../test/unittest/layers/unittest_layers_layer_normalization.cpp:302: 12

../test/unittest/layers/unittest_layers_layer_normalization.cpp:304: Failure
The difference between actual[i] and expected[i] is 0.99915470961218211, which exceeds atol + 3e-5 * std::abs(expected[i]), where
actual[i] evaluates to -0.33305156230926514,
expected[i] evaluates to 0.66610314730291698, and
atol + 3e-5 * std::abs(expected[i]) evaluates to 4.9983094419087511e-05.
Google Test trace:
../test/unittest/layers/unittest_layers_layer_normalization.cpp:302: 13

../test/unittest/layers/unittest_layers_layer_normalization.cpp:304: Failure
The difference between actual[i] and expected[i] is 0.99915470961218211, which exceeds atol + 3e-5 * std::abs(expected[i]), where
actual[i] evaluates to 0.33305156230926514,
expected[i] evaluates to -0.66610314730291698, and
atol + 3e-5 * std::abs(expected[i]) evaluates to 4.9983094419087511e-05.
Google Test trace:
../test/unittest/layers/unittest_layers_layer_normalization.cpp:302: 14

../test/unittest/layers/unittest_layers_layer_normalization.cpp:304: Failure
The difference between actual[i] and expected[i] is 5.9945723766578967, which exceeds atol + 3e-5 * std::abs(expected[i]), where
actual[i] evaluates to 1.9981907606124878,
expected[i] evaluates to -3.9963816160454089, and
atol + 3e-5 * std::abs(expected[i]) evaluates to 0.00014989144848136227.
Google Test trace:
../test/unittest/layers/unittest_layers_layer_normalization.cpp:302: 15

../test/unittest/layers/unittest_layers_layer_normalization.cpp:304: Failure
The difference between actual[i] and expected[i] is 0.72645150902734079, which exceeds atol + 3e-5 * std::abs(expected[i]), where
actual[i] evaluates to 0.24215050041675568,
expected[i] evaluates to -0.48430100861058512, and
atol + 3e-5 * std::abs(expected[i]) evaluates to 4.4529030258317553e-05.
Google Test trace:
../test/unittest/layers/unittest_layers_layer_normalization.cpp:302: 16

../test/unittest/layers/unittest_layers_layer_normalization.cpp:304: Failure
The difference between actual[i] and expected[i] is 1.7642174226480625, which exceeds atol + 3e-5 * std::abs(expected[i]), where
actual[i] evaluates to 0.58807247877120972,
expected[i] evaluates to -1.1761449438768528, and
atol + 3e-5 * std::abs(expected[i]) evaluates to 6.5284348316305588e-05.
Google Test trace:
../test/unittest/layers/unittest_layers_layer_normalization.cpp:302: 17

../test/unittest/layers/unittest_layers_layer_normalization.cpp:304: Failure
The difference between actual[i] and expected[i] is 1.7642174226480625, which exceeds atol + 3e-5 * std::abs(expected[i]), where
actual[i] evaluates to -0.58807247877120972,
expected[i] evaluates to 1.1761449438768528, and
atol + 3e-5 * std::abs(expected[i]) evaluates to 6.5284348316305588e-05.
Google Test trace:
../test/unittest/layers/unittest_layers_layer_normalization.cpp:302: 18

../test/unittest/layers/unittest_layers_layer_normalization.cpp:304: Failure
The difference between actual[i] and expected[i] is 0.72645150902734079, which exceeds atol + 3e-5 * std::abs(expected[i]), where
actual[i] evaluates to -0.24215050041675568,
expected[i] evaluates to 0.48430100861058512, and
atol + 3e-5 * std::abs(expected[i]) evaluates to 4.4529030258317553e-05.
Google Test trace:
../test/unittest/layers/unittest_layers_layer_normalization.cpp:302: 19

../test/unittest/layers/unittest_layers_layer_normalization.cpp:304: Failure
The difference between actual[i] and expected[i] is 4.2980011778714093, which exceeds atol + 3e-5 * std::abs(expected[i]), where
actual[i] evaluates to 1.4326670169830322,
expected[i] evaluates to -2.8653341608883771, and
atol + 3e-5 * std::abs(expected[i]) evaluates to 0.00011596002482665132.
Google Test trace:
../test/unittest/layers/unittest_layers_layer_normalization.cpp:302: 20

../test/unittest/layers/unittest_layers_layer_normalization.cpp:304: Failure
The difference between actual[i] and expected[i] is 0.71633957272376603, which exceeds atol + 3e-5 * std::abs(expected[i]), where
actual[i] evaluates to 0.23877985775470734,
expected[i] evaluates to -0.47755971496905869, and
atol + 3e-5 * std::abs(expected[i]) evaluates to 4.4326791449071762e-05.
Google Test trace:
../test/unittest/layers/unittest_layers_layer_normalization.cpp:302: 21

../test/unittest/layers/unittest_layers_layer_normalization.cpp:304: Failure
The difference between actual[i] and expected[i] is 0.71633957272376603, which exceeds atol + 3e-5 * std::abs(expected[i]), where
actual[i] evaluates to -0.23877985775470734,
expected[i] evaluates to 0.47755971496905869, and
atol + 3e-5 * std::abs(expected[i]) evaluates to 4.4326791449071762e-05.
Google Test trace:
../test/unittest/layers/unittest_layers_layer_normalization.cpp:302: 22

../test/unittest/layers/unittest_layers_layer_normalization.cpp:304: Failure
The difference between actual[i] and expected[i] is 4.2980011778714093, which exceeds atol + 3e-5 * std::abs(expected[i]), where
actual[i] evaluates to -1.4326670169830322,
expected[i] evaluates to 2.8653341608883771, and
atol + 3e-5 * std::abs(expected[i]) evaluates to 0.00011596002482665132.
Google Test trace:
../test/unittest/layers/unittest_layers_layer_normalization.cpp:302: 23

../test/unittest/layers/unittest_layers_layer_normalization.cpp:304: Failure
The difference between actual[i] and expected[i] is 2.4803726008450182, which exceeds atol + 3e-5 * std::abs(expected[i]), where
actual[i] evaluates to -0.82679086923599243,
expected[i] evaluates to 1.6535817316090258, and
atol + 3e-5 * std::abs(expected[i]) evaluates to 7.9607451948270771e-05.
Google Test trace:
../test/unittest/layers/unittest_layers_layer_normalization.cpp:302: 24

../test/unittest/layers/unittest_layers_layer_normalization.cpp:304: Failure
The difference between actual[i] and expected[i] is 2.3471831964955641, which exceeds atol + 3e-5 * std::abs(expected[i]), where
actual[i] evaluates to 0.78239446878433228,
expected[i] evaluates to -1.5647887277112318, and
atol + 3e-5 * std::abs(expected[i]) evaluates to 7.6943661831336952e-05.
Google Test trace:
../test/unittest/layers/unittest_layers_layer_normalization.cpp:302: 25

../test/unittest/layers/unittest_layers_layer_normalization.cpp:304: Failure
The difference between actual[i] and expected[i] is 3.985741953055479, which exceeds atol + 3e-5 * std::abs(expected[i]), where
actual[i] evaluates to -1.3285806179046631,
expected[i] evaluates to 2.6571613351508159, and
atol + 3e-5 * std::abs(expected[i]) evaluates to 0.00010971484005452448.
Google Test trace:
../test/unittest/layers/unittest_layers_layer_normalization.cpp:302: 26

../test/unittest/layers/unittest_layers_layer_normalization.cpp:304: Failure
The difference between actual[i] and expected[i] is 4.1189314766142235, which exceeds atol + 3e-5 * std::abs(expected[i]), where
actual[i] evaluates to 1.3729771375656128,
expected[i] evaluates to -2.7459543390486103, and
atol + 3e-5 * std::abs(expected[i]) evaluates to 0.00011237863017145831.
Google Test trace:
../test/unittest/layers/unittest_layers_layer_normalization.cpp:302: 27

../test/unittest/layers/unittest_layers_layer_normalization.cpp:304: Failure
The difference between actual[i] and expected[i] is 4.2980011778714093, which exceeds atol + 3e-5 * std::abs(expected[i]), where
actual[i] evaluates to 1.4326670169830322,
expected[i] evaluates to -2.8653341608883771, and
atol + 3e-5 * std::abs(expected[i]) evaluates to 0.00011596002482665132.
Google Test trace:
../test/unittest/layers/unittest_layers_layer_normalization.cpp:302: 28

../test/unittest/layers/unittest_layers_layer_normalization.cpp:304: Failure
The difference between actual[i] and expected[i] is 0.71633957272376603, which exceeds atol + 3e-5 * std::abs(expected[i]), where
actual[i] evaluates to 0.23877985775470734,
expected[i] evaluates to -0.47755971496905869, and
atol + 3e-5 * std::abs(expected[i]) evaluates to 4.4326791449071762e-05.
Google Test trace:
../test/unittest/layers/unittest_layers_layer_normalization.cpp:302: 29

../test/unittest/layers/unittest_layers_layer_normalization.cpp:304: Failure
The difference between actual[i] and expected[i] is 0.71633957272376603, which exceeds atol + 3e-5 * std::abs(expected[i]), where
actual[i] evaluates to -0.23877985775470734,
expected[i] evaluates to 0.47755971496905869, and
atol + 3e-5 * std::abs(expected[i]) evaluates to 4.4326791449071762e-05.
Google Test trace:
../test/unittest/layers/unittest_layers_layer_normalization.cpp:302: 30

../test/unittest/layers/unittest_layers_layer_normalization.cpp:304: Failure
The difference between actual[i] and expected[i] is 4.2980011778714093, which exceeds atol + 3e-5 * std::abs(expected[i]), where
actual[i] evaluates to -1.4326670169830322,
expected[i] evaluates to 2.8653341608883771, and
atol + 3e-5 * std::abs(expected[i]) evaluates to 0.00011596002482665132.
Google Test trace:
../test/unittest/layers/unittest_layers_layer_normalization.cpp:302: 31

../test/unittest/layers/unittest_layers_layer_normalization.cpp:304: Failure
The difference between actual[i] and expected[i] is 5.2937189509822513, which exceeds atol + 3e-5 * std::abs(expected[i]), where
actual[i] evaluates to -1.7645729780197144,
expected[i] evaluates to 3.5291459729625374, and
atol + 3e-5 * std::abs(expected[i]) evaluates to 0.00013587437918887612.
Google Test trace:
../test/unittest/layers/unittest_layers_layer_normalization.cpp:302: 32

../test/unittest/layers/unittest_layers_layer_normalization.cpp:304: Failure
The difference between actual[i] and expected[i] is 0.12601418488087873, which exceeds atol + 3e-5 * std::abs(expected[i]), where
actual[i] evaluates to -0.042004801332950592,
expected[i] evaluates to 0.084009383547928154, and
atol + 3e-5 * std::abs(expected[i]) evaluates to 3.2520281506437844e-05.
Google Test trace:
../test/unittest/layers/unittest_layers_layer_normalization.cpp:302: 33

../test/unittest/layers/unittest_layers_layer_normalization.cpp:304: Failure
The difference between actual[i] and expected[i] is 1.7645729637925356, which exceeds atol + 3e-5 * std::abs(expected[i]), where
actual[i] evaluates to 0.58819097280502319,
expected[i] evaluates to -1.1763819909875124, and
atol + 3e-5 * std::abs(expected[i]) evaluates to 6.5291459729625376e-05.
Google Test trace:
../test/unittest/layers/unittest_layers_layer_normalization.cpp:302: 34

../test/unittest/layers/unittest_layers_layer_normalization.cpp:304: Failure
The difference between actual[i] and expected[i] is 3.6551600156084021, which exceeds atol + 3e-5 * std::abs(expected[i]), where
actual[i] evaluates to 1.2183866500854492,
expected[i] evaluates to -2.4367733655229529, and
atol + 3e-5 * std::abs(expected[i]) evaluates to 0.00010310320096568859.
Google Test trace:
../test/unittest/layers/unittest_layers_layer_normalization.cpp:302: 35

../test/unittest/layers/unittest_layers_layer_normalization.cpp:304: Failure
The difference between actual[i] and expected[i] is 4.2980011778714093, which exceeds atol + 3e-5 * std::abs(expected[i]), where
actual[i] evaluates to 1.4326670169830322,
expected[i] evaluates to -2.8653341608883771, and
atol + 3e-5 * std::abs(expected[i]) evaluates to 0.00011596002482665132.
Google Test trace:
../test/unittest/layers/unittest_layers_layer_normalization.cpp:302: 36

../test/unittest/layers/unittest_layers_layer_normalization.cpp:304: Failure
The difference between actual[i] and expected[i] is 0.71633957272376603, which exceeds atol + 3e-5 * std::abs(expected[i]), where
actual[i] evaluates to 0.23877985775470734,
expected[i] evaluates to -0.47755971496905869, and
atol + 3e-5 * std::abs(expected[i]) evaluates to 4.4326791449071762e-05.
Google Test trace:
../test/unittest/layers/unittest_layers_layer_normalization.cpp:302: 37

../test/unittest/layers/unittest_layers_layer_normalization.cpp:304: Failure
The difference between actual[i] and expected[i] is 0.71633957272376603, which exceeds atol + 3e-5 * std::abs(expected[i]), where
actual[i] evaluates to -0.23877985775470734,
expected[i] evaluates to 0.47755971496905869, and
atol + 3e-5 * std::abs(expected[i]) evaluates to 4.4326791449071762e-05.
Google Test trace:
../test/unittest/layers/unittest_layers_layer_normalization.cpp:302: 38

../test/unittest/layers/unittest_layers_layer_normalization.cpp:304: Failure
The difference between actual[i] and expected[i] is 4.2980011778714093, which exceeds atol + 3e-5 * std::abs(expected[i]), where
actual[i] evaluates to -1.4326670169830322,
expected[i] evaluates to 2.8653341608883771, and
atol + 3e-5 * std::abs(expected[i]) evaluates to 0.00011596002482665132.
Google Test trace:
../test/unittest/layers/unittest_layers_layer_normalization.cpp:302: 39

../test/unittest/layers/unittest_layers_layer_normalization.cpp:304: Failure
The difference between actual[i] and expected[i] is 3.7954853612802064, which exceeds atol + 3e-5 * std::abs(expected[i]), where
actual[i] evaluates to 1.2651617527008057,
expected[i] evaluates to -2.5303236085794008, and
atol + 3e-5 * std::abs(expected[i]) evaluates to 0.00010590970825738203.
Google Test trace:
../test/unittest/layers/unittest_layers_layer_normalization.cpp:302: 40

../test/unittest/layers/unittest_layers_layer_normalization.cpp:304: Failure
The difference between actual[i] and expected[i] is 0.090374350599158298, which exceeds atol + 3e-5 * std::abs(expected[i]), where
actual[i] evaluates to 0.030124781653285027,
expected[i] evaluates to -0.060249568945873279, and
atol + 3e-5 * std::abs(expected[i]) evaluates to 3.18074870683762e-05.
Google Test trace:
../test/unittest/layers/unittest_layers_layer_normalization.cpp:302: 41

../test/unittest/layers/unittest_layers_layer_normalization.cpp:304: Failure
The difference between actual[i] and expected[i] is 1.2651617970275095, which exceeds atol + 3e-5 * std::abs(expected[i]), where
actual[i] evaluates to -0.42172059416770935,
expected[i] evaluates to 0.84344120285980018, and
atol + 3e-5 * std::abs(expected[i]) evaluates to 5.530323608579401e-05.
Google Test trace:
../test/unittest/layers/unittest_layers_layer_normalization.cpp:302: 42

../test/unittest/layers/unittest_layers_layer_normalization.cpp:304: Failure
The difference between actual[i] and expected[i] is 2.6206978869121773, which exceeds atol + 3e-5 * std::abs(expected[i]), where
actual[i] evaluates to -0.8735659122467041,
expected[i] evaluates to 1.7471319746654734, and
atol + 3e-5 * std::abs(expected[i]) evaluates to 8.2413959239964205e-05.
Google Test trace:
../test/unittest/layers/unittest_layers_layer_normalization.cpp:302: 43

../test/unittest/layers/unittest_layers_layer_normalization.cpp:304: Failure
The difference between actual[i] and expected[i] is 1.3983512609816087, which exceeds atol + 3e-5 * std::abs(expected[i]), where
actual[i] evaluates to -0.46611705422401428,
expected[i] evaluates to 0.9322342067575945, and
atol + 3e-5 * std::abs(expected[i]) evaluates to 5.7967026202727836e-05.
Google Test trace:
../test/unittest/layers/unittest_layers_layer_normalization.cpp:302: 44

../test/unittest/layers/unittest_layers_layer_normalization.cpp:304: Failure
The difference between actual[i] and expected[i] is 6.6492351447487756, which exceeds atol + 3e-5 * std::abs(expected[i]), where
actual[i] evaluates to -2.2164115905761719,
expected[i] evaluates to 4.4328235541726038, and
atol + 3e-5 * std::abs(expected[i]) evaluates to 0.00016298470662517813.
Google Test trace:
../test/unittest/layers/unittest_layers_layer_normalization.cpp:302: 45

../test/unittest/layers/unittest_layers_layer_normalization.cpp:304: Failure
The difference between actual[i] and expected[i] is 2.5374792824839005, which exceeds atol + 3e-5 * std::abs(expected[i]), where
actual[i] evaluates to 0.84582644701004028,
expected[i] evaluates to -1.69165283547386, and
atol + 3e-5 * std::abs(expected[i]) evaluates to 8.0749585064215806e-05.
Google Test trace:
../test/unittest/layers/unittest_layers_layer_normalization.cpp:302: 46

../test/unittest/layers/unittest_layers_layer_normalization.cpp:304: Failure
The difference between actual[i] and expected[i] is 5.5101073914673862, which exceeds atol + 3e-5 * std::abs(expected[i]), where
actual[i] evaluates to 1.8367024660110474,
expected[i] evaluates to -3.6734049254563383, and
atol + 3e-5 * std::abs(expected[i]) evaluates to 0.00014020214776369014.
Google Test trace:
../test/unittest/layers/unittest_layers_layer_normalization.cpp:302: 47

../test/unittest/layers/unittest_layers_layer_normalization.cpp:304: Failure
The difference between actual[i] and expected[i] is 0.68648855280346022, which exceeds atol + 3e-5 * std::abs(expected[i]), where
actual[i] evaluates to -1.3729771375656128,
expected[i] evaluates to -0.68648858476215258, and
atol + 3e-5 * std::abs(expected[i]) evaluates to 5.0594657542864576e-05.
Google Test trace:
../test/unittest/layers/unittest_layers_layer_normalization.cpp:302: 0

../test/unittest/layers/unittest_layers_layer_normalization.cpp:304: Failure
The difference between actual[i] and expected[i] is 0.66429028411695912, which exceeds atol + 3e-5 * std::abs(expected[i]), where
actual[i] evaluates to 1.3285806179046631,
expected[i] evaluates to 0.66429033378770397, and
atol + 3e-5 * std::abs(expected[i]) evaluates to 4.9928710013631121e-05.
Google Test trace:
../test/unittest/layers/unittest_layers_layer_normalization.cpp:302: 1

../test/unittest/layers/unittest_layers_layer_normalization.cpp:304: Failure
The difference between actual[i] and expected[i] is 0.39119728685652433, which exceeds atol + 3e-5 * std::abs(expected[i]), where
actual[i] evaluates to -0.78239446878433228,
expected[i] evaluates to -0.39119718192780795, and
atol + 3e-5 * std::abs(expected[i]) evaluates to 4.1735915457834239e-05.
Google Test trace:
../test/unittest/layers/unittest_layers_layer_normalization.cpp:302: 2

../test/unittest/layers/unittest_layers_layer_normalization.cpp:304: Failure
The difference between actual[i] and expected[i] is 0.41339543633373599, which exceeds atol + 3e-5 * std::abs(expected[i]), where
actual[i] evaluates to 0.82679086923599243,
expected[i] evaluates to 0.41339543290225644, and
atol + 3e-5 * std::abs(expected[i]) evaluates to 4.2401862987067694e-05.
Google Test trace:
../test/unittest/layers/unittest_layers_layer_normalization.cpp:302: 3

../test/unittest/layers/unittest_layers_layer_normalization.cpp:304: Failure
The difference between actual[i] and expected[i] is 0.001570396156442773, which exceeds atol + 3e-5 * std::abs(expected[i]), where
actual[i] evaluates to 0.0031407871283590794,
expected[i] evaluates to 0.0015703909719163064, and
atol + 3e-5 * std::abs(expected[i]) evaluates to 3.004711172915749e-05.
Google Test trace:
../test/unittest/layers/unittest_layers_layer_normalization.cpp:302: 4

../test/unittest/layers/unittest_layers_layer_normalization.cpp:304: Failure
The difference between actual[i] and expected[i] is 0.88127591827437712, which exceeds atol + 3e-5 * std::abs(expected[i]), where
actual[i] evaluates to -1.7625517845153809,
expected[i] evaluates to -0.88127586624100374, and
atol + 3e-5 * std::abs(expected[i]) evaluates to 5.6438275987230117e-05.
Google Test trace:
../test/unittest/layers/unittest_layers_layer_normalization.cpp:302: 5

../test/unittest/layers/unittest_layers_layer_normalization.cpp:304: Failure
The difference between actual[i] and expected[i] is 0.62993684535681593, which exceeds atol + 3e-5 * std::abs(expected[i]), where
actual[i] evaluates to -1.2598737478256226,
expected[i] evaluates to -0.62993690246880663, and
atol + 3e-5 * std::abs(expected[i]) evaluates to 4.8898107074064199e-05.
Google Test trace:
../test/unittest/layers/unittest_layers_layer_normalization.cpp:302: 6

../test/unittest/layers/unittest_layers_layer_normalization.cpp:304: Failure
The difference between actual[i] and expected[i] is 1.509642347451315, which exceeds atol + 3e-5 * std::abs(expected[i]), where
actual[i] evaluates to 3.019284725189209,
expected[i] evaluates to 1.509642377737894, and
atol + 3e-5 * std::abs(expected[i]) evaluates to 7.5289271332136816e-05.
Google Test trace:
../test/unittest/layers/unittest_layers_layer_normalization.cpp:302: 7

../test/unittest/layers/unittest_layers_layer_normalization.cpp:304: Failure
The difference between actual[i] and expected[i] is 0.1210752482641094, which exceeds atol + 3e-5 * std::abs(expected[i]), where
actual[i] evaluates to 0.24215050041675568,
expected[i] evaluates to 0.12107525215264628, and
atol + 3e-5 * std::abs(expected[i]) evaluates to 3.3632257564579391e-05.
Google Test trace:
../test/unittest/layers/unittest_layers_layer_normalization.cpp:302: 8

../test/unittest/layers/unittest_layers_layer_normalization.cpp:304: Failure
The difference between actual[i] and expected[i] is 0.29403624280199653, which exceeds atol + 3e-5 * std::abs(expected[i]), where
actual[i] evaluates to 0.58807247877120972,
expected[i] evaluates to 0.29403623596921319, and
atol + 3e-5 * std::abs(expected[i]) evaluates to 3.8821087079076398e-05.
Google Test trace:
../test/unittest/layers/unittest_layers_layer_normalization.cpp:302: 9

../test/unittest/layers/unittest_layers_layer_normalization.cpp:304: Failure
The difference between actual[i] and expected[i] is 0.29403624280199653, which exceeds atol + 3e-5 * std::abs(expected[i]), where
actual[i] evaluates to -0.58807247877120972,
expected[i] evaluates to -0.29403623596921319, and
atol + 3e-5 * std::abs(expected[i]) evaluates to 3.8821087079076398e-05.
Google Test trace:
../test/unittest/layers/unittest_layers_layer_normalization.cpp:302: 10

../test/unittest/layers/unittest_layers_layer_normalization.cpp:304: Failure
The difference between actual[i] and expected[i] is 0.1210752482641094, which exceeds atol + 3e-5 * std::abs(expected[i]), where
actual[i] evaluates to -0.24215050041675568,
expected[i] evaluates to -0.12107525215264628, and
atol + 3e-5 * std::abs(expected[i]) evaluates to 3.3632257564579391e-05.
Google Test trace:
../test/unittest/layers/unittest_layers_layer_normalization.cpp:302: 11

../test/unittest/layers/unittest_layers_layer_normalization.cpp:304: Failure
The difference between actual[i] and expected[i] is 0.99909535660113558, which exceeds atol + 3e-5 * std::abs(expected[i]), where
actual[i] evaluates to -1.9981907606124878,
expected[i] evaluates to -0.99909540401135222, and
atol + 3e-5 * std::abs(expected[i]) evaluates to 5.9972862120340565e-05.
Google Test trace:
../test/unittest/layers/unittest_layers_layer_normalization.cpp:302: 12

../test/unittest/layers/unittest_layers_layer_normalization.cpp:304: Failure
The difference between actual[i] and expected[i] is 0.16652577548353589, which exceeds atol + 3e-5 * std::abs(expected[i]), where
actual[i] evaluates to -0.33305156230926514,
expected[i] evaluates to -0.16652578682572924, and
atol + 3e-5 * std::abs(expected[i]) evaluates to 3.4995773604771876e-05.
Google Test trace:
../test/unittest/layers/unittest_layers_layer_normalization.cpp:302: 13

../test/unittest/layers/unittest_layers_layer_normalization.cpp:304: Failure
The difference between actual[i] and expected[i] is 0.16652577548353589, which exceeds atol + 3e-5 * std::abs(expected[i]), where
actual[i] evaluates to 0.33305156230926514,
expected[i] evaluates to 0.16652578682572924, and
atol + 3e-5 * std::abs(expected[i]) evaluates to 3.4995773604771876e-05.
Google Test trace:
../test/unittest/layers/unittest_layers_layer_normalization.cpp:302: 14

../test/unittest/layers/unittest_layers_layer_normalization.cpp:304: Failure
The difference between actual[i] and expected[i] is 0.99909535660113558, which exceeds atol + 3e-5 * std::abs(expected[i]), where
actual[i] evaluates to 1.9981907606124878,
expected[i] evaluates to 0.99909540401135222, and
atol + 3e-5 * std::abs(expected[i]) evaluates to 5.9972862120340565e-05.
Google Test trace:
../test/unittest/layers/unittest_layers_layer_normalization.cpp:302: 15

../test/unittest/layers/unittest_layers_layer_normalization.cpp:304: Failure
The difference between actual[i] and expected[i] is 0.1210752482641094, which exceeds atol + 3e-5 * std::abs(expected[i]), where
actual[i] evaluates to 0.24215050041675568,
expected[i] evaluates to 0.12107525215264628, and
atol + 3e-5 * std::abs(expected[i]) evaluates to 3.3632257564579391e-05.
Google Test trace:
../test/unittest/layers/unittest_layers_layer_normalization.cpp:302: 16

../test/unittest/layers/unittest_layers_layer_normalization.cpp:304: Failure
The difference between actual[i] and expected[i] is 0.29403624280199653, which exceeds atol + 3e-5 * std::abs(expected[i]), where
actual[i] evaluates to 0.58807247877120972,
expected[i] evaluates to 0.29403623596921319, and
atol + 3e-5 * std::abs(expected[i]) evaluates to 3.8821087079076398e-05.
Google Test trace:
../test/unittest/layers/unittest_layers_layer_normalization.cpp:302: 17

../test/unittest/layers/unittest_layers_layer_normalization.cpp:304: Failure
The difference between actual[i] and expected[i] is 0.29403624280199653, which exceeds atol + 3e-5 * std::abs(expected[i]), where
actual[i] evaluates to -0.58807247877120972,
expected[i] evaluates to -0.29403623596921319, and
atol + 3e-5 * std::abs(expected[i]) evaluates to 3.8821087079076398e-05.
Google Test trace:
../test/unittest/layers/unittest_layers_layer_normalization.cpp:302: 18

../test/unittest/layers/unittest_layers_layer_normalization.cpp:304: Failure
The difference between actual[i] and expected[i] is 0.1210752482641094, which exceeds atol + 3e-5 * std::abs(expected[i]), where
actual[i] evaluates to -0.24215050041675568,
expected[i] evaluates to -0.12107525215264628, and
atol + 3e-5 * std::abs(expected[i]) evaluates to 3.3632257564579391e-05.
Google Test trace:
../test/unittest/layers/unittest_layers_layer_normalization.cpp:302: 19

../test/unittest/layers/unittest_layers_layer_normalization.cpp:304: Failure
The difference between actual[i] and expected[i] is 0.71633347676093795, which exceeds atol + 3e-5 * std::abs(expected[i]), where
actual[i] evaluates to 1.4326670169830322,
expected[i] evaluates to 0.71633354022209428, and
atol + 3e-5 * std::abs(expected[i]) evaluates to 5.1490006206662832e-05.
Google Test trace:
../test/unittest/layers/unittest_layers_layer_normalization.cpp:302: 20

../test/unittest/layers/unittest_layers_layer_normalization.cpp:304: Failure
The difference between actual[i] and expected[i] is 0.11938992901244266, which exceeds atol + 3e-5 * std::abs(expected[i]), where
actual[i] evaluates to 0.23877985775470734,
expected[i] evaluates to 0.11938992874226467, and
atol + 3e-5 * std::abs(expected[i]) evaluates to 3.3581697862267942e-05.
Google Test trace:
../test/unittest/layers/unittest_layers_layer_normalization.cpp:302: 21

../test/unittest/layers/unittest_layers_layer_normalization.cpp:304: Failure
The difference between actual[i] and expected[i] is 0.11938992901244266, which exceeds atol + 3e-5 * std::abs(expected[i]), where
actual[i] evaluates to -0.23877985775470734,
expected[i] evaluates to -0.11938992874226467, and
atol + 3e-5 * std::abs(expected[i]) evaluates to 3.3581697862267942e-05.
Google Test trace:
../test/unittest/layers/unittest_layers_layer_normalization.cpp:302: 22

../test/unittest/layers/unittest_layers_layer_normalization.cpp:304: Failure
The difference between actual[i] and expected[i] is 0.71633347676093795, which exceeds atol + 3e-5 * std::abs(expected[i]), where
actual[i] evaluates to -1.4326670169830322,
expected[i] evaluates to -0.71633354022209428, and
atol + 3e-5 * std::abs(expected[i]) evaluates to 5.1490006206662832e-05.
Google Test trace:
../test/unittest/layers/unittest_layers_layer_normalization.cpp:302: 23

../test/unittest/layers/unittest_layers_layer_normalization.cpp:304: Failure
The difference between actual[i] and expected[i] is 0.41339543633373599, which exceeds atol + 3e-5 * std::abs(expected[i]), where
actual[i] evaluates to -0.82679086923599243,
expected[i] evaluates to -0.41339543290225644, and
atol + 3e-5 * std::abs(expected[i]) evaluates to 4.2401862987067694e-05.
Google Test trace:
../test/unittest/layers/unittest_layers_layer_normalization.cpp:302: 24

../test/unittest/layers/unittest_layers_layer_normalization.cpp:304: Failure
The difference between actual[i] and expected[i] is 0.39119728685652433, which exceeds atol + 3e-5 * std::abs(expected[i]), where
actual[i] evaluates to 0.78239446878433228,
expected[i] evaluates to 0.39119718192780795, and
atol + 3e-5 * std::abs(expected[i]) evaluates to 4.1735915457834239e-05.
Google Test trace:
../test/unittest/layers/unittest_layers_layer_normalization.cpp:302: 25

../test/unittest/layers/unittest_layers_layer_normalization.cpp:304: Failure
The difference between actual[i] and expected[i] is 0.66429028411695912, which exceeds atol + 3e-5 * std::abs(expected[i]), where
actual[i] evaluates to -1.3285806179046631,
expected[i] evaluates to -0.66429033378770397, and
atol + 3e-5 * std::abs(expected[i]) evaluates to 4.9928710013631121e-05.
Google Test trace:
../test/unittest/layers/unittest_layers_layer_normalization.cpp:302: 26

../test/unittest/layers/unittest_layers_layer_normalization.cpp:304: Failure
The difference between actual[i] and expected[i] is 0.68648855280346022, which exceeds atol + 3e-5 * std::abs(expected[i]), where
actual[i] evaluates to 1.3729771375656128,
expected[i] evaluates to 0.68648858476215258, and
atol + 3e-5 * std::abs(expected[i]) evaluates to 5.0594657542864576e-05.
Google Test trace:
../test/unittest/layers/unittest_layers_layer_normalization.cpp:302: 27

../test/unittest/layers/unittest_layers_layer_normalization.cpp:304: Failure
The difference between actual[i] and expected[i] is 0.71633347676093795, which exceeds atol + 3e-5 * std::abs(expected[i]), where
actual[i] evaluates to 1.4326670169830322,
expected[i] evaluates to 0.71633354022209428, and
atol + 3e-5 * std::abs(expected[i]) evaluates to 5.1490006206662832e-05.
Google Test trace:
../test/unittest/layers/unittest_layers_layer_normalization.cpp:302: 28

../test/unittest/layers/unittest_layers_layer_normalization.cpp:304: Failure
The difference between actual[i] and expected[i] is 0.11938992901244266, which exceeds atol + 3e-5 * std::abs(expected[i]), where
actual[i] evaluates to 0.23877985775470734,
expected[i] evaluates to 0.11938992874226467, and
atol + 3e-5 * std::abs(expected[i]) evaluates to 3.3581697862267942e-05.
Google Test trace:
../test/unittest/layers/unittest_layers_layer_normalization.cpp:302: 29

../test/unittest/layers/unittest_layers_layer_normalization.cpp:304: Failure
The difference between actual[i] and expected[i] is 0.11938992901244266, which exceeds atol + 3e-5 * std::abs(expected[i]), where
actual[i] evaluates to -0.23877985775470734,
expected[i] evaluates to -0.11938992874226467, and
atol + 3e-5 * std::abs(expected[i]) evaluates to 3.3581697862267942e-05.
Google Test trace:
../test/unittest/layers/unittest_layers_layer_normalization.cpp:302: 30

../test/unittest/layers/unittest_layers_layer_normalization.cpp:304: Failure
The difference between actual[i] and expected[i] is 0.71633347676093795, which exceeds atol + 3e-5 * std::abs(expected[i]), where
actual[i] evaluates to -1.4326670169830322,
expected[i] evaluates to -0.71633354022209428, and
atol + 3e-5 * std::abs(expected[i]) evaluates to 5.1490006206662832e-05.
Google Test trace:
../test/unittest/layers/unittest_layers_layer_normalization.cpp:302: 31

../test/unittest/layers/unittest_layers_layer_normalization.cpp:304: Failure
The difference between actual[i] and expected[i] is 0.88228648477908, which exceeds atol + 3e-5 * std::abs(expected[i]), where
actual[i] evaluates to -1.7645729780197144,
expected[i] evaluates to -0.88228649324063435, and
atol + 3e-5 * std::abs(expected[i]) evaluates to 5.6468594797219035e-05.
Google Test trace:
../test/unittest/layers/unittest_layers_layer_normalization.cpp:302: 32

../test/unittest/layers/unittest_layers_layer_normalization.cpp:304: Failure
The difference between actual[i] and expected[i] is 0.021002455445968553, which exceeds atol + 3e-5 * std::abs(expected[i]), where
actual[i] evaluates to -0.042004801332950592,
expected[i] evaluates to -0.021002345886982039, and
atol + 3e-5 * std::abs(expected[i]) evaluates to 3.0630070376609464e-05.
Google Test trace:
../test/unittest/layers/unittest_layers_layer_normalization.cpp:302: 33

../test/unittest/layers/unittest_layers_layer_normalization.cpp:304: Failure
The difference between actual[i] and expected[i] is 0.29409547505814509, which exceeds atol + 3e-5 * std::abs(expected[i]), where
actual[i] evaluates to 0.58819097280502319,
expected[i] evaluates to 0.2940954977468781, and
atol + 3e-5 * std::abs(expected[i]) evaluates to 3.8822864932406345e-05.
Google Test trace:
../test/unittest/layers/unittest_layers_layer_normalization.cpp:302: 34

../test/unittest/layers/unittest_layers_layer_normalization.cpp:304: Failure
The difference between actual[i] and expected[i] is 0.609193308704711, which exceeds atol + 3e-5 * std::abs(expected[i]), where
actual[i] evaluates to 1.2183866500854492,
expected[i] evaluates to 0.60919334138073822, and
atol + 3e-5 * std::abs(expected[i]) evaluates to 4.8275800241422147e-05.
Google Test trace:
../test/unittest/layers/unittest_layers_layer_normalization.cpp:302: 35

../test/unittest/layers/unittest_layers_layer_normalization.cpp:304: Failure
The difference between actual[i] and expected[i] is 0.71633347676093795, which exceeds atol + 3e-5 * std::abs(expected[i]), where
actual[i] evaluates to 1.4326670169830322,
expected[i] evaluates to 0.71633354022209428, and
atol + 3e-5 * std::abs(expected[i]) evaluates to 5.1490006206662832e-05.
Google Test trace:
../test/unittest/layers/unittest_layers_layer_normalization.cpp:302: 36

../test/unittest/layers/unittest_layers_layer_normalization.cpp:304: Failure
The difference between actual[i] and expected[i] is 0.11938992901244266, which exceeds atol + 3e-5 * std::abs(expected[i]), where
actual[i] evaluates to 0.23877985775470734,
expected[i] evaluates to 0.11938992874226467, and
atol + 3e-5 * std::abs(expected[i]) evaluates to 3.3581697862267942e-05.
Google Test trace:
../test/unittest/layers/unittest_layers_layer_normalization.cpp:302: 37

../test/unittest/layers/unittest_layers_layer_normalization.cpp:304: Failure
The difference between actual[i] and expected[i] is 0.11938992901244266, which exceeds atol + 3e-5 * std::abs(expected[i]), where
actual[i] evaluates to -0.23877985775470734,
expected[i] evaluates to -0.11938992874226467, and
atol + 3e-5 * std::abs(expected[i]) evaluates to 3.3581697862267942e-05.
Google Test trace:
../test/unittest/layers/unittest_layers_layer_normalization.cpp:302: 38

../test/unittest/layers/unittest_layers_layer_normalization.cpp:304: Failure
The difference between actual[i] and expected[i] is 0.71633347676093795, which exceeds atol + 3e-5 * std::abs(expected[i]), where
actual[i] evaluates to -1.4326670169830322,
expected[i] evaluates to -0.71633354022209428, and
atol + 3e-5 * std::abs(expected[i]) evaluates to 5.1490006206662832e-05.
Google Test trace:
../test/unittest/layers/unittest_layers_layer_normalization.cpp:302: 39

../test/unittest/layers/unittest_layers_layer_normalization.cpp:304: Failure
The difference between actual[i] and expected[i] is 0.63258085055595548, which exceeds atol + 3e-5 * std::abs(expected[i]), where
actual[i] evaluates to 1.2651617527008057,
expected[i] evaluates to 0.63258090214485019, and
atol + 3e-5 * std::abs(expected[i]) evaluates to 4.8977427064345505e-05.
Google Test trace:
../test/unittest/layers/unittest_layers_layer_normalization.cpp:302: 40

../test/unittest/layers/unittest_layers_layer_normalization.cpp:304: Failure
The difference between actual[i] and expected[i] is 0.015062389416816707, which exceeds atol + 3e-5 * std::abs(expected[i]), where
actual[i] evaluates to 0.030124781653285027,
expected[i] evaluates to 0.01506239223646832, and
atol + 3e-5 * std::abs(expected[i]) evaluates to 3.045187176709405e-05.
Google Test trace:
../test/unittest/layers/unittest_layers_layer_normalization.cpp:302: 41

../test/unittest/layers/unittest_layers_layer_normalization.cpp:304: Failure
The difference between actual[i] and expected[i] is 0.21086029345275931, which exceeds atol + 3e-5 * std::abs(expected[i]), where
actual[i] evaluates to -0.42172059416770935,
expected[i] evaluates to -0.21086030071495004, and
atol + 3e-5 * std::abs(expected[i]) evaluates to 3.6325809021448502e-05.
Google Test trace:
../test/unittest/layers/unittest_layers_layer_normalization.cpp:302: 42

../test/unittest/layers/unittest_layers_layer_normalization.cpp:304: Failure
The difference between actual[i] and expected[i] is 0.43678291858033574, which exceeds atol + 3e-5 * std::abs(expected[i]), where
actual[i] evaluates to -0.8735659122467041,
expected[i] evaluates to -0.43678299366636836, and
atol + 3e-5 * std::abs(expected[i]) evaluates to 4.3103489809991053e-05.
Google Test trace:
../test/unittest/layers/unittest_layers_layer_normalization.cpp:302: 43

../test/unittest/layers/unittest_layers_layer_normalization.cpp:304: Failure
The difference between actual[i] and expected[i] is 0.23305850253461566, which exceeds atol + 3e-5 * std::abs(expected[i]), where
actual[i] evaluates to -0.46611705422401428,
expected[i] evaluates to -0.23305855168939862, and
atol + 3e-5 * std::abs(expected[i]) evaluates to 3.6991756550681957e-05.
Google Test trace:
../test/unittest/layers/unittest_layers_layer_normalization.cpp:302: 44

../test/unittest/layers/unittest_layers_layer_normalization.cpp:304: Failure
The difference between actual[i] and expected[i] is 1.1082057020330209, which exceeds atol + 3e-5 * std::abs(expected[i]), where
actual[i] evaluates to -2.2164115905761719,
expected[i] evaluates to -1.1082058885431509, and
atol + 3e-5 * std::abs(expected[i]) evaluates to 6.324617665629453e-05.
Google Test trace:
../test/unittest/layers/unittest_layers_layer_normalization.cpp:302: 45

../test/unittest/layers/unittest_layers_layer_normalization.cpp:304: Failure
The difference between actual[i] and expected[i] is 0.42291323814157528, which exceeds atol + 3e-5 * std::abs(expected[i]), where
actual[i] evaluates to 0.84582644701004028,
expected[i] evaluates to 0.42291320886846501, and
atol + 3e-5 * std::abs(expected[i]) evaluates to 4.2687396266053953e-05.
Google Test trace:
../test/unittest/layers/unittest_layers_layer_normalization.cpp:302: 46

../test/unittest/layers/unittest_layers_layer_normalization.cpp:304: Failure
The difference between actual[i] and expected[i] is 0.91835123464696278, which exceeds atol + 3e-5 * std::abs(expected[i]), where
actual[i] evaluates to 1.8367024660110474,
expected[i] evaluates to 0.91835123136408459, and
atol + 3e-5 * std::abs(expected[i]) evaluates to 5.755053694092254e-05.
Google Test trace:
../test/unittest/layers/unittest_layers_layer_normalization.cpp:302: 47

../test/unittest/layers/unittest_layers_layer_normalization.cpp:304: Failure
The difference between actual[i] and expected[i] is 2.7459543710073024, which exceeds atol + 3e-5 * std::abs(expected[i]), where
actual[i] evaluates to -1.3729771375656128,
expected[i] evaluates to -4.1189315085729152, and
atol + 3e-5 * std::abs(expected[i]) evaluates to 0.00015356794525718745.
Google Test trace:
../test/unittest/layers/unittest_layers_layer_normalization.cpp:302: 0

../test/unittest/layers/unittest_layers_layer_normalization.cpp:304: Failure
The difference between actual[i] and expected[i] is 2.6571613848215607, which exceeds atol + 3e-5 * std::abs(expected[i]), where
actual[i] evaluates to 1.3285806179046631,
expected[i] evaluates to 3.9857420027262238, and
atol + 3e-5 * std::abs(expected[i]) evaluates to 0.00014957226008178672.
Google Test trace:
../test/unittest/layers/unittest_layers_layer_normalization.cpp:302: 1

../test/unittest/layers/unittest_layers_layer_normalization.cpp:304: Failure
The difference between actual[i] and expected[i] is 1.5647886227825154, which exceeds atol + 3e-5 * std::abs(expected[i]), where
actual[i] evaluates to -0.78239446878433228,
expected[i] evaluates to -2.3471830915668477, and
atol + 3e-5 * std::abs(expected[i]) evaluates to 0.00010041549274700544.
Google Test trace:
../test/unittest/layers/unittest_layers_layer_normalization.cpp:302: 2

../test/unittest/layers/unittest_layers_layer_normalization.cpp:304: Failure
The difference between actual[i] and expected[i] is 1.6535817281775462, which exceeds atol + 3e-5 * std::abs(expected[i]), where
actual[i] evaluates to 0.82679086923599243,
expected[i] evaluates to 2.4803725974135387, and
atol + 3e-5 * std::abs(expected[i]) evaluates to 0.00010441117792240617.
Google Test trace:
../test/unittest/layers/unittest_layers_layer_normalization.cpp:302: 3

../test/unittest/layers/unittest_layers_layer_normalization.cpp:304: Failure
The difference between actual[i] and expected[i] is 0.0062815587031387343, which exceeds atol + 3e-5 * std::abs(expected[i]), where
actual[i] evaluates to 0.0031407871283590794,
expected[i] evaluates to 0.0094223458314978137, and
atol + 3e-5 * std::abs(expected[i]) evaluates to 3.0282670374944936e-05.
Google Test trace:
../test/unittest/layers/unittest_layers_layer_normalization.cpp:302: 4

../test/unittest/layers/unittest_layers_layer_normalization.cpp:304: Failure
The difference between actual[i] and expected[i] is 3.5251034129306422, which exceeds atol + 3e-5 * std::abs(expected[i]), where
actual[i] evaluates to -1.7625517845153809,
expected[i] evaluates to -5.2876551974460231, and
atol + 3e-5 * std::abs(expected[i]) evaluates to 0.00018862965592338069.
Google Test trace:
../test/unittest/layers/unittest_layers_layer_normalization.cpp:302: 5

../test/unittest/layers/unittest_layers_layer_normalization.cpp:304: Failure
The difference between actual[i] and expected[i] is 2.5197476669872163, which exceeds atol + 3e-5 * std::abs(expected[i]), where
actual[i] evaluates to -1.2598737478256226,
expected[i] evaluates to -3.7796214148128389, and
atol + 3e-5 * std::abs(expected[i]) evaluates to 0.00014338864244438517.
Google Test trace:
../test/unittest/layers/unittest_layers_layer_normalization.cpp:302: 6

../test/unittest/layers/unittest_layers_layer_normalization.cpp:304: Failure
The difference between actual[i] and expected[i] is 6.0385695412381555, which exceeds atol + 3e-5 * std::abs(expected[i]), where
actual[i] evaluates to 3.019284725189209,
expected[i] evaluates to 9.0578542664273645, and
atol + 3e-5 * std::abs(expected[i]) evaluates to 0.00030173562799282096.
Google Test trace:
../test/unittest/layers/unittest_layers_layer_normalization.cpp:302: 7

../test/unittest/layers/unittest_layers_layer_normalization.cpp:304: Failure
The difference between actual[i] and expected[i] is 0.48430101249912183, which exceeds atol + 3e-5 * std::abs(expected[i]), where
actual[i] evaluates to 0.24215050041675568,
expected[i] evaluates to 0.72645151291587751, and
atol + 3e-5 * std::abs(expected[i]) evaluates to 5.1793545387476327e-05.
Google Test trace:
../test/unittest/layers/unittest_layers_layer_normalization.cpp:302: 8

../test/unittest/layers/unittest_layers_layer_normalization.cpp:304: Failure
The difference between actual[i] and expected[i] is 1.1761449370440695, which exceeds atol + 3e-5 * std::abs(expected[i]), where
actual[i] evaluates to 0.58807247877120972,
expected[i] evaluates to 1.7642174158152792, and
atol + 3e-5 * std::abs(expected[i]) evaluates to 8.2926522474458377e-05.
Google Test trace:
../test/unittest/layers/unittest_layers_layer_normalization.cpp:302: 9

../test/unittest/layers/unittest_layers_layer_normalization.cpp:304: Failure
The difference between actual[i] and expected[i] is 1.1761449370440695, which exceeds atol + 3e-5 * std::abs(expected[i]), where
actual[i] evaluates to -0.58807247877120972,
expected[i] evaluates to -1.7642174158152792, and
atol + 3e-5 * std::abs(expected[i]) evaluates to 8.2926522474458377e-05.
Google Test trace:
../test/unittest/layers/unittest_layers_layer_normalization.cpp:302: 10

../test/unittest/layers/unittest_layers_layer_normalization.cpp:304: Failure
The difference between actual[i] and expected[i] is 0.48430101249912183, which exceeds atol + 3e-5 * std::abs(expected[i]), where
actual[i] evaluates to -0.24215050041675568,
expected[i] evaluates to -0.72645151291587751, and
atol + 3e-5 * std::abs(expected[i]) evaluates to 5.1793545387476327e-05.
Google Test trace:
../test/unittest/layers/unittest_layers_layer_normalization.cpp:302: 11

../test/unittest/layers/unittest_layers_layer_normalization.cpp:304: Failure
The difference between actual[i] and expected[i] is 3.9963816634556251, which exceeds atol + 3e-5 * std::abs(expected[i]), where
actual[i] evaluates to -1.9981907606124878,
expected[i] evaluates to -5.9945724240681129, and
atol + 3e-5 * std::abs(expected[i]) evaluates to 0.00020983717272204339.
Google Test trace:
../test/unittest/layers/unittest_layers_layer_normalization.cpp:302: 12

../test/unittest/layers/unittest_layers_layer_normalization.cpp:304: Failure
The difference between actual[i] and expected[i] is 0.66610315864510994, which exceeds atol + 3e-5 * std::abs(expected[i]), where
actual[i] evaluates to -0.33305156230926514,
expected[i] evaluates to -0.99915472095437508, and
atol + 3e-5 * std::abs(expected[i]) evaluates to 5.9974641628631254e-05.
Google Test trace:
../test/unittest/layers/unittest_layers_layer_normalization.cpp:302: 13

../test/unittest/layers/unittest_layers_layer_normalization.cpp:304: Failure
The difference between actual[i] and expected[i] is 0.66610315864510994, which exceeds atol + 3e-5 * std::abs(expected[i]), where
actual[i] evaluates to 0.33305156230926514,
expected[i] evaluates to 0.99915472095437508, and
atol + 3e-5 * std::abs(expected[i]) evaluates to 5.9974641628631254e-05.
Google Test trace:
../test/unittest/layers/unittest_layers_layer_normalization.cpp:302: 14

../test/unittest/layers/unittest_layers_layer_normalization.cpp:304: Failure
The difference between actual[i] and expected[i] is 3.9963816634556251, which exceeds atol + 3e-5 * std::abs(expected[i]), where
actual[i] evaluates to 1.9981907606124878,
expected[i] evaluates to 5.9945724240681129, and
atol + 3e-5 * std::abs(expected[i]) evaluates to 0.00020983717272204339.
Google Test trace:
../test/unittest/layers/unittest_layers_layer_normalization.cpp:302: 15

../test/unittest/layers/unittest_layers_layer_normalization.cpp:304: Failure
The difference between actual[i] and expected[i] is 0.48430101249912183, which exceeds atol + 3e-5 * std::abs(expected[i]), where
actual[i] evaluates to 0.24215050041675568,
expected[i] evaluates to 0.72645151291587751, and
atol + 3e-5 * std::abs(expected[i]) evaluates to 5.1793545387476327e-05.
Google Test trace:
../test/unittest/layers/unittest_layers_layer_normalization.cpp:302: 16

../test/unittest/layers/unittest_layers_layer_normalization.cpp:304: Failure
The difference between actual[i] and expected[i] is 1.1761449370440695, which exceeds atol + 3e-5 * std::abs(expected[i]), where
actual[i] evaluates to 0.58807247877120972,
expected[i] evaluates to 1.7642174158152792, and
atol + 3e-5 * std::abs(expected[i]) evaluates to 8.2926522474458377e-05.
Google Test trace:
../test/unittest/layers/unittest_layers_layer_normalization.cpp:302: 17

../test/unittest/layers/unittest_layers_layer_normalization.cpp:304: Failure
The difference between actual[i] and expected[i] is 1.1761449370440695, which exceeds atol + 3e-5 * std::abs(expected[i]), where
actual[i] evaluates to -0.58807247877120972,
expected[i] evaluates to -1.7642174158152792, and
atol + 3e-5 * std::abs(expected[i]) evaluates to 8.2926522474458377e-05.
Google Test trace:
../test/unittest/layers/unittest_layers_layer_normalization.cpp:302: 18

../test/unittest/layers/unittest_layers_layer_normalization.cpp:304: Failure
The difference between actual[i] and expected[i] is 0.48430101249912183, which exceeds atol + 3e-5 * std::abs(expected[i]), where
actual[i] evaluates to -0.24215050041675568,
expected[i] evaluates to -0.72645151291587751, and
atol + 3e-5 * std::abs(expected[i]) evaluates to 5.1793545387476327e-05.
Google Test trace:
../test/unittest/layers/unittest_layers_layer_normalization.cpp:302: 19

../test/unittest/layers/unittest_layers_layer_normalization.cpp:304: Failure
The difference between actual[i] and expected[i] is 2.8653342243495334, which exceeds atol + 3e-5 * std::abs(expected[i]), where
actual[i] evaluates to 1.4326670169830322,
expected[i] evaluates to 4.2980012413325657, and
atol + 3e-5 * std::abs(expected[i]) evaluates to 0.00015894003723997696.
Google Test trace:
../test/unittest/layers/unittest_layers_layer_normalization.cpp:302: 20

../test/unittest/layers/unittest_layers_layer_normalization.cpp:304: Failure
The difference between actual[i] and expected[i] is 0.47755971469888081, which exceeds atol + 3e-5 * std::abs(expected[i]), where
actual[i] evaluates to 0.23877985775470734,
expected[i] evaluates to 0.71633957245358815, and
atol + 3e-5 * std::abs(expected[i]) evaluates to 5.1490187173607644e-05.
Google Test trace:
../test/unittest/layers/unittest_layers_layer_normalization.cpp:302: 21

../test/unittest/layers/unittest_layers_layer_normalization.cpp:304: Failure
The difference between actual[i] and expected[i] is 0.47755971469888081, which exceeds atol + 3e-5 * std::abs(expected[i]), where
actual[i] evaluates to -0.23877985775470734,
expected[i] evaluates to -0.71633957245358815, and
atol + 3e-5 * std::abs(expected[i]) evaluates to 5.1490187173607644e-05.
Google Test trace:
../test/unittest/layers/unittest_layers_layer_normalization.cpp:302: 22

../test/unittest/layers/unittest_layers_layer_normalization.cpp:304: Failure
The difference between actual[i] and expected[i] is 2.8653342243495334, which exceeds atol + 3e-5 * std::abs(expected[i]), where
actual[i] evaluates to -1.4326670169830322,
expected[i] evaluates to -4.2980012413325657, and
atol + 3e-5 * std::abs(expected[i]) evaluates to 0.00015894003723997696.
Google Test trace:
../test/unittest/layers/unittest_layers_layer_normalization.cpp:302: 23

../test/unittest/layers/unittest_layers_layer_normalization.cpp:304: Failure
The difference between actual[i] and expected[i] is 1.6535817281775462, which exceeds atol + 3e-5 * std::abs(expected[i]), where
actual[i] evaluates to -0.82679086923599243,
expected[i] evaluates to -2.4803725974135387, and
atol + 3e-5 * std::abs(expected[i]) evaluates to 0.00010441117792240617.
Google Test trace:
../test/unittest/layers/unittest_layers_layer_normalization.cpp:302: 24

../test/unittest/layers/unittest_layers_layer_normalization.cpp:304: Failure
The difference between actual[i] and expected[i] is 1.5647886227825154, which exceeds atol + 3e-5 * std::abs(expected[i]), where
actual[i] evaluates to 0.78239446878433228,
expected[i] evaluates to 2.3471830915668477, and
atol + 3e-5 * std::abs(expected[i]) evaluates to 0.00010041549274700544.
Google Test trace:
../test/unittest/layers/unittest_layers_layer_normalization.cpp:302: 25

../test/unittest/layers/unittest_layers_layer_normalization.cpp:304: Failure
The difference between actual[i] and expected[i] is 2.6571613848215607, which exceeds atol + 3e-5 * std::abs(expected[i]), where
actual[i] evaluates to -1.3285806179046631,
expected[i] evaluates to -3.9857420027262238, and
atol + 3e-5 * std::abs(expected[i]) evaluates to 0.00014957226008178672.
Google Test trace:
../test/unittest/layers/unittest_layers_layer_normalization.cpp:302: 26

../test/unittest/layers/unittest_layers_layer_normalization.cpp:304: Failure
The difference between actual[i] and expected[i] is 2.7459543710073024, which exceeds atol + 3e-5 * std::abs(expected[i]), where
actual[i] evaluates to 1.3729771375656128,
expected[i] evaluates to 4.1189315085729152, and
atol + 3e-5 * std::abs(expected[i]) evaluates to 0.00015356794525718745.
Google Test trace:
../test/unittest/layers/unittest_layers_layer_normalization.cpp:302: 27

../test/unittest/layers/unittest_layers_layer_normalization.cpp:304: Failure
The difference between actual[i] and expected[i] is 2.8653342243495334, which exceeds atol + 3e-5 * std::abs(expected[i]), where
actual[i] evaluates to 1.4326670169830322,
expected[i] evaluates to 4.2980012413325657, and
atol + 3e-5 * std::abs(expected[i]) evaluates to 0.00015894003723997696.
Google Test trace:
../test/unittest/layers/unittest_layers_layer_normalization.cpp:302: 28

../test/unittest/layers/unittest_layers_layer_normalization.cpp:304: Failure
The difference between actual[i] and expected[i] is 0.47755971469888081, which exceeds atol + 3e-5 * std::abs(expected[i]), where
actual[i] evaluates to 0.23877985775470734,
expected[i] evaluates to 0.71633957245358815, and
atol + 3e-5 * std::abs(expected[i]) evaluates to 5.1490187173607644e-05.
Google Test trace:
../test/unittest/layers/unittest_layers_layer_normalization.cpp:302: 29

../test/unittest/layers/unittest_layers_layer_normalization.cpp:304: Failure
The difference between actual[i] and expected[i] is 0.47755971469888081, which exceeds atol + 3e-5 * std::abs(expected[i]), where
actual[i] evaluates to -0.23877985775470734,
expected[i] evaluates to -0.71633957245358815, and
atol + 3e-5 * std::abs(expected[i]) evaluates to 5.1490187173607644e-05.
Google Test trace:
../test/unittest/layers/unittest_layers_layer_normalization.cpp:302: 30

../test/unittest/layers/unittest_layers_layer_normalization.cpp:304: Failure
The difference between actual[i] and expected[i] is 2.8653342243495334, which exceeds atol + 3e-5 * std::abs(expected[i]), where
actual[i] evaluates to -1.4326670169830322,
expected[i] evaluates to -4.2980012413325657, and
atol + 3e-5 * std::abs(expected[i]) evaluates to 0.00015894003723997696.
Google Test trace:
../test/unittest/layers/unittest_layers_layer_normalization.cpp:302: 31

../test/unittest/layers/unittest_layers_layer_normalization.cpp:304: Failure
The difference between actual[i] and expected[i] is 3.5291459814240911, which exceeds atol + 3e-5 * std::abs(expected[i]), where
actual[i] evaluates to -1.7645729780197144,
expected[i] evaluates to -5.2937189594438054, and
atol + 3e-5 * std::abs(expected[i]) evaluates to 0.00018881156878331417.
Google Test trace:
../test/unittest/layers/unittest_layers_layer_normalization.cpp:302: 32

../test/unittest/layers/unittest_layers_layer_normalization.cpp:304: Failure
The difference between actual[i] and expected[i] is 0.084009273988941313, which exceeds atol + 3e-5 * std::abs(expected[i]), where
actual[i] evaluates to -0.042004801332950592,
expected[i] evaluates to -0.12601407532189191, and
atol + 3e-5 * std::abs(expected[i]) evaluates to 3.3780422259656757e-05.
Google Test trace:
../test/unittest/layers/unittest_layers_layer_normalization.cpp:302: 33

../test/unittest/layers/unittest_layers_layer_normalization.cpp:304: Failure
The difference between actual[i] and expected[i] is 1.1763820136762455, which exceeds atol + 3e-5 * std::abs(expected[i]), where
actual[i] evaluates to 0.58819097280502319,
expected[i] evaluates to 1.7645729864812687, and
atol + 3e-5 * std::abs(expected[i]) evaluates to 8.2937189594438059e-05.
Google Test trace:
../test/unittest/layers/unittest_layers_layer_normalization.cpp:302: 34

../test/unittest/layers/unittest_layers_layer_normalization.cpp:304: Failure
The difference between actual[i] and expected[i] is 2.4367733981989801, which exceeds atol + 3e-5 * std::abs(expected[i]), where
actual[i] evaluates to 1.2183866500854492,
expected[i] evaluates to 3.6551600482844293, and
atol + 3e-5 * std::abs(expected[i]) evaluates to 0.00013965480144853288.
Google Test trace:
../test/unittest/layers/unittest_layers_layer_normalization.cpp:302: 35

../test/unittest/layers/unittest_layers_layer_normalization.cpp:304: Failure
The difference between actual[i] and expected[i] is 2.8653342243495334, which exceeds atol + 3e-5 * std::abs(expected[i]), where
actual[i] evaluates to 1.4326670169830322,
expected[i] evaluates to 4.2980012413325657, and
atol + 3e-5 * std::abs(expected[i]) evaluates to 0.00015894003723997696.
Google Test trace:
../test/unittest/layers/unittest_layers_layer_normalization.cpp:302: 36

../test/unittest/layers/unittest_layers_layer_normalization.cpp:304: Failure
The difference between actual[i] and expected[i] is 0.47755971469888081, which exceeds atol + 3e-5 * std::abs(expected[i]), where
actual[i] evaluates to 0.23877985775470734,
expected[i] evaluates to 0.71633957245358815, and
atol + 3e-5 * std::abs(expected[i]) evaluates to 5.1490187173607644e-05.
Google Test trace:
../test/unittest/layers/unittest_layers_layer_normalization.cpp:302: 37

../test/unittest/layers/unittest_layers_layer_normalization.cpp:304: Failure
The difference between actual[i] and expected[i] is 0.47755971469888081, which exceeds atol + 3e-5 * std::abs(expected[i]), where
actual[i] evaluates to -0.23877985775470734,
expected[i] evaluates to -0.71633957245358815, and
atol + 3e-5 * std::abs(expected[i]) evaluates to 5.1490187173607644e-05.
Google Test trace:
../test/unittest/layers/unittest_layers_layer_normalization.cpp:302: 38

../test/unittest/layers/unittest_layers_layer_normalization.cpp:304: Failure
The difference between actual[i] and expected[i] is 2.8653342243495334, which exceeds atol + 3e-5 * std::abs(expected[i]), where
actual[i] evaluates to -1.4326670169830322,
expected[i] evaluates to -4.2980012413325657, and
atol + 3e-5 * std::abs(expected[i]) evaluates to 0.00015894003723997696.
Google Test trace:
../test/unittest/layers/unittest_layers_layer_normalization.cpp:302: 39

../test/unittest/layers/unittest_layers_layer_normalization.cpp:304: Failure
The difference between actual[i] and expected[i] is 2.5303236601682952, which exceeds atol + 3e-5 * std::abs(expected[i]), where
actual[i] evaluates to 1.2651617527008057,
expected[i] evaluates to 3.7954854128691009, and
atol + 3e-5 * std::abs(expected[i]) evaluates to 0.00014386456238607304.
Google Test trace:
../test/unittest/layers/unittest_layers_layer_normalization.cpp:302: 40

../test/unittest/layers/unittest_layers_layer_normalization.cpp:304: Failure
The difference between actual[i] and expected[i] is 0.060249571765524937, which exceeds atol + 3e-5 * std::abs(expected[i]), where
actual[i] evaluates to 0.030124781653285027,
expected[i] evaluates to 0.090374353418809963, and
atol + 3e-5 * std::abs(expected[i]) evaluates to 3.2711230602564299e-05.
Google Test trace:
../test/unittest/layers/unittest_layers_layer_normalization.cpp:302: 41

../test/unittest/layers/unittest_layers_layer_normalization.cpp:304: Failure
The difference between actual[i] and expected[i] is 0.84344121012199103, which exceeds atol + 3e-5 * std::abs(expected[i]), where
actual[i] evaluates to -0.42172059416770935,
expected[i] evaluates to -1.2651618042897004, and
atol + 3e-5 * std::abs(expected[i]) evaluates to 6.7954854128691013e-05.
Google Test trace:
../test/unittest/layers/unittest_layers_layer_normalization.cpp:302: 42

../test/unittest/layers/unittest_layers_layer_normalization.cpp:304: Failure
The difference between actual[i] and expected[i] is 1.7471320497515062, which exceeds atol + 3e-5 * std::abs(expected[i]), where
actual[i] evaluates to -0.8735659122467041,
expected[i] evaluates to -2.6206979619982103, and
atol + 3e-5 * std::abs(expected[i]) evaluates to 0.00010862093885994632.
Google Test trace:
../test/unittest/layers/unittest_layers_layer_normalization.cpp:302: 43

../test/unittest/layers/unittest_layers_layer_normalization.cpp:304: Failure
The difference between actual[i] and expected[i] is 0.93223425591237707, which exceeds atol + 3e-5 * std::abs(expected[i]), where
actual[i] evaluates to -0.46611705422401428,
expected[i] evaluates to -1.3983513101363914, and
atol + 3e-5 * std::abs(expected[i]) evaluates to 7.1950539304091742e-05.
Google Test trace:
../test/unittest/layers/unittest_layers_layer_normalization.cpp:302: 44

../test/unittest/layers/unittest_layers_layer_normalization.cpp:304: Failure
The difference between actual[i] and expected[i] is 4.4328237406827347, which exceeds atol + 3e-5 * std::abs(expected[i]), where
actual[i] evaluates to -2.2164115905761719,
expected[i] evaluates to -6.6492353312589065, and
atol + 3e-5 * std::abs(expected[i]) evaluates to 0.00022947705993776719.
Google Test trace:
../test/unittest/layers/unittest_layers_layer_normalization.cpp:302: 45

../test/unittest/layers/unittest_layers_layer_normalization.cpp:304: Failure
The difference between actual[i] and expected[i] is 1.6916528062007501, which exceeds atol + 3e-5 * std::abs(expected[i]), where
actual[i] evaluates to 0.84582644701004028,
expected[i] evaluates to 2.5374792532107904, and
atol + 3e-5 * std::abs(expected[i]) evaluates to 0.00010612437759632372.
Google Test trace:
../test/unittest/layers/unittest_layers_layer_normalization.cpp:302: 46

../test/unittest/layers/unittest_layers_layer_normalization.cpp:304: Failure
The difference between actual[i] and expected[i] is 3.6734049221734599, which exceeds atol + 3e-5 * std::abs(expected[i]), where
actual[i] evaluates to 1.8367024660110474,
expected[i] evaluates to 5.5101073881845073, and
atol + 3e-5 * std::abs(expected[i]) evaluates to 0.00019530322164553523.
Google Test trace:
../test/unittest/layers/unittest_layers_layer_normalization.cpp:302: 47

[  FAILED  ] LayerNormNumericalAudit.ConstantGammaScalesInputGradient (1 ms)
[ RUN      ] LayerNormNumericalAudit.ConstantInputUsesEpsilon
../test/unittest/layers/unittest_layers_layer_normalization.cpp:304: Failure
The difference between actual[i] and expected[i] is 15, which exceeds atol + 3e-5 * std::abs(expected[i]), where
actual[i] evaluates to -6.75,
expected[i] evaluates to 8.25, and
atol + 3e-5 * std::abs(expected[i]) evaluates to 0.00027750000000000002.
Google Test trace:
../test/unittest/layers/unittest_layers_layer_normalization.cpp:302: 0

../test/unittest/layers/unittest_layers_layer_normalization.cpp:304: Failure
The difference between actual[i] and expected[i] is 10.5, which exceeds atol + 3e-5 * std::abs(expected[i]), where
actual[i] evaluates to 4.25,
expected[i] evaluates to -6.25, and
atol + 3e-5 * std::abs(expected[i]) evaluates to 0.0002175.
Google Test trace:
../test/unittest/layers/unittest_layers_layer_normalization.cpp:302: 1

../test/unittest/layers/unittest_layers_layer_normalization.cpp:304: Failure
The difference between actual[i] and expected[i] is 3, which exceeds atol + 3e-5 * std::abs(expected[i]), where
actual[i] evaluates to 2.25,
expected[i] evaluates to -0.75, and
atol + 3e-5 * std::abs(expected[i]) evaluates to 5.2500000000000002e-05.
Google Test trace:
../test/unittest/layers/unittest_layers_layer_normalization.cpp:302: 2

../test/unittest/layers/unittest_layers_layer_normalization.cpp:304: Failure
The difference between actual[i] and expected[i] is 1.5, which exceeds atol + 3e-5 * std::abs(expected[i]), where
actual[i] evaluates to 0.25,
expected[i] evaluates to -1.25, and
atol + 3e-5 * std::abs(expected[i]) evaluates to 6.7500000000000001e-05.
Google Test trace:
../test/unittest/layers/unittest_layers_layer_normalization.cpp:302: 3

../test/unittest/layers/unittest_layers_layer_normalization.cpp:304: Failure
The difference between actual[i] and expected[i] is 1.125, which exceeds atol + 3e-5 * std::abs(expected[i]), where
actual[i] evaluates to -0.25,
expected[i] evaluates to -1.375, and
atol + 3e-5 * std::abs(expected[i]) evaluates to 7.1249999999999997e-05.
Google Test trace:
../test/unittest/layers/unittest_layers_layer_normalization.cpp:302: 4

../test/unittest/layers/unittest_layers_layer_normalization.cpp:304: Failure
The difference between actual[i] and expected[i] is 0.375, which exceeds atol + 3e-5 * std::abs(expected[i]), where
actual[i] evaluates to -2.25,
expected[i] evaluates to -1.875, and
atol + 3e-5 * std::abs(expected[i]) evaluates to 8.6249999999999996e-05.
Google Test trace:
../test/unittest/layers/unittest_layers_layer_normalization.cpp:302: 5

../test/unittest/layers/unittest_layers_layer_normalization.cpp:304: Failure
The difference between actual[i] and expected[i] is 4.125, which exceeds atol + 3e-5 * std::abs(expected[i]), where
actual[i] evaluates to -4.25,
expected[i] evaluates to -8.375, and
atol + 3e-5 * std::abs(expected[i]) evaluates to 0.00028125000000000003.
Google Test trace:
../test/unittest/layers/unittest_layers_layer_normalization.cpp:302: 6

../test/unittest/layers/unittest_layers_layer_normalization.cpp:304: Failure
The difference between actual[i] and expected[i] is 4.875, which exceeds atol + 3e-5 * std::abs(expected[i]), where
actual[i] evaluates to 6.75,
expected[i] evaluates to 11.625, and
atol + 3e-5 * std::abs(expected[i]) evaluates to 0.00037875000000000002.
Google Test trace:
../test/unittest/layers/unittest_layers_layer_normalization.cpp:302: 7

../test/unittest/layers/unittest_layers_layer_normalization.cpp:304: Failure
The difference between actual[i] and expected[i] is 7.5, which exceeds atol + 3e-5 * std::abs(expected[i]), where
actual[i] evaluates to 3,
expected[i] evaluates to -4.5, and
atol + 3e-5 * std::abs(expected[i]) evaluates to 0.000165.
Google Test trace:
../test/unittest/layers/unittest_layers_layer_normalization.cpp:302: 8

../test/unittest/layers/unittest_layers_layer_normalization.cpp:304: Failure
The difference between actual[i] and expected[i] is 1.5, which exceeds atol + 3e-5 * std::abs(expected[i]), where
actual[i] evaluates to 1,
expected[i] evaluates to 2.5, and
atol + 3e-5 * std::abs(expected[i]) evaluates to 0.000105.
Google Test trace:
../test/unittest/layers/unittest_layers_layer_normalization.cpp:302: 9

../test/unittest/layers/unittest_layers_layer_normalization.cpp:304: Failure
The difference between actual[i] and expected[i] is 4.5, which exceeds atol + 3e-5 * std::abs(expected[i]), where
actual[i] evaluates to -1,
expected[i] evaluates to 3.5, and
atol + 3e-5 * std::abs(expected[i]) evaluates to 0.000135.
Google Test trace:
../test/unittest/layers/unittest_layers_layer_normalization.cpp:302: 10

../test/unittest/layers/unittest_layers_layer_normalization.cpp:304: Failure
The difference between actual[i] and expected[i] is 1.5, which exceeds atol + 3e-5 * std::abs(expected[i]), where
actual[i] evaluates to -3,
expected[i] evaluates to -1.5, and
atol + 3e-5 * std::abs(expected[i]) evaluates to 7.5000000000000007e-05.
Google Test trace:
../test/unittest/layers/unittest_layers_layer_normalization.cpp:302: 11

../test/unittest/layers/unittest_layers_layer_normalization.cpp:304: Failure
The difference between actual[i] and expected[i] is 5.625, which exceeds atol + 3e-5 * std::abs(expected[i]), where
actual[i] evaluates to -3.5,
expected[i] evaluates to 2.125, and
atol + 3e-5 * std::abs(expected[i]) evaluates to 9.3750000000000002e-05.
Google Test trace:
../test/unittest/layers/unittest_layers_layer_normalization.cpp:302: 12

../test/unittest/layers/unittest_layers_layer_normalization.cpp:304: Failure
The difference between actual[i] and expected[i] is 2.625, which exceeds atol + 3e-5 * std::abs(expected[i]), where
actual[i] evaluates to -5.5,
expected[i] evaluates to -2.875, and
atol + 3e-5 * std::abs(expected[i]) evaluates to 0.00011625000000000001.
Google Test trace:
../test/unittest/layers/unittest_layers_layer_normalization.cpp:302: 13

../test/unittest/layers/unittest_layers_layer_normalization.cpp:304: Failure
The difference between actual[i] and expected[i] is 6.375, which exceeds atol + 3e-5 * std::abs(expected[i]), where
actual[i] evaluates to 5.5,
expected[i] evaluates to -0.875, and
atol + 3e-5 * std::abs(expected[i]) evaluates to 5.6249999999999998e-05.
Google Test trace:
../test/unittest/layers/unittest_layers_layer_normalization.cpp:302: 14

../test/unittest/layers/unittest_layers_layer_normalization.cpp:304: Failure
The difference between actual[i] and expected[i] is 1.875, which exceeds atol + 3e-5 * std::abs(expected[i]), where
actual[i] evaluates to 3.5,
expected[i] evaluates to 1.625, and
atol + 3e-5 * std::abs(expected[i]) evaluates to 7.8750000000000003e-05.
Google Test trace:
../test/unittest/layers/unittest_layers_layer_normalization.cpp:302: 15

../test/unittest/layers/unittest_layers_layer_normalization.cpp:304: Failure
The difference between actual[i] and expected[i] is 0.75, which exceeds atol + 3e-5 * std::abs(expected[i]), where
actual[i] evaluates to 3,
expected[i] evaluates to 2.25, and
atol + 3e-5 * std::abs(expected[i]) evaluates to 9.7499999999999998e-05.
Google Test trace:
../test/unittest/layers/unittest_layers_layer_normalization.cpp:302: 16

../test/unittest/layers/unittest_layers_layer_normalization.cpp:304: Failure
The difference between actual[i] and expected[i] is 3.75, which exceeds atol + 3e-5 * std::abs(expected[i]), where
actual[i] evaluates to 1,
expected[i] evaluates to 4.75, and
atol + 3e-5 * std::abs(expected[i]) evaluates to 0.00017249999999999999.
Google Test trace:
../test/unittest/layers/unittest_layers_layer_normalization.cpp:302: 17

../test/unittest/layers/unittest_layers_layer_normalization.cpp:304: Failure
The difference between actual[i] and expected[i] is 2.25, which exceeds atol + 3e-5 * std::abs(expected[i]), where
actual[i] evaluates to -1,
expected[i] evaluates to 1.25, and
atol + 3e-5 * std::abs(expected[i]) evaluates to 6.7500000000000001e-05.
Google Test trace:
../test/unittest/layers/unittest_layers_layer_normalization.cpp:302: 18

../test/unittest/layers/unittest_layers_layer_normalization.cpp:304: Failure
The difference between actual[i] and expected[i] is 5.25, which exceeds atol + 3e-5 * std::abs(expected[i]), where
actual[i] evaluates to -3,
expected[i] evaluates to -8.25, and
atol + 3e-5 * std::abs(expected[i]) evaluates to 0.00027750000000000002.
Google Test trace:
../test/unittest/layers/unittest_layers_layer_normalization.cpp:302: 19

../test/unittest/layers/unittest_layers_layer_normalization.cpp:304: Failure
The difference between actual[i] and expected[i] is 12, which exceeds atol + 3e-5 * std::abs(expected[i]), where
actual[i] evaluates to 3,
expected[i] evaluates to -9, and
atol + 3e-5 * std::abs(expected[i]) evaluates to 0.00030000000000000003.
Google Test trace:
../test/unittest/layers/unittest_layers_layer_normalization.cpp:302: 20

../test/unittest/layers/unittest_layers_layer_normalization.cpp:304: Failure
The difference between actual[i] and expected[i] is 6, which exceeds atol + 3e-5 * std::abs(expected[i]), where
actual[i] evaluates to -1,
expected[i] evaluates to 5, and
atol + 3e-5 * std::abs(expected[i]) evaluates to 0.00018000000000000001.
Google Test trace:
../test/unittest/layers/unittest_layers_layer_normalization.cpp:302: 22

../test/unittest/layers/unittest_layers_layer_normalization.cpp:304: Failure
The difference between actual[i] and expected[i] is 6, which exceeds atol + 3e-5 * std::abs(expected[i]), where
actual[i] evaluates to -3,
expected[i] evaluates to 3, and
atol + 3e-5 * std::abs(expected[i]) evaluates to 0.00012.
Google Test trace:
../test/unittest/layers/unittest_layers_layer_normalization.cpp:302: 23

../test/unittest/layers/unittest_layers_layer_normalization.cpp:304: Failure
The difference between actual[i] and expected[i] is 1.125, which exceeds atol + 3e-5 * std::abs(expected[i]), where
actual[i] evaluates to -0.25,
expected[i] evaluates to 0.875, and
atol + 3e-5 * std::abs(expected[i]) evaluates to 5.6249999999999998e-05.
Google Test trace:
../test/unittest/layers/unittest_layers_layer_normalization.cpp:302: 24

../test/unittest/layers/unittest_layers_layer_normalization.cpp:304: Failure
The difference between actual[i] and expected[i] is 1.125, which exceeds atol + 3e-5 * std::abs(expected[i]), where
actual[i] evaluates to -2.25,
expected[i] evaluates to -1.125, and
atol + 3e-5 * std::abs(expected[i]) evaluates to 6.3750000000000005e-05.
Google Test trace:
../test/unittest/layers/unittest_layers_layer_normalization.cpp:302: 25

../test/unittest/layers/unittest_layers_layer_normalization.cpp:304: Failure
The difference between actual[i] and expected[i] is 4.875, which exceeds atol + 3e-5 * std::abs(expected[i]), where
actual[i] evaluates to -4.25,
expected[i] evaluates to -9.125, and
atol + 3e-5 * std::abs(expected[i]) evaluates to 0.00030374999999999998.
Google Test trace:
../test/unittest/layers/unittest_layers_layer_normalization.cpp:302: 26

../test/unittest/layers/unittest_layers_layer_normalization.cpp:304: Failure
The difference between actual[i] and expected[i] is 2.625, which exceeds atol + 3e-5 * std::abs(expected[i]), where
actual[i] evaluates to 6.75,
expected[i] evaluates to 9.375, and
atol + 3e-5 * std::abs(expected[i]) evaluates to 0.00031125.
Google Test trace:
../test/unittest/layers/unittest_layers_layer_normalization.cpp:302: 27

../test/unittest/layers/unittest_layers_layer_normalization.cpp:304: Failure
The difference between actual[i] and expected[i] is 5.25, which exceeds atol + 3e-5 * std::abs(expected[i]), where
actual[i] evaluates to 3,
expected[i] evaluates to -2.25, and
atol + 3e-5 * std::abs(expected[i]) evaluates to 9.7499999999999998e-05.
Google Test trace:
../test/unittest/layers/unittest_layers_layer_normalization.cpp:302: 28

../test/unittest/layers/unittest_layers_layer_normalization.cpp:304: Failure
The difference between actual[i] and expected[i] is 2.25, which exceeds atol + 3e-5 * std::abs(expected[i]), where
actual[i] evaluates to 1,
expected[i] evaluates to 3.25, and
atol + 3e-5 * std::abs(expected[i]) evaluates to 0.00012750000000000001.
Google Test trace:
../test/unittest/layers/unittest_layers_layer_normalization.cpp:302: 29

../test/unittest/layers/unittest_layers_layer_normalization.cpp:304: Failure
The difference between actual[i] and expected[i] is 3.75, which exceeds atol + 3e-5 * std::abs(expected[i]), where
actual[i] evaluates to -1,
expected[i] evaluates to 2.75, and
atol + 3e-5 * std::abs(expected[i]) evaluates to 0.0001125.
Google Test trace:
../test/unittest/layers/unittest_layers_layer_normalization.cpp:302: 30

../test/unittest/layers/unittest_layers_layer_normalization.cpp:304: Failure
The difference between actual[i] and expected[i] is 0.75, which exceeds atol + 3e-5 * std::abs(expected[i]), where
actual[i] evaluates to -3,
expected[i] evaluates to -3.75, and
atol + 3e-5 * std::abs(expected[i]) evaluates to 0.00014249999999999999.
Google Test trace:
../test/unittest/layers/unittest_layers_layer_normalization.cpp:302: 31

../test/unittest/layers/unittest_layers_layer_normalization.cpp:304: Failure
The difference between actual[i] and expected[i] is 12.75, which exceeds atol + 3e-5 * std::abs(expected[i]), where
actual[i] evaluates to -6.75,
expected[i] evaluates to 6, and
atol + 3e-5 * std::abs(expected[i]) evaluates to 0.00021000000000000001.
Google Test trace:
../test/unittest/layers/unittest_layers_layer_normalization.cpp:302: 32

../test/unittest/layers/unittest_layers_layer_normalization.cpp:304: Failure
The difference between actual[i] and expected[i] is 11.25, which exceeds atol + 3e-5 * std::abs(expected[i]), where
actual[i] evaluates to 4.25,
expected[i] evaluates to -7, and
atol + 3e-5 * std::abs(expected[i]) evaluates to 0.00024000000000000001.
Google Test trace:
../test/unittest/layers/unittest_layers_layer_normalization.cpp:302: 33

../test/unittest/layers/unittest_layers_layer_normalization.cpp:304: Failure
The difference between actual[i] and expected[i] is 2.25, which exceeds atol + 3e-5 * std::abs(expected[i]), where
actual[i] evaluates to 2.25,
expected[i] evaluates to 0, and
atol + 3e-5 * std::abs(expected[i]) evaluates to 3.0000000000000001e-05.
Google Test trace:
../test/unittest/layers/unittest_layers_layer_normalization.cpp:302: 34

../test/unittest/layers/unittest_layers_layer_normalization.cpp:304: Failure
The difference between actual[i] and expected[i] is 0.75, which exceeds atol + 3e-5 * std::abs(expected[i]), where
actual[i] evaluates to 0.25,
expected[i] evaluates to 1, and
atol + 3e-5 * std::abs(expected[i]) evaluates to 6.0000000000000002e-05.
Google Test trace:
../test/unittest/layers/unittest_layers_layer_normalization.cpp:302: 35

../test/unittest/layers/unittest_layers_layer_normalization.cpp:304: Failure
The difference between actual[i] and expected[i] is 1.5, which exceeds atol + 3e-5 * std::abs(expected[i]), where
actual[i] evaluates to 3,
expected[i] evaluates to 4.5, and
atol + 3e-5 * std::abs(expected[i]) evaluates to 0.000165.
Google Test trace:
../test/unittest/layers/unittest_layers_layer_normalization.cpp:302: 36

../test/unittest/layers/unittest_layers_layer_normalization.cpp:304: Failure
The difference between actual[i] and expected[i] is 4.5, which exceeds atol + 3e-5 * std::abs(expected[i]), where
actual[i] evaluates to 1,
expected[i] evaluates to 5.5, and
atol + 3e-5 * std::abs(expected[i]) evaluates to 0.000195.
Google Test trace:
../test/unittest/layers/unittest_layers_layer_normalization.cpp:302: 37

../test/unittest/layers/unittest_layers_layer_normalization.cpp:304: Failure
The difference between actual[i] and expected[i] is 1.5, which exceeds atol + 3e-5 * std::abs(expected[i]), where
actual[i] evaluates to -1,
expected[i] evaluates to 0.5, and
atol + 3e-5 * std::abs(expected[i]) evaluates to 4.5000000000000003e-05.
Google Test trace:
../test/unittest/layers/unittest_layers_layer_normalization.cpp:302: 38

../test/unittest/layers/unittest_layers_layer_normalization.cpp:304: Failure
The difference between actual[i] and expected[i] is 7.5, which exceeds atol + 3e-5 * std::abs(expected[i]), where
actual[i] evaluates to -3,
expected[i] evaluates to -10.5, and
atol + 3e-5 * std::abs(expected[i]) evaluates to 0.00034499999999999998.
Google Test trace:
../test/unittest/layers/unittest_layers_layer_normalization.cpp:302: 39

../test/unittest/layers/unittest_layers_layer_normalization.cpp:304: Failure
The difference between actual[i] and expected[i] is 9.75, which exceeds atol + 3e-5 * std::abs(expected[i]), where
actual[i] evaluates to 3,
expected[i] evaluates to -6.75, and
atol + 3e-5 * std::abs(expected[i]) evaluates to 0.00023250000000000001.
Google Test trace:
../test/unittest/layers/unittest_layers_layer_normalization.cpp:302: 40

../test/unittest/layers/unittest_layers_layer_normalization.cpp:304: Failure
The difference between actual[i] and expected[i] is 0.75, which exceeds atol + 3e-5 * std::abs(expected[i]), where
actual[i] evaluates to 1,
expected[i] evaluates to 1.75, and
atol + 3e-5 * std::abs(expected[i]) evaluates to 8.25e-05.
Google Test trace:
../test/unittest/layers/unittest_layers_layer_normalization.cpp:302: 41

../test/unittest/layers/unittest_layers_layer_normalization.cpp:304: Failure
The difference between actual[i] and expected[i] is 5.25, which exceeds atol + 3e-5 * std::abs(expected[i]), where
actual[i] evaluates to -1,
expected[i] evaluates to 4.25, and
atol + 3e-5 * std::abs(expected[i]) evaluates to 0.00015750000000000001.
Google Test trace:
../test/unittest/layers/unittest_layers_layer_normalization.cpp:302: 42

../test/unittest/layers/unittest_layers_layer_normalization.cpp:304: Failure
The difference between actual[i] and expected[i] is 3.75, which exceeds atol + 3e-5 * std::abs(expected[i]), where
actual[i] evaluates to -3,
expected[i] evaluates to 0.75, and
atol + 3e-5 * std::abs(expected[i]) evaluates to 5.2500000000000002e-05.
Google Test trace:
../test/unittest/layers/unittest_layers_layer_normalization.cpp:302: 43

../test/unittest/layers/unittest_layers_layer_normalization.cpp:304: Failure
The difference between actual[i] and expected[i] is 3.375, which exceeds atol + 3e-5 * std::abs(expected[i]), where
actual[i] evaluates to -3.5,
expected[i] evaluates to -0.125, and
atol + 3e-5 * std::abs(expected[i]) evaluates to 3.375e-05.
Google Test trace:
../test/unittest/layers/unittest_layers_layer_normalization.cpp:302: 44

../test/unittest/layers/unittest_layers_layer_normalization.cpp:304: Failure
The difference between actual[i] and expected[i] is 1.875, which exceeds atol + 3e-5 * std::abs(expected[i]), where
actual[i] evaluates to -5.5,
expected[i] evaluates to -3.625, and
atol + 3e-5 * std::abs(expected[i]) evaluates to 0.00013875000000000001.
Google Test trace:
../test/unittest/layers/unittest_layers_layer_normalization.cpp:302: 45

../test/unittest/layers/unittest_layers_layer_normalization.cpp:304: Failure
The difference between actual[i] and expected[i] is 5.625, which exceeds atol + 3e-5 * std::abs(expected[i]), where
actual[i] evaluates to 5.5,
expected[i] evaluates to -0.125, and
atol + 3e-5 * std::abs(expected[i]) evaluates to 3.375e-05.
Google Test trace:
../test/unittest/layers/unittest_layers_layer_normalization.cpp:302: 46

../test/unittest/layers/unittest_layers_layer_normalization.cpp:304: Failure
The difference between actual[i] and expected[i] is 0.375, which exceeds atol + 3e-5 * std::abs(expected[i]), where
actual[i] evaluates to 3.5,
expected[i] evaluates to 3.875, and
atol + 3e-5 * std::abs(expected[i]) evaluates to 0.00014625.
Google Test trace:
../test/unittest/layers/unittest_layers_layer_normalization.cpp:302: 47

[  FAILED  ] LayerNormNumericalAudit.ConstantInputUsesEpsilon (0 ms)
[ RUN      ] LayerNormNumericalAudit.IndependentBatchPartition
[       OK ] LayerNormNumericalAudit.IndependentBatchPartition (0 ms)
[ RUN      ] LayerNormNumericalAudit.EquivalentIndependentBatchShape
[       OK ] LayerNormNumericalAudit.EquivalentIndependentBatchShape (0 ms)
[ RUN      ] LayerNormNumericalAudit.ShiftInvarianceAndZeroSumInputGradient
[       OK ] LayerNormNumericalAudit.ShiftInvarianceAndZeroSumInputGradient (0 ms)
[----------] 10 tests from LayerNormNumericalAudit (8 ms total)

[----------] 11 tests from LayerNormalization/LayerSemantics
[ RUN      ] LayerNormalization/LayerSemantics.createFromAppContext_pn/0
[       OK ] LayerNormalization/LayerSemantics.createFromAppContext_pn/0 (3 ms)
[ RUN      ] LayerNormalization/LayerSemantics.setPropertiesInvalid_01_n/0
[       OK ] LayerNormalization/LayerSemantics.setPropertiesInvalid_01_n/0 (0 ms)
[ RUN      ] LayerNormalization/LayerSemantics.setPropertiesInvalid_02_n/0
[       OK ] LayerNormalization/LayerSemantics.setPropertiesInvalid_02_n/0 (0 ms)
[ RUN      ] LayerNormalization/LayerSemantics.finalizeValidateLayerNode_p/0
[       OK ] LayerNormalization/LayerSemantics.finalizeValidateLayerNode_p/0 (0 ms)
[ RUN      ] LayerNormalization/LayerSemantics.getTypeValidateLayerNode_p/0
[       OK ] LayerNormalization/LayerSemantics.getTypeValidateLayerNode_p/0 (0 ms)
[ RUN      ] LayerNormalization/LayerSemantics.gettersValidateLayerNode_p/0
[       OK ] LayerNormalization/LayerSemantics.gettersValidateLayerNode_p/0 (0 ms)
[ RUN      ] LayerNormalization/LayerSemantics.setBatchValidateLayerNode_p/0
[       OK ] LayerNormalization/LayerSemantics.setBatchValidateLayerNode_p/0 (0 ms)
[ RUN      ] LayerNormalization/LayerSemantics.setProperties_n/0
[       OK ] LayerNormalization/LayerSemantics.setProperties_n/0 (0 ms)
[ RUN      ] LayerNormalization/LayerSemantics.gettersValidate_p/0
[       OK ] LayerNormalization/LayerSemantics.gettersValidate_p/0 (0 ms)
[ RUN      ] LayerNormalization/LayerSemantics.finalizeValidate_p/0
[       OK ] LayerNormalization/LayerSemantics.finalizeValidate_p/0 (0 ms)
[ RUN      ] LayerNormalization/LayerSemantics.setBatchValidate_p/0
[       OK ] LayerNormalization/LayerSemantics.setBatchValidate_p/0 (0 ms)
[----------] 11 tests from LayerNormalization/LayerSemantics (3 ms total)

[----------] 7 tests from LayerNormalization/LayerGoldenTest
[ RUN      ] LayerNormalization/LayerGoldenTest.run/0
[       OK ] LayerNormalization/LayerGoldenTest.run/0 (1 ms)
[ RUN      ] LayerNormalization/LayerGoldenTest.run/1
[       OK ] LayerNormalization/LayerGoldenTest.run/1 (0 ms)
[ RUN      ] LayerNormalization/LayerGoldenTest.run/2
[       OK ] LayerNormalization/LayerGoldenTest.run/2 (0 ms)
[ RUN      ] LayerNormalization/LayerGoldenTest.run/3
[       OK ] LayerNormalization/LayerGoldenTest.run/3 (0 ms)
[ RUN      ] LayerNormalization/LayerGoldenTest.run/4
[       OK ] LayerNormalization/LayerGoldenTest.run/4 (0 ms)
[ RUN      ] LayerNormalization/LayerGoldenTest.run/5
[       OK ] LayerNormalization/LayerGoldenTest.run/5 (0 ms)
[ RUN      ] LayerNormalization/LayerGoldenTest.run/6
[       OK ] LayerNormalization/LayerGoldenTest.run/6 (0 ms)
[----------] 7 tests from LayerNormalization/LayerGoldenTest (3 ms total)

[----------] 14 tests from EveryNonBatchAxis/LayerNormAxesAudit
[ RUN      ] EveryNonBatchAxis/LayerNormAxesAudit.AffineOutputAndAllGradients/0
../test/unittest/layers/unittest_layers_layer_normalization.cpp:304: Failure
The difference between actual[i] and expected[i] is 0.033118815812774344, which exceeds atol + 3e-5 * std::abs(expected[i]), where
actual[i] evaluates to 0.017348991706967354,
expected[i] evaluates to -0.015769824105806993, and
atol + 3e-5 * std::abs(expected[i]) evaluates to 3.0473094723174211e-05.
Google Test trace:
../test/unittest/layers/unittest_layers_layer_normalization.cpp:302: 0

../test/unittest/layers/unittest_layers_layer_normalization.cpp:304: Failure
The difference between actual[i] and expected[i] is 3.6782005944141076, which exceeds atol + 3e-5 * std::abs(expected[i]), where
actual[i] evaluates to 0.0017623122548684478,
expected[i] evaluates to -3.6764382821592392, and
atol + 3e-5 * std::abs(expected[i]) evaluates to 0.00014029314846477717.
Google Test trace:
../test/unittest/layers/unittest_layers_layer_normalization.cpp:302: 1

../test/unittest/layers/unittest_layers_layer_normalization.cpp:304: Failure
The difference between actual[i] and expected[i] is 3.6764381803839861, which exceeds atol + 3e-5 * std::abs(expected[i]), where
actual[i] evaluates to 0.0017628960777074099,
expected[i] evaluates to -3.6746752843062787, and
atol + 3e-5 * std::abs(expected[i]) evaluates to 0.00014024025852918837.
Google Test trace:
../test/unittest/layers/unittest_layers_layer_normalization.cpp:302: 2

../test/unittest/layers/unittest_layers_layer_normalization.cpp:304: Failure
The difference between actual[i] and expected[i] is 3.674675182531026, which exceeds atol + 3e-5 * std::abs(expected[i]), where
actual[i] evaluates to 0.0017628960777074099,
expected[i] evaluates to -3.6729122864533186, and
atol + 3e-5 * std::abs(expected[i]) evaluates to 0.00014018736859359955.
Google Test trace:
../test/unittest/layers/unittest_layers_layer_normalization.cpp:302: 3

../test/unittest/layers/unittest_layers_layer_normalization.cpp:304: Failure
The difference between actual[i] and expected[i] is 3.6729134829019281, which exceeds atol + 3e-5 * std::abs(expected[i]), where
actual[i] evaluates to 5.3045353889465332,
expected[i] evaluates to 1.6316219060446051, and
atol + 3e-5 * std::abs(expected[i]) evaluates to 7.8948657181338161e-05.
Google Test trace:
../test/unittest/layers/unittest_layers_layer_normalization.cpp:302: 4

../test/unittest/layers/unittest_layers_layer_normalization.cpp:304: Failure
The difference between actual[i] and expected[i] is 3.671150485048952, which exceeds atol + 3e-5 * std::abs(expected[i]), where
actual[i] evaluates to 5.3045353889465332,
expected[i] evaluates to 1.6333849038975814, and
atol + 3e-5 * std::abs(expected[i]) evaluates to 7.9001547116927444e-05.
Google Test trace:
../test/unittest/layers/unittest_layers_layer_normalization.cpp:302: 5

../test/unittest/layers/unittest_layers_layer_normalization.cpp:304: Failure
The difference between actual[i] and expected[i] is 12.25038560400146, which exceeds atol + 3e-5 * std::abs(expected[i]), where
actual[i] evaluates to -5.3086466789245605,
expected[i] evaluates to 6.9417389250768995, and
atol + 3e-5 * std::abs(expected[i]) evaluates to 0.00023825216775230699.
Google Test trace:
../test/unittest/layers/unittest_layers_layer_normalization.cpp:302: 6

../test/unittest/layers/unittest_layers_layer_normalization.cpp:304: Failure
The difference between actual[i] and expected[i] is 3.6790826771634269, which exceeds atol + 3e-5 * std::abs(expected[i]), where
actual[i] evaluates to 0.0017628960777074099,
expected[i] evaluates to -3.6773197810857194, and
atol + 3e-5 * std::abs(expected[i]) evaluates to 0.00014031959343257158.
Google Test trace:
../test/unittest/layers/unittest_layers_layer_normalization.cpp:302: 7

../test/unittest/layers/unittest_layers_layer_normalization.cpp:304: Failure
The difference between actual[i] and expected[i] is 0.56315734329299838, which exceeds atol + 3e-5 * std::abs(expected[i]), where
actual[i] evaluates to 0.29498666524887085,
expected[i] evaluates to -0.26817067804412748, and
atol + 3e-5 * std::abs(expected[i]) evaluates to 3.8045120341323826e-05.
Google Test trace:
../test/unittest/layers/unittest_layers_layer_normalization.cpp:302: 8

../test/unittest/layers/unittest_layers_layer_normalization.cpp:304: Failure
The difference between actual[i] and expected[i] is 7.3475881546933941, which exceeds atol + 3e-5 * std::abs(expected[i]), where
actual[i] evaluates to -5.8393379731569439e-07,
expected[i] evaluates to 7.3475875707595968, and
atol + 3e-5 * std::abs(expected[i]) evaluates to 0.0002504276271227879.
Google Test trace:
../test/unittest/layers/unittest_layers_layer_normalization.cpp:302: 9

../test/unittest/layers/unittest_layers_layer_normalization.cpp:304: Failure
The difference between actual[i] and expected[i] is 7.3475874977678721, which exceeds atol + 3e-5 * std::abs(expected[i]), where
actual[i] evaluates to 7.2991724664461799e-08,
expected[i] evaluates to 7.3475875707595968, and
atol + 3e-5 * std::abs(expected[i]) evaluates to 0.0002504276271227879.
Google Test trace:
../test/unittest/layers/unittest_layers_layer_normalization.cpp:302: 10

../test/unittest/layers/unittest_layers_layer_normalization.cpp:304: Failure
The difference between actual[i] and expected[i] is 7.3475875707595968, which exceeds atol + 3e-5 * std::abs(expected[i]), where
actual[i] evaluates to 0,
expected[i] evaluates to 7.3475875707595968, and
atol + 3e-5 * std::abs(expected[i]) evaluates to 0.0002504276271227879.
Google Test trace:
../test/unittest/layers/unittest_layers_layer_normalization.cpp:302: 11

../test/unittest/layers/unittest_layers_layer_normalization.cpp:304: Failure
The difference between actual[i] and expected[i] is 7.3475875919779403, which exceeds atol + 3e-5 * std::abs(expected[i]), where
actual[i] evaluates to -10.613182067871094,
expected[i] evaluates to -3.2655944758931534, and
atol + 3e-5 * std::abs(expected[i]) evaluates to 0.00012796783427679461.
Google Test trace:
../test/unittest/layers/unittest_layers_layer_normalization.cpp:302: 12

../test/unittest/layers/unittest_layers_layer_normalization.cpp:304: Failure
The difference between actual[i] and expected[i] is 7.347587591977943, which exceeds atol + 3e-5 * std::abs(expected[i]), where
actual[i] evaluates to -10.613182067871094,
expected[i] evaluates to -3.2655944758931512, and
atol + 3e-5 * std::abs(expected[i]) evaluates to 0.00012796783427679453.
Google Test trace:
../test/unittest/layers/unittest_layers_layer_normalization.cpp:302: 13

../test/unittest/layers/unittest_layers_layer_normalization.cpp:304: Failure
The difference between actual[i] and expected[i] is 24.491958590416999, which exceeds atol + 3e-5 * std::abs(expected[i]), where
actual[i] evaluates to 10.613182067871094,
expected[i] evaluates to -13.878776522545904, and
atol + 3e-5 * std::abs(expected[i]) evaluates to 0.00044636329567637712.
Google Test trace:
../test/unittest/layers/unittest_layers_layer_normalization.cpp:302: 14

../test/unittest/layers/unittest_layers_layer_normalization.cpp:304: Failure
The difference between actual[i] and expected[i] is 7.3475875707595968, which exceeds atol + 3e-5 * std::abs(expected[i]), where
actual[i] evaluates to 0,
expected[i] evaluates to 7.3475875707595968, and
atol + 3e-5 * std::abs(expected[i]) evaluates to 0.0002504276271227879.
Google Test trace:
../test/unittest/layers/unittest_layers_layer_normalization.cpp:302: 15

../test/unittest/layers/unittest_layers_layer_normalization.cpp:304: Failure
The difference between actual[i] and expected[i] is 0.59627599333035408, which exceeds atol + 3e-5 * std::abs(expected[i]), where
actual[i] evaluates to -0.31233549118041992,
expected[i] evaluates to 0.28394050214993416, and
atol + 3e-5 * std::abs(expected[i]) evaluates to 3.8518215064498023e-05.
Google Test trace:
../test/unittest/layers/unittest_layers_layer_normalization.cpp:302: 16

../test/unittest/layers/unittest_layers_layer_normalization.cpp:304: Failure
The difference between actual[i] and expected[i] is 3.6693858085833964, which exceeds atol + 3e-5 * std::abs(expected[i]), where
actual[i] evaluates to -0.0017634800169616938,
expected[i] evaluates to -3.6711492886003581, and
atol + 3e-5 * std::abs(expected[i]) evaluates to 0.00014013447865801075.
Google Test trace:
../test/unittest/layers/unittest_layers_layer_normalization.cpp:302: 17

../test/unittest/layers/unittest_layers_layer_normalization.cpp:304: Failure
The difference between actual[i] and expected[i] is 3.6711493903756112, which exceeds atol + 3e-5 * std::abs(expected[i]), where
actual[i] evaluates to -0.0017628960777074099,
expected[i] evaluates to -3.6729122864533186, and
atol + 3e-5 * std::abs(expected[i]) evaluates to 0.00014018736859359955.
Google Test trace:
../test/unittest/layers/unittest_layers_layer_normalization.cpp:302: 18

../test/unittest/layers/unittest_layers_layer_normalization.cpp:304: Failure
The difference between actual[i] and expected[i] is 3.6729123882285712, which exceeds atol + 3e-5 * std::abs(expected[i]), where
actual[i] evaluates to -0.0017628960777074099,
expected[i] evaluates to -3.6746752843062787, and
atol + 3e-5 * std::abs(expected[i]) evaluates to 0.00014024025852918837.
Google Test trace:
../test/unittest/layers/unittest_layers_layer_normalization.cpp:302: 19

../test/unittest/layers/unittest_layers_layer_normalization.cpp:304: Failure
The difference between actual[i] and expected[i] is 3.67467410907601, which exceeds atol + 3e-5 * std::abs(expected[i]), where
actual[i] evaluates to 5.3086466789245605,
expected[i] evaluates to 1.6339725698485505, and
atol + 3e-5 * std::abs(expected[i]) evaluates to 7.9019177095456515e-05.
Google Test trace:
../test/unittest/layers/unittest_layers_layer_normalization.cpp:302: 20

../test/unittest/layers/unittest_layers_layer_normalization.cpp:304: Failure
The difference between actual[i] and expected[i] is 3.6764371069289821, which exceeds atol + 3e-5 * std::abs(expected[i]), where
actual[i] evaluates to 5.3086466789245605,
expected[i] evaluates to 1.6322095719955785, and
atol + 3e-5 * std::abs(expected[i]) evaluates to 7.8966287159867353e-05.
Google Test trace:
../test/unittest/layers/unittest_layers_layer_normalization.cpp:302: 21

../test/unittest/layers/unittest_layers_layer_normalization.cpp:304: Failure
The difference between actual[i] and expected[i] is 12.241572986415541, which exceeds atol + 3e-5 * std::abs(expected[i]), where
actual[i] evaluates to -5.3045353889465332,
expected[i] evaluates to 6.9370375974690077, and
atol + 3e-5 * std::abs(expected[i]) evaluates to 0.00023811112792407023.
Google Test trace:
../test/unittest/layers/unittest_layers_layer_normalization.cpp:302: 22

../test/unittest/layers/unittest_layers_layer_normalization.cpp:304: Failure
The difference between actual[i] and expected[i] is 3.6685048935961704, which exceeds atol + 3e-5 * std::abs(expected[i]), where
actual[i] evaluates to -0.0017628960777074099,
expected[i] evaluates to -3.6702677896738778, and
atol + 3e-5 * std::abs(expected[i]) evaluates to 0.00014010803369021634.
Google Test trace:
../test/unittest/layers/unittest_layers_layer_normalization.cpp:302: 23

../test/unittest/layers/unittest_layers_layer_normalization.cpp:304: Failure
The difference between actual[i] and expected[i] is 3.6720319839754381, which exceeds atol + 3e-5 * std::abs(expected[i]), where
actual[i] evaluates to 5.3045353889465332,
expected[i] evaluates to 1.6325034049710951, and
atol + 3e-5 * std::abs(expected[i]) evaluates to 7.8975102149132857e-05.
Google Test trace:
../test/unittest/layers/unittest_layers_layer_normalization.cpp:302: 24

../test/unittest/layers/unittest_layers_layer_normalization.cpp:304: Failure
The difference between actual[i] and expected[i] is 12.2495050587493, which exceeds atol + 3e-5 * std::abs(expected[i]), where
actual[i] evaluates to -5.308647632598877,
expected[i] evaluates to 6.9408574261504219, and
atol + 3e-5 * std::abs(expected[i]) evaluates to 0.00023822572278451266.
Google Test trace:
../test/unittest/layers/unittest_layers_layer_normalization.cpp:302: 25

../test/unittest/layers/unittest_layers_layer_normalization.cpp:304: Failure
The difference between actual[i] and expected[i] is 12.251268056602253, which exceeds atol + 3e-5 * std::abs(expected[i]), where
actual[i] evaluates to -5.308647632598877,
expected[i] evaluates to 6.9426204240033771, and
atol + 3e-5 * std::abs(expected[i]) evaluates to 0.00023827861272010133.
Google Test trace:
../test/unittest/layers/unittest_layers_layer_normalization.cpp:302: 26

../test/unittest/layers/unittest_layers_layer_normalization.cpp:304: Failure
The difference between actual[i] and expected[i] is 3.6782005944141076, which exceeds atol + 3e-5 * std::abs(expected[i]), where
actual[i] evaluates to 0.0017623122548684478,
expected[i] evaluates to -3.6764382821592392, and
atol + 3e-5 * std::abs(expected[i]) evaluates to 0.00014029314846477717.
Google Test trace:
../test/unittest/layers/unittest_layers_layer_normalization.cpp:302: 27

../test/unittest/layers/unittest_layers_layer_normalization.cpp:304: Failure
The difference between actual[i] and expected[i] is 3.6764381803839861, which exceeds atol + 3e-5 * std::abs(expected[i]), where
actual[i] evaluates to 0.0017628960777074099,
expected[i] evaluates to -3.6746752843062787, and
atol + 3e-5 * std::abs(expected[i]) evaluates to 0.00014024025852918837.
Google Test trace:
../test/unittest/layers/unittest_layers_layer_normalization.cpp:302: 28

../test/unittest/layers/unittest_layers_layer_normalization.cpp:304: Failure
The difference between actual[i] and expected[i] is 3.6746751825310242, which exceeds atol + 3e-5 * std::abs(expected[i]), where
actual[i] evaluates to 0.0017628960777074099,
expected[i] evaluates to -3.6729122864533168, and
atol + 3e-5 * std::abs(expected[i]) evaluates to 0.00014018736859359949.
Google Test trace:
../test/unittest/layers/unittest_layers_layer_normalization.cpp:302: 29

../test/unittest/layers/unittest_layers_layer_normalization.cpp:304: Failure
The difference between actual[i] and expected[i] is 0.34073045000984309, which exceeds atol + 3e-5 * std::abs(expected[i]), where
actual[i] evaluates to 0.31233549118041992,
expected[i] evaluates to -0.028394958829423163, and
atol + 3e-5 * std::abs(expected[i]) evaluates to 3.0851848764882698e-05.
Google Test trace:
../test/unittest/layers/unittest_layers_layer_normalization.cpp:302: 30

../test/unittest/layers/unittest_layers_layer_normalization.cpp:304: Failure
The difference between actual[i] and expected[i] is 3.6711504850489689, which exceeds atol + 3e-5 * std::abs(expected[i]), where
actual[i] evaluates to 5.3045353889465332,
expected[i] evaluates to 1.6333849038975643, and
atol + 3e-5 * std::abs(expected[i]) evaluates to 7.9001547116926929e-05.
Google Test trace:
../test/unittest/layers/unittest_layers_layer_normalization.cpp:302: 31

../test/unittest/layers/unittest_layers_layer_normalization.cpp:304: Failure
The difference between actual[i] and expected[i] is 7.347586638303623, which exceeds atol + 3e-5 * std::abs(expected[i]), where
actual[i] evaluates to -10.613181114196777,
expected[i] evaluates to -3.2655944758931548, and
atol + 3e-5 * std::abs(expected[i]) evaluates to 0.00012796783427679464.
Google Test trace:
../test/unittest/layers/unittest_layers_layer_normalization.cpp:302: 32

../test/unittest/layers/unittest_layers_layer_normalization.cpp:304: Failure
The difference between actual[i] and expected[i] is 24.491957636742683, which exceeds atol + 3e-5 * std::abs(expected[i]), where
actual[i] evaluates to 10.613181114196777,
expected[i] evaluates to -13.878776522545904, and
atol + 3e-5 * std::abs(expected[i]) evaluates to 0.00044636329567637712.
Google Test trace:
../test/unittest/layers/unittest_layers_layer_normalization.cpp:302: 33

../test/unittest/layers/unittest_layers_layer_normalization.cpp:304: Failure
The difference between actual[i] and expected[i] is 24.491958590416999, which exceeds atol + 3e-5 * std::abs(expected[i]), where
actual[i] evaluates to 10.613182067871094,
expected[i] evaluates to -13.878776522545907, and
atol + 3e-5 * std::abs(expected[i]) evaluates to 0.00044636329567637723.
Google Test trace:
../test/unittest/layers/unittest_layers_layer_normalization.cpp:302: 34

../test/unittest/layers/unittest_layers_layer_normalization.cpp:304: Failure
The difference between actual[i] and expected[i] is 7.3475881546933941, which exceeds atol + 3e-5 * std::abs(expected[i]), where
actual[i] evaluates to -5.8393379731569439e-07,
expected[i] evaluates to 7.3475875707595968, and
atol + 3e-5 * std::abs(expected[i]) evaluates to 0.0002504276271227879.
Google Test trace:
../test/unittest/layers/unittest_layers_layer_normalization.cpp:302: 35

../test/unittest/layers/unittest_layers_layer_normalization.cpp:304: Failure
The difference between actual[i] and expected[i] is 7.3475874977678721, which exceeds atol + 3e-5 * std::abs(expected[i]), where
actual[i] evaluates to 7.2991724664461799e-08,
expected[i] evaluates to 7.3475875707595968, and
atol + 3e-5 * std::abs(expected[i]) evaluates to 0.0002504276271227879.
Google Test trace:
../test/unittest/layers/unittest_layers_layer_normalization.cpp:302: 36

../test/unittest/layers/unittest_layers_layer_normalization.cpp:304: Failure
The difference between actual[i] and expected[i] is 7.3475858193780494, which exceeds atol + 3e-5 * std::abs(expected[i]), where
actual[i] evaluates to 1.7513815464553772e-06,
expected[i] evaluates to 7.3475875707595959, and
atol + 3e-5 * std::abs(expected[i]) evaluates to 0.0002504276271227879.
Google Test trace:
../test/unittest/layers/unittest_layers_layer_normalization.cpp:302: 37

../test/unittest/layers/unittest_layers_layer_normalization.cpp:304: Failure
The difference between actual[i] and expected[i] is 0.32180265407364828, which exceeds atol + 3e-5 * std::abs(expected[i]), where
actual[i] evaluates to -0.29498666524887085,
expected[i] evaluates to 0.026815988824777415, and
atol + 3e-5 * std::abs(expected[i]) evaluates to 3.0804479664743321e-05.
Google Test trace:
../test/unittest/layers/unittest_layers_layer_normalization.cpp:302: 38

../test/unittest/layers/unittest_layers_layer_normalization.cpp:304: Failure
The difference between actual[i] and expected[i] is 7.3475875919779403, which exceeds atol + 3e-5 * std::abs(expected[i]), where
actual[i] evaluates to -10.613182067871094,
expected[i] evaluates to -3.2655944758931534, and
atol + 3e-5 * std::abs(expected[i]) evaluates to 0.00012796783427679461.
Google Test trace:
../test/unittest/layers/unittest_layers_layer_normalization.cpp:302: 39

../test/unittest/layers/unittest_layers_layer_normalization.cpp:304: Failure
The difference between actual[i] and expected[i] is 3.6755565616768182, which exceeds atol + 3e-5 * std::abs(expected[i]), where
actual[i] evaluates to 5.308647632598877,
expected[i] evaluates to 1.6330910709220585, and
atol + 3e-5 * std::abs(expected[i]) evaluates to 7.8992732127661764e-05.
Google Test trace:
../test/unittest/layers/unittest_layers_layer_normalization.cpp:302: 40

../test/unittest/layers/unittest_layers_layer_normalization.cpp:304: Failure
The difference between actual[i] and expected[i] is 12.242454485342019, which exceeds atol + 3e-5 * std::abs(expected[i]), where
actual[i] evaluates to -5.3045353889465332,
expected[i] evaluates to 6.9379190963954862, and
atol + 3e-5 * std::abs(expected[i]) evaluates to 0.00023813757289186459.
Google Test trace:
../test/unittest/layers/unittest_layers_layer_normalization.cpp:302: 41

../test/unittest/layers/unittest_layers_layer_normalization.cpp:304: Failure
The difference between actual[i] and expected[i] is 12.240690056977584, which exceeds atol + 3e-5 * std::abs(expected[i]), where
actual[i] evaluates to -5.3045339584350586,
expected[i] evaluates to 6.9361560985425257, and
atol + 3e-5 * std::abs(expected[i]) evaluates to 0.00023808468295627577.
Google Test trace:
../test/unittest/layers/unittest_layers_layer_normalization.cpp:302: 42

../test/unittest/layers/unittest_layers_layer_normalization.cpp:304: Failure
The difference between actual[i] and expected[i] is 3.6693858085833964, which exceeds atol + 3e-5 * std::abs(expected[i]), where
actual[i] evaluates to -0.0017634800169616938,
expected[i] evaluates to -3.6711492886003581, and
atol + 3e-5 * std::abs(expected[i]) evaluates to 0.00014013447865801075.
Google Test trace:
../test/unittest/layers/unittest_layers_layer_normalization.cpp:302: 43

../test/unittest/layers/unittest_layers_layer_normalization.cpp:304: Failure
The difference between actual[i] and expected[i] is 3.6711493903756112, which exceeds atol + 3e-5 * std::abs(expected[i]), where
actual[i] evaluates to -0.0017628960777074099,
expected[i] evaluates to -3.6729122864533186, and
atol + 3e-5 * std::abs(expected[i]) evaluates to 0.00014018736859359955.
Google Test trace:
../test/unittest/layers/unittest_layers_layer_normalization.cpp:302: 44

../test/unittest/layers/unittest_layers_layer_normalization.cpp:304: Failure
The difference between actual[i] and expected[i] is 3.6729158917476865, which exceeds atol + 3e-5 * std::abs(expected[i]), where
actual[i] evaluates to -0.0017593925585970283,
expected[i] evaluates to -3.6746752843062835, and
atol + 3e-5 * std::abs(expected[i]) evaluates to 0.00014024025852918851.
Google Test trace:
../test/unittest/layers/unittest_layers_layer_normalization.cpp:302: 45

../test/unittest/layers/unittest_layers_layer_normalization.cpp:304: Failure
The difference between actual[i] and expected[i] is 0.01892796171161348, which exceeds atol + 3e-5 * std::abs(expected[i]), where
actual[i] evaluates to -0.017348991706967354,
expected[i] evaluates to 0.0015789700046461258, and
atol + 3e-5 * std::abs(expected[i]) evaluates to 3.0047369100139384e-05.
Google Test trace:
../test/unittest/layers/unittest_layers_layer_normalization.cpp:302: 46

../test/unittest/layers/unittest_layers_layer_normalization.cpp:304: Failure
The difference between actual[i] and expected[i] is 3.6764371069289687, which exceeds atol + 3e-5 * std::abs(expected[i]), where
actual[i] evaluates to 5.3086466789245605,
expected[i] evaluates to 1.6322095719955916, and
atol + 3e-5 * std::abs(expected[i]) evaluates to 7.8966287159867746e-05.
Google Test trace:
../test/unittest/layers/unittest_layers_layer_normalization.cpp:302: 47

[  FAILED  ] EveryNonBatchAxis/LayerNormAxesAudit.AffineOutputAndAllGradients/0, where GetParam() = (1, false) (0 ms)
[ RUN      ] EveryNonBatchAxis/LayerNormAxesAudit.AffineOutputAndAllGradients/1
../test/unittest/layers/unittest_layers_layer_normalization.cpp:304: Failure
The difference between actual[i] and expected[i] is 0.033118815812774344, which exceeds atol + 3e-5 * std::abs(expected[i]), where
actual[i] evaluates to 0.017348991706967354,
expected[i] evaluates to -0.015769824105806993, and
atol + 3e-5 * std::abs(expected[i]) evaluates to 3.0473094723174211e-05.
Google Test trace:
../test/unittest/layers/unittest_layers_layer_normalization.cpp:302: 0

../test/unittest/layers/unittest_layers_layer_normalization.cpp:304: Failure
The difference between actual[i] and expected[i] is 3.6782005944141076, which exceeds atol + 3e-5 * std::abs(expected[i]), where
actual[i] evaluates to 0.0017623122548684478,
expected[i] evaluates to -3.6764382821592392, and
atol + 3e-5 * std::abs(expected[i]) evaluates to 0.00014029314846477717.
Google Test trace:
../test/unittest/layers/unittest_layers_layer_normalization.cpp:302: 1

../test/unittest/layers/unittest_layers_layer_normalization.cpp:304: Failure
The difference between actual[i] and expected[i] is 3.6764381803839861, which exceeds atol + 3e-5 * std::abs(expected[i]), where
actual[i] evaluates to 0.0017628960777074099,
expected[i] evaluates to -3.6746752843062787, and
atol + 3e-5 * std::abs(expected[i]) evaluates to 0.00014024025852918837.
Google Test trace:
../test/unittest/layers/unittest_layers_layer_normalization.cpp:302: 2

../test/unittest/layers/unittest_layers_layer_normalization.cpp:304: Failure
The difference between actual[i] and expected[i] is 3.674675182531026, which exceeds atol + 3e-5 * std::abs(expected[i]), where
actual[i] evaluates to 0.0017628960777074099,
expected[i] evaluates to -3.6729122864533186, and
atol + 3e-5 * std::abs(expected[i]) evaluates to 0.00014018736859359955.
Google Test trace:
../test/unittest/layers/unittest_layers_layer_normalization.cpp:302: 3

../test/unittest/layers/unittest_layers_layer_normalization.cpp:304: Failure
The difference between actual[i] and expected[i] is 3.6729134829019281, which exceeds atol + 3e-5 * std::abs(expected[i]), where
actual[i] evaluates to 5.3045353889465332,
expected[i] evaluates to 1.6316219060446051, and
atol + 3e-5 * std::abs(expected[i]) evaluates to 7.8948657181338161e-05.
Google Test trace:
../test/unittest/layers/unittest_layers_layer_normalization.cpp:302: 4

../test/unittest/layers/unittest_layers_layer_normalization.cpp:304: Failure
The difference between actual[i] and expected[i] is 3.671150485048952, which exceeds atol + 3e-5 * std::abs(expected[i]), where
actual[i] evaluates to 5.3045353889465332,
expected[i] evaluates to 1.6333849038975814, and
atol + 3e-5 * std::abs(expected[i]) evaluates to 7.9001547116927444e-05.
Google Test trace:
../test/unittest/layers/unittest_layers_layer_normalization.cpp:302: 5

../test/unittest/layers/unittest_layers_layer_normalization.cpp:304: Failure
The difference between actual[i] and expected[i] is 12.25038560400146, which exceeds atol + 3e-5 * std::abs(expected[i]), where
actual[i] evaluates to -5.3086466789245605,
expected[i] evaluates to 6.9417389250768995, and
atol + 3e-5 * std::abs(expected[i]) evaluates to 0.00023825216775230699.
Google Test trace:
../test/unittest/layers/unittest_layers_layer_normalization.cpp:302: 6

../test/unittest/layers/unittest_layers_layer_normalization.cpp:304: Failure
The difference between actual[i] and expected[i] is 3.6790826771634269, which exceeds atol + 3e-5 * std::abs(expected[i]), where
actual[i] evaluates to 0.0017628960777074099,
expected[i] evaluates to -3.6773197810857194, and
atol + 3e-5 * std::abs(expected[i]) evaluates to 0.00014031959343257158.
Google Test trace:
../test/unittest/layers/unittest_layers_layer_normalization.cpp:302: 7

../test/unittest/layers/unittest_layers_layer_normalization.cpp:304: Failure
The difference between actual[i] and expected[i] is 0.56315734329299838, which exceeds atol + 3e-5 * std::abs(expected[i]), where
actual[i] evaluates to 0.29498666524887085,
expected[i] evaluates to -0.26817067804412748, and
atol + 3e-5 * std::abs(expected[i]) evaluates to 3.8045120341323826e-05.
Google Test trace:
../test/unittest/layers/unittest_layers_layer_normalization.cpp:302: 8

../test/unittest/layers/unittest_layers_layer_normalization.cpp:304: Failure
The difference between actual[i] and expected[i] is 7.3475881546933941, which exceeds atol + 3e-5 * std::abs(expected[i]), where
actual[i] evaluates to -5.8393379731569439e-07,
expected[i] evaluates to 7.3475875707595968, and
atol + 3e-5 * std::abs(expected[i]) evaluates to 0.0002504276271227879.
Google Test trace:
../test/unittest/layers/unittest_layers_layer_normalization.cpp:302: 9

../test/unittest/layers/unittest_layers_layer_normalization.cpp:304: Failure
The difference between actual[i] and expected[i] is 7.3475874977678721, which exceeds atol + 3e-5 * std::abs(expected[i]), where
actual[i] evaluates to 7.2991724664461799e-08,
expected[i] evaluates to 7.3475875707595968, and
atol + 3e-5 * std::abs(expected[i]) evaluates to 0.0002504276271227879.
Google Test trace:
../test/unittest/layers/unittest_layers_layer_normalization.cpp:302: 10

../test/unittest/layers/unittest_layers_layer_normalization.cpp:304: Failure
The difference between actual[i] and expected[i] is 7.3475875707595968, which exceeds atol + 3e-5 * std::abs(expected[i]), where
actual[i] evaluates to 0,
expected[i] evaluates to 7.3475875707595968, and
atol + 3e-5 * std::abs(expected[i]) evaluates to 0.0002504276271227879.
Google Test trace:
../test/unittest/layers/unittest_layers_layer_normalization.cpp:302: 11

../test/unittest/layers/unittest_layers_layer_normalization.cpp:304: Failure
The difference between actual[i] and expected[i] is 7.3475875919779403, which exceeds atol + 3e-5 * std::abs(expected[i]), where
actual[i] evaluates to -10.613182067871094,
expected[i] evaluates to -3.2655944758931534, and
atol + 3e-5 * std::abs(expected[i]) evaluates to 0.00012796783427679461.
Google Test trace:
../test/unittest/layers/unittest_layers_layer_normalization.cpp:302: 12

../test/unittest/layers/unittest_layers_layer_normalization.cpp:304: Failure
The difference between actual[i] and expected[i] is 7.347587591977943, which exceeds atol + 3e-5 * std::abs(expected[i]), where
actual[i] evaluates to -10.613182067871094,
expected[i] evaluates to -3.2655944758931512, and
atol + 3e-5 * std::abs(expected[i]) evaluates to 0.00012796783427679453.
Google Test trace:
../test/unittest/layers/unittest_layers_layer_normalization.cpp:302: 13

../test/unittest/layers/unittest_layers_layer_normalization.cpp:304: Failure
The difference between actual[i] and expected[i] is 24.491958590416999, which exceeds atol + 3e-5 * std::abs(expected[i]), where
actual[i] evaluates to 10.613182067871094,
expected[i] evaluates to -13.878776522545904, and
atol + 3e-5 * std::abs(expected[i]) evaluates to 0.00044636329567637712.
Google Test trace:
../test/unittest/layers/unittest_layers_layer_normalization.cpp:302: 14

../test/unittest/layers/unittest_layers_layer_normalization.cpp:304: Failure
The difference between actual[i] and expected[i] is 7.3475875707595968, which exceeds atol + 3e-5 * std::abs(expected[i]), where
actual[i] evaluates to 0,
expected[i] evaluates to 7.3475875707595968, and
atol + 3e-5 * std::abs(expected[i]) evaluates to 0.0002504276271227879.
Google Test trace:
../test/unittest/layers/unittest_layers_layer_normalization.cpp:302: 15

../test/unittest/layers/unittest_layers_layer_normalization.cpp:304: Failure
The difference between actual[i] and expected[i] is 0.59627599333035408, which exceeds atol + 3e-5 * std::abs(expected[i]), where
actual[i] evaluates to -0.31233549118041992,
expected[i] evaluates to 0.28394050214993416, and
atol + 3e-5 * std::abs(expected[i]) evaluates to 3.8518215064498023e-05.
Google Test trace:
../test/unittest/layers/unittest_layers_layer_normalization.cpp:302: 16

../test/unittest/layers/unittest_layers_layer_normalization.cpp:304: Failure
The difference between actual[i] and expected[i] is 3.6693858085833964, which exceeds atol + 3e-5 * std::abs(expected[i]), where
actual[i] evaluates to -0.0017634800169616938,
expected[i] evaluates to -3.6711492886003581, and
atol + 3e-5 * std::abs(expected[i]) evaluates to 0.00014013447865801075.
Google Test trace:
../test/unittest/layers/unittest_layers_layer_normalization.cpp:302: 17

../test/unittest/layers/unittest_layers_layer_normalization.cpp:304: Failure
The difference between actual[i] and expected[i] is 3.6711493903756112, which exceeds atol + 3e-5 * std::abs(expected[i]), where
actual[i] evaluates to -0.0017628960777074099,
expected[i] evaluates to -3.6729122864533186, and
atol + 3e-5 * std::abs(expected[i]) evaluates to 0.00014018736859359955.
Google Test trace:
../test/unittest/layers/unittest_layers_layer_normalization.cpp:302: 18

../test/unittest/layers/unittest_layers_layer_normalization.cpp:304: Failure
The difference between actual[i] and expected[i] is 3.6729123882285712, which exceeds atol + 3e-5 * std::abs(expected[i]), where
actual[i] evaluates to -0.0017628960777074099,
expected[i] evaluates to -3.6746752843062787, and
atol + 3e-5 * std::abs(expected[i]) evaluates to 0.00014024025852918837.
Google Test trace:
../test/unittest/layers/unittest_layers_layer_normalization.cpp:302: 19

../test/unittest/layers/unittest_layers_layer_normalization.cpp:304: Failure
The difference between actual[i] and expected[i] is 3.67467410907601, which exceeds atol + 3e-5 * std::abs(expected[i]), where
actual[i] evaluates to 5.3086466789245605,
expected[i] evaluates to 1.6339725698485505, and
atol + 3e-5 * std::abs(expected[i]) evaluates to 7.9019177095456515e-05.
Google Test trace:
../test/unittest/layers/unittest_layers_layer_normalization.cpp:302: 20

../test/unittest/layers/unittest_layers_layer_normalization.cpp:304: Failure
The difference between actual[i] and expected[i] is 3.6764371069289821, which exceeds atol + 3e-5 * std::abs(expected[i]), where
actual[i] evaluates to 5.3086466789245605,
expected[i] evaluates to 1.6322095719955785, and
atol + 3e-5 * std::abs(expected[i]) evaluates to 7.8966287159867353e-05.
Google Test trace:
../test/unittest/layers/unittest_layers_layer_normalization.cpp:302: 21

../test/unittest/layers/unittest_layers_layer_normalization.cpp:304: Failure
The difference between actual[i] and expected[i] is 12.241572986415541, which exceeds atol + 3e-5 * std::abs(expected[i]), where
actual[i] evaluates to -5.3045353889465332,
expected[i] evaluates to 6.9370375974690077, and
atol + 3e-5 * std::abs(expected[i]) evaluates to 0.00023811112792407023.
Google Test trace:
../test/unittest/layers/unittest_layers_layer_normalization.cpp:302: 22

../test/unittest/layers/unittest_layers_layer_normalization.cpp:304: Failure
The difference between actual[i] and expected[i] is 3.6685048935961704, which exceeds atol + 3e-5 * std::abs(expected[i]), where
actual[i] evaluates to -0.0017628960777074099,
expected[i] evaluates to -3.6702677896738778, and
atol + 3e-5 * std::abs(expected[i]) evaluates to 0.00014010803369021634.
Google Test trace:
../test/unittest/layers/unittest_layers_layer_normalization.cpp:302: 23

../test/unittest/layers/unittest_layers_layer_normalization.cpp:304: Failure
The difference between actual[i] and expected[i] is 3.6720319839754381, which exceeds atol + 3e-5 * std::abs(expected[i]), where
actual[i] evaluates to 5.3045353889465332,
expected[i] evaluates to 1.6325034049710951, and
atol + 3e-5 * std::abs(expected[i]) evaluates to 7.8975102149132857e-05.
Google Test trace:
../test/unittest/layers/unittest_layers_layer_normalization.cpp:302: 24

../test/unittest/layers/unittest_layers_layer_normalization.cpp:304: Failure
The difference between actual[i] and expected[i] is 12.2495050587493, which exceeds atol + 3e-5 * std::abs(expected[i]), where
actual[i] evaluates to -5.308647632598877,
expected[i] evaluates to 6.9408574261504219, and
atol + 3e-5 * std::abs(expected[i]) evaluates to 0.00023822572278451266.
Google Test trace:
../test/unittest/layers/unittest_layers_layer_normalization.cpp:302: 25

../test/unittest/layers/unittest_layers_layer_normalization.cpp:304: Failure
The difference between actual[i] and expected[i] is 12.251268056602253, which exceeds atol + 3e-5 * std::abs(expected[i]), where
actual[i] evaluates to -5.308647632598877,
expected[i] evaluates to 6.9426204240033771, and
atol + 3e-5 * std::abs(expected[i]) evaluates to 0.00023827861272010133.
Google Test trace:
../test/unittest/layers/unittest_layers_layer_normalization.cpp:302: 26

../test/unittest/layers/unittest_layers_layer_normalization.cpp:304: Failure
The difference between actual[i] and expected[i] is 3.6782005944141076, which exceeds atol + 3e-5 * std::abs(expected[i]), where
actual[i] evaluates to 0.0017623122548684478,
expected[i] evaluates to -3.6764382821592392, and
atol + 3e-5 * std::abs(expected[i]) evaluates to 0.00014029314846477717.
Google Test trace:
../test/unittest/layers/unittest_layers_layer_normalization.cpp:302: 27

../test/unittest/layers/unittest_layers_layer_normalization.cpp:304: Failure
The difference between actual[i] and expected[i] is 3.6764381803839861, which exceeds atol + 3e-5 * std::abs(expected[i]), where
actual[i] evaluates to 0.0017628960777074099,
expected[i] evaluates to -3.6746752843062787, and
atol + 3e-5 * std::abs(expected[i]) evaluates to 0.00014024025852918837.
Google Test trace:
../test/unittest/layers/unittest_layers_layer_normalization.cpp:302: 28

../test/unittest/layers/unittest_layers_layer_normalization.cpp:304: Failure
The difference between actual[i] and expected[i] is 3.6746751825310242, which exceeds atol + 3e-5 * std::abs(expected[i]), where
actual[i] evaluates to 0.0017628960777074099,
expected[i] evaluates to -3.6729122864533168, and
atol + 3e-5 * std::abs(expected[i]) evaluates to 0.00014018736859359949.
Google Test trace:
../test/unittest/layers/unittest_layers_layer_normalization.cpp:302: 29

../test/unittest/layers/unittest_layers_layer_normalization.cpp:304: Failure
The difference between actual[i] and expected[i] is 0.34073045000984309, which exceeds atol + 3e-5 * std::abs(expected[i]), where
actual[i] evaluates to 0.31233549118041992,
expected[i] evaluates to -0.028394958829423163, and
atol + 3e-5 * std::abs(expected[i]) evaluates to 3.0851848764882698e-05.
Google Test trace:
../test/unittest/layers/unittest_layers_layer_normalization.cpp:302: 30

../test/unittest/layers/unittest_layers_layer_normalization.cpp:304: Failure
The difference between actual[i] and expected[i] is 3.6711504850489689, which exceeds atol + 3e-5 * std::abs(expected[i]), where
actual[i] evaluates to 5.3045353889465332,
expected[i] evaluates to 1.6333849038975643, and
atol + 3e-5 * std::abs(expected[i]) evaluates to 7.9001547116926929e-05.
Google Test trace:
../test/unittest/layers/unittest_layers_layer_normalization.cpp:302: 31

../test/unittest/layers/unittest_layers_layer_normalization.cpp:304: Failure
The difference between actual[i] and expected[i] is 7.347586638303623, which exceeds atol + 3e-5 * std::abs(expected[i]), where
actual[i] evaluates to -10.613181114196777,
expected[i] evaluates to -3.2655944758931548, and
atol + 3e-5 * std::abs(expected[i]) evaluates to 0.00012796783427679464.
Google Test trace:
../test/unittest/layers/unittest_layers_layer_normalization.cpp:302: 32

../test/unittest/layers/unittest_layers_layer_normalization.cpp:304: Failure
The difference between actual[i] and expected[i] is 24.491957636742683, which exceeds atol + 3e-5 * std::abs(expected[i]), where
actual[i] evaluates to 10.613181114196777,
expected[i] evaluates to -13.878776522545904, and
atol + 3e-5 * std::abs(expected[i]) evaluates to 0.00044636329567637712.
Google Test trace:
../test/unittest/layers/unittest_layers_layer_normalization.cpp:302: 33

../test/unittest/layers/unittest_layers_layer_normalization.cpp:304: Failure
The difference between actual[i] and expected[i] is 24.491958590416999, which exceeds atol + 3e-5 * std::abs(expected[i]), where
actual[i] evaluates to 10.613182067871094,
expected[i] evaluates to -13.878776522545907, and
atol + 3e-5 * std::abs(expected[i]) evaluates to 0.00044636329567637723.
Google Test trace:
../test/unittest/layers/unittest_layers_layer_normalization.cpp:302: 34

../test/unittest/layers/unittest_layers_layer_normalization.cpp:304: Failure
The difference between actual[i] and expected[i] is 7.3475881546933941, which exceeds atol + 3e-5 * std::abs(expected[i]), where
actual[i] evaluates to -5.8393379731569439e-07,
expected[i] evaluates to 7.3475875707595968, and
atol + 3e-5 * std::abs(expected[i]) evaluates to 0.0002504276271227879.
Google Test trace:
../test/unittest/layers/unittest_layers_layer_normalization.cpp:302: 35

../test/unittest/layers/unittest_layers_layer_normalization.cpp:304: Failure
The difference between actual[i] and expected[i] is 7.3475874977678721, which exceeds atol + 3e-5 * std::abs(expected[i]), where
actual[i] evaluates to 7.2991724664461799e-08,
expected[i] evaluates to 7.3475875707595968, and
atol + 3e-5 * std::abs(expected[i]) evaluates to 0.0002504276271227879.
Google Test trace:
../test/unittest/layers/unittest_layers_layer_normalization.cpp:302: 36

../test/unittest/layers/unittest_layers_layer_normalization.cpp:304: Failure
The difference between actual[i] and expected[i] is 7.3475858193780494, which exceeds atol + 3e-5 * std::abs(expected[i]), where
actual[i] evaluates to 1.7513815464553772e-06,
expected[i] evaluates to 7.3475875707595959, and
atol + 3e-5 * std::abs(expected[i]) evaluates to 0.0002504276271227879.
Google Test trace:
../test/unittest/layers/unittest_layers_layer_normalization.cpp:302: 37

../test/unittest/layers/unittest_layers_layer_normalization.cpp:304: Failure
The difference between actual[i] and expected[i] is 0.32180265407364828, which exceeds atol + 3e-5 * std::abs(expected[i]), where
actual[i] evaluates to -0.29498666524887085,
expected[i] evaluates to 0.026815988824777415, and
atol + 3e-5 * std::abs(expected[i]) evaluates to 3.0804479664743321e-05.
Google Test trace:
../test/unittest/layers/unittest_layers_layer_normalization.cpp:302: 38

../test/unittest/layers/unittest_layers_layer_normalization.cpp:304: Failure
The difference between actual[i] and expected[i] is 7.3475875919779403, which exceeds atol + 3e-5 * std::abs(expected[i]), where
actual[i] evaluates to -10.613182067871094,
expected[i] evaluates to -3.2655944758931534, and
atol + 3e-5 * std::abs(expected[i]) evaluates to 0.00012796783427679461.
Google Test trace:
../test/unittest/layers/unittest_layers_layer_normalization.cpp:302: 39

../test/unittest/layers/unittest_layers_layer_normalization.cpp:304: Failure
The difference between actual[i] and expected[i] is 3.6755565616768182, which exceeds atol + 3e-5 * std::abs(expected[i]), where
actual[i] evaluates to 5.308647632598877,
expected[i] evaluates to 1.6330910709220585, and
atol + 3e-5 * std::abs(expected[i]) evaluates to 7.8992732127661764e-05.
Google Test trace:
../test/unittest/layers/unittest_layers_layer_normalization.cpp:302: 40

../test/unittest/layers/unittest_layers_layer_normalization.cpp:304: Failure
The difference between actual[i] and expected[i] is 12.242454485342019, which exceeds atol + 3e-5 * std::abs(expected[i]), where
actual[i] evaluates to -5.3045353889465332,
expected[i] evaluates to 6.9379190963954862, and
atol + 3e-5 * std::abs(expected[i]) evaluates to 0.00023813757289186459.
Google Test trace:
../test/unittest/layers/unittest_layers_layer_normalization.cpp:302: 41

../test/unittest/layers/unittest_layers_layer_normalization.cpp:304: Failure
The difference between actual[i] and expected[i] is 12.240690056977584, which exceeds atol + 3e-5 * std::abs(expected[i]), where
actual[i] evaluates to -5.3045339584350586,
expected[i] evaluates to 6.9361560985425257, and
atol + 3e-5 * std::abs(expected[i]) evaluates to 0.00023808468295627577.
Google Test trace:
../test/unittest/layers/unittest_layers_layer_normalization.cpp:302: 42

../test/unittest/layers/unittest_layers_layer_normalization.cpp:304: Failure
The difference between actual[i] and expected[i] is 3.6693858085833964, which exceeds atol + 3e-5 * std::abs(expected[i]), where
actual[i] evaluates to -0.0017634800169616938,
expected[i] evaluates to -3.6711492886003581, and
atol + 3e-5 * std::abs(expected[i]) evaluates to 0.00014013447865801075.
Google Test trace:
../test/unittest/layers/unittest_layers_layer_normalization.cpp:302: 43

../test/unittest/layers/unittest_layers_layer_normalization.cpp:304: Failure
The difference between actual[i] and expected[i] is 3.6711493903756112, which exceeds atol + 3e-5 * std::abs(expected[i]), where
actual[i] evaluates to -0.0017628960777074099,
expected[i] evaluates to -3.6729122864533186, and
atol + 3e-5 * std::abs(expected[i]) evaluates to 0.00014018736859359955.
Google Test trace:
../test/unittest/layers/unittest_layers_layer_normalization.cpp:302: 44

../test/unittest/layers/unittest_layers_layer_normalization.cpp:304: Failure
The difference between actual[i] and expected[i] is 3.6729158917476865, which exceeds atol + 3e-5 * std::abs(expected[i]), where
actual[i] evaluates to -0.0017593925585970283,
expected[i] evaluates to -3.6746752843062835, and
atol + 3e-5 * std::abs(expected[i]) evaluates to 0.00014024025852918851.
Google Test trace:
../test/unittest/layers/unittest_layers_layer_normalization.cpp:302: 45

../test/unittest/layers/unittest_layers_layer_normalization.cpp:304: Failure
The difference between actual[i] and expected[i] is 0.01892796171161348, which exceeds atol + 3e-5 * std::abs(expected[i]), where
actual[i] evaluates to -0.017348991706967354,
expected[i] evaluates to 0.0015789700046461258, and
atol + 3e-5 * std::abs(expected[i]) evaluates to 3.0047369100139384e-05.
Google Test trace:
../test/unittest/layers/unittest_layers_layer_normalization.cpp:302: 46

../test/unittest/layers/unittest_layers_layer_normalization.cpp:304: Failure
The difference between actual[i] and expected[i] is 3.6764371069289687, which exceeds atol + 3e-5 * std::abs(expected[i]), where
actual[i] evaluates to 5.3086466789245605,
expected[i] evaluates to 1.6322095719955916, and
atol + 3e-5 * std::abs(expected[i]) evaluates to 7.8966287159867746e-05.
Google Test trace:
../test/unittest/layers/unittest_layers_layer_normalization.cpp:302: 47

[  FAILED  ] EveryNonBatchAxis/LayerNormAxesAudit.AffineOutputAndAllGradients/1, where GetParam() = (1, true) (0 ms)
[ RUN      ] EveryNonBatchAxis/LayerNormAxesAudit.AffineOutputAndAllGradients/2
../test/unittest/layers/unittest_layers_layer_normalization.cpp:304: Failure
The difference between actual[i] and expected[i] is 3.4284935615007743e-05, which exceeds atol + 3e-5 * std::abs(expected[i]), where
actual[i] evaluates to 1.4093131539993919e-05,
expected[i] evaluates to -2.0191804075013824e-05, and
atol + 3e-5 * std::abs(expected[i]) evaluates to 3.0000605754122251e-05.
Google Test trace:
../test/unittest/layers/unittest_layers_layer_normalization.cpp:302: 1

../test/unittest/layers/unittest_layers_layer_normalization.cpp:304: Failure
The difference between actual[i] and expected[i] is 3.4284935615007743e-05, which exceeds atol + 3e-5 * std::abs(expected[i]), where
actual[i] evaluates to -1.4093131539993919e-05,
expected[i] evaluates to 2.0191804075013824e-05, and
atol + 3e-5 * std::abs(expected[i]) evaluates to 3.0000605754122251e-05.
Google Test trace:
../test/unittest/layers/unittest_layers_layer_normalization.cpp:302: 5

../test/unittest/layers/unittest_layers_layer_normalization.cpp:304: Failure
The difference between actual[i] and expected[i] is 3.6918649190078201e-05, which exceeds atol + 3e-5 * std::abs(expected[i]), where
actual[i] evaluates to 1.4093131539993919e-05,
expected[i] evaluates to -2.2825517650084279e-05, and
atol + 3e-5 * std::abs(expected[i]) evaluates to 3.0000684765529504e-05.
Google Test trace:
../test/unittest/layers/unittest_layers_layer_normalization.cpp:302: 33

../test/unittest/layers/unittest_layers_layer_normalization.cpp:304: Failure
The difference between actual[i] and expected[i] is 3.6918649190078201e-05, which exceeds atol + 3e-5 * std::abs(expected[i]), where
actual[i] evaluates to -1.4093131539993919e-05,
expected[i] evaluates to 2.2825517650084279e-05, and
atol + 3e-5 * std::abs(expected[i]) evaluates to 3.0000684765529504e-05.
Google Test trace:
../test/unittest/layers/unittest_layers_layer_normalization.cpp:302: 37

[  FAILED  ] EveryNonBatchAxis/LayerNormAxesAudit.AffineOutputAndAllGradients/2, where GetParam() = (2, false) (0 ms)
[ RUN      ] EveryNonBatchAxis/LayerNormAxesAudit.AffineOutputAndAllGradients/3
../test/unittest/layers/unittest_layers_layer_normalization.cpp:304: Failure
The difference between actual[i] and expected[i] is 3.4284935615007743e-05, which exceeds atol + 3e-5 * std::abs(expected[i]), where
actual[i] evaluates to 1.4093131539993919e-05,
expected[i] evaluates to -2.0191804075013824e-05, and
atol + 3e-5 * std::abs(expected[i]) evaluates to 3.0000605754122251e-05.
Google Test trace:
../test/unittest/layers/unittest_layers_layer_normalization.cpp:302: 1

../test/unittest/layers/unittest_layers_layer_normalization.cpp:304: Failure
The difference between actual[i] and expected[i] is 3.4284935615007743e-05, which exceeds atol + 3e-5 * std::abs(expected[i]), where
actual[i] evaluates to -1.4093131539993919e-05,
expected[i] evaluates to 2.0191804075013824e-05, and
atol + 3e-5 * std::abs(expected[i]) evaluates to 3.0000605754122251e-05.
Google Test trace:
../test/unittest/layers/unittest_layers_layer_normalization.cpp:302: 5

../test/unittest/layers/unittest_layers_layer_normalization.cpp:304: Failure
The difference between actual[i] and expected[i] is 3.6918649190078201e-05, which exceeds atol + 3e-5 * std::abs(expected[i]), where
actual[i] evaluates to 1.4093131539993919e-05,
expected[i] evaluates to -2.2825517650084279e-05, and
atol + 3e-5 * std::abs(expected[i]) evaluates to 3.0000684765529504e-05.
Google Test trace:
../test/unittest/layers/unittest_layers_layer_normalization.cpp:302: 33

../test/unittest/layers/unittest_layers_layer_normalization.cpp:304: Failure
The difference between actual[i] and expected[i] is 3.6918649190078201e-05, which exceeds atol + 3e-5 * std::abs(expected[i]), where
actual[i] evaluates to -1.4093131539993919e-05,
expected[i] evaluates to 2.2825517650084279e-05, and
atol + 3e-5 * std::abs(expected[i]) evaluates to 3.0000684765529504e-05.
Google Test trace:
../test/unittest/layers/unittest_layers_layer_normalization.cpp:302: 37

[  FAILED  ] EveryNonBatchAxis/LayerNormAxesAudit.AffineOutputAndAllGradients/3, where GetParam() = (2, true) (0 ms)
[ RUN      ] EveryNonBatchAxis/LayerNormAxesAudit.AffineOutputAndAllGradients/4
../test/unittest/layers/unittest_layers_layer_normalization.cpp:304: Failure
The difference between actual[i] and expected[i] is 3.2126128859395604, which exceeds atol + 3e-5 * std::abs(expected[i]), where
actual[i] evaluates to -0.68258196115493774,
expected[i] evaluates to 2.5300309247846227, and
atol + 3e-5 * std::abs(expected[i]) evaluates to 0.00010590092774353869.
Google Test trace:
../test/unittest/layers/unittest_layers_layer_normalization.cpp:302: 0

../test/unittest/layers/unittest_layers_layer_normalization.cpp:304: Failure
The difference between actual[i] and expected[i] is 4.9192199395804721, which exceeds atol + 3e-5 * std::abs(expected[i]), where
actual[i] evaluates to 1.4977517127990723,
expected[i] evaluates to -3.4214682267814003, and
atol + 3e-5 * std::abs(expected[i]) evaluates to 0.00013264404680344202.
Google Test trace:
../test/unittest/layers/unittest_layers_layer_normalization.cpp:302: 1

../test/unittest/layers/unittest_layers_layer_normalization.cpp:304: Failure
The difference between actual[i] and expected[i] is 3.0868167530213402, which exceeds atol + 3e-5 * std::abs(expected[i]), where
actual[i] evaluates to 1.2219053506851196,
expected[i] evaluates to -1.8649114023362205, and
atol + 3e-5 * std::abs(expected[i]) evaluates to 8.5947342070086621e-05.
Google Test trace:
../test/unittest/layers/unittest_layers_layer_normalization.cpp:302: 2

../test/unittest/layers/unittest_layers_layer_normalization.cpp:304: Failure
The difference between actual[i] and expected[i] is 2.7434415496635012, which exceeds atol + 3e-5 * std::abs(expected[i]), where
actual[i] evaluates to 1.1882013082504272,
expected[i] evaluates to -1.5552402414130737, and
atol + 3e-5 * std::abs(expected[i]) evaluates to 7.6657207242392214e-05.
Google Test trace:
../test/unittest/layers/unittest_layers_layer_normalization.cpp:302: 3

../test/unittest/layers/unittest_layers_layer_normalization.cpp:304: Failure
The difference between actual[i] and expected[i] is 0.015894173366300585, which exceeds atol + 3e-5 * std::abs(expected[i]), where
actual[i] evaluates to -0.21772706508636475,
expected[i] evaluates to -0.20183289172006416, and
atol + 3e-5 * std::abs(expected[i]) evaluates to 3.6054986751601927e-05.
Google Test trace:
../test/unittest/layers/unittest_layers_layer_normalization.cpp:302: 4

../test/unittest/layers/unittest_layers_layer_normalization.cpp:304: Failure
The difference between actual[i] and expected[i] is 3.3259405175252184, which exceeds atol + 3e-5 * std::abs(expected[i]), where
actual[i] evaluates to -0.41698390245437622,
expected[i] evaluates to 2.9089566150708421, and
atol + 3e-5 * std::abs(expected[i]) evaluates to 0.00011726869845212527.
Google Test trace:
../test/unittest/layers/unittest_layers_layer_normalization.cpp:302: 5

../test/unittest/layers/unittest_layers_layer_normalization.cpp:304: Failure
The difference between actual[i] and expected[i] is 1.3889626596202787, which exceeds atol + 3e-5 * std::abs(expected[i]), where
actual[i] evaluates to -2.2182297706604004,
expected[i] evaluates to -0.82926711104012163, and
atol + 3e-5 * std::abs(expected[i]) evaluates to 5.4878013331203653e-05.
Google Test trace:
../test/unittest/layers/unittest_layers_layer_normalization.cpp:302: 6

../test/unittest/layers/unittest_layers_layer_normalization.cpp:304: Failure
The difference between actual[i] and expected[i] is 2.6232479656584626, which exceeds atol + 3e-5 * std::abs(expected[i]), where
actual[i] evaluates to 0.88158595561981201,
expected[i] evaluates to -1.7416620100386504, and
atol + 3e-5 * std::abs(expected[i]) evaluates to 8.2249860301159512e-05.
Google Test trace:
../test/unittest/layers/unittest_layers_layer_normalization.cpp:302: 7

../test/unittest/layers/unittest_layers_layer_normalization.cpp:304: Failure
The difference between actual[i] and expected[i] is 1.6983070688243946, which exceeds atol + 3e-5 * std::abs(expected[i]), where
actual[i] evaluates to 0.2471277266740799,
expected[i] evaluates to 1.9454347954984745, and
atol + 3e-5 * std::abs(expected[i]) evaluates to 8.8363043864954238e-05.
Google Test trace:
../test/unittest/layers/unittest_layers_layer_normalization.cpp:302: 8

../test/unittest/layers/unittest_layers_layer_normalization.cpp:304: Failure
The difference between actual[i] and expected[i] is 1.6716796920913159, which exceeds atol + 3e-5 * std::abs(expected[i]), where
actual[i] evaluates to 0.0098787881433963776,
expected[i] evaluates to 1.6815584802347123, and
atol + 3e-5 * std::abs(expected[i]) evaluates to 8.0446754407041376e-05.
Google Test trace:
../test/unittest/layers/unittest_layers_layer_normalization.cpp:302: 9

../test/unittest/layers/unittest_layers_layer_normalization.cpp:304: Failure
The difference between actual[i] and expected[i] is 0.26231904152262758, which exceeds atol + 3e-5 * std::abs(expected[i]), where
actual[i] evaluates to 0.0093983858823776245,
expected[i] evaluates to 0.27171742740500521, and
atol + 3e-5 * std::abs(expected[i]) evaluates to 3.8151522822150157e-05.
Google Test trace:
../test/unittest/layers/unittest_layers_layer_normalization.cpp:302: 10

../test/unittest/layers/unittest_layers_layer_normalization.cpp:304: Failure
The difference between actual[i] and expected[i] is 1.73642345063833, which exceeds atol + 3e-5 * std::abs(expected[i]), where
actual[i] evaluates to 0.15330755710601807,
expected[i] evaluates to -1.583115893532312, and
atol + 3e-5 * std::abs(expected[i]) evaluates to 7.7493476805969366e-05.
Google Test trace:
../test/unittest/layers/unittest_layers_layer_normalization.cpp:302: 11

../test/unittest/layers/unittest_layers_layer_normalization.cpp:304: Failure
The difference between actual[i] and expected[i] is 2.664818915869279, which exceeds atol + 3e-5 * std::abs(expected[i]), where
actual[i] evaluates to -1.064495325088501,
expected[i] evaluates to -3.72931424095778, and
atol + 3e-5 * std::abs(expected[i]) evaluates to 0.0001418794272287334.
Google Test trace:
../test/unittest/layers/unittest_layers_layer_normalization.cpp:302: 12

../test/unittest/layers/unittest_layers_layer_normalization.cpp:304: Failure
The difference between actual[i] and expected[i] is 2.5462850512935971, which exceeds atol + 3e-5 * std::abs(expected[i]), where
actual[i] evaluates to -1.90485680103302,
expected[i] evaluates to -4.4511418523266171, and
atol + 3e-5 * std::abs(expected[i]) evaluates to 0.00016353425556979852.
Google Test trace:
../test/unittest/layers/unittest_layers_layer_normalization.cpp:302: 13

../test/unittest/layers/unittest_layers_layer_normalization.cpp:304: Failure
The difference between actual[i] and expected[i] is 1.1851701653061757, which exceeds atol + 3e-5 * std::abs(expected[i]), where
actual[i] evaluates to 1.7012706995010376,
expected[i] evaluates to 2.8864408648072133, and
atol + 3e-5 * std::abs(expected[i]) evaluates to 0.00011659322594421641.
Google Test trace:
../test/unittest/layers/unittest_layers_layer_normalization.cpp:302: 14

../test/unittest/layers/unittest_layers_layer_normalization.cpp:304: Failure
The difference between actual[i] and expected[i] is 2.9754475907847082, which exceeds atol + 3e-5 * std::abs(expected[i]), where
actual[i] evaluates to -0.15330755710601807,
expected[i] evaluates to 2.8221400336786902, and
atol + 3e-5 * std::abs(expected[i]) evaluates to 0.00011466420101036071.
Google Test trace:
../test/unittest/layers/unittest_layers_layer_normalization.cpp:302: 15

../test/unittest/layers/unittest_layers_layer_normalization.cpp:304: Failure
The difference between actual[i] and expected[i] is 0.64397098358378402, which exceeds atol + 3e-5 * std::abs(expected[i]), where
actual[i] evaluates to -0.5996403694152832,
expected[i] evaluates to 0.044330614168500787, and
atol + 3e-5 * std::abs(expected[i]) evaluates to 3.1329918425055027e-05.
Google Test trace:
../test/unittest/layers/unittest_layers_layer_normalization.cpp:302: 16

../test/unittest/layers/unittest_layers_layer_normalization.cpp:304: Failure
The difference between actual[i] and expected[i] is 2.7962963003750176, which exceeds atol + 3e-5 * std::abs(expected[i]), where
actual[i] evaluates to -1.4779940843582153,
expected[i] evaluates to 1.3183022160168023, and
atol + 3e-5 * std::abs(expected[i]) evaluates to 6.9549066480504066e-05.
Google Test trace:
../test/unittest/layers/unittest_layers_layer_normalization.cpp:302: 17

../test/unittest/layers/unittest_layers_layer_normalization.cpp:304: Failure
The difference between actual[i] and expected[i] is 3.0193001264744819, which exceeds atol + 3e-5 * std::abs(expected[i]), where
actual[i] evaluates to -1.203108549118042,
expected[i] evaluates to 1.8161915773564399, and
atol + 3e-5 * std::abs(expected[i]) evaluates to 8.4485747320693205e-05.
Google Test trace:
../test/unittest/layers/unittest_layers_layer_normalization.cpp:302: 18

../test/unittest/layers/unittest_layers_layer_normalization.cpp:304: Failure
The difference between actual[i] and expected[i] is 3.4249694681061182, which exceeds atol + 3e-5 * std::abs(expected[i]), where
actual[i] evaluates to -0.88158595561981201,
expected[i] evaluates to 2.5433835124863062, and
atol + 3e-5 * std::abs(expected[i]) evaluates to 0.00010630150537458919.
Google Test trace:
../test/unittest/layers/unittest_layers_layer_normalization.cpp:302: 19

../test/unittest/layers/unittest_layers_layer_normalization.cpp:304: Failure
The difference between actual[i] and expected[i] is 2.9059659723273428, which exceeds atol + 3e-5 * std::abs(expected[i]), where
actual[i] evaluates to 2.3173167705535889,
expected[i] evaluates to -0.58864920177375379, and
atol + 3e-5 * std::abs(expected[i]) evaluates to 4.7659476053212617e-05.
Google Test trace:
../test/unittest/layers/unittest_layers_layer_normalization.cpp:302: 20

../test/unittest/layers/unittest_layers_layer_normalization.cpp:304: Failure
The difference between actual[i] and expected[i] is 0.32841137383116026, which exceeds atol + 3e-5 * std::abs(expected[i]), where
actual[i] evaluates to 2.2922041416168213,
expected[i] evaluates to 1.963792767785661, and
atol + 3e-5 * std::abs(expected[i]) evaluates to 8.8913783033569836e-05.
Google Test trace:
../test/unittest/layers/unittest_layers_layer_normalization.cpp:302: 21

../test/unittest/layers/unittest_layers_layer_normalization.cpp:304: Failure
The difference between actual[i] and expected[i] is 2.7689350163848059, which exceeds atol + 3e-5 * std::abs(expected[i]), where
actual[i] evaluates to 0.48876366019248962,
expected[i] evaluates to -2.2801713561923163, and
atol + 3e-5 * std::abs(expected[i]) evaluates to 9.8405140685769489e-05.
Google Test trace:
../test/unittest/layers/unittest_layers_layer_normalization.cpp:302: 22

../test/unittest/layers/unittest_layers_layer_normalization.cpp:304: Failure
The difference between actual[i] and expected[i] is 0.70269590706946583, which exceeds atol + 3e-5 * std::abs(expected[i]), where
actual[i] evaluates to -1.1882013082504272,
expected[i] evaluates to -0.48550540118096142, and
atol + 3e-5 * std::abs(expected[i]) evaluates to 4.4565162035428841e-05.
Google Test trace:
../test/unittest/layers/unittest_layers_layer_normalization.cpp:302: 23

../test/unittest/layers/unittest_layers_layer_normalization.cpp:304: Failure
The difference between actual[i] and expected[i] is 3.1103060793789892, which exceeds atol + 3e-5 * std::abs(expected[i]), where
actual[i] evaluates to -0.48876366019248962,
expected[i] evaluates to 2.6215424191864996, and
atol + 3e-5 * std::abs(expected[i]) evaluates to 0.00010864627257559499.
Google Test trace:
../test/unittest/layers/unittest_layers_layer_normalization.cpp:302: 24

../test/unittest/layers/unittest_layers_layer_normalization.cpp:304: Failure
The difference between actual[i] and expected[i] is 4.8222344733871916, which exceeds atol + 3e-5 * std::abs(expected[i]), where
actual[i] evaluates to -2.2922041416168213,
expected[i] evaluates to 2.5300303317703703, and
atol + 3e-5 * std::abs(expected[i]) evaluates to 0.00010590090995311111.
Google Test trace:
../test/unittest/layers/unittest_layers_layer_normalization.cpp:302: 25

../test/unittest/layers/unittest_layers_layer_normalization.cpp:304: Failure
The difference between actual[i] and expected[i] is 5.4694552414612065, which exceeds atol + 3e-5 * std::abs(expected[i]), where
actual[i] evaluates to -2.3173167705535889,
expected[i] evaluates to 3.1521384709076172, and
atol + 3e-5 * std::abs(expected[i]) evaluates to 0.00012456415412722853.
Google Test trace:
../test/unittest/layers/unittest_layers_layer_normalization.cpp:302: 26

../test/unittest/layers/unittest_layers_layer_normalization.cpp:304: Failure
The difference between actual[i] and expected[i] is 4.093816840570204, which exceeds atol + 3e-5 * std::abs(expected[i]), where
actual[i] evaluates to 1.0775046348571777,
expected[i] evaluates to -3.0163122057130263, and
atol + 3e-5 * std::abs(expected[i]) evaluates to 0.00012048936617139079.
Google Test trace:
../test/unittest/layers/unittest_layers_layer_normalization.cpp:302: 27

../test/unittest/layers/unittest_layers_layer_normalization.cpp:304: Failure
The difference between actual[i] and expected[i] is 1.3936560039432948, which exceeds atol + 3e-5 * std::abs(expected[i]), where
actual[i] evaluates to 1.203108549118042,
expected[i] evaluates to -0.19054745482525282, and
atol + 3e-5 * std::abs(expected[i]) evaluates to 3.5716423644757589e-05.
Google Test trace:
../test/unittest/layers/unittest_layers_layer_normalization.cpp:302: 28

../test/unittest/layers/unittest_layers_layer_normalization.cpp:304: Failure
The difference between actual[i] and expected[i] is 0.92455014383203493, which exceeds atol + 3e-5 * std::abs(expected[i]), where
actual[i] evaluates to 1.4779940843582153,
expected[i] evaluates to 0.5534439405261804, and
atol + 3e-5 * std::abs(expected[i]) evaluates to 4.6603318215785415e-05.
Google Test trace:
../test/unittest/layers/unittest_layers_layer_normalization.cpp:302: 29

../test/unittest/layers/unittest_layers_layer_normalization.cpp:304: Failure
The difference between actual[i] and expected[i] is 0.50631486502102008, which exceeds atol + 3e-5 * std::abs(expected[i]), where
actual[i] evaluates to 0.5996403694152832,
expected[i] evaluates to 1.1059552344363033, and
atol + 3e-5 * std::abs(expected[i]) evaluates to 6.3178657033089106e-05.
Google Test trace:
../test/unittest/layers/unittest_layers_layer_normalization.cpp:302: 30

../test/unittest/layers/unittest_layers_layer_normalization.cpp:304: Failure
The difference between actual[i] and expected[i] is 2.8608011425733988, which exceeds atol + 3e-5 * std::abs(expected[i]), where
actual[i] evaluates to -0.69640475511550903,
expected[i] evaluates to 2.1643963874578898, and
atol + 3e-5 * std::abs(expected[i]) evaluates to 9.4931891623736692e-05.
Google Test trace:
../test/unittest/layers/unittest_layers_layer_normalization.cpp:302: 31

../test/unittest/layers/unittest_layers_layer_normalization.cpp:304: Failure
The difference between actual[i] and expected[i] is 0.70579943513720589, which exceeds atol + 3e-5 * std::abs(expected[i]), where
actual[i] evaluates to -1.7012706995010376,
expected[i] evaluates to -0.99547126436383171, and
atol + 3e-5 * std::abs(expected[i]) evaluates to 5.9864137930914955e-05.
Google Test trace:
../test/unittest/layers/unittest_layers_layer_normalization.cpp:302: 32

../test/unittest/layers/unittest_layers_layer_normalization.cpp:304: Failure
The difference between actual[i] and expected[i] is 0.44281908123730962, which exceeds atol + 3e-5 * std::abs(expected[i]), where
actual[i] evaluates to 1.90485680103302,
expected[i] evaluates to 1.4620377197957104, and
atol + 3e-5 * std::abs(expected[i]) evaluates to 7.3861131593871315e-05.
Google Test trace:
../test/unittest/layers/unittest_layers_layer_normalization.cpp:302: 33

../test/unittest/layers/unittest_layers_layer_normalization.cpp:304: Failure
The difference between actual[i] and expected[i] is 0.34511189786162122, which exceeds atol + 3e-5 * std::abs(expected[i]), where
actual[i] evaluates to 1.064495325088501,
expected[i] evaluates to 0.71938342722687976, and
atol + 3e-5 * std::abs(expected[i]) evaluates to 5.1581502816806393e-05.
Google Test trace:
../test/unittest/layers/unittest_layers_layer_normalization.cpp:302: 34

../test/unittest/layers/unittest_layers_layer_normalization.cpp:304: Failure
The difference between actual[i] and expected[i] is 1.7533907410016054, which exceeds atol + 3e-5 * std::abs(expected[i]), where
actual[i] evaluates to 0.031620096415281296,
expected[i] evaluates to 1.7850108374168867, and
atol + 3e-5 * std::abs(expected[i]) evaluates to 8.3550325122506606e-05.
Google Test trace:
../test/unittest/layers/unittest_layers_layer_normalization.cpp:302: 35

../test/unittest/layers/unittest_layers_layer_normalization.cpp:304: Failure
The difference between actual[i] and expected[i] is 0.34692000603533057, which exceeds atol + 3e-5 * std::abs(expected[i]), where
actual[i] evaluates to -0.0093983858823776245,
expected[i] evaluates to 0.33752162015295295, and
atol + 3e-5 * std::abs(expected[i]) evaluates to 4.0125648604588589e-05.
Google Test trace:
../test/unittest/layers/unittest_layers_layer_normalization.cpp:302: 36

../test/unittest/layers/unittest_layers_layer_normalization.cpp:304: Failure
The difference between actual[i] and expected[i] is 1.5979264775518873, which exceeds atol + 3e-5 * std::abs(expected[i]), where
actual[i] evaluates to -0.0098787881433963776,
expected[i] evaluates to -1.6078052656952837, and
atol + 3e-5 * std::abs(expected[i]) evaluates to 7.8234157970858518e-05.
Google Test trace:
../test/unittest/layers/unittest_layers_layer_normalization.cpp:302: 37

../test/unittest/layers/unittest_layers_layer_normalization.cpp:304: Failure
The difference between actual[i] and expected[i] is 1.8928606665242258, which exceeds atol + 3e-5 * std::abs(expected[i]), where
actual[i] evaluates to -0.2471277266740799,
expected[i] evaluates to -2.1399883931983057, and
atol + 3e-5 * std::abs(expected[i]) evaluates to 9.4199651795949174e-05.
Google Test trace:
../test/unittest/layers/unittest_layers_layer_normalization.cpp:302: 38

../test/unittest/layers/unittest_layers_layer_normalization.cpp:304: Failure
The difference between actual[i] and expected[i] is 2.5429304191035289, which exceeds atol + 3e-5 * std::abs(expected[i]), where
actual[i] evaluates to -1.7422890663146973,
expected[i] evaluates to -4.2852194854182262, and
atol + 3e-5 * std::abs(expected[i]) evaluates to 0.0001585565845625468.
Google Test trace:
../test/unittest/layers/unittest_layers_layer_normalization.cpp:302: 39

../test/unittest/layers/unittest_layers_layer_normalization.cpp:304: Failure
The difference between actual[i] and expected[i] is 4.2647111061521361, which exceeds atol + 3e-5 * std::abs(expected[i]), where
actual[i] evaluates to 2.2182297706604004,
expected[i] evaluates to -2.0464813354917353, and
atol + 3e-5 * std::abs(expected[i]) evaluates to 9.1394440064752067e-05.
Google Test trace:
../test/unittest/layers/unittest_layers_layer_normalization.cpp:302: 40

../test/unittest/layers/unittest_layers_layer_normalization.cpp:304: Failure
The difference between actual[i] and expected[i] is 3.7400112150724611, which exceeds atol + 3e-5 * std::abs(expected[i]), where
actual[i] evaluates to 0.41698390245437622,
expected[i] evaluates to -3.3230273126180849, and
atol + 3e-5 * std::abs(expected[i]) evaluates to 0.00012969081937854254.
Google Test trace:
../test/unittest/layers/unittest_layers_layer_normalization.cpp:302: 41

../test/unittest/layers/unittest_layers_layer_normalization.cpp:304: Failure
The difference between actual[i] and expected[i] is 1.1179100975863518, which exceeds atol + 3e-5 * std::abs(expected[i]), where
actual[i] evaluates to 0.21772706508636475,
expected[i] evaluates to -0.9001830324999871, and
atol + 3e-5 * std::abs(expected[i]) evaluates to 5.7005490974999616e-05.
Google Test trace:
../test/unittest/layers/unittest_layers_layer_normalization.cpp:302: 42

../test/unittest/layers/unittest_layers_layer_normalization.cpp:304: Failure
The difference between actual[i] and expected[i] is 2.6659758941342755, which exceeds atol + 3e-5 * std::abs(expected[i]), where
actual[i] evaluates to -1.0142643451690674,
expected[i] evaluates to 1.6517115489652083, and
atol + 3e-5 * std::abs(expected[i]) evaluates to 7.9551346468956252e-05.
Google Test trace:
../test/unittest/layers/unittest_layers_layer_normalization.cpp:302: 43

../test/unittest/layers/unittest_layers_layer_normalization.cpp:304: Failure
The difference between actual[i] and expected[i] is 1.4953413660264876, which exceeds atol + 3e-5 * std::abs(expected[i]), where
actual[i] evaluates to -1.2219053506851196,
expected[i] evaluates to 0.27343601534136786, and
atol + 3e-5 * std::abs(expected[i]) evaluates to 3.8203080460241036e-05.
Google Test trace:
../test/unittest/layers/unittest_layers_layer_normalization.cpp:302: 44

../test/unittest/layers/unittest_layers_layer_normalization.cpp:304: Failure
The difference between actual[i] and expected[i] is 1.8830722990201814, which exceeds atol + 3e-5 * std::abs(expected[i]), where
actual[i] evaluates to -1.4977517127990723,
expected[i] evaluates to 0.38532058622110898, and
atol + 3e-5 * std::abs(expected[i]) evaluates to 4.1559617586633268e-05.
Google Test trace:
../test/unittest/layers/unittest_layers_layer_normalization.cpp:302: 45

../test/unittest/layers/unittest_layers_layer_normalization.cpp:304: Failure
The difference between actual[i] and expected[i] is 2.6198876680274452, which exceeds atol + 3e-5 * std::abs(expected[i]), where
actual[i] evaluates to 0.68258196115493774,
expected[i] evaluates to -1.9373057068725077, and
atol + 3e-5 * std::abs(expected[i]) evaluates to 8.8119171206175228e-05.
Google Test trace:
../test/unittest/layers/unittest_layers_layer_normalization.cpp:302: 46

../test/unittest/layers/unittest_layers_layer_normalization.cpp:304: Failure
The difference between actual[i] and expected[i] is 0.64342052921141679, which exceeds atol + 3e-5 * std::abs(expected[i]), where
actual[i] evaluates to 2.3438334465026855,
expected[i] evaluates to 1.7004129172912688, and
atol + 3e-5 * std::abs(expected[i]) evaluates to 8.1012387518738062e-05.
Google Test trace:
../test/unittest/layers/unittest_layers_layer_normalization.cpp:302: 47

[  FAILED  ] EveryNonBatchAxis/LayerNormAxesAudit.AffineOutputAndAllGradients/4, where GetParam() = (3, false) (0 ms)
[ RUN      ] EveryNonBatchAxis/LayerNormAxesAudit.AffineOutputAndAllGradients/5
../test/unittest/layers/unittest_layers_layer_normalization.cpp:304: Failure
The difference between actual[i] and expected[i] is 3.2126128859395604, which exceeds atol + 3e-5 * std::abs(expected[i]), where
actual[i] evaluates to -0.68258196115493774,
expected[i] evaluates to 2.5300309247846227, and
atol + 3e-5 * std::abs(expected[i]) evaluates to 0.00010590092774353869.
Google Test trace:
../test/unittest/layers/unittest_layers_layer_normalization.cpp:302: 0

../test/unittest/layers/unittest_layers_layer_normalization.cpp:304: Failure
The difference between actual[i] and expected[i] is 4.9192199395804721, which exceeds atol + 3e-5 * std::abs(expected[i]), where
actual[i] evaluates to 1.4977517127990723,
expected[i] evaluates to -3.4214682267814003, and
atol + 3e-5 * std::abs(expected[i]) evaluates to 0.00013264404680344202.
Google Test trace:
../test/unittest/layers/unittest_layers_layer_normalization.cpp:302: 1

../test/unittest/layers/unittest_layers_layer_normalization.cpp:304: Failure
The difference between actual[i] and expected[i] is 3.0868167530213402, which exceeds atol + 3e-5 * std::abs(expected[i]), where
actual[i] evaluates to 1.2219053506851196,
expected[i] evaluates to -1.8649114023362205, and
atol + 3e-5 * std::abs(expected[i]) evaluates to 8.5947342070086621e-05.
Google Test trace:
../test/unittest/layers/unittest_layers_layer_normalization.cpp:302: 2

../test/unittest/layers/unittest_layers_layer_normalization.cpp:304: Failure
The difference between actual[i] and expected[i] is 2.7434415496635012, which exceeds atol + 3e-5 * std::abs(expected[i]), where
actual[i] evaluates to 1.1882013082504272,
expected[i] evaluates to -1.5552402414130737, and
atol + 3e-5 * std::abs(expected[i]) evaluates to 7.6657207242392214e-05.
Google Test trace:
../test/unittest/layers/unittest_layers_layer_normalization.cpp:302: 3

../test/unittest/layers/unittest_layers_layer_normalization.cpp:304: Failure
The difference between actual[i] and expected[i] is 0.015894173366300585, which exceeds atol + 3e-5 * std::abs(expected[i]), where
actual[i] evaluates to -0.21772706508636475,
expected[i] evaluates to -0.20183289172006416, and
atol + 3e-5 * std::abs(expected[i]) evaluates to 3.6054986751601927e-05.
Google Test trace:
../test/unittest/layers/unittest_layers_layer_normalization.cpp:302: 4

../test/unittest/layers/unittest_layers_layer_normalization.cpp:304: Failure
The difference between actual[i] and expected[i] is 3.3259405175252184, which exceeds atol + 3e-5 * std::abs(expected[i]), where
actual[i] evaluates to -0.41698390245437622,
expected[i] evaluates to 2.9089566150708421, and
atol + 3e-5 * std::abs(expected[i]) evaluates to 0.00011726869845212527.
Google Test trace:
../test/unittest/layers/unittest_layers_layer_normalization.cpp:302: 5

../test/unittest/layers/unittest_layers_layer_normalization.cpp:304: Failure
The difference between actual[i] and expected[i] is 1.3889626596202787, which exceeds atol + 3e-5 * std::abs(expected[i]), where
actual[i] evaluates to -2.2182297706604004,
expected[i] evaluates to -0.82926711104012163, and
atol + 3e-5 * std::abs(expected[i]) evaluates to 5.4878013331203653e-05.
Google Test trace:
../test/unittest/layers/unittest_layers_layer_normalization.cpp:302: 6

../test/unittest/layers/unittest_layers_layer_normalization.cpp:304: Failure
The difference between actual[i] and expected[i] is 2.6232479656584626, which exceeds atol + 3e-5 * std::abs(expected[i]), where
actual[i] evaluates to 0.88158595561981201,
expected[i] evaluates to -1.7416620100386504, and
atol + 3e-5 * std::abs(expected[i]) evaluates to 8.2249860301159512e-05.
Google Test trace:
../test/unittest/layers/unittest_layers_layer_normalization.cpp:302: 7

../test/unittest/layers/unittest_layers_layer_normalization.cpp:304: Failure
The difference between actual[i] and expected[i] is 1.6983070688243946, which exceeds atol + 3e-5 * std::abs(expected[i]), where
actual[i] evaluates to 0.2471277266740799,
expected[i] evaluates to 1.9454347954984745, and
atol + 3e-5 * std::abs(expected[i]) evaluates to 8.8363043864954238e-05.
Google Test trace:
../test/unittest/layers/unittest_layers_layer_normalization.cpp:302: 8

../test/unittest/layers/unittest_layers_layer_normalization.cpp:304: Failure
The difference between actual[i] and expected[i] is 1.6716796920913159, which exceeds atol + 3e-5 * std::abs(expected[i]), where
actual[i] evaluates to 0.0098787881433963776,
expected[i] evaluates to 1.6815584802347123, and
atol + 3e-5 * std::abs(expected[i]) evaluates to 8.0446754407041376e-05.
Google Test trace:
../test/unittest/layers/unittest_layers_layer_normalization.cpp:302: 9

../test/unittest/layers/unittest_layers_layer_normalization.cpp:304: Failure
The difference between actual[i] and expected[i] is 0.26231904152262758, which exceeds atol + 3e-5 * std::abs(expected[i]), where
actual[i] evaluates to 0.0093983858823776245,
expected[i] evaluates to 0.27171742740500521, and
atol + 3e-5 * std::abs(expected[i]) evaluates to 3.8151522822150157e-05.
Google Test trace:
../test/unittest/layers/unittest_layers_layer_normalization.cpp:302: 10

../test/unittest/layers/unittest_layers_layer_normalization.cpp:304: Failure
The difference between actual[i] and expected[i] is 1.73642345063833, which exceeds atol + 3e-5 * std::abs(expected[i]), where
actual[i] evaluates to 0.15330755710601807,
expected[i] evaluates to -1.583115893532312, and
atol + 3e-5 * std::abs(expected[i]) evaluates to 7.7493476805969366e-05.
Google Test trace:
../test/unittest/layers/unittest_layers_layer_normalization.cpp:302: 11

../test/unittest/layers/unittest_layers_layer_normalization.cpp:304: Failure
The difference between actual[i] and expected[i] is 2.664818915869279, which exceeds atol + 3e-5 * std::abs(expected[i]), where
actual[i] evaluates to -1.064495325088501,
expected[i] evaluates to -3.72931424095778, and
atol + 3e-5 * std::abs(expected[i]) evaluates to 0.0001418794272287334.
Google Test trace:
../test/unittest/layers/unittest_layers_layer_normalization.cpp:302: 12

../test/unittest/layers/unittest_layers_layer_normalization.cpp:304: Failure
The difference between actual[i] and expected[i] is 2.5462850512935971, which exceeds atol + 3e-5 * std::abs(expected[i]), where
actual[i] evaluates to -1.90485680103302,
expected[i] evaluates to -4.4511418523266171, and
atol + 3e-5 * std::abs(expected[i]) evaluates to 0.00016353425556979852.
Google Test trace:
../test/unittest/layers/unittest_layers_layer_normalization.cpp:302: 13

../test/unittest/layers/unittest_layers_layer_normalization.cpp:304: Failure
The difference between actual[i] and expected[i] is 1.1851701653061757, which exceeds atol + 3e-5 * std::abs(expected[i]), where
actual[i] evaluates to 1.7012706995010376,
expected[i] evaluates to 2.8864408648072133, and
atol + 3e-5 * std::abs(expected[i]) evaluates to 0.00011659322594421641.
Google Test trace:
../test/unittest/layers/unittest_layers_layer_normalization.cpp:302: 14

../test/unittest/layers/unittest_layers_layer_normalization.cpp:304: Failure
The difference between actual[i] and expected[i] is 2.9754475907847082, which exceeds atol + 3e-5 * std::abs(expected[i]), where
actual[i] evaluates to -0.15330755710601807,
expected[i] evaluates to 2.8221400336786902, and
atol + 3e-5 * std::abs(expected[i]) evaluates to 0.00011466420101036071.
Google Test trace:
../test/unittest/layers/unittest_layers_layer_normalization.cpp:302: 15

../test/unittest/layers/unittest_layers_layer_normalization.cpp:304: Failure
The difference between actual[i] and expected[i] is 0.64397098358378402, which exceeds atol + 3e-5 * std::abs(expected[i]), where
actual[i] evaluates to -0.5996403694152832,
expected[i] evaluates to 0.044330614168500787, and
atol + 3e-5 * std::abs(expected[i]) evaluates to 3.1329918425055027e-05.
Google Test trace:
../test/unittest/layers/unittest_layers_layer_normalization.cpp:302: 16

../test/unittest/layers/unittest_layers_layer_normalization.cpp:304: Failure
The difference between actual[i] and expected[i] is 2.7962963003750176, which exceeds atol + 3e-5 * std::abs(expected[i]), where
actual[i] evaluates to -1.4779940843582153,
expected[i] evaluates to 1.3183022160168023, and
atol + 3e-5 * std::abs(expected[i]) evaluates to 6.9549066480504066e-05.
Google Test trace:
../test/unittest/layers/unittest_layers_layer_normalization.cpp:302: 17

../test/unittest/layers/unittest_layers_layer_normalization.cpp:304: Failure
The difference between actual[i] and expected[i] is 3.0193001264744819, which exceeds atol + 3e-5 * std::abs(expected[i]), where
actual[i] evaluates to -1.203108549118042,
expected[i] evaluates to 1.8161915773564399, and
atol + 3e-5 * std::abs(expected[i]) evaluates to 8.4485747320693205e-05.
Google Test trace:
../test/unittest/layers/unittest_layers_layer_normalization.cpp:302: 18

../test/unittest/layers/unittest_layers_layer_normalization.cpp:304: Failure
The difference between actual[i] and expected[i] is 3.4249694681061182, which exceeds atol + 3e-5 * std::abs(expected[i]), where
actual[i] evaluates to -0.88158595561981201,
expected[i] evaluates to 2.5433835124863062, and
atol + 3e-5 * std::abs(expected[i]) evaluates to 0.00010630150537458919.
Google Test trace:
../test/unittest/layers/unittest_layers_layer_normalization.cpp:302: 19

../test/unittest/layers/unittest_layers_layer_normalization.cpp:304: Failure
The difference between actual[i] and expected[i] is 2.9059659723273428, which exceeds atol + 3e-5 * std::abs(expected[i]), where
actual[i] evaluates to 2.3173167705535889,
expected[i] evaluates to -0.58864920177375379, and
atol + 3e-5 * std::abs(expected[i]) evaluates to 4.7659476053212617e-05.
Google Test trace:
../test/unittest/layers/unittest_layers_layer_normalization.cpp:302: 20

../test/unittest/layers/unittest_layers_layer_normalization.cpp:304: Failure
The difference between actual[i] and expected[i] is 0.32841137383116026, which exceeds atol + 3e-5 * std::abs(expected[i]), where
actual[i] evaluates to 2.2922041416168213,
expected[i] evaluates to 1.963792767785661, and
atol + 3e-5 * std::abs(expected[i]) evaluates to 8.8913783033569836e-05.
Google Test trace:
../test/unittest/layers/unittest_layers_layer_normalization.cpp:302: 21

../test/unittest/layers/unittest_layers_layer_normalization.cpp:304: Failure
The difference between actual[i] and expected[i] is 2.7689350163848059, which exceeds atol + 3e-5 * std::abs(expected[i]), where
actual[i] evaluates to 0.48876366019248962,
expected[i] evaluates to -2.2801713561923163, and
atol + 3e-5 * std::abs(expected[i]) evaluates to 9.8405140685769489e-05.
Google Test trace:
../test/unittest/layers/unittest_layers_layer_normalization.cpp:302: 22

../test/unittest/layers/unittest_layers_layer_normalization.cpp:304: Failure
The difference between actual[i] and expected[i] is 0.70269590706946583, which exceeds atol + 3e-5 * std::abs(expected[i]), where
actual[i] evaluates to -1.1882013082504272,
expected[i] evaluates to -0.48550540118096142, and
atol + 3e-5 * std::abs(expected[i]) evaluates to 4.4565162035428841e-05.
Google Test trace:
../test/unittest/layers/unittest_layers_layer_normalization.cpp:302: 23

../test/unittest/layers/unittest_layers_layer_normalization.cpp:304: Failure
The difference between actual[i] and expected[i] is 3.1103060793789892, which exceeds atol + 3e-5 * std::abs(expected[i]), where
actual[i] evaluates to -0.48876366019248962,
expected[i] evaluates to 2.6215424191864996, and
atol + 3e-5 * std::abs(expected[i]) evaluates to 0.00010864627257559499.
Google Test trace:
../test/unittest/layers/unittest_layers_layer_normalization.cpp:302: 24

../test/unittest/layers/unittest_layers_layer_normalization.cpp:304: Failure
The difference between actual[i] and expected[i] is 4.8222344733871916, which exceeds atol + 3e-5 * std::abs(expected[i]), where
actual[i] evaluates to -2.2922041416168213,
expected[i] evaluates to 2.5300303317703703, and
atol + 3e-5 * std::abs(expected[i]) evaluates to 0.00010590090995311111.
Google Test trace:
../test/unittest/layers/unittest_layers_layer_normalization.cpp:302: 25

../test/unittest/layers/unittest_layers_layer_normalization.cpp:304: Failure
The difference between actual[i] and expected[i] is 5.4694552414612065, which exceeds atol + 3e-5 * std::abs(expected[i]), where
actual[i] evaluates to -2.3173167705535889,
expected[i] evaluates to 3.1521384709076172, and
atol + 3e-5 * std::abs(expected[i]) evaluates to 0.00012456415412722853.
Google Test trace:
../test/unittest/layers/unittest_layers_layer_normalization.cpp:302: 26

../test/unittest/layers/unittest_layers_layer_normalization.cpp:304: Failure
The difference between actual[i] and expected[i] is 4.093816840570204, which exceeds atol + 3e-5 * std::abs(expected[i]), where
actual[i] evaluates to 1.0775046348571777,
expected[i] evaluates to -3.0163122057130263, and
atol + 3e-5 * std::abs(expected[i]) evaluates to 0.00012048936617139079.
Google Test trace:
../test/unittest/layers/unittest_layers_layer_normalization.cpp:302: 27

../test/unittest/layers/unittest_layers_layer_normalization.cpp:304: Failure
The difference between actual[i] and expected[i] is 1.3936560039432948, which exceeds atol + 3e-5 * std::abs(expected[i]), where
actual[i] evaluates to 1.203108549118042,
expected[i] evaluates to -0.19054745482525282, and
atol + 3e-5 * std::abs(expected[i]) evaluates to 3.5716423644757589e-05.
Google Test trace:
../test/unittest/layers/unittest_layers_layer_normalization.cpp:302: 28

../test/unittest/layers/unittest_layers_layer_normalization.cpp:304: Failure
The difference between actual[i] and expected[i] is 0.92455014383203493, which exceeds atol + 3e-5 * std::abs(expected[i]), where
actual[i] evaluates to 1.4779940843582153,
expected[i] evaluates to 0.5534439405261804, and
atol + 3e-5 * std::abs(expected[i]) evaluates to 4.6603318215785415e-05.
Google Test trace:
../test/unittest/layers/unittest_layers_layer_normalization.cpp:302: 29

../test/unittest/layers/unittest_layers_layer_normalization.cpp:304: Failure
The difference between actual[i] and expected[i] is 0.50631486502102008, which exceeds atol + 3e-5 * std::abs(expected[i]), where
actual[i] evaluates to 0.5996403694152832,
expected[i] evaluates to 1.1059552344363033, and
atol + 3e-5 * std::abs(expected[i]) evaluates to 6.3178657033089106e-05.
Google Test trace:
../test/unittest/layers/unittest_layers_layer_normalization.cpp:302: 30

../test/unittest/layers/unittest_layers_layer_normalization.cpp:304: Failure
The difference between actual[i] and expected[i] is 2.8608011425733988, which exceeds atol + 3e-5 * std::abs(expected[i]), where
actual[i] evaluates to -0.69640475511550903,
expected[i] evaluates to 2.1643963874578898, and
atol + 3e-5 * std::abs(expected[i]) evaluates to 9.4931891623736692e-05.
Google Test trace:
../test/unittest/layers/unittest_layers_layer_normalization.cpp:302: 31

../test/unittest/layers/unittest_layers_layer_normalization.cpp:304: Failure
The difference between actual[i] and expected[i] is 0.70579943513720589, which exceeds atol + 3e-5 * std::abs(expected[i]), where
actual[i] evaluates to -1.7012706995010376,
expected[i] evaluates to -0.99547126436383171, and
atol + 3e-5 * std::abs(expected[i]) evaluates to 5.9864137930914955e-05.
Google Test trace:
../test/unittest/layers/unittest_layers_layer_normalization.cpp:302: 32

../test/unittest/layers/unittest_layers_layer_normalization.cpp:304: Failure
The difference between actual[i] and expected[i] is 0.44281908123730962, which exceeds atol + 3e-5 * std::abs(expected[i]), where
actual[i] evaluates to 1.90485680103302,
expected[i] evaluates to 1.4620377197957104, and
atol + 3e-5 * std::abs(expected[i]) evaluates to 7.3861131593871315e-05.
Google Test trace:
../test/unittest/layers/unittest_layers_layer_normalization.cpp:302: 33

../test/unittest/layers/unittest_layers_layer_normalization.cpp:304: Failure
The difference between actual[i] and expected[i] is 0.34511189786162122, which exceeds atol + 3e-5 * std::abs(expected[i]), where
actual[i] evaluates to 1.064495325088501,
expected[i] evaluates to 0.71938342722687976, and
atol + 3e-5 * std::abs(expected[i]) evaluates to 5.1581502816806393e-05.
Google Test trace:
../test/unittest/layers/unittest_layers_layer_normalization.cpp:302: 34

../test/unittest/layers/unittest_layers_layer_normalization.cpp:304: Failure
The difference between actual[i] and expected[i] is 1.7533907410016054, which exceeds atol + 3e-5 * std::abs(expected[i]), where
actual[i] evaluates to 0.031620096415281296,
expected[i] evaluates to 1.7850108374168867, and
atol + 3e-5 * std::abs(expected[i]) evaluates to 8.3550325122506606e-05.
Google Test trace:
../test/unittest/layers/unittest_layers_layer_normalization.cpp:302: 35

../test/unittest/layers/unittest_layers_layer_normalization.cpp:304: Failure
The difference between actual[i] and expected[i] is 0.34692000603533057, which exceeds atol + 3e-5 * std::abs(expected[i]), where
actual[i] evaluates to -0.0093983858823776245,
expected[i] evaluates to 0.33752162015295295, and
atol + 3e-5 * std::abs(expected[i]) evaluates to 4.0125648604588589e-05.
Google Test trace:
../test/unittest/layers/unittest_layers_layer_normalization.cpp:302: 36

../test/unittest/layers/unittest_layers_layer_normalization.cpp:304: Failure
The difference between actual[i] and expected[i] is 1.5979264775518873, which exceeds atol + 3e-5 * std::abs(expected[i]), where
actual[i] evaluates to -0.0098787881433963776,
expected[i] evaluates to -1.6078052656952837, and
atol + 3e-5 * std::abs(expected[i]) evaluates to 7.8234157970858518e-05.
Google Test trace:
../test/unittest/layers/unittest_layers_layer_normalization.cpp:302: 37

../test/unittest/layers/unittest_layers_layer_normalization.cpp:304: Failure
The difference between actual[i] and expected[i] is 1.8928606665242258, which exceeds atol + 3e-5 * std::abs(expected[i]), where
actual[i] evaluates to -0.2471277266740799,
expected[i] evaluates to -2.1399883931983057, and
atol + 3e-5 * std::abs(expected[i]) evaluates to 9.4199651795949174e-05.
Google Test trace:
../test/unittest/layers/unittest_layers_layer_normalization.cpp:302: 38

../test/unittest/layers/unittest_layers_layer_normalization.cpp:304: Failure
The difference between actual[i] and expected[i] is 2.5429304191035289, which exceeds atol + 3e-5 * std::abs(expected[i]), where
actual[i] evaluates to -1.7422890663146973,
expected[i] evaluates to -4.2852194854182262, and
atol + 3e-5 * std::abs(expected[i]) evaluates to 0.0001585565845625468.
Google Test trace:
../test/unittest/layers/unittest_layers_layer_normalization.cpp:302: 39

../test/unittest/layers/unittest_layers_layer_normalization.cpp:304: Failure
The difference between actual[i] and expected[i] is 4.2647111061521361, which exceeds atol + 3e-5 * std::abs(expected[i]), where
actual[i] evaluates to 2.2182297706604004,
expected[i] evaluates to -2.0464813354917353, and
atol + 3e-5 * std::abs(expected[i]) evaluates to 9.1394440064752067e-05.
Google Test trace:
../test/unittest/layers/unittest_layers_layer_normalization.cpp:302: 40

../test/unittest/layers/unittest_layers_layer_normalization.cpp:304: Failure
The difference between actual[i] and expected[i] is 3.7400112150724611, which exceeds atol + 3e-5 * std::abs(expected[i]), where
actual[i] evaluates to 0.41698390245437622,
expected[i] evaluates to -3.3230273126180849, and
atol + 3e-5 * std::abs(expected[i]) evaluates to 0.00012969081937854254.
Google Test trace:
../test/unittest/layers/unittest_layers_layer_normalization.cpp:302: 41

../test/unittest/layers/unittest_layers_layer_normalization.cpp:304: Failure
The difference between actual[i] and expected[i] is 1.1179100975863518, which exceeds atol + 3e-5 * std::abs(expected[i]), where
actual[i] evaluates to 0.21772706508636475,
expected[i] evaluates to -0.9001830324999871, and
atol + 3e-5 * std::abs(expected[i]) evaluates to 5.7005490974999616e-05.
Google Test trace:
../test/unittest/layers/unittest_layers_layer_normalization.cpp:302: 42

../test/unittest/layers/unittest_layers_layer_normalization.cpp:304: Failure
The difference between actual[i] and expected[i] is 2.6659758941342755, which exceeds atol + 3e-5 * std::abs(expected[i]), where
actual[i] evaluates to -1.0142643451690674,
expected[i] evaluates to 1.6517115489652083, and
atol + 3e-5 * std::abs(expected[i]) evaluates to 7.9551346468956252e-05.
Google Test trace:
../test/unittest/layers/unittest_layers_layer_normalization.cpp:302: 43

../test/unittest/layers/unittest_layers_layer_normalization.cpp:304: Failure
The difference between actual[i] and expected[i] is 1.4953413660264876, which exceeds atol + 3e-5 * std::abs(expected[i]), where
actual[i] evaluates to -1.2219053506851196,
expected[i] evaluates to 0.27343601534136786, and
atol + 3e-5 * std::abs(expected[i]) evaluates to 3.8203080460241036e-05.
Google Test trace:
../test/unittest/layers/unittest_layers_layer_normalization.cpp:302: 44

../test/unittest/layers/unittest_layers_layer_normalization.cpp:304: Failure
The difference between actual[i] and expected[i] is 1.8830722990201814, which exceeds atol + 3e-5 * std::abs(expected[i]), where
actual[i] evaluates to -1.4977517127990723,
expected[i] evaluates to 0.38532058622110898, and
atol + 3e-5 * std::abs(expected[i]) evaluates to 4.1559617586633268e-05.
Google Test trace:
../test/unittest/layers/unittest_layers_layer_normalization.cpp:302: 45

../test/unittest/layers/unittest_layers_layer_normalization.cpp:304: Failure
The difference between actual[i] and expected[i] is 2.6198876680274452, which exceeds atol + 3e-5 * std::abs(expected[i]), where
actual[i] evaluates to 0.68258196115493774,
expected[i] evaluates to -1.9373057068725077, and
atol + 3e-5 * std::abs(expected[i]) evaluates to 8.8119171206175228e-05.
Google Test trace:
../test/unittest/layers/unittest_layers_layer_normalization.cpp:302: 46

../test/unittest/layers/unittest_layers_layer_normalization.cpp:304: Failure
The difference between actual[i] and expected[i] is 0.64342052921141679, which exceeds atol + 3e-5 * std::abs(expected[i]), where
actual[i] evaluates to 2.3438334465026855,
expected[i] evaluates to 1.7004129172912688, and
atol + 3e-5 * std::abs(expected[i]) evaluates to 8.1012387518738062e-05.
Google Test trace:
../test/unittest/layers/unittest_layers_layer_normalization.cpp:302: 47

[  FAILED  ] EveryNonBatchAxis/LayerNormAxesAudit.AffineOutputAndAllGradients/5, where GetParam() = (3, true) (0 ms)
[ RUN      ] EveryNonBatchAxis/LayerNormAxesAudit.AffineOutputAndAllGradients/6
../test/unittest/layers/unittest_layers_layer_normalization.cpp:304: Failure
The difference between actual[i] and expected[i] is 3.3924075306856727, which exceeds atol + 3e-5 * std::abs(expected[i]), where
actual[i] evaluates to -1.3729771375656128,
expected[i] evaluates to 2.0194303931200599, and
atol + 3e-5 * std::abs(expected[i]) evaluates to 9.0582911793601797e-05.
Google Test trace:
../test/unittest/layers/unittest_layers_layer_normalization.cpp:302: 0

../test/unittest/layers/unittest_layers_layer_normalization.cpp:304: Failure
The difference between actual[i] and expected[i] is 3.4173685596344439, which exceeds atol + 3e-5 * std::abs(expected[i]), where
actual[i] evaluates to 1.3285806179046631,
expected[i] evaluates to -2.0887879417297808, and
atol + 3e-5 * std::abs(expected[i]) evaluates to 9.2663638251893425e-05.
Google Test trace:
../test/unittest/layers/unittest_layers_layer_normalization.cpp:302: 1

../test/unittest/layers/unittest_layers_layer_normalization.cpp:304: Failure
The difference between actual[i] and expected[i] is 1.9892849130212296, which exceeds atol + 3e-5 * std::abs(expected[i]), where
actual[i] evaluates to -0.78239446878433228,
expected[i] evaluates to 1.2068904442368973, and
atol + 3e-5 * std::abs(expected[i]) evaluates to 6.6206713327106919e-05.
Google Test trace:
../test/unittest/layers/unittest_layers_layer_normalization.cpp:302: 2

../test/unittest/layers/unittest_layers_layer_normalization.cpp:304: Failure
The difference between actual[i] and expected[i] is 1.9643237648631686, which exceeds atol + 3e-5 * std::abs(expected[i]), where
actual[i] evaluates to 0.82679086923599243,
expected[i] evaluates to -1.1375328956271762, and
atol + 3e-5 * std::abs(expected[i]) evaluates to 6.4125986868815291e-05.
Google Test trace:
../test/unittest/layers/unittest_layers_layer_normalization.cpp:302: 3

../test/unittest/layers/unittest_layers_layer_normalization.cpp:304: Failure
The difference between actual[i] and expected[i] is 0.31575415459084571, which exceeds atol + 3e-5 * std::abs(expected[i]), where
actual[i] evaluates to 0.0031407871283590794,
expected[i] evaluates to -0.31261336746248664, and
atol + 3e-5 * std::abs(expected[i]) evaluates to 3.9378401023874598e-05.
Google Test trace:
../test/unittest/layers/unittest_layers_layer_normalization.cpp:302: 4

../test/unittest/layers/unittest_layers_layer_normalization.cpp:304: Failure
The difference between actual[i] and expected[i] is 1.0697770209210313, which exceeds atol + 3e-5 * std::abs(expected[i]), where
actual[i] evaluates to -1.7625517845153809,
expected[i] evaluates to -2.8323288054364122, and
atol + 3e-5 * std::abs(expected[i]) evaluates to 0.00011496986416309237.
Google Test trace:
../test/unittest/layers/unittest_layers_layer_normalization.cpp:302: 5

../test/unittest/layers/unittest_layers_layer_normalization.cpp:304: Failure
The difference between actual[i] and expected[i] is 0.67393002497659782, which exceeds atol + 3e-5 * std::abs(expected[i]), where
actual[i] evaluates to -1.2598737478256226,
expected[i] evaluates to -1.9338037728022204, and
atol + 3e-5 * std::abs(expected[i]) evaluates to 8.8014113184066613e-05.
Google Test trace:
../test/unittest/layers/unittest_layers_layer_normalization.cpp:302: 6

../test/unittest/layers/unittest_layers_layer_normalization.cpp:304: Failure
The difference between actual[i] and expected[i] is 2.0594612205119098, which exceeds atol + 3e-5 * std::abs(expected[i]), where
actual[i] evaluates to 3.019284725189209,
expected[i] evaluates to 5.0787459457011188, and
atol + 3e-5 * std::abs(expected[i]) evaluates to 0.00018236237837103357.
Google Test trace:
../test/unittest/layers/unittest_layers_layer_normalization.cpp:302: 7

../test/unittest/layers/unittest_layers_layer_normalization.cpp:304: Failure
The difference between actual[i] and expected[i] is 1.2863009278133728, which exceeds atol + 3e-5 * std::abs(expected[i]), where
actual[i] evaluates to 0.24215050041675568,
expected[i] evaluates to -1.0441504273966171, and
atol + 3e-5 * std::abs(expected[i]) evaluates to 6.132451282189851e-05.
Google Test trace:
../test/unittest/layers/unittest_layers_layer_normalization.cpp:302: 8

../test/unittest/layers/unittest_layers_layer_normalization.cpp:304: Failure
The difference between actual[i] and expected[i] is 0.040966460503547797, which exceeds atol + 3e-5 * std::abs(expected[i]), where
actual[i] evaluates to 0.58807247877120972,
expected[i] evaluates to 0.62903893927475751, and
atol + 3e-5 * std::abs(expected[i]) evaluates to 4.8871168178242728e-05.
Google Test trace:
../test/unittest/layers/unittest_layers_layer_normalization.cpp:302: 9

../test/unittest/layers/unittest_layers_layer_normalization.cpp:304: Failure
The difference between actual[i] and expected[i] is 1.8051838899843937, which exceeds atol + 3e-5 * std::abs(expected[i]), where
actual[i] evaluates to -0.58807247877120972,
expected[i] evaluates to 1.217111411213184, and
atol + 3e-5 * std::abs(expected[i]) evaluates to 6.6513342336395524e-05.
Google Test trace:
../test/unittest/layers/unittest_layers_layer_normalization.cpp:302: 10

../test/unittest/layers/unittest_layers_layer_normalization.cpp:304: Failure
The difference between actual[i] and expected[i] is 0.55984942267456872, which exceeds atol + 3e-5 * std::abs(expected[i]), where
actual[i] evaluates to -0.24215050041675568,
expected[i] evaluates to -0.8019999230913244, and
atol + 3e-5 * std::abs(expected[i]) evaluates to 5.4059997692739736e-05.
Google Test trace:
../test/unittest/layers/unittest_layers_layer_normalization.cpp:302: 11

../test/unittest/layers/unittest_layers_layer_normalization.cpp:304: Failure
The difference between actual[i] and expected[i] is 2.9077467341828882, which exceeds atol + 3e-5 * std::abs(expected[i]), where
actual[i] evaluates to -1.9981907606124878,
expected[i] evaluates to 0.90955597357040052, and
atol + 3e-5 * std::abs(expected[i]) evaluates to 5.7286679207112015e-05.
Google Test trace:
../test/unittest/layers/unittest_layers_layer_normalization.cpp:302: 12

../test/unittest/layers/unittest_layers_layer_normalization.cpp:304: Failure
The difference between actual[i] and expected[i] is 0.5325224049564069, which exceeds atol + 3e-5 * std::abs(expected[i]), where
actual[i] evaluates to -0.33305156230926514,
expected[i] evaluates to -0.86557396726567204, and
atol + 3e-5 * std::abs(expected[i]) evaluates to 5.5967219017970164e-05.
Google Test trace:
../test/unittest/layers/unittest_layers_layer_normalization.cpp:302: 13

../test/unittest/layers/unittest_layers_layer_normalization.cpp:304: Failure
The difference between actual[i] and expected[i] is 1.2111846358626051, which exceeds atol + 3e-5 * std::abs(expected[i]), where
actual[i] evaluates to 0.33305156230926514,
expected[i] evaluates to -0.87813307355333992, and
atol + 3e-5 * std::abs(expected[i]) evaluates to 5.6343992206600199e-05.
Google Test trace:
../test/unittest/layers/unittest_layers_layer_normalization.cpp:302: 14

../test/unittest/layers/unittest_layers_layer_normalization.cpp:304: Failure
The difference between actual[i] and expected[i] is 1.1640396933638764, which exceeds atol + 3e-5 * std::abs(expected[i]), where
actual[i] evaluates to 1.9981907606124878,
expected[i] evaluates to 0.83415106724861143, and
atol + 3e-5 * std::abs(expected[i]) evaluates to 5.5024532017458348e-05.
Google Test trace:
../test/unittest/layers/unittest_layers_layer_normalization.cpp:302: 15

../test/unittest/layers/unittest_layers_layer_normalization.cpp:304: Failure
The difference between actual[i] and expected[i] is 0.74146229312646472, which exceeds atol + 3e-5 * std::abs(expected[i]), where
actual[i] evaluates to 0.24215050041675568,
expected[i] evaluates to -0.49931179270970899, and
atol + 3e-5 * std::abs(expected[i]) evaluates to 4.4979353781291267e-05.
Google Test trace:
../test/unittest/layers/unittest_layers_layer_normalization.cpp:302: 16

../test/unittest/layers/unittest_layers_layer_normalization.cpp:304: Failure
The difference between actual[i] and expected[i] is 1.3641295223650074, which exceeds atol + 3e-5 * std::abs(expected[i]), where
actual[i] evaluates to 0.58807247877120972,
expected[i] evaluates to 1.9522020011362171, and
atol + 3e-5 * std::abs(expected[i]) evaluates to 8.8566060034086513e-05.
Google Test trace:
../test/unittest/layers/unittest_layers_layer_normalization.cpp:302: 17

../test/unittest/layers/unittest_layers_layer_normalization.cpp:304: Failure
The difference between actual[i] and expected[i] is 0.48202082812293423, which exceeds atol + 3e-5 * std::abs(expected[i]), where
actual[i] evaluates to -0.58807247877120972,
expected[i] evaluates to -0.10605165064827549, and
atol + 3e-5 * std::abs(expected[i]) evaluates to 3.3181549519448262e-05.
Google Test trace:
../test/unittest/layers/unittest_layers_layer_normalization.cpp:302: 18

../test/unittest/layers/unittest_layers_layer_normalization.cpp:304: Failure
The difference between actual[i] and expected[i] is 1.1046880573614768, which exceeds atol + 3e-5 * std::abs(expected[i]), where
actual[i] evaluates to -0.24215050041675568,
expected[i] evaluates to -1.3468385577782325, and
atol + 3e-5 * std::abs(expected[i]) evaluates to 7.0405156733346978e-05.
Google Test trace:
../test/unittest/layers/unittest_layers_layer_normalization.cpp:302: 19

../test/unittest/layers/unittest_layers_layer_normalization.cpp:304: Failure
The difference between actual[i] and expected[i] is 5.6929668105266185, which exceeds atol + 3e-5 * std::abs(expected[i]), where
actual[i] evaluates to 1.4326670169830322,
expected[i] evaluates to -4.2602997935435862, and
atol + 3e-5 * std::abs(expected[i]) evaluates to 0.0001578089938063076.
Google Test trace:
../test/unittest/layers/unittest_layers_layer_normalization.cpp:302: 20

../test/unittest/layers/unittest_layers_layer_normalization.cpp:304: Failure
The difference between actual[i] and expected[i] is 0.67862605993144354, which exceeds atol + 3e-5 * std::abs(expected[i]), where
actual[i] evaluates to 0.23877985775470734,
expected[i] evaluates to 0.91740591768615087, and
atol + 3e-5 * std::abs(expected[i]) evaluates to 5.7522177530584528e-05.
Google Test trace:
../test/unittest/layers/unittest_layers_layer_normalization.cpp:302: 21

../test/unittest/layers/unittest_layers_layer_normalization.cpp:304: Failure
The difference between actual[i] and expected[i] is 2.1113052053789758, which exceeds atol + 3e-5 * std::abs(expected[i]), where
actual[i] evaluates to -0.23877985775470734,
expected[i] evaluates to 1.8725253476242685, and
atol + 3e-5 * std::abs(expected[i]) evaluates to 8.617576042872805e-05.
Google Test trace:
../test/unittest/layers/unittest_layers_layer_normalization.cpp:302: 22

../test/unittest/layers/unittest_layers_layer_normalization.cpp:304: Failure
The difference between actual[i] and expected[i] is 2.9030355452161998, which exceeds atol + 3e-5 * std::abs(expected[i]), where
actual[i] evaluates to -1.4326670169830322,
expected[i] evaluates to 1.4703685282331675, and
atol + 3e-5 * std::abs(expected[i]) evaluates to 7.4111055846995034e-05.
Google Test trace:
../test/unittest/layers/unittest_layers_layer_normalization.cpp:302: 23

../test/unittest/layers/unittest_layers_layer_normalization.cpp:304: Failure
The difference between actual[i] and expected[i] is 0.2247338939238348, which exceeds atol + 3e-5 * std::abs(expected[i]), where
actual[i] evaluates to -0.82679086923599243,
expected[i] evaluates to -0.60205697531215763, and
atol + 3e-5 * std::abs(expected[i]) evaluates to 4.8061709259364733e-05.
Google Test trace:
../test/unittest/layers/unittest_layers_layer_normalization.cpp:302: 24

../test/unittest/layers/unittest_layers_layer_normalization.cpp:304: Failure
The difference between actual[i] and expected[i] is 0.83828674573507533, which exceeds atol + 3e-5 * std::abs(expected[i]), where
actual[i] evaluates to 0.78239446878433228,
expected[i] evaluates to 1.6206812145194076, and
atol + 3e-5 * std::abs(expected[i]) evaluates to 7.862043643558223e-05.
Google Test trace:
../test/unittest/layers/unittest_layers_layer_normalization.cpp:302: 25

../test/unittest/layers/unittest_layers_layer_normalization.cpp:304: Failure
The difference between actual[i] and expected[i] is 1.7407881086852468, which exceeds atol + 3e-5 * std::abs(expected[i]), where
actual[i] evaluates to -1.3285806179046631,
expected[i] evaluates to -3.0693687265899099, and
atol + 3e-5 * std::abs(expected[i]) evaluates to 0.00012208106179769729.
Google Test trace:
../test/unittest/layers/unittest_layers_layer_normalization.cpp:302: 26

../test/unittest/layers/unittest_layers_layer_normalization.cpp:304: Failure
The difference between actual[i] and expected[i] is 0.67776734981704712, which exceeds atol + 3e-5 * std::abs(expected[i]), where
actual[i] evaluates to 1.3729771375656128,
expected[i] evaluates to 2.0507444873826599, and
atol + 3e-5 * std::abs(expected[i]) evaluates to 9.1522334621479799e-05.
Google Test trace:
../test/unittest/layers/unittest_layers_layer_normalization.cpp:302: 27

../test/unittest/layers/unittest_layers_layer_normalization.cpp:304: Failure
The difference between actual[i] and expected[i] is 2.4694658795271947, which exceeds atol + 3e-5 * std::abs(expected[i]), where
actual[i] evaluates to 1.4326670169830322,
expected[i] evaluates to -1.0367988625441624, and
atol + 3e-5 * std::abs(expected[i]) evaluates to 6.1103965876324872e-05.
Google Test trace:
../test/unittest/layers/unittest_layers_layer_normalization.cpp:302: 28

../test/unittest/layers/unittest_layers_layer_normalization.cpp:304: Failure
The difference between actual[i] and expected[i] is 1.2158807392716344, which exceeds atol + 3e-5 * std::abs(expected[i]), where
actual[i] evaluates to 0.23877985775470734,
expected[i] evaluates to 1.4546605970263418, and
atol + 3e-5 * std::abs(expected[i]) evaluates to 7.3639817910790261e-05.
Google Test trace:
../test/unittest/layers/unittest_layers_layer_normalization.cpp:302: 29

../test/unittest/layers/unittest_layers_layer_normalization.cpp:304: Failure
The difference between actual[i] and expected[i] is 1.5740505260387847, which exceeds atol + 3e-5 * std::abs(expected[i]), where
actual[i] evaluates to -0.23877985775470734,
expected[i] evaluates to 1.3352706682840774, and
atol + 3e-5 * std::abs(expected[i]) evaluates to 7.0058120048522324e-05.
Google Test trace:
../test/unittest/layers/unittest_layers_layer_normalization.cpp:302: 30

../test/unittest/layers/unittest_layers_layer_normalization.cpp:304: Failure
The difference between actual[i] and expected[i] is 0.32046538578322448, which exceeds atol + 3e-5 * std::abs(expected[i]), where
actual[i] evaluates to -1.4326670169830322,
expected[i] evaluates to -1.7531324027662567, and
atol + 3e-5 * std::abs(expected[i]) evaluates to 8.25939720829877e-05.
Google Test trace:
../test/unittest/layers/unittest_layers_layer_normalization.cpp:302: 31

../test/unittest/layers/unittest_layers_layer_normalization.cpp:304: Failure
The difference between actual[i] and expected[i] is 2.9631537273122754, which exceeds atol + 3e-5 * std::abs(expected[i]), where
actual[i] evaluates to -1.7645729780197144,
expected[i] evaluates to 1.1985807492925613, and
atol + 3e-5 * std::abs(expected[i]) evaluates to 6.5957422478776835e-05.
Google Test trace:
../test/unittest/layers/unittest_layers_layer_normalization.cpp:302: 32

../test/unittest/layers/unittest_layers_layer_normalization.cpp:304: Failure
The difference between actual[i] and expected[i] is 0.29966486365756334, which exceeds atol + 3e-5 * std::abs(expected[i]), where
actual[i] evaluates to -0.042004801332950592,
expected[i] evaluates to -0.34166966499051393, and
atol + 3e-5 * std::abs(expected[i]) evaluates to 4.0250089949715417e-05.
Google Test trace:
../test/unittest/layers/unittest_layers_layer_normalization.cpp:302: 33

../test/unittest/layers/unittest_layers_layer_normalization.cpp:304: Failure
The difference between actual[i] and expected[i] is 0.24732821715422504, which exceeds atol + 3e-5 * std::abs(expected[i]), where
actual[i] evaluates to 0.58819097280502319,
expected[i] evaluates to 0.34086275565079815, and
atol + 3e-5 * std::abs(expected[i]) evaluates to 4.0225882669523947e-05.
Google Test trace:
../test/unittest/layers/unittest_layers_layer_normalization.cpp:302: 34

../test/unittest/layers/unittest_layers_layer_normalization.cpp:304: Failure
The difference between actual[i] and expected[i] is 2.4161604900382949, which exceeds atol + 3e-5 * std::abs(expected[i]), where
actual[i] evaluates to 1.2183866500854492,
expected[i] evaluates to -1.1977738399528457, and
atol + 3e-5 * std::abs(expected[i]) evaluates to 6.5933215198585372e-05.
Google Test trace:
../test/unittest/layers/unittest_layers_layer_normalization.cpp:302: 35

../test/unittest/layers/unittest_layers_layer_normalization.cpp:304: Failure
The difference between actual[i] and expected[i] is 0.7540350514722296, which exceeds atol + 3e-5 * std::abs(expected[i]), where
actual[i] evaluates to 1.4326670169830322,
expected[i] evaluates to 2.1867020684552618, and
atol + 3e-5 * std::abs(expected[i]) evaluates to 9.5601062053657861e-05.
Google Test trace:
../test/unittest/layers/unittest_layers_layer_normalization.cpp:302: 36

../test/unittest/layers/unittest_layers_layer_normalization.cpp:304: Failure
The difference between actual[i] and expected[i] is 1.7531354186118258, which exceeds atol + 3e-5 * std::abs(expected[i]), where
actual[i] evaluates to 0.23877985775470734,
expected[i] evaluates to 1.9919152763665331, and
atol + 3e-5 * std::abs(expected[i]) evaluates to 8.9757458290996002e-05.
Google Test trace:
../test/unittest/layers/unittest_layers_layer_normalization.cpp:302: 37

../test/unittest/layers/unittest_layers_layer_normalization.cpp:304: Failure
The difference between actual[i] and expected[i] is 1.0367958466985936, which exceeds atol + 3e-5 * std::abs(expected[i]), where
actual[i] evaluates to -0.23877985775470734,
expected[i] evaluates to 0.79801598894388615, and
atol + 3e-5 * std::abs(expected[i]) evaluates to 5.3940479668316584e-05.
Google Test trace:
../test/unittest/layers/unittest_layers_layer_normalization.cpp:302: 38

../test/unittest/layers/unittest_layers_layer_normalization.cpp:304: Failure
The difference between actual[i] and expected[i] is 3.5439663167826483, which exceeds atol + 3e-5 * std::abs(expected[i]), where
actual[i] evaluates to -1.4326670169830322,
expected[i] evaluates to -4.9766333337656805, and
atol + 3e-5 * std::abs(expected[i]) evaluates to 0.00017929900001297042.
Google Test trace:
../test/unittest/layers/unittest_layers_layer_normalization.cpp:302: 39

../test/unittest/layers/unittest_layers_layer_normalization.cpp:304: Failure
The difference between actual[i] and expected[i] is 3.2794365252983564, which exceeds atol + 3e-5 * std::abs(expected[i]), where
actual[i] evaluates to 1.2651617527008057,
expected[i] evaluates to -2.0142747725975507, and
atol + 3e-5 * std::abs(expected[i]) evaluates to 9.0428243177926521e-05.
Google Test trace:
../test/unittest/layers/unittest_layers_layer_normalization.cpp:302: 40

../test/unittest/layers/unittest_layers_layer_normalization.cpp:304: Failure
The difference between actual[i] and expected[i] is 0.44827263407349266, which exceeds atol + 3e-5 * std::abs(expected[i]), where
actual[i] evaluates to 0.030124781653285027,
expected[i] evaluates to -0.41814785242020763, and
atol + 3e-5 * std::abs(expected[i]) evaluates to 4.2544435572606227e-05.
Google Test trace:
../test/unittest/layers/unittest_layers_layer_normalization.cpp:302: 41

../test/unittest/layers/unittest_layers_layer_normalization.cpp:304: Failure
The difference between actual[i] and expected[i] is 1.8335351904485448, which exceeds atol + 3e-5 * std::abs(expected[i]), where
actual[i] evaluates to -0.42172059416770935,
expected[i] evaluates to 1.4118145962808355, and
atol + 3e-5 * std::abs(expected[i]) evaluates to 7.235443788842507e-05.
Google Test trace:
../test/unittest/layers/unittest_layers_layer_normalization.cpp:302: 42

../test/unittest/layers/unittest_layers_layer_normalization.cpp:304: Failure
The difference between actual[i] and expected[i] is 1.8941739409836271, which exceeds atol + 3e-5 * std::abs(expected[i]), where
actual[i] evaluates to -0.8735659122467041,
expected[i] evaluates to 1.020608028736923, and
atol + 3e-5 * std::abs(expected[i]) evaluates to 6.0618240862107692e-05.
Google Test trace:
../test/unittest/layers/unittest_layers_layer_normalization.cpp:302: 43

../test/unittest/layers/unittest_layers_layer_normalization.cpp:304: Failure
The difference between actual[i] and expected[i] is 0.066593942772662451, which exceeds atol + 3e-5 * std::abs(expected[i]), where
actual[i] evaluates to -0.46611705422401428,
expected[i] evaluates to -0.39952311145135183, and
atol + 3e-5 * std::abs(expected[i]) evaluates to 4.1985693343540559e-05.
Google Test trace:
../test/unittest/layers/unittest_layers_layer_normalization.cpp:302: 44

../test/unittest/layers/unittest_layers_layer_normalization.cpp:304: Failure
The difference between actual[i] and expected[i] is 0.95124851795997101, which exceeds atol + 3e-5 * std::abs(expected[i]), where
actual[i] evaluates to -2.2164115905761719,
expected[i] evaluates to -1.2651630726162009, and
atol + 3e-5 * std::abs(expected[i]) evaluates to 6.7954892178486031e-05.
Google Test trace:
../test/unittest/layers/unittest_layers_layer_normalization.cpp:302: 45

../test/unittest/layers/unittest_layers_layer_normalization.cpp:304: Failure
The difference between actual[i] and expected[i] is 0.38526562850530854, which exceeds atol + 3e-5 * std::abs(expected[i]), where
actual[i] evaluates to 0.84582644701004028,
expected[i] evaluates to 0.46056081850473174, and
atol + 3e-5 * std::abs(expected[i]) evaluates to 4.3816824555141954e-05.
Google Test trace:
../test/unittest/layers/unittest_layers_layer_normalization.cpp:302: 46

../test/unittest/layers/unittest_layers_layer_normalization.cpp:304: Failure
The difference between actual[i] and expected[i] is 0.63257710044822657, which exceeds atol + 3e-5 * std::abs(expected[i]), where
actual[i] evaluates to 1.8367024660110474,
expected[i] evaluates to 1.2041253655628208, and
atol + 3e-5 * std::abs(expected[i]) evaluates to 6.6123760966884629e-05.
Google Test trace:
../test/unittest/layers/unittest_layers_layer_normalization.cpp:302: 47

[  FAILED  ] EveryNonBatchAxis/LayerNormAxesAudit.AffineOutputAndAllGradients/6, where GetParam() = (4, false) (0 ms)
[ RUN      ] EveryNonBatchAxis/LayerNormAxesAudit.AffineOutputAndAllGradients/7
../test/unittest/layers/unittest_layers_layer_normalization.cpp:304: Failure
The difference between actual[i] and expected[i] is 3.3924075306856727, which exceeds atol + 3e-5 * std::abs(expected[i]), where
actual[i] evaluates to -1.3729771375656128,
expected[i] evaluates to 2.0194303931200599, and
atol + 3e-5 * std::abs(expected[i]) evaluates to 9.0582911793601797e-05.
Google Test trace:
../test/unittest/layers/unittest_layers_layer_normalization.cpp:302: 0

../test/unittest/layers/unittest_layers_layer_normalization.cpp:304: Failure
The difference between actual[i] and expected[i] is 3.4173685596344439, which exceeds atol + 3e-5 * std::abs(expected[i]), where
actual[i] evaluates to 1.3285806179046631,
expected[i] evaluates to -2.0887879417297808, and
atol + 3e-5 * std::abs(expected[i]) evaluates to 9.2663638251893425e-05.
Google Test trace:
../test/unittest/layers/unittest_layers_layer_normalization.cpp:302: 1

../test/unittest/layers/unittest_layers_layer_normalization.cpp:304: Failure
The difference between actual[i] and expected[i] is 1.9892849130212296, which exceeds atol + 3e-5 * std::abs(expected[i]), where
actual[i] evaluates to -0.78239446878433228,
expected[i] evaluates to 1.2068904442368973, and
atol + 3e-5 * std::abs(expected[i]) evaluates to 6.6206713327106919e-05.
Google Test trace:
../test/unittest/layers/unittest_layers_layer_normalization.cpp:302: 2

../test/unittest/layers/unittest_layers_layer_normalization.cpp:304: Failure
The difference between actual[i] and expected[i] is 1.9643237648631686, which exceeds atol + 3e-5 * std::abs(expected[i]), where
actual[i] evaluates to 0.82679086923599243,
expected[i] evaluates to -1.1375328956271762, and
atol + 3e-5 * std::abs(expected[i]) evaluates to 6.4125986868815291e-05.
Google Test trace:
../test/unittest/layers/unittest_layers_layer_normalization.cpp:302: 3

../test/unittest/layers/unittest_layers_layer_normalization.cpp:304: Failure
The difference between actual[i] and expected[i] is 0.31575415459084571, which exceeds atol + 3e-5 * std::abs(expected[i]), where
actual[i] evaluates to 0.0031407871283590794,
expected[i] evaluates to -0.31261336746248664, and
atol + 3e-5 * std::abs(expected[i]) evaluates to 3.9378401023874598e-05.
Google Test trace:
../test/unittest/layers/unittest_layers_layer_normalization.cpp:302: 4

../test/unittest/layers/unittest_layers_layer_normalization.cpp:304: Failure
The difference between actual[i] and expected[i] is 1.0697770209210313, which exceeds atol + 3e-5 * std::abs(expected[i]), where
actual[i] evaluates to -1.7625517845153809,
expected[i] evaluates to -2.8323288054364122, and
atol + 3e-5 * std::abs(expected[i]) evaluates to 0.00011496986416309237.
Google Test trace:
../test/unittest/layers/unittest_layers_layer_normalization.cpp:302: 5

../test/unittest/layers/unittest_layers_layer_normalization.cpp:304: Failure
The difference between actual[i] and expected[i] is 0.67393002497659782, which exceeds atol + 3e-5 * std::abs(expected[i]), where
actual[i] evaluates to -1.2598737478256226,
expected[i] evaluates to -1.9338037728022204, and
atol + 3e-5 * std::abs(expected[i]) evaluates to 8.8014113184066613e-05.
Google Test trace:
../test/unittest/layers/unittest_layers_layer_normalization.cpp:302: 6

../test/unittest/layers/unittest_layers_layer_normalization.cpp:304: Failure
The difference between actual[i] and expected[i] is 2.0594612205119098, which exceeds atol + 3e-5 * std::abs(expected[i]), where
actual[i] evaluates to 3.019284725189209,
expected[i] evaluates to 5.0787459457011188, and
atol + 3e-5 * std::abs(expected[i]) evaluates to 0.00018236237837103357.
Google Test trace:
../test/unittest/layers/unittest_layers_layer_normalization.cpp:302: 7

../test/unittest/layers/unittest_layers_layer_normalization.cpp:304: Failure
The difference between actual[i] and expected[i] is 1.2863009278133728, which exceeds atol + 3e-5 * std::abs(expected[i]), where
actual[i] evaluates to 0.24215050041675568,
expected[i] evaluates to -1.0441504273966171, and
atol + 3e-5 * std::abs(expected[i]) evaluates to 6.132451282189851e-05.
Google Test trace:
../test/unittest/layers/unittest_layers_layer_normalization.cpp:302: 8

../test/unittest/layers/unittest_layers_layer_normalization.cpp:304: Failure
The difference between actual[i] and expected[i] is 0.040966460503547797, which exceeds atol + 3e-5 * std::abs(expected[i]), where
actual[i] evaluates to 0.58807247877120972,
expected[i] evaluates to 0.62903893927475751, and
atol + 3e-5 * std::abs(expected[i]) evaluates to 4.8871168178242728e-05.
Google Test trace:
../test/unittest/layers/unittest_layers_layer_normalization.cpp:302: 9

../test/unittest/layers/unittest_layers_layer_normalization.cpp:304: Failure
The difference between actual[i] and expected[i] is 1.8051838899843937, which exceeds atol + 3e-5 * std::abs(expected[i]), where
actual[i] evaluates to -0.58807247877120972,
expected[i] evaluates to 1.217111411213184, and
atol + 3e-5 * std::abs(expected[i]) evaluates to 6.6513342336395524e-05.
Google Test trace:
../test/unittest/layers/unittest_layers_layer_normalization.cpp:302: 10

../test/unittest/layers/unittest_layers_layer_normalization.cpp:304: Failure
The difference between actual[i] and expected[i] is 0.55984942267456872, which exceeds atol + 3e-5 * std::abs(expected[i]), where
actual[i] evaluates to -0.24215050041675568,
expected[i] evaluates to -0.8019999230913244, and
atol + 3e-5 * std::abs(expected[i]) evaluates to 5.4059997692739736e-05.
Google Test trace:
../test/unittest/layers/unittest_layers_layer_normalization.cpp:302: 11

../test/unittest/layers/unittest_layers_layer_normalization.cpp:304: Failure
The difference between actual[i] and expected[i] is 2.9077467341828882, which exceeds atol + 3e-5 * std::abs(expected[i]), where
actual[i] evaluates to -1.9981907606124878,
expected[i] evaluates to 0.90955597357040052, and
atol + 3e-5 * std::abs(expected[i]) evaluates to 5.7286679207112015e-05.
Google Test trace:
../test/unittest/layers/unittest_layers_layer_normalization.cpp:302: 12

../test/unittest/layers/unittest_layers_layer_normalization.cpp:304: Failure
The difference between actual[i] and expected[i] is 0.5325224049564069, which exceeds atol + 3e-5 * std::abs(expected[i]), where
actual[i] evaluates to -0.33305156230926514,
expected[i] evaluates to -0.86557396726567204, and
atol + 3e-5 * std::abs(expected[i]) evaluates to 5.5967219017970164e-05.
Google Test trace:
../test/unittest/layers/unittest_layers_layer_normalization.cpp:302: 13

../test/unittest/layers/unittest_layers_layer_normalization.cpp:304: Failure
The difference between actual[i] and expected[i] is 1.2111846358626051, which exceeds atol + 3e-5 * std::abs(expected[i]), where
actual[i] evaluates to 0.33305156230926514,
expected[i] evaluates to -0.87813307355333992, and
atol + 3e-5 * std::abs(expected[i]) evaluates to 5.6343992206600199e-05.
Google Test trace:
../test/unittest/layers/unittest_layers_layer_normalization.cpp:302: 14

../test/unittest/layers/unittest_layers_layer_normalization.cpp:304: Failure
The difference between actual[i] and expected[i] is 1.1640396933638764, which exceeds atol + 3e-5 * std::abs(expected[i]), where
actual[i] evaluates to 1.9981907606124878,
expected[i] evaluates to 0.83415106724861143, and
atol + 3e-5 * std::abs(expected[i]) evaluates to 5.5024532017458348e-05.
Google Test trace:
../test/unittest/layers/unittest_layers_layer_normalization.cpp:302: 15

../test/unittest/layers/unittest_layers_layer_normalization.cpp:304: Failure
The difference between actual[i] and expected[i] is 0.74146229312646472, which exceeds atol + 3e-5 * std::abs(expected[i]), where
actual[i] evaluates to 0.24215050041675568,
expected[i] evaluates to -0.49931179270970899, and
atol + 3e-5 * std::abs(expected[i]) evaluates to 4.4979353781291267e-05.
Google Test trace:
../test/unittest/layers/unittest_layers_layer_normalization.cpp:302: 16

../test/unittest/layers/unittest_layers_layer_normalization.cpp:304: Failure
The difference between actual[i] and expected[i] is 1.3641295223650074, which exceeds atol + 3e-5 * std::abs(expected[i]), where
actual[i] evaluates to 0.58807247877120972,
expected[i] evaluates to 1.9522020011362171, and
atol + 3e-5 * std::abs(expected[i]) evaluates to 8.8566060034086513e-05.
Google Test trace:
../test/unittest/layers/unittest_layers_layer_normalization.cpp:302: 17

../test/unittest/layers/unittest_layers_layer_normalization.cpp:304: Failure
The difference between actual[i] and expected[i] is 0.48202082812293423, which exceeds atol + 3e-5 * std::abs(expected[i]), where
actual[i] evaluates to -0.58807247877120972,
expected[i] evaluates to -0.10605165064827549, and
atol + 3e-5 * std::abs(expected[i]) evaluates to 3.3181549519448262e-05.
Google Test trace:
../test/unittest/layers/unittest_layers_layer_normalization.cpp:302: 18

../test/unittest/layers/unittest_layers_layer_normalization.cpp:304: Failure
The difference between actual[i] and expected[i] is 1.1046880573614768, which exceeds atol + 3e-5 * std::abs(expected[i]), where
actual[i] evaluates to -0.24215050041675568,
expected[i] evaluates to -1.3468385577782325, and
atol + 3e-5 * std::abs(expected[i]) evaluates to 7.0405156733346978e-05.
Google Test trace:
../test/unittest/layers/unittest_layers_layer_normalization.cpp:302: 19

../test/unittest/layers/unittest_layers_layer_normalization.cpp:304: Failure
The difference between actual[i] and expected[i] is 5.6929668105266185, which exceeds atol + 3e-5 * std::abs(expected[i]), where
actual[i] evaluates to 1.4326670169830322,
expected[i] evaluates to -4.2602997935435862, and
atol + 3e-5 * std::abs(expected[i]) evaluates to 0.0001578089938063076.
Google Test trace:
../test/unittest/layers/unittest_layers_layer_normalization.cpp:302: 20

../test/unittest/layers/unittest_layers_layer_normalization.cpp:304: Failure
The difference between actual[i] and expected[i] is 0.67862605993144354, which exceeds atol + 3e-5 * std::abs(expected[i]), where
actual[i] evaluates to 0.23877985775470734,
expected[i] evaluates to 0.91740591768615087, and
atol + 3e-5 * std::abs(expected[i]) evaluates to 5.7522177530584528e-05.
Google Test trace:
../test/unittest/layers/unittest_layers_layer_normalization.cpp:302: 21

../test/unittest/layers/unittest_layers_layer_normalization.cpp:304: Failure
The difference between actual[i] and expected[i] is 2.1113052053789758, which exceeds atol + 3e-5 * std::abs(expected[i]), where
actual[i] evaluates to -0.23877985775470734,
expected[i] evaluates to 1.8725253476242685, and
atol + 3e-5 * std::abs(expected[i]) evaluates to 8.617576042872805e-05.
Google Test trace:
../test/unittest/layers/unittest_layers_layer_normalization.cpp:302: 22

../test/unittest/layers/unittest_layers_layer_normalization.cpp:304: Failure
The difference between actual[i] and expected[i] is 2.9030355452161998, which exceeds atol + 3e-5 * std::abs(expected[i]), where
actual[i] evaluates to -1.4326670169830322,
expected[i] evaluates to 1.4703685282331675, and
atol + 3e-5 * std::abs(expected[i]) evaluates to 7.4111055846995034e-05.
Google Test trace:
../test/unittest/layers/unittest_layers_layer_normalization.cpp:302: 23

../test/unittest/layers/unittest_layers_layer_normalization.cpp:304: Failure
The difference between actual[i] and expected[i] is 0.2247338939238348, which exceeds atol + 3e-5 * std::abs(expected[i]), where
actual[i] evaluates to -0.82679086923599243,
expected[i] evaluates to -0.60205697531215763, and
atol + 3e-5 * std::abs(expected[i]) evaluates to 4.8061709259364733e-05.
Google Test trace:
../test/unittest/layers/unittest_layers_layer_normalization.cpp:302: 24

../test/unittest/layers/unittest_layers_layer_normalization.cpp:304: Failure
The difference between actual[i] and expected[i] is 0.83828674573507533, which exceeds atol + 3e-5 * std::abs(expected[i]), where
actual[i] evaluates to 0.78239446878433228,
expected[i] evaluates to 1.6206812145194076, and
atol + 3e-5 * std::abs(expected[i]) evaluates to 7.862043643558223e-05.
Google Test trace:
../test/unittest/layers/unittest_layers_layer_normalization.cpp:302: 25

../test/unittest/layers/unittest_layers_layer_normalization.cpp:304: Failure
The difference between actual[i] and expected[i] is 1.7407881086852468, which exceeds atol + 3e-5 * std::abs(expected[i]), where
actual[i] evaluates to -1.3285806179046631,
expected[i] evaluates to -3.0693687265899099, and
atol + 3e-5 * std::abs(expected[i]) evaluates to 0.00012208106179769729.
Google Test trace:
../test/unittest/layers/unittest_layers_layer_normalization.cpp:302: 26

../test/unittest/layers/unittest_layers_layer_normalization.cpp:304: Failure
The difference between actual[i] and expected[i] is 0.67776734981704712, which exceeds atol + 3e-5 * std::abs(expected[i]), where
actual[i] evaluates to 1.3729771375656128,
expected[i] evaluates to 2.0507444873826599, and
atol + 3e-5 * std::abs(expected[i]) evaluates to 9.1522334621479799e-05.
Google Test trace:
../test/unittest/layers/unittest_layers_layer_normalization.cpp:302: 27

../test/unittest/layers/unittest_layers_layer_normalization.cpp:304: Failure
The difference between actual[i] and expected[i] is 2.4694658795271947, which exceeds atol + 3e-5 * std::abs(expected[i]), where
actual[i] evaluates to 1.4326670169830322,
expected[i] evaluates to -1.0367988625441624, and
atol + 3e-5 * std::abs(expected[i]) evaluates to 6.1103965876324872e-05.
Google Test trace:
../test/unittest/layers/unittest_layers_layer_normalization.cpp:302: 28

../test/unittest/layers/unittest_layers_layer_normalization.cpp:304: Failure
The difference between actual[i] and expected[i] is 1.2158807392716344, which exceeds atol + 3e-5 * std::abs(expected[i]), where
actual[i] evaluates to 0.23877985775470734,
expected[i] evaluates to 1.4546605970263418, and
atol + 3e-5 * std::abs(expected[i]) evaluates to 7.3639817910790261e-05.
Google Test trace:
../test/unittest/layers/unittest_layers_layer_normalization.cpp:302: 29

../test/unittest/layers/unittest_layers_layer_normalization.cpp:304: Failure
The difference between actual[i] and expected[i] is 1.5740505260387847, which exceeds atol + 3e-5 * std::abs(expected[i]), where
actual[i] evaluates to -0.23877985775470734,
expected[i] evaluates to 1.3352706682840774, and
atol + 3e-5 * std::abs(expected[i]) evaluates to 7.0058120048522324e-05.
Google Test trace:
../test/unittest/layers/unittest_layers_layer_normalization.cpp:302: 30

../test/unittest/layers/unittest_layers_layer_normalization.cpp:304: Failure
The difference between actual[i] and expected[i] is 0.32046538578322448, which exceeds atol + 3e-5 * std::abs(expected[i]), where
actual[i] evaluates to -1.4326670169830322,
expected[i] evaluates to -1.7531324027662567, and
atol + 3e-5 * std::abs(expected[i]) evaluates to 8.25939720829877e-05.
Google Test trace:
../test/unittest/layers/unittest_layers_layer_normalization.cpp:302: 31

../test/unittest/layers/unittest_layers_layer_normalization.cpp:304: Failure
The difference between actual[i] and expected[i] is 2.9631537273122754, which exceeds atol + 3e-5 * std::abs(expected[i]), where
actual[i] evaluates to -1.7645729780197144,
expected[i] evaluates to 1.1985807492925613, and
atol + 3e-5 * std::abs(expected[i]) evaluates to 6.5957422478776835e-05.
Google Test trace:
../test/unittest/layers/unittest_layers_layer_normalization.cpp:302: 32

../test/unittest/layers/unittest_layers_layer_normalization.cpp:304: Failure
The difference between actual[i] and expected[i] is 0.29966486365756334, which exceeds atol + 3e-5 * std::abs(expected[i]), where
actual[i] evaluates to -0.042004801332950592,
expected[i] evaluates to -0.34166966499051393, and
atol + 3e-5 * std::abs(expected[i]) evaluates to 4.0250089949715417e-05.
Google Test trace:
../test/unittest/layers/unittest_layers_layer_normalization.cpp:302: 33

../test/unittest/layers/unittest_layers_layer_normalization.cpp:304: Failure
The difference between actual[i] and expected[i] is 0.24732821715422504, which exceeds atol + 3e-5 * std::abs(expected[i]), where
actual[i] evaluates to 0.58819097280502319,
expected[i] evaluates to 0.34086275565079815, and
atol + 3e-5 * std::abs(expected[i]) evaluates to 4.0225882669523947e-05.
Google Test trace:
../test/unittest/layers/unittest_layers_layer_normalization.cpp:302: 34

../test/unittest/layers/unittest_layers_layer_normalization.cpp:304: Failure
The difference between actual[i] and expected[i] is 2.4161604900382949, which exceeds atol + 3e-5 * std::abs(expected[i]), where
actual[i] evaluates to 1.2183866500854492,
expected[i] evaluates to -1.1977738399528457, and
atol + 3e-5 * std::abs(expected[i]) evaluates to 6.5933215198585372e-05.
Google Test trace:
../test/unittest/layers/unittest_layers_layer_normalization.cpp:302: 35

../test/unittest/layers/unittest_layers_layer_normalization.cpp:304: Failure
The difference between actual[i] and expected[i] is 0.7540350514722296, which exceeds atol + 3e-5 * std::abs(expected[i]), where
actual[i] evaluates to 1.4326670169830322,
expected[i] evaluates to 2.1867020684552618, and
atol + 3e-5 * std::abs(expected[i]) evaluates to 9.5601062053657861e-05.
Google Test trace:
../test/unittest/layers/unittest_layers_layer_normalization.cpp:302: 36

../test/unittest/layers/unittest_layers_layer_normalization.cpp:304: Failure
The difference between actual[i] and expected[i] is 1.7531354186118258, which exceeds atol + 3e-5 * std::abs(expected[i]), where
actual[i] evaluates to 0.23877985775470734,
expected[i] evaluates to 1.9919152763665331, and
atol + 3e-5 * std::abs(expected[i]) evaluates to 8.9757458290996002e-05.
Google Test trace:
../test/unittest/layers/unittest_layers_layer_normalization.cpp:302: 37

../test/unittest/layers/unittest_layers_layer_normalization.cpp:304: Failure
The difference between actual[i] and expected[i] is 1.0367958466985936, which exceeds atol + 3e-5 * std::abs(expected[i]), where
actual[i] evaluates to -0.23877985775470734,
expected[i] evaluates to 0.79801598894388615, and
atol + 3e-5 * std::abs(expected[i]) evaluates to 5.3940479668316584e-05.
Google Test trace:
../test/unittest/layers/unittest_layers_layer_normalization.cpp:302: 38

../test/unittest/layers/unittest_layers_layer_normalization.cpp:304: Failure
The difference between actual[i] and expected[i] is 3.5439663167826483, which exceeds atol + 3e-5 * std::abs(expected[i]), where
actual[i] evaluates to -1.4326670169830322,
expected[i] evaluates to -4.9766333337656805, and
atol + 3e-5 * std::abs(expected[i]) evaluates to 0.00017929900001297042.
Google Test trace:
../test/unittest/layers/unittest_layers_layer_normalization.cpp:302: 39

../test/unittest/layers/unittest_layers_layer_normalization.cpp:304: Failure
The difference between actual[i] and expected[i] is 3.2794365252983564, which exceeds atol + 3e-5 * std::abs(expected[i]), where
actual[i] evaluates to 1.2651617527008057,
expected[i] evaluates to -2.0142747725975507, and
atol + 3e-5 * std::abs(expected[i]) evaluates to 9.0428243177926521e-05.
Google Test trace:
../test/unittest/layers/unittest_layers_layer_normalization.cpp:302: 40

../test/unittest/layers/unittest_layers_layer_normalization.cpp:304: Failure
The difference between actual[i] and expected[i] is 0.44827263407349266, which exceeds atol + 3e-5 * std::abs(expected[i]), where
actual[i] evaluates to 0.030124781653285027,
expected[i] evaluates to -0.41814785242020763, and
atol + 3e-5 * std::abs(expected[i]) evaluates to 4.2544435572606227e-05.
Google Test trace:
../test/unittest/layers/unittest_layers_layer_normalization.cpp:302: 41

../test/unittest/layers/unittest_layers_layer_normalization.cpp:304: Failure
The difference between actual[i] and expected[i] is 1.8335351904485448, which exceeds atol + 3e-5 * std::abs(expected[i]), where
actual[i] evaluates to -0.42172059416770935,
expected[i] evaluates to 1.4118145962808355, and
atol + 3e-5 * std::abs(expected[i]) evaluates to 7.235443788842507e-05.
Google Test trace:
../test/unittest/layers/unittest_layers_layer_normalization.cpp:302: 42

../test/unittest/layers/unittest_layers_layer_normalization.cpp:304: Failure
The difference between actual[i] and expected[i] is 1.8941739409836271, which exceeds atol + 3e-5 * std::abs(expected[i]), where
actual[i] evaluates to -0.8735659122467041,
expected[i] evaluates to 1.020608028736923, and
atol + 3e-5 * std::abs(expected[i]) evaluates to 6.0618240862107692e-05.
Google Test trace:
../test/unittest/layers/unittest_layers_layer_normalization.cpp:302: 43

../test/unittest/layers/unittest_layers_layer_normalization.cpp:304: Failure
The difference between actual[i] and expected[i] is 0.066593942772662451, which exceeds atol + 3e-5 * std::abs(expected[i]), where
actual[i] evaluates to -0.46611705422401428,
expected[i] evaluates to -0.39952311145135183, and
atol + 3e-5 * std::abs(expected[i]) evaluates to 4.1985693343540559e-05.
Google Test trace:
../test/unittest/layers/unittest_layers_layer_normalization.cpp:302: 44

../test/unittest/layers/unittest_layers_layer_normalization.cpp:304: Failure
The difference between actual[i] and expected[i] is 0.95124851795997101, which exceeds atol + 3e-5 * std::abs(expected[i]), where
actual[i] evaluates to -2.2164115905761719,
expected[i] evaluates to -1.2651630726162009, and
atol + 3e-5 * std::abs(expected[i]) evaluates to 6.7954892178486031e-05.
Google Test trace:
../test/unittest/layers/unittest_layers_layer_normalization.cpp:302: 45

../test/unittest/layers/unittest_layers_layer_normalization.cpp:304: Failure
The difference between actual[i] and expected[i] is 0.38526562850530854, which exceeds atol + 3e-5 * std::abs(expected[i]), where
actual[i] evaluates to 0.84582644701004028,
expected[i] evaluates to 0.46056081850473174, and
atol + 3e-5 * std::abs(expected[i]) evaluates to 4.3816824555141954e-05.
Google Test trace:
../test/unittest/layers/unittest_layers_layer_normalization.cpp:302: 46

../test/unittest/layers/unittest_layers_layer_normalization.cpp:304: Failure
The difference between actual[i] and expected[i] is 0.63257710044822657, which exceeds atol + 3e-5 * std::abs(expected[i]), where
actual[i] evaluates to 1.8367024660110474,
expected[i] evaluates to 1.2041253655628208, and
atol + 3e-5 * std::abs(expected[i]) evaluates to 6.6123760966884629e-05.
Google Test trace:
../test/unittest/layers/unittest_layers_layer_normalization.cpp:302: 47

[  FAILED  ] EveryNonBatchAxis/LayerNormAxesAudit.AffineOutputAndAllGradients/7, where GetParam() = (4, true) (0 ms)
[ RUN      ] EveryNonBatchAxis/LayerNormAxesAudit.AffineOutputAndAllGradients/8
../test/unittest/layers/unittest_layers_layer_normalization.cpp:304: Failure
The difference between actual[i] and expected[i] is 3.620731467800808, which exceeds atol + 3e-5 * std::abs(expected[i]), where
actual[i] evaluates to -1.1171494722366333,
expected[i] evaluates to 2.5035819955641747, and
atol + 3e-5 * std::abs(expected[i]) evaluates to 0.00010510745986692524.
Google Test trace:
../test/unittest/layers/unittest_layers_layer_normalization.cpp:302: 0

../test/unittest/layers/unittest_layers_layer_normalization.cpp:304: Failure
The difference between actual[i] and expected[i] is 2.7468271467833336, which exceeds atol + 3e-5 * std::abs(expected[i]), where
actual[i] evaluates to 1.6855058670043945,
expected[i] evaluates to -1.0613212797789391, and
atol + 3e-5 * std::abs(expected[i]) evaluates to 6.1839638393368173e-05.
Google Test trace:
../test/unittest/layers/unittest_layers_layer_normalization.cpp:302: 1

../test/unittest/layers/unittest_layers_layer_normalization.cpp:304: Failure
The difference between actual[i] and expected[i] is 1.2680710756418978, which exceeds atol + 3e-5 * std::abs(expected[i]), where
actual[i] evaluates to 0.39810258150100708,
expected[i] evaluates to 1.6661736571429049, and
atol + 3e-5 * std::abs(expected[i]) evaluates to 7.9985209714287142e-05.
Google Test trace:
../test/unittest/layers/unittest_layers_layer_normalization.cpp:302: 2

../test/unittest/layers/unittest_layers_layer_normalization.cpp:304: Failure
The difference between actual[i] and expected[i] is 1.0975686105724538, which exceeds atol + 3e-5 * std::abs(expected[i]), where
actual[i] evaluates to 0.89714300632476807,
expected[i] evaluates to -0.20042560424768582, and
atol + 3e-5 * std::abs(expected[i]) evaluates to 3.6012768127430578e-05.
Google Test trace:
../test/unittest/layers/unittest_layers_layer_normalization.cpp:302: 3

../test/unittest/layers/unittest_layers_layer_normalization.cpp:304: Failure
The difference between actual[i] and expected[i] is 0.2664843570959215, which exceeds atol + 3e-5 * std::abs(expected[i]), where
actual[i] evaluates to -0.72331464290618896,
expected[i] evaluates to -0.45683028581026747, and
atol + 3e-5 * std::abs(expected[i]) evaluates to 4.3704908574308028e-05.
Google Test trace:
../test/unittest/layers/unittest_layers_layer_normalization.cpp:302: 4

../test/unittest/layers/unittest_layers_layer_normalization.cpp:304: Failure
The difference between actual[i] and expected[i] is 0.027152727408919053, which exceeds atol + 3e-5 * std::abs(expected[i]), where
actual[i] evaluates to -0.95570790767669678,
expected[i] evaluates to -0.92855518026777772, and
atol + 3e-5 * std::abs(expected[i]) evaluates to 5.7856655408033336e-05.
Google Test trace:
../test/unittest/layers/unittest_layers_layer_normalization.cpp:302: 5

../test/unittest/layers/unittest_layers_layer_normalization.cpp:304: Failure
The difference between actual[i] and expected[i] is 0.4435943196314609, which exceeds atol + 3e-5 * std::abs(expected[i]), where
actual[i] evaluates to -3.0372552871704102,
expected[i] evaluates to -3.4808496068018711, and
atol + 3e-5 * std::abs(expected[i]) evaluates to 0.00013442548820405612.
Google Test trace:
../test/unittest/layers/unittest_layers_layer_normalization.cpp:302: 6

../test/unittest/layers/unittest_layers_layer_normalization.cpp:304: Failure
The difference between actual[i] and expected[i] is 2.7433010121632355, which exceeds atol + 3e-5 * std::abs(expected[i]), where
actual[i] evaluates to 2.6691453456878662,
expected[i] evaluates to 5.4124463578511017, and
atol + 3e-5 * std::abs(expected[i]) evaluates to 0.00019237339073553306.
Google Test trace:
../test/unittest/layers/unittest_layers_layer_normalization.cpp:302: 7

../test/unittest/layers/unittest_layers_layer_normalization.cpp:304: Failure
The difference between actual[i] and expected[i] is 0.93227167805327793, which exceeds atol + 3e-5 * std::abs(expected[i]), where
actual[i] evaluates to 0.3366292417049408,
expected[i] evaluates to -0.59564243634833713, and
atol + 3e-5 * std::abs(expected[i]) evaluates to 4.7869273090450114e-05.
Google Test trace:
../test/unittest/layers/unittest_layers_layer_normalization.cpp:302: 8

../test/unittest/layers/unittest_layers_layer_normalization.cpp:304: Failure
The difference between actual[i] and expected[i] is 1.2528817962699064, which exceeds atol + 3e-5 * std::abs(expected[i]), where
actual[i] evaluates to 0.83566951751708984,
expected[i] evaluates to -0.41721227875281663, and
atol + 3e-5 * std::abs(expected[i]) evaluates to 4.2516368362584499e-05.
Google Test trace:
../test/unittest/layers/unittest_layers_layer_normalization.cpp:302: 9

../test/unittest/layers/unittest_layers_layer_normalization.cpp:304: Failure
The difference between actual[i] and expected[i] is 1.0316068581778168, which exceeds atol + 3e-5 * std::abs(expected[i]), where
actual[i] evaluates to -0.45173370838165283,
expected[i] evaluates to 0.579873149796164, and
atol + 3e-5 * std::abs(expected[i]) evaluates to 4.7396194493884924e-05.
Google Test trace:
../test/unittest/layers/unittest_layers_layer_normalization.cpp:302: 10

../test/unittest/layers/unittest_layers_layer_normalization.cpp:304: Failure
The difference between actual[i] and expected[i] is 3.0644423140576569, which exceeds atol + 3e-5 * std::abs(expected[i]), where
actual[i] evaluates to 0.047306694090366364,
expected[i] evaluates to -3.0171356199672905, and
atol + 3e-5 * std::abs(expected[i]) evaluates to 0.00012051406859901872.
Google Test trace:
../test/unittest/layers/unittest_layers_layer_normalization.cpp:302: 11

../test/unittest/layers/unittest_layers_layer_normalization.cpp:304: Failure
The difference between actual[i] and expected[i] is 3.596378839396519, which exceeds atol + 3e-5 * std::abs(expected[i]), where
actual[i] evaluates to -2.1911294460296631,
expected[i] evaluates to 1.4052493933668562, and
atol + 3e-5 * std::abs(expected[i]) evaluates to 7.2157481801005688e-05.
Google Test trace:
../test/unittest/layers/unittest_layers_layer_normalization.cpp:302: 12

../test/unittest/layers/unittest_layers_layer_normalization.cpp:304: Failure
The difference between actual[i] and expected[i] is 0.8444806377530456, which exceeds atol + 3e-5 * std::abs(expected[i]), where
actual[i] evaluates to -2.4235227108001709,
expected[i] evaluates to -1.5790420730471253, and
atol + 3e-5 * std::abs(expected[i]) evaluates to 7.7371262191413764e-05.
Google Test trace:
../test/unittest/layers/unittest_layers_layer_normalization.cpp:302: 13

../test/unittest/layers/unittest_layers_layer_normalization.cpp:304: Failure
The difference between actual[i] and expected[i] is 0.83056381363691623, which exceeds atol + 3e-5 * std::abs(expected[i]), where
actual[i] evaluates to 1.4337236881256104,
expected[i] evaluates to 2.2642875017625266, and
atol + 3e-5 * std::abs(expected[i]) evaluates to 9.7928625052875806e-05.
Google Test trace:
../test/unittest/layers/unittest_layers_layer_normalization.cpp:302: 14

../test/unittest/layers/unittest_layers_layer_normalization.cpp:304: Failure
The difference between actual[i] and expected[i] is 1.5048927555704483, which exceeds atol + 3e-5 * std::abs(expected[i]), where
actual[i] evaluates to 1.2013304233551025,
expected[i] evaluates to 2.7062231789255509, and
atol + 3e-5 * std::abs(expected[i]) evaluates to 0.00011118669536776653.
Google Test trace:
../test/unittest/layers/unittest_layers_layer_normalization.cpp:302: 15

../test/unittest/layers/unittest_layers_layer_normalization.cpp:304: Failure
The difference between actual[i] and expected[i] is 1.3482234787955913, which exceeds atol + 3e-5 * std::abs(expected[i]), where
actual[i] evaluates to -0.51320713758468628,
expected[i] evaluates to 0.83501634121090507, and
atol + 3e-5 * std::abs(expected[i]) evaluates to 5.5050490236327156e-05.
Google Test trace:
../test/unittest/layers/unittest_layers_layer_normalization.cpp:302: 16

../test/unittest/layers/unittest_layers_layer_normalization.cpp:304: Failure
The difference between actual[i] and expected[i] is 0.7027961822528358, which exceeds atol + 3e-5 * std::abs(expected[i]), where
actual[i] evaluates to -0.014166827313601971,
expected[i] evaluates to -0.71696300956643777, and
atol + 3e-5 * std::abs(expected[i]) evaluates to 5.1508890286993136e-05.
Google Test trace:
../test/unittest/layers/unittest_layers_layer_normalization.cpp:302: 17

../test/unittest/layers/unittest_layers_layer_normalization.cpp:304: Failure
The difference between actual[i] and expected[i] is 0.14871703152136306, which exceeds atol + 3e-5 * std::abs(expected[i]), where
actual[i] evaluates to -1.3015700578689575,
expected[i] evaluates to -1.4502870893903206, and
atol + 3e-5 * std::abs(expected[i]) evaluates to 7.3508612681709621e-05.
Google Test trace:
../test/unittest/layers/unittest_layers_layer_normalization.cpp:302: 18

../test/unittest/layers/unittest_layers_layer_normalization.cpp:304: Failure
The difference between actual[i] and expected[i] is 2.6768718073828754, which exceeds atol + 3e-5 * std::abs(expected[i]), where
actual[i] evaluates to -0.80252963304519653,
expected[i] evaluates to 1.8743421743376787, and
atol + 3e-5 * std::abs(expected[i]) evaluates to 8.6230265230130359e-05.
Google Test trace:
../test/unittest/layers/unittest_layers_layer_normalization.cpp:302: 19

../test/unittest/layers/unittest_layers_layer_normalization.cpp:304: Failure
The difference between actual[i] and expected[i] is 6.321805029686657, which exceeds atol + 3e-5 * std::abs(expected[i]), where
actual[i] evaluates to 2.2798495292663574,
expected[i] evaluates to -4.0419555004202996, and
atol + 3e-5 * std::abs(expected[i]) evaluates to 0.00015125866501260898.
Google Test trace:
../test/unittest/layers/unittest_layers_layer_normalization.cpp:302: 20

../test/unittest/layers/unittest_layers_layer_normalization.cpp:304: Failure
The difference between actual[i] and expected[i] is 2.6780792299863858, which exceeds atol + 3e-5 * std::abs(expected[i]), where
actual[i] evaluates to 2.0474562644958496,
expected[i] evaluates to -0.63062296549053642, and
atol + 3e-5 * std::abs(expected[i]) evaluates to 4.8918688964716097e-05.
Google Test trace:
../test/unittest/layers/unittest_layers_layer_normalization.cpp:302: 21

../test/unittest/layers/unittest_layers_layer_normalization.cpp:304: Failure
The difference between actual[i] and expected[i] is 0.73423116726166904, which exceeds atol + 3e-5 * std::abs(expected[i]), where
actual[i] evaluates to -0.034091129899024963,
expected[i] evaluates to 0.70014003736264407, and
atol + 3e-5 * std::abs(expected[i]) evaluates to 5.1004201120879325e-05.
Google Test trace:
../test/unittest/layers/unittest_layers_layer_normalization.cpp:302: 22

../test/unittest/layers/unittest_layers_layer_normalization.cpp:304: Failure
The difference between actual[i] and expected[i] is 1.1040065074647532, which exceeds atol + 3e-5 * std::abs(expected[i]), where
actual[i] evaluates to -0.26648434996604919,
expected[i] evaluates to -1.3704908574308023, and
atol + 3e-5 * std::abs(expected[i]) evaluates to 7.1114725722924067e-05.
Google Test trace:
../test/unittest/layers/unittest_layers_layer_normalization.cpp:302: 23

../test/unittest/layers/unittest_layers_layer_normalization.cpp:304: Failure
The difference between actual[i] and expected[i] is 0.71666902220125683, which exceeds atol + 3e-5 * std::abs(expected[i]), where
actual[i] evaluates to -0.84021115303039551,
expected[i] evaluates to -0.12354213082913863, and
atol + 3e-5 * std::abs(expected[i]) evaluates to 3.3706263924874162e-05.
Google Test trace:
../test/unittest/layers/unittest_layers_layer_normalization.cpp:302: 24

../test/unittest/layers/unittest_layers_layer_normalization.cpp:304: Failure
The difference between actual[i] and expected[i] is 2.5665182164330758, which exceeds atol + 3e-5 * std::abs(expected[i]), where
actual[i] evaluates to -1.9155899286270142,
expected[i] evaluates to 0.6509282878060616, and
atol + 3e-5 * std::abs(expected[i]) evaluates to 4.952784863418185e-05.
Google Test trace:
../test/unittest/layers/unittest_layers_layer_normalization.cpp:302: 25

../test/unittest/layers/unittest_layers_layer_normalization.cpp:304: Failure
The difference between actual[i] and expected[i] is 0.70878956780320834, which exceeds atol + 3e-5 * std::abs(expected[i]), where
actual[i] evaluates to -2.4474062919616699,
expected[i] evaluates to -3.1561958597648783, and
atol + 3e-5 * std::abs(expected[i]) evaluates to 0.00012468587579294636.
Google Test trace:
../test/unittest/layers/unittest_layers_layer_normalization.cpp:302: 26

../test/unittest/layers/unittest_layers_layer_normalization.cpp:304: Failure
The difference between actual[i] and expected[i] is 0.95741801652872116, which exceeds atol + 3e-5 * std::abs(expected[i]), where
actual[i] evaluates to 1.7792730331420898,
expected[i] evaluates to 2.736691049670811, and
atol + 3e-5 * std::abs(expected[i]) evaluates to 0.00011210073149012433.
Google Test trace:
../test/unittest/layers/unittest_layers_layer_normalization.cpp:302: 27

../test/unittest/layers/unittest_layers_layer_normalization.cpp:304: Failure
The difference between actual[i] and expected[i] is 2.5824060866373326, which exceeds atol + 3e-5 * std::abs(expected[i]), where
actual[i] evaluates to 1.7215639352798462,
expected[i] evaluates to -0.86084215135748665, and
atol + 3e-5 * std::abs(expected[i]) evaluates to 5.5825264540724601e-05.
Google Test trace:
../test/unittest/layers/unittest_layers_layer_normalization.cpp:302: 28

../test/unittest/layers/unittest_layers_layer_normalization.cpp:304: Failure
The difference between actual[i] and expected[i] is 0.55053782883041635, which exceeds atol + 3e-5 * std::abs(expected[i]), where
actual[i] evaluates to 0.14067471027374268,
expected[i] evaluates to -0.40986311855667368, and
atol + 3e-5 * std::abs(expected[i]) evaluates to 4.2295893556700211e-05.
Google Test trace:
../test/unittest/layers/unittest_layers_layer_normalization.cpp:302: 29

../test/unittest/layers/unittest_layers_layer_normalization.cpp:304: Failure
The difference between actual[i] and expected[i] is 1.7583796273560828, which exceeds atol + 3e-5 * std::abs(expected[i]), where
actual[i] evaluates to 0.66071516275405884,
expected[i] evaluates to 2.4190947901101416, and
atol + 3e-5 * std::abs(expected[i]) evaluates to 0.00010257284370330425.
Google Test trace:
../test/unittest/layers/unittest_layers_layer_normalization.cpp:302: 30

../test/unittest/layers/unittest_layers_layer_normalization.cpp:304: Failure
The difference between actual[i] and expected[i] is 1.0509271760536287, which exceeds atol + 3e-5 * std::abs(expected[i]), where
actual[i] evaluates to -0.92017412185668945,
expected[i] evaluates to -1.9711012979103182, and
atol + 3e-5 * std::abs(expected[i]) evaluates to 8.9133038937309542e-05.
Google Test trace:
../test/unittest/layers/unittest_layers_layer_normalization.cpp:302: 31

../test/unittest/layers/unittest_layers_layer_normalization.cpp:304: Failure
The difference between actual[i] and expected[i] is 3.2500709310869405, which exceeds atol + 3e-5 * std::abs(expected[i]), where
actual[i] evaluates to -1.9669339656829834,
expected[i] evaluates to 1.2831369654039571, and
atol + 3e-5 * std::abs(expected[i]) evaluates to 6.8494108962118718e-05.
Google Test trace:
../test/unittest/layers/unittest_layers_layer_normalization.cpp:302: 32

../test/unittest/layers/unittest_layers_layer_normalization.cpp:304: Failure
The difference between actual[i] and expected[i] is 1.6717854051398999, which exceeds atol + 3e-5 * std::abs(expected[i]), where
actual[i] evaluates to 1.7161829471588135,
expected[i] evaluates to 0.044397542018913654, and
atol + 3e-5 * std::abs(expected[i]) evaluates to 3.1331926260567408e-05.
Google Test trace:
../test/unittest/layers/unittest_layers_layer_normalization.cpp:302: 33

../test/unittest/layers/unittest_layers_layer_normalization.cpp:304: Failure
The difference between actual[i] and expected[i] is 0.17744107315736257, which exceeds atol + 3e-5 * std::abs(expected[i]), where
actual[i] evaluates to 1.1843664646148682,
expected[i] evaluates to 1.3618075377722307, and
atol + 3e-5 * std::abs(expected[i]) evaluates to 7.085422613316693e-05.
Google Test trace:
../test/unittest/layers/unittest_layers_layer_normalization.cpp:302: 34

../test/unittest/layers/unittest_layers_layer_normalization.cpp:304: Failure
The difference between actual[i] and expected[i] is 0.16956136711291359, which exceeds atol + 3e-5 * std::abs(expected[i]), where
actual[i] evaluates to 0.65254998207092285,
expected[i] evaluates to 0.48298861495800927, and
atol + 3e-5 * std::abs(expected[i]) evaluates to 4.4489658448740282e-05.
Google Test trace:
../test/unittest/layers/unittest_layers_layer_normalization.cpp:302: 35

../test/unittest/layers/unittest_layers_layer_normalization.cpp:304: Failure
The difference between actual[i] and expected[i] is 1.1904561131029734, which exceeds atol + 3e-5 * std::abs(expected[i]), where
actual[i] evaluates to 0.62184542417526245,
expected[i] evaluates to 1.8123015372782358, and
atol + 3e-5 * std::abs(expected[i]) evaluates to 8.4369046118347075e-05.
Google Test trace:
../test/unittest/layers/unittest_layers_layer_normalization.cpp:302: 36

../test/unittest/layers/unittest_layers_layer_normalization.cpp:304: Failure
The difference between actual[i] and expected[i] is 1.0034523809288285, which exceeds atol + 3e-5 * std::abs(expected[i]), where
actual[i] evaluates to -0.95904374122619629,
expected[i] evaluates to 0.044408639702632279, and
atol + 3e-5 * std::abs(expected[i]) evaluates to 3.133225919107897e-05.
Google Test trace:
../test/unittest/layers/unittest_layers_layer_normalization.cpp:302: 37

../test/unittest/layers/unittest_layers_layer_normalization.cpp:304: Failure
The difference between actual[i] and expected[i] is 1.0934979365412336, which exceeds atol + 3e-5 * std::abs(expected[i]), where
actual[i] evaluates to -0.43900331854820251,
expected[i] evaluates to 0.65449461799303099, and
atol + 3e-5 * std::abs(expected[i]) evaluates to 4.9634838539790928e-05.
Google Test trace:
../test/unittest/layers/unittest_layers_layer_normalization.cpp:302: 38

../test/unittest/layers/unittest_layers_layer_normalization.cpp:304: Failure
The difference between actual[i] and expected[i] is 3.9346809462565062, which exceeds atol + 3e-5 * std::abs(expected[i]), where
actual[i] evaluates to -2.0198924541473389,
expected[i] evaluates to -5.9545734004038451, and
atol + 3e-5 * std::abs(expected[i]) evaluates to 0.00020863720201211536.
Google Test trace:
../test/unittest/layers/unittest_layers_layer_normalization.cpp:302: 39

../test/unittest/layers/unittest_layers_layer_normalization.cpp:304: Failure
The difference between actual[i] and expected[i] is 4.8316331787699385, which exceeds atol + 3e-5 * std::abs(expected[i]), where
actual[i] evaluates to 1.6648387908935547,
expected[i] evaluates to -3.1667943878763838, and
atol + 3e-5 * std::abs(expected[i]) evaluates to 0.00012500383163629151.
Google Test trace:
../test/unittest/layers/unittest_layers_layer_normalization.cpp:302: 40

../test/unittest/layers/unittest_layers_layer_normalization.cpp:304: Failure
The difference between actual[i] and expected[i] is 0.12954043597518361, which exceeds atol + 3e-5 * std::abs(expected[i]), where
actual[i] evaluates to 0.58945989608764648,
expected[i] evaluates to 0.71900033206283009, and
atol + 3e-5 * std::abs(expected[i]) evaluates to 5.1570009961884903e-05.
Google Test trace:
../test/unittest/layers/unittest_layers_layer_normalization.cpp:302: 41

../test/unittest/layers/unittest_layers_layer_normalization.cpp:304: Failure
The difference between actual[i] and expected[i] is 0.034442976176571646, which exceeds atol + 3e-5 * std::abs(expected[i]), where
actual[i] evaluates to 0.057643461972475052,
expected[i] evaluates to 0.023200485795903402, and
atol + 3e-5 * std::abs(expected[i]) evaluates to 3.0696014573877104e-05.
Google Test trace:
../test/unittest/layers/unittest_layers_layer_normalization.cpp:302: 42

../test/unittest/layers/unittest_layers_layer_normalization.cpp:304: Failure
The difference between actual[i] and expected[i] is 0.38144545742504121, which exceeds atol + 3e-5 * std::abs(expected[i]), where
actual[i] evaluates to -0.47417297959327698,
expected[i] evaluates to -0.85561843701831819, and
atol + 3e-5 * std::abs(expected[i]) evaluates to 5.5668553110549545e-05.
Google Test trace:
../test/unittest/layers/unittest_layers_layer_normalization.cpp:302: 43

../test/unittest/layers/unittest_layers_layer_normalization.cpp:304: Failure
The difference between actual[i] and expected[i] is 3.7530245326379617, which exceeds atol + 3e-5 * std::abs(expected[i]), where
actual[i] evaluates to -0.47787308692932129,
expected[i] evaluates to 3.2751514457086404, and
atol + 3e-5 * std::abs(expected[i]) evaluates to 0.00012825454337125921.
Google Test trace:
../test/unittest/layers/unittest_layers_layer_normalization.cpp:302: 44

../test/unittest/layers/unittest_layers_layer_normalization.cpp:304: Failure
The difference between actual[i] and expected[i] is 1.3471486912734658, which exceeds atol + 3e-5 * std::abs(expected[i]), where
actual[i] evaluates to -2.0587620735168457,
expected[i] evaluates to -0.71161338224337989, and
atol + 3e-5 * std::abs(expected[i]) evaluates to 5.1348401467301396e-05.
Google Test trace:
../test/unittest/layers/unittest_layers_layer_normalization.cpp:302: 45

../test/unittest/layers/unittest_layers_layer_normalization.cpp:304: Failure
The difference between actual[i] and expected[i] is 1.7652922716299302, which exceeds atol + 3e-5 * std::abs(expected[i]), where
actual[i] evaluates to 1.604954719543457,
expected[i] evaluates to 3.3702469911733872, and
atol + 3e-5 * std::abs(expected[i]) evaluates to 0.00013110740973520162.
Google Test trace:
../test/unittest/layers/unittest_layers_layer_normalization.cpp:302: 46

../test/unittest/layers/unittest_layers_layer_normalization.cpp:304: Failure
The difference between actual[i] and expected[i] is 3.7926999031227835, which exceeds atol + 3e-5 * std::abs(expected[i]), where
actual[i] evaluates to 2.124995231628418,
expected[i] evaluates to -1.6677046714943653, and
atol + 3e-5 * std::abs(expected[i]) evaluates to 8.0031140144830955e-05.
Google Test trace:
../test/unittest/layers/unittest_layers_layer_normalization.cpp:302: 47

[  FAILED  ] EveryNonBatchAxis/LayerNormAxesAudit.AffineOutputAndAllGradients/8, where GetParam() = (5, false) (0 ms)
[ RUN      ] EveryNonBatchAxis/LayerNormAxesAudit.AffineOutputAndAllGradients/9
../test/unittest/layers/unittest_layers_layer_normalization.cpp:304: Failure
The difference between actual[i] and expected[i] is 3.620731467800808, which exceeds atol + 3e-5 * std::abs(expected[i]), where
actual[i] evaluates to -1.1171494722366333,
expected[i] evaluates to 2.5035819955641747, and
atol + 3e-5 * std::abs(expected[i]) evaluates to 0.00010510745986692524.
Google Test trace:
../test/unittest/layers/unittest_layers_layer_normalization.cpp:302: 0

../test/unittest/layers/unittest_layers_layer_normalization.cpp:304: Failure
The difference between actual[i] and expected[i] is 2.7468271467833336, which exceeds atol + 3e-5 * std::abs(expected[i]), where
actual[i] evaluates to 1.6855058670043945,
expected[i] evaluates to -1.0613212797789391, and
atol + 3e-5 * std::abs(expected[i]) evaluates to 6.1839638393368173e-05.
Google Test trace:
../test/unittest/layers/unittest_layers_layer_normalization.cpp:302: 1

../test/unittest/layers/unittest_layers_layer_normalization.cpp:304: Failure
The difference between actual[i] and expected[i] is 1.2680710756418978, which exceeds atol + 3e-5 * std::abs(expected[i]), where
actual[i] evaluates to 0.39810258150100708,
expected[i] evaluates to 1.6661736571429049, and
atol + 3e-5 * std::abs(expected[i]) evaluates to 7.9985209714287142e-05.
Google Test trace:
../test/unittest/layers/unittest_layers_layer_normalization.cpp:302: 2

../test/unittest/layers/unittest_layers_layer_normalization.cpp:304: Failure
The difference between actual[i] and expected[i] is 1.0975686105724538, which exceeds atol + 3e-5 * std::abs(expected[i]), where
actual[i] evaluates to 0.89714300632476807,
expected[i] evaluates to -0.20042560424768582, and
atol + 3e-5 * std::abs(expected[i]) evaluates to 3.6012768127430578e-05.
Google Test trace:
../test/unittest/layers/unittest_layers_layer_normalization.cpp:302: 3

../test/unittest/layers/unittest_layers_layer_normalization.cpp:304: Failure
The difference between actual[i] and expected[i] is 0.2664843570959215, which exceeds atol + 3e-5 * std::abs(expected[i]), where
actual[i] evaluates to -0.72331464290618896,
expected[i] evaluates to -0.45683028581026747, and
atol + 3e-5 * std::abs(expected[i]) evaluates to 4.3704908574308028e-05.
Google Test trace:
../test/unittest/layers/unittest_layers_layer_normalization.cpp:302: 4

../test/unittest/layers/unittest_layers_layer_normalization.cpp:304: Failure
The difference between actual[i] and expected[i] is 0.027152727408919053, which exceeds atol + 3e-5 * std::abs(expected[i]), where
actual[i] evaluates to -0.95570790767669678,
expected[i] evaluates to -0.92855518026777772, and
atol + 3e-5 * std::abs(expected[i]) evaluates to 5.7856655408033336e-05.
Google Test trace:
../test/unittest/layers/unittest_layers_layer_normalization.cpp:302: 5

../test/unittest/layers/unittest_layers_layer_normalization.cpp:304: Failure
The difference between actual[i] and expected[i] is 0.4435943196314609, which exceeds atol + 3e-5 * std::abs(expected[i]), where
actual[i] evaluates to -3.0372552871704102,
expected[i] evaluates to -3.4808496068018711, and
atol + 3e-5 * std::abs(expected[i]) evaluates to 0.00013442548820405612.
Google Test trace:
../test/unittest/layers/unittest_layers_layer_normalization.cpp:302: 6

../test/unittest/layers/unittest_layers_layer_normalization.cpp:304: Failure
The difference between actual[i] and expected[i] is 2.7433010121632355, which exceeds atol + 3e-5 * std::abs(expected[i]), where
actual[i] evaluates to 2.6691453456878662,
expected[i] evaluates to 5.4124463578511017, and
atol + 3e-5 * std::abs(expected[i]) evaluates to 0.00019237339073553306.
Google Test trace:
../test/unittest/layers/unittest_layers_layer_normalization.cpp:302: 7

../test/unittest/layers/unittest_layers_layer_normalization.cpp:304: Failure
The difference between actual[i] and expected[i] is 0.93227167805327793, which exceeds atol + 3e-5 * std::abs(expected[i]), where
actual[i] evaluates to 0.3366292417049408,
expected[i] evaluates to -0.59564243634833713, and
atol + 3e-5 * std::abs(expected[i]) evaluates to 4.7869273090450114e-05.
Google Test trace:
../test/unittest/layers/unittest_layers_layer_normalization.cpp:302: 8

../test/unittest/layers/unittest_layers_layer_normalization.cpp:304: Failure
The difference between actual[i] and expected[i] is 1.2528817962699064, which exceeds atol + 3e-5 * std::abs(expected[i]), where
actual[i] evaluates to 0.83566951751708984,
expected[i] evaluates to -0.41721227875281663, and
atol + 3e-5 * std::abs(expected[i]) evaluates to 4.2516368362584499e-05.
Google Test trace:
../test/unittest/layers/unittest_layers_layer_normalization.cpp:302: 9

../test/unittest/layers/unittest_layers_layer_normalization.cpp:304: Failure
The difference between actual[i] and expected[i] is 1.0316068581778168, which exceeds atol + 3e-5 * std::abs(expected[i]), where
actual[i] evaluates to -0.45173370838165283,
expected[i] evaluates to 0.579873149796164, and
atol + 3e-5 * std::abs(expected[i]) evaluates to 4.7396194493884924e-05.
Google Test trace:
../test/unittest/layers/unittest_layers_layer_normalization.cpp:302: 10

../test/unittest/layers/unittest_layers_layer_normalization.cpp:304: Failure
The difference between actual[i] and expected[i] is 3.0644423140576569, which exceeds atol + 3e-5 * std::abs(expected[i]), where
actual[i] evaluates to 0.047306694090366364,
expected[i] evaluates to -3.0171356199672905, and
atol + 3e-5 * std::abs(expected[i]) evaluates to 0.00012051406859901872.
Google Test trace:
../test/unittest/layers/unittest_layers_layer_normalization.cpp:302: 11

../test/unittest/layers/unittest_layers_layer_normalization.cpp:304: Failure
The difference between actual[i] and expected[i] is 3.596378839396519, which exceeds atol + 3e-5 * std::abs(expected[i]), where
actual[i] evaluates to -2.1911294460296631,
expected[i] evaluates to 1.4052493933668562, and
atol + 3e-5 * std::abs(expected[i]) evaluates to 7.2157481801005688e-05.
Google Test trace:
../test/unittest/layers/unittest_layers_layer_normalization.cpp:302: 12

../test/unittest/layers/unittest_layers_layer_normalization.cpp:304: Failure
The difference between actual[i] and expected[i] is 0.8444806377530456, which exceeds atol + 3e-5 * std::abs(expected[i]), where
actual[i] evaluates to -2.4235227108001709,
expected[i] evaluates to -1.5790420730471253, and
atol + 3e-5 * std::abs(expected[i]) evaluates to 7.7371262191413764e-05.
Google Test trace:
../test/unittest/layers/unittest_layers_layer_normalization.cpp:302: 13

../test/unittest/layers/unittest_layers_layer_normalization.cpp:304: Failure
The difference between actual[i] and expected[i] is 0.83056381363691623, which exceeds atol + 3e-5 * std::abs(expected[i]), where
actual[i] evaluates to 1.4337236881256104,
expected[i] evaluates to 2.2642875017625266, and
atol + 3e-5 * std::abs(expected[i]) evaluates to 9.7928625052875806e-05.
Google Test trace:
../test/unittest/layers/unittest_layers_layer_normalization.cpp:302: 14

../test/unittest/layers/unittest_layers_layer_normalization.cpp:304: Failure
The difference between actual[i] and expected[i] is 1.5048927555704483, which exceeds atol + 3e-5 * std::abs(expected[i]), where
actual[i] evaluates to 1.2013304233551025,
expected[i] evaluates to 2.7062231789255509, and
atol + 3e-5 * std::abs(expected[i]) evaluates to 0.00011118669536776653.
Google Test trace:
../test/unittest/layers/unittest_layers_layer_normalization.cpp:302: 15

../test/unittest/layers/unittest_layers_layer_normalization.cpp:304: Failure
The difference between actual[i] and expected[i] is 1.3482234787955913, which exceeds atol + 3e-5 * std::abs(expected[i]), where
actual[i] evaluates to -0.51320713758468628,
expected[i] evaluates to 0.83501634121090507, and
atol + 3e-5 * std::abs(expected[i]) evaluates to 5.5050490236327156e-05.
Google Test trace:
../test/unittest/layers/unittest_layers_layer_normalization.cpp:302: 16

../test/unittest/layers/unittest_layers_layer_normalization.cpp:304: Failure
The difference between actual[i] and expected[i] is 0.7027961822528358, which exceeds atol + 3e-5 * std::abs(expected[i]), where
actual[i] evaluates to -0.014166827313601971,
expected[i] evaluates to -0.71696300956643777, and
atol + 3e-5 * std::abs(expected[i]) evaluates to 5.1508890286993136e-05.
Google Test trace:
../test/unittest/layers/unittest_layers_layer_normalization.cpp:302: 17

../test/unittest/layers/unittest_layers_layer_normalization.cpp:304: Failure
The difference between actual[i] and expected[i] is 0.14871703152136306, which exceeds atol + 3e-5 * std::abs(expected[i]), where
actual[i] evaluates to -1.3015700578689575,
expected[i] evaluates to -1.4502870893903206, and
atol + 3e-5 * std::abs(expected[i]) evaluates to 7.3508612681709621e-05.
Google Test trace:
../test/unittest/layers/unittest_layers_layer_normalization.cpp:302: 18

../test/unittest/layers/unittest_layers_layer_normalization.cpp:304: Failure
The difference between actual[i] and expected[i] is 2.6768718073828754, which exceeds atol + 3e-5 * std::abs(expected[i]), where
actual[i] evaluates to -0.80252963304519653,
expected[i] evaluates to 1.8743421743376787, and
atol + 3e-5 * std::abs(expected[i]) evaluates to 8.6230265230130359e-05.
Google Test trace:
../test/unittest/layers/unittest_layers_layer_normalization.cpp:302: 19

../test/unittest/layers/unittest_layers_layer_normalization.cpp:304: Failure
The difference between actual[i] and expected[i] is 6.321805029686657, which exceeds atol + 3e-5 * std::abs(expected[i]), where
actual[i] evaluates to 2.2798495292663574,
expected[i] evaluates to -4.0419555004202996, and
atol + 3e-5 * std::abs(expected[i]) evaluates to 0.00015125866501260898.
Google Test trace:
../test/unittest/layers/unittest_layers_layer_normalization.cpp:302: 20

../test/unittest/layers/unittest_layers_layer_normalization.cpp:304: Failure
The difference between actual[i] and expected[i] is 2.6780792299863858, which exceeds atol + 3e-5 * std::abs(expected[i]), where
actual[i] evaluates to 2.0474562644958496,
expected[i] evaluates to -0.63062296549053642, and
atol + 3e-5 * std::abs(expected[i]) evaluates to 4.8918688964716097e-05.
Google Test trace:
../test/unittest/layers/unittest_layers_layer_normalization.cpp:302: 21

../test/unittest/layers/unittest_layers_layer_normalization.cpp:304: Failure
The difference between actual[i] and expected[i] is 0.73423116726166904, which exceeds atol + 3e-5 * std::abs(expected[i]), where
actual[i] evaluates to -0.034091129899024963,
expected[i] evaluates to 0.70014003736264407, and
atol + 3e-5 * std::abs(expected[i]) evaluates to 5.1004201120879325e-05.
Google Test trace:
../test/unittest/layers/unittest_layers_layer_normalization.cpp:302: 22

../test/unittest/layers/unittest_layers_layer_normalization.cpp:304: Failure
The difference between actual[i] and expected[i] is 1.1040065074647532, which exceeds atol + 3e-5 * std::abs(expected[i]), where
actual[i] evaluates to -0.26648434996604919,
expected[i] evaluates to -1.3704908574308023, and
atol + 3e-5 * std::abs(expected[i]) evaluates to 7.1114725722924067e-05.
Google Test trace:
../test/unittest/layers/unittest_layers_layer_normalization.cpp:302: 23

../test/unittest/layers/unittest_layers_layer_normalization.cpp:304: Failure
The difference between actual[i] and expected[i] is 0.71666902220125683, which exceeds atol + 3e-5 * std::abs(expected[i]), where
actual[i] evaluates to -0.84021115303039551,
expected[i] evaluates to -0.12354213082913863, and
atol + 3e-5 * std::abs(expected[i]) evaluates to 3.3706263924874162e-05.
Google Test trace:
../test/unittest/layers/unittest_layers_layer_normalization.cpp:302: 24

../test/unittest/layers/unittest_layers_layer_normalization.cpp:304: Failure
The difference between actual[i] and expected[i] is 2.5665182164330758, which exceeds atol + 3e-5 * std::abs(expected[i]), where
actual[i] evaluates to -1.9155899286270142,
expected[i] evaluates to 0.6509282878060616, and
atol + 3e-5 * std::abs(expected[i]) evaluates to 4.952784863418185e-05.
Google Test trace:
../test/unittest/layers/unittest_layers_layer_normalization.cpp:302: 25

../test/unittest/layers/unittest_layers_layer_normalization.cpp:304: Failure
The difference between actual[i] and expected[i] is 0.70878956780320834, which exceeds atol + 3e-5 * std::abs(expected[i]), where
actual[i] evaluates to -2.4474062919616699,
expected[i] evaluates to -3.1561958597648783, and
atol + 3e-5 * std::abs(expected[i]) evaluates to 0.00012468587579294636.
Google Test trace:
../test/unittest/layers/unittest_layers_layer_normalization.cpp:302: 26

../test/unittest/layers/unittest_layers_layer_normalization.cpp:304: Failure
The difference between actual[i] and expected[i] is 0.95741801652872116, which exceeds atol + 3e-5 * std::abs(expected[i]), where
actual[i] evaluates to 1.7792730331420898,
expected[i] evaluates to 2.736691049670811, and
atol + 3e-5 * std::abs(expected[i]) evaluates to 0.00011210073149012433.
Google Test trace:
../test/unittest/layers/unittest_layers_layer_normalization.cpp:302: 27

../test/unittest/layers/unittest_layers_layer_normalization.cpp:304: Failure
The difference between actual[i] and expected[i] is 2.5824060866373326, which exceeds atol + 3e-5 * std::abs(expected[i]), where
actual[i] evaluates to 1.7215639352798462,
expected[i] evaluates to -0.86084215135748665, and
atol + 3e-5 * std::abs(expected[i]) evaluates to 5.5825264540724601e-05.
Google Test trace:
../test/unittest/layers/unittest_layers_layer_normalization.cpp:302: 28

../test/unittest/layers/unittest_layers_layer_normalization.cpp:304: Failure
The difference between actual[i] and expected[i] is 0.55053782883041635, which exceeds atol + 3e-5 * std::abs(expected[i]), where
actual[i] evaluates to 0.14067471027374268,
expected[i] evaluates to -0.40986311855667368, and
atol + 3e-5 * std::abs(expected[i]) evaluates to 4.2295893556700211e-05.
Google Test trace:
../test/unittest/layers/unittest_layers_layer_normalization.cpp:302: 29

../test/unittest/layers/unittest_layers_layer_normalization.cpp:304: Failure
The difference between actual[i] and expected[i] is 1.7583796273560828, which exceeds atol + 3e-5 * std::abs(expected[i]), where
actual[i] evaluates to 0.66071516275405884,
expected[i] evaluates to 2.4190947901101416, and
atol + 3e-5 * std::abs(expected[i]) evaluates to 0.00010257284370330425.
Google Test trace:
../test/unittest/layers/unittest_layers_layer_normalization.cpp:302: 30

../test/unittest/layers/unittest_layers_layer_normalization.cpp:304: Failure
The difference between actual[i] and expected[i] is 1.0509271760536287, which exceeds atol + 3e-5 * std::abs(expected[i]), where
actual[i] evaluates to -0.92017412185668945,
expected[i] evaluates to -1.9711012979103182, and
atol + 3e-5 * std::abs(expected[i]) evaluates to 8.9133038937309542e-05.
Google Test trace:
../test/unittest/layers/unittest_layers_layer_normalization.cpp:302: 31

../test/unittest/layers/unittest_layers_layer_normalization.cpp:304: Failure
The difference between actual[i] and expected[i] is 3.2500709310869405, which exceeds atol + 3e-5 * std::abs(expected[i]), where
actual[i] evaluates to -1.9669339656829834,
expected[i] evaluates to 1.2831369654039571, and
atol + 3e-5 * std::abs(expected[i]) evaluates to 6.8494108962118718e-05.
Google Test trace:
../test/unittest/layers/unittest_layers_layer_normalization.cpp:302: 32

../test/unittest/layers/unittest_layers_layer_normalization.cpp:304: Failure
The difference between actual[i] and expected[i] is 1.6717854051398999, which exceeds atol + 3e-5 * std::abs(expected[i]), where
actual[i] evaluates to 1.7161829471588135,
expected[i] evaluates to 0.044397542018913654, and
atol + 3e-5 * std::abs(expected[i]) evaluates to 3.1331926260567408e-05.
Google Test trace:
../test/unittest/layers/unittest_layers_layer_normalization.cpp:302: 33

../test/unittest/layers/unittest_layers_layer_normalization.cpp:304: Failure
The difference between actual[i] and expected[i] is 0.17744107315736257, which exceeds atol + 3e-5 * std::abs(expected[i]), where
actual[i] evaluates to 1.1843664646148682,
expected[i] evaluates to 1.3618075377722307, and
atol + 3e-5 * std::abs(expected[i]) evaluates to 7.085422613316693e-05.
Google Test trace:
../test/unittest/layers/unittest_layers_layer_normalization.cpp:302: 34

../test/unittest/layers/unittest_layers_layer_normalization.cpp:304: Failure
The difference between actual[i] and expected[i] is 0.16956136711291359, which exceeds atol + 3e-5 * std::abs(expected[i]), where
actual[i] evaluates to 0.65254998207092285,
expected[i] evaluates to 0.48298861495800927, and
atol + 3e-5 * std::abs(expected[i]) evaluates to 4.4489658448740282e-05.
Google Test trace:
../test/unittest/layers/unittest_layers_layer_normalization.cpp:302: 35

../test/unittest/layers/unittest_layers_layer_normalization.cpp:304: Failure
The difference between actual[i] and expected[i] is 1.1904561131029734, which exceeds atol + 3e-5 * std::abs(expected[i]), where
actual[i] evaluates to 0.62184542417526245,
expected[i] evaluates to 1.8123015372782358, and
atol + 3e-5 * std::abs(expected[i]) evaluates to 8.4369046118347075e-05.
Google Test trace:
../test/unittest/layers/unittest_layers_layer_normalization.cpp:302: 36

../test/unittest/layers/unittest_layers_layer_normalization.cpp:304: Failure
The difference between actual[i] and expected[i] is 1.0034523809288285, which exceeds atol + 3e-5 * std::abs(expected[i]), where
actual[i] evaluates to -0.95904374122619629,
expected[i] evaluates to 0.044408639702632279, and
atol + 3e-5 * std::abs(expected[i]) evaluates to 3.133225919107897e-05.
Google Test trace:
../test/unittest/layers/unittest_layers_layer_normalization.cpp:302: 37

../test/unittest/layers/unittest_layers_layer_normalization.cpp:304: Failure
The difference between actual[i] and expected[i] is 1.0934979365412336, which exceeds atol + 3e-5 * std::abs(expected[i]), where
actual[i] evaluates to -0.43900331854820251,
expected[i] evaluates to 0.65449461799303099, and
atol + 3e-5 * std::abs(expected[i]) evaluates to 4.9634838539790928e-05.
Google Test trace:
../test/unittest/layers/unittest_layers_layer_normalization.cpp:302: 38

../test/unittest/layers/unittest_layers_layer_normalization.cpp:304: Failure
The difference between actual[i] and expected[i] is 3.9346809462565062, which exceeds atol + 3e-5 * std::abs(expected[i]), where
actual[i] evaluates to -2.0198924541473389,
expected[i] evaluates to -5.9545734004038451, and
atol + 3e-5 * std::abs(expected[i]) evaluates to 0.00020863720201211536.
Google Test trace:
../test/unittest/layers/unittest_layers_layer_normalization.cpp:302: 39

../test/unittest/layers/unittest_layers_layer_normalization.cpp:304: Failure
The difference between actual[i] and expected[i] is 4.8316331787699385, which exceeds atol + 3e-5 * std::abs(expected[i]), where
actual[i] evaluates to 1.6648387908935547,
expected[i] evaluates to -3.1667943878763838, and
atol + 3e-5 * std::abs(expected[i]) evaluates to 0.00012500383163629151.
Google Test trace:
../test/unittest/layers/unittest_layers_layer_normalization.cpp:302: 40

../test/unittest/layers/unittest_layers_layer_normalization.cpp:304: Failure
The difference between actual[i] and expected[i] is 0.12954043597518361, which exceeds atol + 3e-5 * std::abs(expected[i]), where
actual[i] evaluates to 0.58945989608764648,
expected[i] evaluates to 0.71900033206283009, and
atol + 3e-5 * std::abs(expected[i]) evaluates to 5.1570009961884903e-05.
Google Test trace:
../test/unittest/layers/unittest_layers_layer_normalization.cpp:302: 41

../test/unittest/layers/unittest_layers_layer_normalization.cpp:304: Failure
The difference between actual[i] and expected[i] is 0.034442976176571646, which exceeds atol + 3e-5 * std::abs(expected[i]), where
actual[i] evaluates to 0.057643461972475052,
expected[i] evaluates to 0.023200485795903402, and
atol + 3e-5 * std::abs(expected[i]) evaluates to 3.0696014573877104e-05.
Google Test trace:
../test/unittest/layers/unittest_layers_layer_normalization.cpp:302: 42

../test/unittest/layers/unittest_layers_layer_normalization.cpp:304: Failure
The difference between actual[i] and expected[i] is 0.38144545742504121, which exceeds atol + 3e-5 * std::abs(expected[i]), where
actual[i] evaluates to -0.47417297959327698,
expected[i] evaluates to -0.85561843701831819, and
atol + 3e-5 * std::abs(expected[i]) evaluates to 5.5668553110549545e-05.
Google Test trace:
../test/unittest/layers/unittest_layers_layer_normalization.cpp:302: 43

../test/unittest/layers/unittest_layers_layer_normalization.cpp:304: Failure
The difference between actual[i] and expected[i] is 3.7530245326379617, which exceeds atol + 3e-5 * std::abs(expected[i]), where
actual[i] evaluates to -0.47787308692932129,
expected[i] evaluates to 3.2751514457086404, and
atol + 3e-5 * std::abs(expected[i]) evaluates to 0.00012825454337125921.
Google Test trace:
../test/unittest/layers/unittest_layers_layer_normalization.cpp:302: 44

../test/unittest/layers/unittest_layers_layer_normalization.cpp:304: Failure
The difference between actual[i] and expected[i] is 1.3471486912734658, which exceeds atol + 3e-5 * std::abs(expected[i]), where
actual[i] evaluates to -2.0587620735168457,
expected[i] evaluates to -0.71161338224337989, and
atol + 3e-5 * std::abs(expected[i]) evaluates to 5.1348401467301396e-05.
Google Test trace:
../test/unittest/layers/unittest_layers_layer_normalization.cpp:302: 45

../test/unittest/layers/unittest_layers_layer_normalization.cpp:304: Failure
The difference between actual[i] and expected[i] is 1.7652922716299302, which exceeds atol + 3e-5 * std::abs(expected[i]), where
actual[i] evaluates to 1.604954719543457,
expected[i] evaluates to 3.3702469911733872, and
atol + 3e-5 * std::abs(expected[i]) evaluates to 0.00013110740973520162.
Google Test trace:
../test/unittest/layers/unittest_layers_layer_normalization.cpp:302: 46

../test/unittest/layers/unittest_layers_layer_normalization.cpp:304: Failure
The difference between actual[i] and expected[i] is 3.7926999031227835, which exceeds atol + 3e-5 * std::abs(expected[i]), where
actual[i] evaluates to 2.124995231628418,
expected[i] evaluates to -1.6677046714943653, and
atol + 3e-5 * std::abs(expected[i]) evaluates to 8.0031140144830955e-05.
Google Test trace:
../test/unittest/layers/unittest_layers_layer_normalization.cpp:302: 47

[  FAILED  ] EveryNonBatchAxis/LayerNormAxesAudit.AffineOutputAndAllGradients/9, where GetParam() = (5, true) (0 ms)
[ RUN      ] EveryNonBatchAxis/LayerNormAxesAudit.AffineOutputAndAllGradients/10
../test/unittest/layers/unittest_layers_layer_normalization.cpp:304: Failure
The difference between actual[i] and expected[i] is 4.5849526525457502, which exceeds atol + 3e-5 * std::abs(expected[i]), where
actual[i] evaluates to -1.3669227361679077,
expected[i] evaluates to 3.2180299163778421, and
atol + 3e-5 * std::abs(expected[i]) evaluates to 0.00012654089749133526.
Google Test trace:
../test/unittest/layers/unittest_layers_layer_normalization.cpp:302: 0

../test/unittest/layers/unittest_layers_layer_normalization.cpp:304: Failure
The difference between actual[i] and expected[i] is 4.1850729314935009, which exceeds atol + 3e-5 * std::abs(expected[i]), where
actual[i] evaluates to 1.9762985706329346,
expected[i] evaluates to -2.2087743608605668, and
atol + 3e-5 * std::abs(expected[i]) evaluates to 9.6263230825817007e-05.
Google Test trace:
../test/unittest/layers/unittest_layers_layer_normalization.cpp:302: 1

../test/unittest/layers/unittest_layers_layer_normalization.cpp:304: Failure
The difference between actual[i] and expected[i] is 0.56158661707697655, which exceeds atol + 3e-5 * std::abs(expected[i]), where
actual[i] evaluates to 0.43722721934318542,
expected[i] evaluates to -0.12435939773379111, and
atol + 3e-5 * std::abs(expected[i]) evaluates to 3.3730781932013737e-05.
Google Test trace:
../test/unittest/layers/unittest_layers_layer_normalization.cpp:302: 2

../test/unittest/layers/unittest_layers_layer_normalization.cpp:304: Failure
The difference between actual[i] and expected[i] is 1.3812948028762788, which exceeds atol + 3e-5 * std::abs(expected[i]), where
actual[i] evaluates to 1.0368754863739014,
expected[i] evaluates to -0.34441931650237756, and
atol + 3e-5 * std::abs(expected[i]) evaluates to 4.0332579495071327e-05.
Google Test trace:
../test/unittest/layers/unittest_layers_layer_normalization.cpp:302: 3

../test/unittest/layers/unittest_layers_layer_normalization.cpp:304: Failure
The difference between actual[i] and expected[i] is 0.19895489059005111, which exceeds atol + 3e-5 * std::abs(expected[i]), where
actual[i] evaluates to -0.50219571590423584,
expected[i] evaluates to -0.70115060649428695, and
atol + 3e-5 * std::abs(expected[i]) evaluates to 5.1034518194828613e-05.
Google Test trace:
../test/unittest/layers/unittest_layers_layer_normalization.cpp:302: 4

../test/unittest/layers/unittest_layers_layer_normalization.cpp:304: Failure
The difference between actual[i] and expected[i] is 0.79560454068704689, which exceeds atol + 3e-5 * std::abs(expected[i]), where
actual[i] evaluates to -2.041266918182373,
expected[i] evaluates to -1.2456623774953262, and
atol + 3e-5 * std::abs(expected[i]) evaluates to 6.7369871324859782e-05.
Google Test trace:
../test/unittest/layers/unittest_layers_layer_normalization.cpp:302: 5

../test/unittest/layers/unittest_layers_layer_normalization.cpp:304: Failure
The difference between actual[i] and expected[i] is 2.653030468647037, which exceeds atol + 3e-5 * std::abs(expected[i]), where
actual[i] evaluates to -1.4416185617446899,
expected[i] evaluates to -4.0946490303917269, and
atol + 3e-5 * std::abs(expected[i]) evaluates to 0.0001528394709117518.
Google Test trace:
../test/unittest/layers/unittest_layers_layer_normalization.cpp:302: 6

../test/unittest/layers/unittest_layers_layer_normalization.cpp:304: Failure
The difference between actual[i] and expected[i] is 3.59938254725337, which exceeds atol + 3e-5 * std::abs(expected[i]), where
actual[i] evaluates to 1.9016026258468628,
expected[i] evaluates to 5.5009851731002328, and
atol + 3e-5 * std::abs(expected[i]) evaluates to 0.00019502955519300698.
Google Test trace:
../test/unittest/layers/unittest_layers_layer_normalization.cpp:302: 7

../test/unittest/layers/unittest_layers_layer_normalization.cpp:304: Failure
The difference between actual[i] and expected[i] is 3.867994987288236, which exceeds atol + 3e-5 * std::abs(expected[i]), where
actual[i] evaluates to 1.5352853536605835,
expected[i] evaluates to -2.3327096336276525, and
atol + 3e-5 * std::abs(expected[i]) evaluates to 9.9981289008829581e-05.
Google Test trace:
../test/unittest/layers/unittest_layers_layer_normalization.cpp:302: 8

../test/unittest/layers/unittest_layers_layer_normalization.cpp:304: Failure
The difference between actual[i] and expected[i] is 1.6705760564227559, which exceeds atol + 3e-5 * std::abs(expected[i]), where
actual[i] evaluates to 0.56907981634140015,
expected[i] evaluates to -1.1014962400813557, and
atol + 3e-5 * std::abs(expected[i]) evaluates to 6.3044887202440679e-05.
Google Test trace:
../test/unittest/layers/unittest_layers_layer_normalization.cpp:302: 9

../test/unittest/layers/unittest_layers_layer_normalization.cpp:304: Failure
The difference between actual[i] and expected[i] is 0.038333885581809876, which exceeds atol + 3e-5 * std::abs(expected[i]), where
actual[i] evaluates to -0.015260213986039162,
expected[i] evaluates to 0.023073671595770714, and
atol + 3e-5 * std::abs(expected[i]) evaluates to 3.0692210147873119e-05.
Google Test trace:
../test/unittest/layers/unittest_layers_layer_normalization.cpp:302: 10

../test/unittest/layers/unittest_layers_layer_normalization.cpp:304: Failure
The difference between actual[i] and expected[i] is 2.1144109272026728, which exceeds atol + 3e-5 * std::abs(expected[i]), where
actual[i] evaluates to -0.98146581649780273,
expected[i] evaluates to -3.0958767437004755, and
atol + 3e-5 * std::abs(expected[i]) evaluates to 0.00012287630231101426.
Google Test trace:
../test/unittest/layers/unittest_layers_layer_normalization.cpp:302: 11

../test/unittest/layers/unittest_layers_layer_normalization.cpp:304: Failure
The difference between actual[i] and expected[i] is 3.2196354681539692, which exceeds atol + 3e-5 * std::abs(expected[i]), where
actual[i] evaluates to -1.5658057928085327,
expected[i] evaluates to 1.6538296753454365, and
atol + 3e-5 * std::abs(expected[i]) evaluates to 7.9614890260363096e-05.
Google Test trace:
../test/unittest/layers/unittest_layers_layer_normalization.cpp:302: 12

../test/unittest/layers/unittest_layers_layer_normalization.cpp:304: Failure
The difference between actual[i] and expected[i] is 2.3909498009836758, which exceeds atol + 3e-5 * std::abs(expected[i]), where
actual[i] evaluates to -2.1501457691192627,
expected[i] evaluates to 0.24080403186441299, and
atol + 3e-5 * std::abs(expected[i]) evaluates to 3.7224120955932392e-05.
Google Test trace:
../test/unittest/layers/unittest_layers_layer_normalization.cpp:302: 13

../test/unittest/layers/unittest_layers_layer_normalization.cpp:304: Failure
The difference between actual[i] and expected[i] is 0.05694813803195653, which exceeds atol + 3e-5 * std::abs(expected[i]), where
actual[i] evaluates to 1.5963261127471924,
expected[i] evaluates to 1.6532742507791489, and
atol + 3e-5 * std::abs(expected[i]) evaluates to 7.9598227523374469e-05.
Google Test trace:
../test/unittest/layers/unittest_layers_layer_normalization.cpp:302: 14

../test/unittest/layers/unittest_layers_layer_normalization.cpp:304: Failure
The difference between actual[i] and expected[i] is 1.9471147321789624, which exceeds atol + 3e-5 * std::abs(expected[i]), where
actual[i] evaluates to 1.011986255645752,
expected[i] evaluates to 2.9591009878247143, and
atol + 3e-5 * std::abs(expected[i]) evaluates to 0.00011877302963474143.
Google Test trace:
../test/unittest/layers/unittest_layers_layer_normalization.cpp:302: 15

../test/unittest/layers/unittest_layers_layer_normalization.cpp:304: Failure
The difference between actual[i] and expected[i] is 0.12784604817283496, which exceeds atol + 3e-5 * std::abs(expected[i]), where
actual[i] evaluates to -0.40494033694267273,
expected[i] evaluates to -0.53278638511550769, and
atol + 3e-5 * std::abs(expected[i]) evaluates to 4.5983591553465233e-05.
Google Test trace:
../test/unittest/layers/unittest_layers_layer_normalization.cpp:302: 16

../test/unittest/layers/unittest_layers_layer_normalization.cpp:304: Failure
The difference between actual[i] and expected[i] is 1.8652327125592203, which exceeds atol + 3e-5 * std::abs(expected[i]), where
actual[i] evaluates to -0.326040118932724,
expected[i] evaluates to 1.5391925936264963, and
atol + 3e-5 * std::abs(expected[i]) evaluates to 7.6175777808794892e-05.
Google Test trace:
../test/unittest/layers/unittest_layers_layer_normalization.cpp:302: 17

../test/unittest/layers/unittest_layers_layer_normalization.cpp:304: Failure
The difference between actual[i] and expected[i] is 1.1104314057350986, which exceeds atol + 3e-5 * std::abs(expected[i]), where
actual[i] evaluates to -1.5200252532958984,
expected[i] evaluates to -0.40959384756079975, and
atol + 3e-5 * std::abs(expected[i]) evaluates to 4.2287815426823995e-05.
Google Test trace:
../test/unittest/layers/unittest_layers_layer_normalization.cpp:302: 18

../test/unittest/layers/unittest_layers_layer_normalization.cpp:304: Failure
The difference between actual[i] and expected[i] is 1.2466537615846782, which exceeds atol + 3e-5 * std::abs(expected[i]), where
actual[i] evaluates to -1.4411249160766602,
expected[i] evaluates to -2.6877786776613384, and
atol + 3e-5 * std::abs(expected[i]) evaluates to 0.00011063336032984015.
Google Test trace:
../test/unittest/layers/unittest_layers_layer_normalization.cpp:302: 19

../test/unittest/layers/unittest_layers_layer_normalization.cpp:304: Failure
The difference between actual[i] and expected[i] is 4.1765371410525454, which exceeds atol + 3e-5 * std::abs(expected[i]), where
actual[i] evaluates to 2.0775675773620605,
expected[i] evaluates to -2.0989695636904848, and
atol + 3e-5 * std::abs(expected[i]) evaluates to 9.2969086910714543e-05.
Google Test trace:
../test/unittest/layers/unittest_layers_layer_normalization.cpp:302: 20

../test/unittest/layers/unittest_layers_layer_normalization.cpp:304: Failure
The difference between actual[i] and expected[i] is 0.3999179030726519, which exceeds atol + 3e-5 * std::abs(expected[i]), where
actual[i] evaluates to 0.88358253240585327,
expected[i] evaluates to 0.48366462933320137, and
atol + 3e-5 * std::abs(expected[i]) evaluates to 4.4509938879996044e-05.
Google Test trace:
../test/unittest/layers/unittest_layers_layer_normalization.cpp:302: 21

../test/unittest/layers/unittest_layers_layer_normalization.cpp:304: Failure
The difference between actual[i] and expected[i] is 1.7744176830278429, which exceeds atol + 3e-5 * std::abs(expected[i]), where
actual[i] evaluates to 0.962482750415802,
expected[i] evaluates to 2.7369004334436449, and
atol + 3e-5 * std::abs(expected[i]) evaluates to 0.00011210701300330934.
Google Test trace:
../test/unittest/layers/unittest_layers_layer_normalization.cpp:302: 22

../test/unittest/layers/unittest_layers_layer_normalization.cpp:304: Failure
The difference between actual[i] and expected[i] is 1.2008731121651932, which exceeds atol + 3e-5 * std::abs(expected[i]), where
actual[i] evaluates to -0.23150229454040527,
expected[i] evaluates to 0.96937081762478783, and
atol + 3e-5 * std::abs(expected[i]) evaluates to 5.9081124528743639e-05.
Google Test trace:
../test/unittest/layers/unittest_layers_layer_normalization.cpp:302: 23

../test/unittest/layers/unittest_layers_layer_normalization.cpp:304: Failure
The difference between actual[i] and expected[i] is 0.97773976927808348, which exceeds atol + 3e-5 * std::abs(expected[i]), where
actual[i] evaluates to -0.86768895387649536,
expected[i] evaluates to 0.11005081540158808, and
atol + 3e-5 * std::abs(expected[i]) evaluates to 3.3301524462047642e-05.
Google Test trace:
../test/unittest/layers/unittest_layers_layer_normalization.cpp:302: 24

../test/unittest/layers/unittest_layers_layer_normalization.cpp:304: Failure
The difference between actual[i] and expected[i] is 2.8297586827099157, which exceeds atol + 3e-5 * std::abs(expected[i]), where
actual[i] evaluates to -0.71986865997314453,
expected[i] evaluates to 2.1098900227367712, and
atol + 3e-5 * std::abs(expected[i]) evaluates to 9.3296700682103141e-05.
Google Test trace:
../test/unittest/layers/unittest_layers_layer_normalization.cpp:302: 25

../test/unittest/layers/unittest_layers_layer_normalization.cpp:304: Failure
The difference between actual[i] and expected[i] is 0.41513732170674889, which exceeds atol + 3e-5 * std::abs(expected[i]), where
actual[i] evaluates to -1.9484992027282715,
expected[i] evaluates to -2.3636365244350204, and
atol + 3e-5 * std::abs(expected[i]) evaluates to 0.00010090909573305062.
Google Test trace:
../test/unittest/layers/unittest_layers_layer_normalization.cpp:302: 26

../test/unittest/layers/unittest_layers_layer_normalization.cpp:304: Failure
The difference between actual[i] and expected[i] is 1.2102078220869217, which exceeds atol + 3e-5 * std::abs(expected[i]), where
actual[i] evaluates to 1.5127315521240234,
expected[i] evaluates to 2.7229393742109451, and
atol + 3e-5 * std::abs(expected[i]) evaluates to 0.00011168818122632836.
Google Test trace:
../test/unittest/layers/unittest_layers_layer_normalization.cpp:302: 27

../test/unittest/layers/unittest_layers_layer_normalization.cpp:304: Failure
The difference between actual[i] and expected[i] is 2.3491519477923131, which exceeds atol + 3e-5 * std::abs(expected[i]), where
actual[i] evaluates to 1.6605517864227295,
expected[i] evaluates to -0.68860016136958346, and
atol + 3e-5 * std::abs(expected[i]) evaluates to 5.0658004841087507e-05.
Google Test trace:
../test/unittest/layers/unittest_layers_layer_normalization.cpp:302: 28

../test/unittest/layers/unittest_layers_layer_normalization.cpp:304: Failure
The difference between actual[i] and expected[i] is 1.0845656068412399, which exceeds atol + 3e-5 * std::abs(expected[i]), where
actual[i] evaluates to 0.43192118406295776,
expected[i] evaluates to -0.65264442277828216, and
atol + 3e-5 * std::abs(expected[i]) evaluates to 4.9579332683348468e-05.
Google Test trace:
../test/unittest/layers/unittest_layers_layer_normalization.cpp:302: 29

../test/unittest/layers/unittest_layers_layer_normalization.cpp:304: Failure
The difference between actual[i] and expected[i] is 0.94783265762576074, which exceeds atol + 3e-5 * std::abs(expected[i]), where
actual[i] evaluates to 0.57974141836166382,
expected[i] evaluates to 1.5275740759874246, and
atol + 3e-5 * std::abs(expected[i]) evaluates to 7.5827222279622745e-05.
Google Test trace:
../test/unittest/layers/unittest_layers_layer_normalization.cpp:302: 30

../test/unittest/layers/unittest_layers_layer_normalization.cpp:304: Failure
The difference between actual[i] and expected[i] is 2.1166839957557353, which exceeds atol + 3e-5 * std::abs(expected[i]), where
actual[i] evaluates to -0.64888918399810791,
expected[i] evaluates to -2.7655731797538432, and
atol + 3e-5 * std::abs(expected[i]) evaluates to 0.0001129671953926153.
Google Test trace:
../test/unittest/layers/unittest_layers_layer_normalization.cpp:302: 31

../test/unittest/layers/unittest_layers_layer_normalization.cpp:304: Failure
The difference between actual[i] and expected[i] is 3.5368016507859106, which exceeds atol + 3e-5 * std::abs(expected[i]), where
actual[i] evaluates to -1.5233660936355591,
expected[i] evaluates to 2.0134355571503515, and
atol + 3e-5 * std::abs(expected[i]) evaluates to 9.0403066714510552e-05.
Google Test trace:
../test/unittest/layers/unittest_layers_layer_normalization.cpp:302: 32

../test/unittest/layers/unittest_layers_layer_normalization.cpp:304: Failure
The difference between actual[i] and expected[i] is 1.3381355408029814, which exceeds atol + 3e-5 * std::abs(expected[i]), where
actual[i] evaluates to 2.3415379524230957,
expected[i] evaluates to 1.0034024116201143, and
atol + 3e-5 * std::abs(expected[i]) evaluates to 6.0102072348603435e-05.
Google Test trace:
../test/unittest/layers/unittest_layers_layer_normalization.cpp:302: 33

../test/unittest/layers/unittest_layers_layer_normalization.cpp:304: Failure
The difference between actual[i] and expected[i] is 0.29821500676619728, which exceeds atol + 3e-5 * std::abs(expected[i]), where
actual[i] evaluates to 1.6803609132766724,
expected[i] evaluates to 1.3821459065104751, and
atol + 3e-5 * std::abs(expected[i]) evaluates to 7.1464377195314254e-05.
Google Test trace:
../test/unittest/layers/unittest_layers_layer_normalization.cpp:302: 34

../test/unittest/layers/unittest_layers_layer_normalization.cpp:304: Failure
The difference between actual[i] and expected[i] is 1.4228459698956979, which exceeds atol + 3e-5 * std::abs(expected[i]), where
actual[i] evaluates to 1.019183874130249,
expected[i] evaluates to -0.40366209576544893, and
atol + 3e-5 * std::abs(expected[i]) evaluates to 4.2109862872963469e-05.
Google Test trace:
../test/unittest/layers/unittest_layers_layer_normalization.cpp:302: 35

../test/unittest/layers/unittest_layers_layer_normalization.cpp:304: Failure
The difference between actual[i] and expected[i] is 1.2781468586158562, which exceeds atol + 3e-5 * std::abs(expected[i]), where
actual[i] evaluates to 0.19422656297683716,
expected[i] evaluates to 1.4723734215926934, and
atol + 3e-5 * std::abs(expected[i]) evaluates to 7.4171202647780804e-05.
Google Test trace:
../test/unittest/layers/unittest_layers_layer_normalization.cpp:302: 36

../test/unittest/layers/unittest_layers_layer_normalization.cpp:304: Failure
The difference between actual[i] and expected[i] is 0.20724265757236937, which exceeds atol + 3e-5 * std::abs(expected[i]), where
actual[i] evaluates to -0.46695050597190857,
expected[i] evaluates to -0.67419316354427794, and
atol + 3e-5 * std::abs(expected[i]) evaluates to 5.0225794906328336e-05.
Google Test trace:
../test/unittest/layers/unittest_layers_layer_normalization.cpp:302: 37

../test/unittest/layers/unittest_layers_layer_normalization.cpp:304: Failure
The difference between actual[i] and expected[i] is 2.132991558275815, which exceeds atol + 3e-5 * std::abs(expected[i]), where
actual[i] evaluates to -1.291907787322998,
expected[i] evaluates to 0.84108377095281694, and
atol + 3e-5 * std::abs(expected[i]) evaluates to 5.5232513128584506e-05.
Google Test trace:
../test/unittest/layers/unittest_layers_layer_normalization.cpp:302: 38

../test/unittest/layers/unittest_layers_layer_normalization.cpp:304: Failure
The difference between actual[i] and expected[i] is 3.6815009820473028, which exceeds atol + 3e-5 * std::abs(expected[i]), where
actual[i] evaluates to -1.9530848264694214,
expected[i] evaluates to -5.6345858085167242, and
atol + 3e-5 * std::abs(expected[i]) evaluates to 0.00019903757425550174.
Google Test trace:
../test/unittest/layers/unittest_layers_layer_normalization.cpp:302: 39

../test/unittest/layers/unittest_layers_layer_normalization.cpp:304: Failure
The difference between actual[i] and expected[i] is 5.1505222098983774, which exceeds atol + 3e-5 * std::abs(expected[i]), where
actual[i] evaluates to 1.1718218326568604,
expected[i] evaluates to -3.978700377241517, and
atol + 3e-5 * std::abs(expected[i]) evaluates to 0.00014936101131724552.
Google Test trace:
../test/unittest/layers/unittest_layers_layer_normalization.cpp:302: 40

../test/unittest/layers/unittest_layers_layer_normalization.cpp:304: Failure
The difference between actual[i] and expected[i] is 2.8037117994383491, which exceeds atol + 3e-5 * std::abs(expected[i]), where
actual[i] evaluates to 1.0769981145858765,
expected[i] evaluates to -1.7267136848524729, and
atol + 3e-5 * std::abs(expected[i]) evaluates to 8.1801410545574192e-05.
Google Test trace:
../test/unittest/layers/unittest_layers_layer_normalization.cpp:302: 41

../test/unittest/layers/unittest_layers_layer_normalization.cpp:304: Failure
The difference between actual[i] and expected[i] is 0.24356891239972034, which exceeds atol + 3e-5 * std::abs(expected[i]), where
actual[i] evaluates to -0.038718577474355698,
expected[i] evaluates to -0.28228748987407604, and
atol + 3e-5 * std::abs(expected[i]) evaluates to 3.846862469622228e-05.
Google Test trace:
../test/unittest/layers/unittest_layers_layer_normalization.cpp:302: 42

../test/unittest/layers/unittest_layers_layer_normalization.cpp:304: Failure
The difference between actual[i] and expected[i] is 0.097779146469200606, which exceeds atol + 3e-5 * std::abs(expected[i]), where
actual[i] evaluates to -1.1544351577758789,
expected[i] evaluates to -1.0566560113066783, and
atol + 3e-5 * std::abs(expected[i]) evaluates to 6.1699680339200348e-05.
Google Test trace:
../test/unittest/layers/unittest_layers_layer_normalization.cpp:302: 43

../test/unittest/layers/unittest_layers_layer_normalization.cpp:304: Failure
The difference between actual[i] and expected[i] is 1.8898911162450578, which exceeds atol + 3e-5 * std::abs(expected[i]), where
actual[i] evaluates to -1.2492591142654419,
expected[i] evaluates to 0.64063200197961589, and
atol + 3e-5 * std::abs(expected[i]) evaluates to 4.9218960059388477e-05.
Google Test trace:
../test/unittest/layers/unittest_layers_layer_normalization.cpp:302: 44

../test/unittest/layers/unittest_layers_layer_normalization.cpp:304: Failure
The difference between actual[i] and expected[i] is 1.8614400519868552, which exceeds atol + 3e-5 * std::abs(expected[i]), where
actual[i] evaluates to -2.3649756908416748,
expected[i] evaluates to -0.50353563885481956, and
atol + 3e-5 * std::abs(expected[i]) evaluates to 4.5106069165644591e-05.
Google Test trace:
../test/unittest/layers/unittest_layers_layer_normalization.cpp:302: 45

../test/unittest/layers/unittest_layers_layer_normalization.cpp:304: Failure
The difference between actual[i] and expected[i] is 2.0178886747800489, which exceeds atol + 3e-5 * std::abs(expected[i]), where
actual[i] evaluates to 1.3266961574554443,
expected[i] evaluates to 3.3445848322354932, and
atol + 3e-5 * std::abs(expected[i]) evaluates to 0.00013033754496706481.
Google Test trace:
../test/unittest/layers/unittest_layers_layer_normalization.cpp:302: 46

../test/unittest/layers/unittest_layers_layer_normalization.cpp:304: Failure
The difference between actual[i] and expected[i] is 2.3308040477392837, which exceeds atol + 3e-5 * std::abs(expected[i]), where
actual[i] evaluates to 1.2318723201751709,
expected[i] evaluates to 3.5626763679144546, and
atol + 3e-5 * std::abs(expected[i]) evaluates to 0.00013688029103743363.
Google Test trace:
../test/unittest/layers/unittest_layers_layer_normalization.cpp:302: 47

[  FAILED  ] EveryNonBatchAxis/LayerNormAxesAudit.AffineOutputAndAllGradients/10, where GetParam() = (6, false) (0 ms)
[ RUN      ] EveryNonBatchAxis/LayerNormAxesAudit.AffineOutputAndAllGradients/11
../test/unittest/layers/unittest_layers_layer_normalization.cpp:304: Failure
The difference between actual[i] and expected[i] is 4.5849526525457502, which exceeds atol + 3e-5 * std::abs(expected[i]), where
actual[i] evaluates to -1.3669227361679077,
expected[i] evaluates to 3.2180299163778421, and
atol + 3e-5 * std::abs(expected[i]) evaluates to 0.00012654089749133526.
Google Test trace:
../test/unittest/layers/unittest_layers_layer_normalization.cpp:302: 0

../test/unittest/layers/unittest_layers_layer_normalization.cpp:304: Failure
The difference between actual[i] and expected[i] is 4.1850729314935009, which exceeds atol + 3e-5 * std::abs(expected[i]), where
actual[i] evaluates to 1.9762985706329346,
expected[i] evaluates to -2.2087743608605668, and
atol + 3e-5 * std::abs(expected[i]) evaluates to 9.6263230825817007e-05.
Google Test trace:
../test/unittest/layers/unittest_layers_layer_normalization.cpp:302: 1

../test/unittest/layers/unittest_layers_layer_normalization.cpp:304: Failure
The difference between actual[i] and expected[i] is 0.56158661707697655, which exceeds atol + 3e-5 * std::abs(expected[i]), where
actual[i] evaluates to 0.43722721934318542,
expected[i] evaluates to -0.12435939773379111, and
atol + 3e-5 * std::abs(expected[i]) evaluates to 3.3730781932013737e-05.
Google Test trace:
../test/unittest/layers/unittest_layers_layer_normalization.cpp:302: 2

../test/unittest/layers/unittest_layers_layer_normalization.cpp:304: Failure
The difference between actual[i] and expected[i] is 1.3812948028762788, which exceeds atol + 3e-5 * std::abs(expected[i]), where
actual[i] evaluates to 1.0368754863739014,
expected[i] evaluates to -0.34441931650237756, and
atol + 3e-5 * std::abs(expected[i]) evaluates to 4.0332579495071327e-05.
Google Test trace:
../test/unittest/layers/unittest_layers_layer_normalization.cpp:302: 3

../test/unittest/layers/unittest_layers_layer_normalization.cpp:304: Failure
The difference between actual[i] and expected[i] is 0.19895489059005111, which exceeds atol + 3e-5 * std::abs(expected[i]), where
actual[i] evaluates to -0.50219571590423584,
expected[i] evaluates to -0.70115060649428695, and
atol + 3e-5 * std::abs(expected[i]) evaluates to 5.1034518194828613e-05.
Google Test trace:
../test/unittest/layers/unittest_layers_layer_normalization.cpp:302: 4

../test/unittest/layers/unittest_layers_layer_normalization.cpp:304: Failure
The difference between actual[i] and expected[i] is 0.79560454068704689, which exceeds atol + 3e-5 * std::abs(expected[i]), where
actual[i] evaluates to -2.041266918182373,
expected[i] evaluates to -1.2456623774953262, and
atol + 3e-5 * std::abs(expected[i]) evaluates to 6.7369871324859782e-05.
Google Test trace:
../test/unittest/layers/unittest_layers_layer_normalization.cpp:302: 5

../test/unittest/layers/unittest_layers_layer_normalization.cpp:304: Failure
The difference between actual[i] and expected[i] is 2.653030468647037, which exceeds atol + 3e-5 * std::abs(expected[i]), where
actual[i] evaluates to -1.4416185617446899,
expected[i] evaluates to -4.0946490303917269, and
atol + 3e-5 * std::abs(expected[i]) evaluates to 0.0001528394709117518.
Google Test trace:
../test/unittest/layers/unittest_layers_layer_normalization.cpp:302: 6

../test/unittest/layers/unittest_layers_layer_normalization.cpp:304: Failure
The difference between actual[i] and expected[i] is 3.59938254725337, which exceeds atol + 3e-5 * std::abs(expected[i]), where
actual[i] evaluates to 1.9016026258468628,
expected[i] evaluates to 5.5009851731002328, and
atol + 3e-5 * std::abs(expected[i]) evaluates to 0.00019502955519300698.
Google Test trace:
../test/unittest/layers/unittest_layers_layer_normalization.cpp:302: 7

../test/unittest/layers/unittest_layers_layer_normalization.cpp:304: Failure
The difference between actual[i] and expected[i] is 3.867994987288236, which exceeds atol + 3e-5 * std::abs(expected[i]), where
actual[i] evaluates to 1.5352853536605835,
expected[i] evaluates to -2.3327096336276525, and
atol + 3e-5 * std::abs(expected[i]) evaluates to 9.9981289008829581e-05.
Google Test trace:
../test/unittest/layers/unittest_layers_layer_normalization.cpp:302: 8

../test/unittest/layers/unittest_layers_layer_normalization.cpp:304: Failure
The difference between actual[i] and expected[i] is 1.6705760564227559, which exceeds atol + 3e-5 * std::abs(expected[i]), where
actual[i] evaluates to 0.56907981634140015,
expected[i] evaluates to -1.1014962400813557, and
atol + 3e-5 * std::abs(expected[i]) evaluates to 6.3044887202440679e-05.
Google Test trace:
../test/unittest/layers/unittest_layers_layer_normalization.cpp:302: 9

../test/unittest/layers/unittest_layers_layer_normalization.cpp:304: Failure
The difference between actual[i] and expected[i] is 0.038333885581809876, which exceeds atol + 3e-5 * std::abs(expected[i]), where
actual[i] evaluates to -0.015260213986039162,
expected[i] evaluates to 0.023073671595770714, and
atol + 3e-5 * std::abs(expected[i]) evaluates to 3.0692210147873119e-05.
Google Test trace:
../test/unittest/layers/unittest_layers_layer_normalization.cpp:302: 10

../test/unittest/layers/unittest_layers_layer_normalization.cpp:304: Failure
The difference between actual[i] and expected[i] is 2.1144109272026728, which exceeds atol + 3e-5 * std::abs(expected[i]), where
actual[i] evaluates to -0.98146581649780273,
expected[i] evaluates to -3.0958767437004755, and
atol + 3e-5 * std::abs(expected[i]) evaluates to 0.00012287630231101426.
Google Test trace:
../test/unittest/layers/unittest_layers_layer_normalization.cpp:302: 11

../test/unittest/layers/unittest_layers_layer_normalization.cpp:304: Failure
The difference between actual[i] and expected[i] is 3.2196354681539692, which exceeds atol + 3e-5 * std::abs(expected[i]), where
actual[i] evaluates to -1.5658057928085327,
expected[i] evaluates to 1.6538296753454365, and
atol + 3e-5 * std::abs(expected[i]) evaluates to 7.9614890260363096e-05.
Google Test trace:
../test/unittest/layers/unittest_layers_layer_normalization.cpp:302: 12

../test/unittest/layers/unittest_layers_layer_normalization.cpp:304: Failure
The difference between actual[i] and expected[i] is 2.3909498009836758, which exceeds atol + 3e-5 * std::abs(expected[i]), where
actual[i] evaluates to -2.1501457691192627,
expected[i] evaluates to 0.24080403186441299, and
atol + 3e-5 * std::abs(expected[i]) evaluates to 3.7224120955932392e-05.
Google Test trace:
../test/unittest/layers/unittest_layers_layer_normalization.cpp:302: 13

../test/unittest/layers/unittest_layers_layer_normalization.cpp:304: Failure
The difference between actual[i] and expected[i] is 0.05694813803195653, which exceeds atol + 3e-5 * std::abs(expected[i]), where
actual[i] evaluates to 1.5963261127471924,
expected[i] evaluates to 1.6532742507791489, and
atol + 3e-5 * std::abs(expected[i]) evaluates to 7.9598227523374469e-05.
Google Test trace:
../test/unittest/layers/unittest_layers_layer_normalization.cpp:302: 14

../test/unittest/layers/unittest_layers_layer_normalization.cpp:304: Failure
The difference between actual[i] and expected[i] is 1.9471147321789624, which exceeds atol + 3e-5 * std::abs(expected[i]), where
actual[i] evaluates to 1.011986255645752,
expected[i] evaluates to 2.9591009878247143, and
atol + 3e-5 * std::abs(expected[i]) evaluates to 0.00011877302963474143.
Google Test trace:
../test/unittest/layers/unittest_layers_layer_normalization.cpp:302: 15

../test/unittest/layers/unittest_layers_layer_normalization.cpp:304: Failure
The difference between actual[i] and expected[i] is 0.12784604817283496, which exceeds atol + 3e-5 * std::abs(expected[i]), where
actual[i] evaluates to -0.40494033694267273,
expected[i] evaluates to -0.53278638511550769, and
atol + 3e-5 * std::abs(expected[i]) evaluates to 4.5983591553465233e-05.
Google Test trace:
../test/unittest/layers/unittest_layers_layer_normalization.cpp:302: 16

../test/unittest/layers/unittest_layers_layer_normalization.cpp:304: Failure
The difference between actual[i] and expected[i] is 1.8652327125592203, which exceeds atol + 3e-5 * std::abs(expected[i]), where
actual[i] evaluates to -0.326040118932724,
expected[i] evaluates to 1.5391925936264963, and
atol + 3e-5 * std::abs(expected[i]) evaluates to 7.6175777808794892e-05.
Google Test trace:
../test/unittest/layers/unittest_layers_layer_normalization.cpp:302: 17

../test/unittest/layers/unittest_layers_layer_normalization.cpp:304: Failure
The difference between actual[i] and expected[i] is 1.1104314057350986, which exceeds atol + 3e-5 * std::abs(expected[i]), where
actual[i] evaluates to -1.5200252532958984,
expected[i] evaluates to -0.40959384756079975, and
atol + 3e-5 * std::abs(expected[i]) evaluates to 4.2287815426823995e-05.
Google Test trace:
../test/unittest/layers/unittest_layers_layer_normalization.cpp:302: 18

../test/unittest/layers/unittest_layers_layer_normalization.cpp:304: Failure
The difference between actual[i] and expected[i] is 1.2466537615846782, which exceeds atol + 3e-5 * std::abs(expected[i]), where
actual[i] evaluates to -1.4411249160766602,
expected[i] evaluates to -2.6877786776613384, and
atol + 3e-5 * std::abs(expected[i]) evaluates to 0.00011063336032984015.
Google Test trace:
../test/unittest/layers/unittest_layers_layer_normalization.cpp:302: 19

../test/unittest/layers/unittest_layers_layer_normalization.cpp:304: Failure
The difference between actual[i] and expected[i] is 4.1765371410525454, which exceeds atol + 3e-5 * std::abs(expected[i]), where
actual[i] evaluates to 2.0775675773620605,
expected[i] evaluates to -2.0989695636904848, and
atol + 3e-5 * std::abs(expected[i]) evaluates to 9.2969086910714543e-05.
Google Test trace:
../test/unittest/layers/unittest_layers_layer_normalization.cpp:302: 20

../test/unittest/layers/unittest_layers_layer_normalization.cpp:304: Failure
The difference between actual[i] and expected[i] is 0.3999179030726519, which exceeds atol + 3e-5 * std::abs(expected[i]), where
actual[i] evaluates to 0.88358253240585327,
expected[i] evaluates to 0.48366462933320137, and
atol + 3e-5 * std::abs(expected[i]) evaluates to 4.4509938879996044e-05.
Google Test trace:
../test/unittest/layers/unittest_layers_layer_normalization.cpp:302: 21

../test/unittest/layers/unittest_layers_layer_normalization.cpp:304: Failure
The difference between actual[i] and expected[i] is 1.7744176830278429, which exceeds atol + 3e-5 * std::abs(expected[i]), where
actual[i] evaluates to 0.962482750415802,
expected[i] evaluates to 2.7369004334436449, and
atol + 3e-5 * std::abs(expected[i]) evaluates to 0.00011210701300330934.
Google Test trace:
../test/unittest/layers/unittest_layers_layer_normalization.cpp:302: 22

../test/unittest/layers/unittest_layers_layer_normalization.cpp:304: Failure
The difference between actual[i] and expected[i] is 1.2008731121651932, which exceeds atol + 3e-5 * std::abs(expected[i]), where
actual[i] evaluates to -0.23150229454040527,
expected[i] evaluates to 0.96937081762478783, and
atol + 3e-5 * std::abs(expected[i]) evaluates to 5.9081124528743639e-05.
Google Test trace:
../test/unittest/layers/unittest_layers_layer_normalization.cpp:302: 23

../test/unittest/layers/unittest_layers_layer_normalization.cpp:304: Failure
The difference between actual[i] and expected[i] is 0.97773976927808348, which exceeds atol + 3e-5 * std::abs(expected[i]), where
actual[i] evaluates to -0.86768895387649536,
expected[i] evaluates to 0.11005081540158808, and
atol + 3e-5 * std::abs(expected[i]) evaluates to 3.3301524462047642e-05.
Google Test trace:
../test/unittest/layers/unittest_layers_layer_normalization.cpp:302: 24

../test/unittest/layers/unittest_layers_layer_normalization.cpp:304: Failure
The difference between actual[i] and expected[i] is 2.8297586827099157, which exceeds atol + 3e-5 * std::abs(expected[i]), where
actual[i] evaluates to -0.71986865997314453,
expected[i] evaluates to 2.1098900227367712, and
atol + 3e-5 * std::abs(expected[i]) evaluates to 9.3296700682103141e-05.
Google Test trace:
../test/unittest/layers/unittest_layers_layer_normalization.cpp:302: 25

../test/unittest/layers/unittest_layers_layer_normalization.cpp:304: Failure
The difference between actual[i] and expected[i] is 0.41513732170674889, which exceeds atol + 3e-5 * std::abs(expected[i]), where
actual[i] evaluates to -1.9484992027282715,
expected[i] evaluates to -2.3636365244350204, and
atol + 3e-5 * std::abs(expected[i]) evaluates to 0.00010090909573305062.
Google Test trace:
../test/unittest/layers/unittest_layers_layer_normalization.cpp:302: 26

../test/unittest/layers/unittest_layers_layer_normalization.cpp:304: Failure
The difference between actual[i] and expected[i] is 1.2102078220869217, which exceeds atol + 3e-5 * std::abs(expected[i]), where
actual[i] evaluates to 1.5127315521240234,
expected[i] evaluates to 2.7229393742109451, and
atol + 3e-5 * std::abs(expected[i]) evaluates to 0.00011168818122632836.
Google Test trace:
../test/unittest/layers/unittest_layers_layer_normalization.cpp:302: 27

../test/unittest/layers/unittest_layers_layer_normalization.cpp:304: Failure
The difference between actual[i] and expected[i] is 2.3491519477923131, which exceeds atol + 3e-5 * std::abs(expected[i]), where
actual[i] evaluates to 1.6605517864227295,
expected[i] evaluates to -0.68860016136958346, and
atol + 3e-5 * std::abs(expected[i]) evaluates to 5.0658004841087507e-05.
Google Test trace:
../test/unittest/layers/unittest_layers_layer_normalization.cpp:302: 28

../test/unittest/layers/unittest_layers_layer_normalization.cpp:304: Failure
The difference between actual[i] and expected[i] is 1.0845656068412399, which exceeds atol + 3e-5 * std::abs(expected[i]), where
actual[i] evaluates to 0.43192118406295776,
expected[i] evaluates to -0.65264442277828216, and
atol + 3e-5 * std::abs(expected[i]) evaluates to 4.9579332683348468e-05.
Google Test trace:
../test/unittest/layers/unittest_layers_layer_normalization.cpp:302: 29

../test/unittest/layers/unittest_layers_layer_normalization.cpp:304: Failure
The difference between actual[i] and expected[i] is 0.94783265762576074, which exceeds atol + 3e-5 * std::abs(expected[i]), where
actual[i] evaluates to 0.57974141836166382,
expected[i] evaluates to 1.5275740759874246, and
atol + 3e-5 * std::abs(expected[i]) evaluates to 7.5827222279622745e-05.
Google Test trace:
../test/unittest/layers/unittest_layers_layer_normalization.cpp:302: 30

../test/unittest/layers/unittest_layers_layer_normalization.cpp:304: Failure
The difference between actual[i] and expected[i] is 2.1166839957557353, which exceeds atol + 3e-5 * std::abs(expected[i]), where
actual[i] evaluates to -0.64888918399810791,
expected[i] evaluates to -2.7655731797538432, and
atol + 3e-5 * std::abs(expected[i]) evaluates to 0.0001129671953926153.
Google Test trace:
../test/unittest/layers/unittest_layers_layer_normalization.cpp:302: 31

../test/unittest/layers/unittest_layers_layer_normalization.cpp:304: Failure
The difference between actual[i] and expected[i] is 3.5368016507859106, which exceeds atol + 3e-5 * std::abs(expected[i]), where
actual[i] evaluates to -1.5233660936355591,
expected[i] evaluates to 2.0134355571503515, and
atol + 3e-5 * std::abs(expected[i]) evaluates to 9.0403066714510552e-05.
Google Test trace:
../test/unittest/layers/unittest_layers_layer_normalization.cpp:302: 32

../test/unittest/layers/unittest_layers_layer_normalization.cpp:304: Failure
The difference between actual[i] and expected[i] is 1.3381355408029814, which exceeds atol + 3e-5 * std::abs(expected[i]), where
actual[i] evaluates to 2.3415379524230957,
expected[i] evaluates to 1.0034024116201143, and
atol + 3e-5 * std::abs(expected[i]) evaluates to 6.0102072348603435e-05.
Google Test trace:
../test/unittest/layers/unittest_layers_layer_normalization.cpp:302: 33

../test/unittest/layers/unittest_layers_layer_normalization.cpp:304: Failure
The difference between actual[i] and expected[i] is 0.29821500676619728, which exceeds atol + 3e-5 * std::abs(expected[i]), where
actual[i] evaluates to 1.6803609132766724,
expected[i] evaluates to 1.3821459065104751, and
atol + 3e-5 * std::abs(expected[i]) evaluates to 7.1464377195314254e-05.
Google Test trace:
../test/unittest/layers/unittest_layers_layer_normalization.cpp:302: 34

../test/unittest/layers/unittest_layers_layer_normalization.cpp:304: Failure
The difference between actual[i] and expected[i] is 1.4228459698956979, which exceeds atol + 3e-5 * std::abs(expected[i]), where
actual[i] evaluates to 1.019183874130249,
expected[i] evaluates to -0.40366209576544893, and
atol + 3e-5 * std::abs(expected[i]) evaluates to 4.2109862872963469e-05.
Google Test trace:
../test/unittest/layers/unittest_layers_layer_normalization.cpp:302: 35

../test/unittest/layers/unittest_layers_layer_normalization.cpp:304: Failure
The difference between actual[i] and expected[i] is 1.2781468586158562, which exceeds atol + 3e-5 * std::abs(expected[i]), where
actual[i] evaluates to 0.19422656297683716,
expected[i] evaluates to 1.4723734215926934, and
atol + 3e-5 * std::abs(expected[i]) evaluates to 7.4171202647780804e-05.
Google Test trace:
../test/unittest/layers/unittest_layers_layer_normalization.cpp:302: 36

../test/unittest/layers/unittest_layers_layer_normalization.cpp:304: Failure
The difference between actual[i] and expected[i] is 0.20724265757236937, which exceeds atol + 3e-5 * std::abs(expected[i]), where
actual[i] evaluates to -0.46695050597190857,
expected[i] evaluates to -0.67419316354427794, and
atol + 3e-5 * std::abs(expected[i]) evaluates to 5.0225794906328336e-05.
Google Test trace:
../test/unittest/layers/unittest_layers_layer_normalization.cpp:302: 37

../test/unittest/layers/unittest_layers_layer_normalization.cpp:304: Failure
The difference between actual[i] and expected[i] is 2.132991558275815, which exceeds atol + 3e-5 * std::abs(expected[i]), where
actual[i] evaluates to -1.291907787322998,
expected[i] evaluates to 0.84108377095281694, and
atol + 3e-5 * std::abs(expected[i]) evaluates to 5.5232513128584506e-05.
Google Test trace:
../test/unittest/layers/unittest_layers_layer_normalization.cpp:302: 38

../test/unittest/layers/unittest_layers_layer_normalization.cpp:304: Failure
The difference between actual[i] and expected[i] is 3.6815009820473028, which exceeds atol + 3e-5 * std::abs(expected[i]), where
actual[i] evaluates to -1.9530848264694214,
expected[i] evaluates to -5.6345858085167242, and
atol + 3e-5 * std::abs(expected[i]) evaluates to 0.00019903757425550174.
Google Test trace:
../test/unittest/layers/unittest_layers_layer_normalization.cpp:302: 39

../test/unittest/layers/unittest_layers_layer_normalization.cpp:304: Failure
The difference between actual[i] and expected[i] is 5.1505222098983774, which exceeds atol + 3e-5 * std::abs(expected[i]), where
actual[i] evaluates to 1.1718218326568604,
expected[i] evaluates to -3.978700377241517, and
atol + 3e-5 * std::abs(expected[i]) evaluates to 0.00014936101131724552.
Google Test trace:
../test/unittest/layers/unittest_layers_layer_normalization.cpp:302: 40

../test/unittest/layers/unittest_layers_layer_normalization.cpp:304: Failure
The difference between actual[i] and expected[i] is 2.8037117994383491, which exceeds atol + 3e-5 * std::abs(expected[i]), where
actual[i] evaluates to 1.0769981145858765,
expected[i] evaluates to -1.7267136848524729, and
atol + 3e-5 * std::abs(expected[i]) evaluates to 8.1801410545574192e-05.
Google Test trace:
../test/unittest/layers/unittest_layers_layer_normalization.cpp:302: 41

../test/unittest/layers/unittest_layers_layer_normalization.cpp:304: Failure
The difference between actual[i] and expected[i] is 0.24356891239972034, which exceeds atol + 3e-5 * std::abs(expected[i]), where
actual[i] evaluates to -0.038718577474355698,
expected[i] evaluates to -0.28228748987407604, and
atol + 3e-5 * std::abs(expected[i]) evaluates to 3.846862469622228e-05.
Google Test trace:
../test/unittest/layers/unittest_layers_layer_normalization.cpp:302: 42

../test/unittest/layers/unittest_layers_layer_normalization.cpp:304: Failure
The difference between actual[i] and expected[i] is 0.097779146469200606, which exceeds atol + 3e-5 * std::abs(expected[i]), where
actual[i] evaluates to -1.1544351577758789,
expected[i] evaluates to -1.0566560113066783, and
atol + 3e-5 * std::abs(expected[i]) evaluates to 6.1699680339200348e-05.
Google Test trace:
../test/unittest/layers/unittest_layers_layer_normalization.cpp:302: 43

../test/unittest/layers/unittest_layers_layer_normalization.cpp:304: Failure
The difference between actual[i] and expected[i] is 1.8898911162450578, which exceeds atol + 3e-5 * std::abs(expected[i]), where
actual[i] evaluates to -1.2492591142654419,
expected[i] evaluates to 0.64063200197961589, and
atol + 3e-5 * std::abs(expected[i]) evaluates to 4.9218960059388477e-05.
Google Test trace:
../test/unittest/layers/unittest_layers_layer_normalization.cpp:302: 44

../test/unittest/layers/unittest_layers_layer_normalization.cpp:304: Failure
The difference between actual[i] and expected[i] is 1.8614400519868552, which exceeds atol + 3e-5 * std::abs(expected[i]), where
actual[i] evaluates to -2.3649756908416748,
expected[i] evaluates to -0.50353563885481956, and
atol + 3e-5 * std::abs(expected[i]) evaluates to 4.5106069165644591e-05.
Google Test trace:
../test/unittest/layers/unittest_layers_layer_normalization.cpp:302: 45

../test/unittest/layers/unittest_layers_layer_normalization.cpp:304: Failure
The difference between actual[i] and expected[i] is 2.0178886747800489, which exceeds atol + 3e-5 * std::abs(expected[i]), where
actual[i] evaluates to 1.3266961574554443,
expected[i] evaluates to 3.3445848322354932, and
atol + 3e-5 * std::abs(expected[i]) evaluates to 0.00013033754496706481.
Google Test trace:
../test/unittest/layers/unittest_layers_layer_normalization.cpp:302: 46

../test/unittest/layers/unittest_layers_layer_normalization.cpp:304: Failure
The difference between actual[i] and expected[i] is 2.3308040477392837, which exceeds atol + 3e-5 * std::abs(expected[i]), where
actual[i] evaluates to 1.2318723201751709,
expected[i] evaluates to 3.5626763679144546, and
atol + 3e-5 * std::abs(expected[i]) evaluates to 0.00013688029103743363.
Google Test trace:
../test/unittest/layers/unittest_layers_layer_normalization.cpp:302: 47

[  FAILED  ] EveryNonBatchAxis/LayerNormAxesAudit.AffineOutputAndAllGradients/11, where GetParam() = (6, true) (0 ms)
[ RUN      ] EveryNonBatchAxis/LayerNormAxesAudit.AffineOutputAndAllGradients/12
../test/unittest/layers/unittest_layers_layer_normalization.cpp:304: Failure
The difference between actual[i] and expected[i] is 4.8360368204798601, which exceeds atol + 3e-5 * std::abs(expected[i]), where
actual[i] evaluates to -1.8507885932922363,
expected[i] evaluates to 2.9852482271876237, and
atol + 3e-5 * std::abs(expected[i]) evaluates to 0.00011955744681562872.
Google Test trace:
../test/unittest/layers/unittest_layers_layer_normalization.cpp:302: 0

../test/unittest/layers/unittest_layers_layer_normalization.cpp:304: Failure
The difference between actual[i] and expected[i] is 3.3785578708206812, which exceeds atol + 3e-5 * std::abs(expected[i]), where
actual[i] evaluates to 1.8059384822845459,
expected[i] evaluates to -1.5726193885361353, and
atol + 3e-5 * std::abs(expected[i]) evaluates to 7.7178581656084055e-05.
Google Test trace:
../test/unittest/layers/unittest_layers_layer_normalization.cpp:302: 1

../test/unittest/layers/unittest_layers_layer_normalization.cpp:304: Failure
The difference between actual[i] and expected[i] is 0.44035773976906789, which exceeds atol + 3e-5 * std::abs(expected[i]), where
actual[i] evaluates to 0.72219181060791016,
expected[i] evaluates to 1.162549550376978, and
atol + 3e-5 * std::abs(expected[i]) evaluates to 6.4876486511309341e-05.
Google Test trace:
../test/unittest/layers/unittest_layers_layer_normalization.cpp:302: 2

../test/unittest/layers/unittest_layers_layer_normalization.cpp:304: Failure
The difference between actual[i] and expected[i] is 0.8709963532707139, which exceeds atol + 3e-5 * std::abs(expected[i]), where
actual[i] evaluates to 0.60050475597381592,
expected[i] evaluates to -0.27049159729689798, and
atol + 3e-5 * std::abs(expected[i]) evaluates to 3.8114747918906943e-05.
Google Test trace:
../test/unittest/layers/unittest_layers_layer_normalization.cpp:302: 3

../test/unittest/layers/unittest_layers_layer_normalization.cpp:304: Failure
The difference between actual[i] and expected[i] is 0.57768240686437389, which exceeds atol + 3e-5 * std::abs(expected[i]), where
actual[i] evaluates to -0.48324194550514221,
expected[i] evaluates to 0.094440461359231662, and
atol + 3e-5 * std::abs(expected[i]) evaluates to 3.283321384077695e-05.
Google Test trace:
../test/unittest/layers/unittest_layers_layer_normalization.cpp:302: 4

../test/unittest/layers/unittest_layers_layer_normalization.cpp:304: Failure
The difference between actual[i] and expected[i] is 1.8440350743196057, which exceeds atol + 3e-5 * std::abs(expected[i]), where
actual[i] evaluates to -1.566988468170166,
expected[i] evaluates to 0.27704660614943966, and
atol + 3e-5 * std::abs(expected[i]) evaluates to 3.8311398184483188e-05.
Google Test trace:
../test/unittest/layers/unittest_layers_layer_normalization.cpp:302: 5

../test/unittest/layers/unittest_layers_layer_normalization.cpp:304: Failure
The difference between actual[i] and expected[i] is 2.0198816936337924, which exceeds atol + 3e-5 * std::abs(expected[i]), where
actual[i] evaluates to -1.6886756420135498,
expected[i] evaluates to -3.7085573356473422, and
atol + 3e-5 * std::abs(expected[i]) evaluates to 0.00014125672006942027.
Google Test trace:
../test/unittest/layers/unittest_layers_layer_normalization.cpp:302: 6

../test/unittest/layers/unittest_layers_layer_normalization.cpp:304: Failure
The difference between actual[i] and expected[i] is 4.3515967243394114, which exceeds atol + 3e-5 * std::abs(expected[i]), where
actual[i] evaluates to 1.9680514335632324,
expected[i] evaluates to 6.3196481579026438, and
atol + 3e-5 * std::abs(expected[i]) evaluates to 0.00021958944473707932.
Google Test trace:
../test/unittest/layers/unittest_layers_layer_normalization.cpp:302: 7

../test/unittest/layers/unittest_layers_layer_normalization.cpp:304: Failure
The difference between actual[i] and expected[i] is 1.8574129276965392, which exceeds atol + 3e-5 * std::abs(expected[i]), where
actual[i] evaluates to 0.88430476188659668,
expected[i] evaluates to -0.97310816580994253, and
atol + 3e-5 * std::abs(expected[i]) evaluates to 5.919324497429828e-05.
Google Test trace:
../test/unittest/layers/unittest_layers_layer_normalization.cpp:302: 8

../test/unittest/layers/unittest_layers_layer_normalization.cpp:304: Failure
The difference between actual[i] and expected[i] is 1.1631819086065365, which exceeds atol + 3e-5 * std::abs(expected[i]), where
actual[i] evaluates to 0.76261764764785767,
expected[i] evaluates to -0.40056426095867875, and
atol + 3e-5 * std::abs(expected[i]) evaluates to 4.2016927828760361e-05.
Google Test trace:
../test/unittest/layers/unittest_layers_layer_normalization.cpp:302: 9

../test/unittest/layers/unittest_layers_layer_normalization.cpp:304: Failure
The difference between actual[i] and expected[i] is 0.28549676212158431, which exceeds atol + 3e-5 * std::abs(expected[i]), where
actual[i] evaluates to -0.3211289644241333,
expected[i] evaluates to -0.035632202302548974, and
atol + 3e-5 * std::abs(expected[i]) evaluates to 3.1068966069076469e-05.
Google Test trace:
../test/unittest/layers/unittest_layers_layer_normalization.cpp:302: 10

../test/unittest/layers/unittest_layers_layer_normalization.cpp:304: Failure
The difference between actual[i] and expected[i] is 0.61507589387509887, which exceeds atol + 3e-5 * std::abs(expected[i]), where
actual[i] evaluates to -0.44281601905822754,
expected[i] evaluates to 0.1722598748168713, and
atol + 3e-5 * std::abs(expected[i]) evaluates to 3.5167796244506138e-05.
Google Test trace:
../test/unittest/layers/unittest_layers_layer_normalization.cpp:302: 11

../test/unittest/layers/unittest_layers_layer_normalization.cpp:304: Failure
The difference between actual[i] and expected[i] is 1.6991027964760206, which exceeds atol + 3e-5 * std::abs(expected[i]), where
actual[i] evaluates to -1.5265626907348633,
expected[i] evaluates to 0.17254010574115727, and
atol + 3e-5 * std::abs(expected[i]) evaluates to 3.5176203172234716e-05.
Google Test trace:
../test/unittest/layers/unittest_layers_layer_normalization.cpp:302: 12

../test/unittest/layers/unittest_layers_layer_normalization.cpp:304: Failure
The difference between actual[i] and expected[i] is 0.59521873268588088, which exceeds atol + 3e-5 * std::abs(expected[i]), where
actual[i] evaluates to -2.610309362411499,
expected[i] evaluates to -2.0150906297256181, and
atol + 3e-5 * std::abs(expected[i]) evaluates to 9.045271889176855e-05.
Google Test trace:
../test/unittest/layers/unittest_layers_layer_normalization.cpp:302: 13

../test/unittest/layers/unittest_layers_layer_normalization.cpp:304: Failure
The difference between actual[i] and expected[i] is 1.4717755000884201, which exceeds atol + 3e-5 * std::abs(expected[i]), where
actual[i] evaluates to 2.0084774494171143,
expected[i] evaluates to 3.4802529495055343, and
atol + 3e-5 * std::abs(expected[i]) evaluates to 0.00013440758848516602.
Google Test trace:
../test/unittest/layers/unittest_layers_layer_normalization.cpp:302: 14

../test/unittest/layers/unittest_layers_layer_normalization.cpp:304: Failure
The difference between actual[i] and expected[i] is 2.9139749536836677, which exceeds atol + 3e-5 * std::abs(expected[i]), where
actual[i] evaluates to 0.92473071813583374,
expected[i] evaluates to -1.9892442355478339, and
atol + 3e-5 * std::abs(expected[i]) evaluates to 8.9677327066435013e-05.
Google Test trace:
../test/unittest/layers/unittest_layers_layer_normalization.cpp:302: 15

../test/unittest/layers/unittest_layers_layer_normalization.cpp:304: Failure
The difference between actual[i] and expected[i] is 0.54028888877888259, which exceeds atol + 3e-5 * std::abs(expected[i]), where
actual[i] evaluates to -0.15901601314544678,
expected[i] evaluates to 0.38127287563343581, and
atol + 3e-5 * std::abs(expected[i]) evaluates to 4.1438186269003076e-05.
Google Test trace:
../test/unittest/layers/unittest_layers_layer_normalization.cpp:302: 16

../test/unittest/layers/unittest_layers_layer_normalization.cpp:304: Failure
The difference between actual[i] and expected[i] is 1.1357170617950652, which exceeds atol + 3e-5 * std::abs(expected[i]), where
actual[i] evaluates to -0.28070303797721863,
expected[i] evaluates to -1.4164200997722838, and
atol + 3e-5 * std::abs(expected[i]) evaluates to 7.2492602993168509e-05.
Google Test trace:
../test/unittest/layers/unittest_layers_layer_normalization.cpp:302: 17

../test/unittest/layers/unittest_layers_layer_normalization.cpp:304: Failure
The difference between actual[i] and expected[i] is 2.0572751819169612, which exceeds atol + 3e-5 * std::abs(expected[i]), where
actual[i] evaluates to -1.3644497394561768,
expected[i] evaluates to -3.421724921373138, and
atol + 3e-5 * std::abs(expected[i]) evaluates to 0.00013265174764119414.
Google Test trace:
../test/unittest/layers/unittest_layers_layer_normalization.cpp:302: 18

../test/unittest/layers/unittest_layers_layer_normalization.cpp:304: Failure
The difference between actual[i] and expected[i] is 1.9188222271549895, which exceeds atol + 3e-5 * std::abs(expected[i]), where
actual[i] evaluates to -1.486136794090271,
expected[i] evaluates to 0.43268543306471863, and
atol + 3e-5 * std::abs(expected[i]) evaluates to 4.2980562991941557e-05.
Google Test trace:
../test/unittest/layers/unittest_layers_layer_normalization.cpp:302: 19

../test/unittest/layers/unittest_layers_layer_normalization.cpp:304: Failure
The difference between actual[i] and expected[i] is 1.7376247367067961, which exceeds atol + 3e-5 * std::abs(expected[i]), where
actual[i] evaluates to 2.1705904006958008,
expected[i] evaluates to 0.43296566398900477, and
atol + 3e-5 * std::abs(expected[i]) evaluates to 4.2988969919670142e-05.
Google Test trace:
../test/unittest/layers/unittest_layers_layer_normalization.cpp:302: 20

../test/unittest/layers/unittest_layers_layer_normalization.cpp:304: Failure
The difference between actual[i] and expected[i] is 1.8989650792263211, which exceeds atol + 3e-5 * std::abs(expected[i]), where
actual[i] evaluates to 1.0868436098098755,
expected[i] evaluates to 2.9858086890361966, and
atol + 3e-5 * std::abs(expected[i]) evaluates to 0.0001195742606710859.
Google Test trace:
../test/unittest/layers/unittest_layers_layer_normalization.cpp:302: 21

../test/unittest/layers/unittest_layers_layer_normalization.cpp:304: Failure
The difference between actual[i] and expected[i] is 3.6058850327296628, which exceeds atol + 3e-5 * std::abs(expected[i]), where
actual[i] evaluates to 0.96515655517578125,
expected[i] evaluates to -2.6407284775538815, and
atol + 3e-5 * std::abs(expected[i]) evaluates to 0.00010922185432661645.
Google Test trace:
../test/unittest/layers/unittest_layers_layer_normalization.cpp:302: 22

../test/unittest/layers/unittest_layers_layer_normalization.cpp:304: Failure
The difference between actual[i] and expected[i] is 0.33394718608942103, which exceeds atol + 3e-5 * std::abs(expected[i]), where
actual[i] evaluates to -0.1185900941491127,
expected[i] evaluates to -0.45253728023853373, and
atol + 3e-5 * std::abs(expected[i]) evaluates to 4.3576118407156012e-05.
Google Test trace:
../test/unittest/layers/unittest_layers_layer_normalization.cpp:302: 23

../test/unittest/layers/unittest_layers_layer_normalization.cpp:304: Failure
The difference between actual[i] and expected[i] is 2.3419036534076314, which exceeds atol + 3e-5 * std::abs(expected[i]), where
actual[i] evaluates to -0.97174614667892456,
expected[i] evaluates to 1.3701575067287068, and
atol + 3e-5 * std::abs(expected[i]) evaluates to 7.1104725201861211e-05.
Google Test trace:
../test/unittest/layers/unittest_layers_layer_normalization.cpp:302: 24

../test/unittest/layers/unittest_layers_layer_normalization.cpp:304: Failure
The difference between actual[i] and expected[i] is 2.2623045452712707, which exceeds atol + 3e-5 * std::abs(expected[i]), where
actual[i] evaluates to -1.1874645948410034,
expected[i] evaluates to 1.0748399504302673, and
atol + 3e-5 * std::abs(expected[i]) evaluates to 6.2245198512908014e-05.
Google Test trace:
../test/unittest/layers/unittest_layers_layer_normalization.cpp:302: 25

../test/unittest/layers/unittest_layers_layer_normalization.cpp:304: Failure
The difference between actual[i] and expected[i] is 0.13860105838367076, which exceeds atol + 3e-5 * std::abs(expected[i]), where
actual[i] evaluates to -2.2069785594940186,
expected[i] evaluates to -2.0683775011103478, and
atol + 3e-5 * std::abs(expected[i]) evaluates to 9.2051325033310437e-05.
Google Test trace:
../test/unittest/layers/unittest_layers_layer_normalization.cpp:302: 26

../test/unittest/layers/unittest_layers_layer_normalization.cpp:304: Failure
The difference between actual[i] and expected[i] is 2.8977042708092569, which exceeds atol + 3e-5 * std::abs(expected[i]), where
actual[i] evaluates to 1.4754694700241089,
expected[i] evaluates to 4.3731737408333657, and
atol + 3e-5 * std::abs(expected[i]) evaluates to 0.00016119521222500096.
Google Test trace:
../test/unittest/layers/unittest_layers_layer_normalization.cpp:302: 27

../test/unittest/layers/unittest_layers_layer_normalization.cpp:304: Failure
The difference between actual[i] and expected[i] is 2.6072356668285384, which exceeds atol + 3e-5 * std::abs(expected[i]), where
actual[i] evaluates to 1.2597510814666748,
expected[i] evaluates to -1.3474845853618638, and
atol + 3e-5 * std::abs(expected[i]) evaluates to 7.0424537560855911e-05.
Google Test trace:
../test/unittest/layers/unittest_layers_layer_normalization.cpp:302: 28

../test/unittest/layers/unittest_layers_layer_normalization.cpp:304: Failure
The difference between actual[i] and expected[i] is 0.20982186036997488, which exceeds atol + 3e-5 * std::abs(expected[i]), where
actual[i] evaluates to 0.24023713171482086,
expected[i] evaluates to 0.030415271344845982, and
atol + 3e-5 * std::abs(expected[i]) evaluates to 3.0912458140345381e-05.
Google Test trace:
../test/unittest/layers/unittest_layers_layer_normalization.cpp:302: 29

../test/unittest/layers/unittest_layers_layer_normalization.cpp:304: Failure
The difference between actual[i] and expected[i] is 0.10857639911102242, which exceeds atol + 3e-5 * std::abs(expected[i]), where
actual[i] evaluates to 0.024518806487321854,
expected[i] evaluates to -0.084057592623700564, and
atol + 3e-5 * std::abs(expected[i]) evaluates to 3.2521727778711017e-05.
Google Test trace:
../test/unittest/layers/unittest_layers_layer_normalization.cpp:302: 30

../test/unittest/layers/unittest_layers_layer_normalization.cpp:304: Failure
The difference between actual[i] and expected[i] is 2.0514351154376333, which exceeds atol + 3e-5 * std::abs(expected[i]), where
actual[i] evaluates to -0.99499523639678955,
expected[i] evaluates to -3.0464303518344229, and
atol + 3e-5 * std::abs(expected[i]) evaluates to 0.00012139291055503269.
Google Test trace:
../test/unittest/layers/unittest_layers_layer_normalization.cpp:302: 31

../test/unittest/layers/unittest_layers_layer_normalization.cpp:304: Failure
The difference between actual[i] and expected[i] is 3.782027860190059, which exceeds atol + 3e-5 * std::abs(expected[i]), where
actual[i] evaluates to -2.0145092010498047,
expected[i] evaluates to 1.7675186591402541, and
atol + 3e-5 * std::abs(expected[i]) evaluates to 8.3025559774207631e-05.
Google Test trace:
../test/unittest/layers/unittest_layers_layer_normalization.cpp:302: 32

../test/unittest/layers/unittest_layers_layer_normalization.cpp:304: Failure
The difference between actual[i] and expected[i] is 0.99953342093137887, which exceeds atol + 3e-5 * std::abs(expected[i]), where
actual[i] evaluates to 2.4717345237731934,
expected[i] evaluates to 1.4722011028418145, and
atol + 3e-5 * std::abs(expected[i]) evaluates to 7.4166033085254433e-05.
Google Test trace:
../test/unittest/layers/unittest_layers_layer_normalization.cpp:302: 33

../test/unittest/layers/unittest_layers_layer_normalization.cpp:304: Failure
The difference between actual[i] and expected[i] is 1.5787252119675288, which exceeds atol + 3e-5 * std::abs(expected[i]), where
actual[i] evaluates to 1.4522204399108887,
expected[i] evaluates to 3.0309456518784175, and
atol + 3e-5 * std::abs(expected[i]) evaluates to 0.00012092836955635252.
Google Test trace:
../test/unittest/layers/unittest_layers_layer_normalization.cpp:302: 34

../test/unittest/layers/unittest_layers_layer_normalization.cpp:304: Failure
The difference between actual[i] and expected[i] is 1.9917356645476036, which exceeds atol + 3e-5 * std::abs(expected[i]), where
actual[i] evaluates to 0.4327063262462616,
expected[i] evaluates to -1.559029338301342, and
atol + 3e-5 * std::abs(expected[i]) evaluates to 7.6770880149040264e-05.
Google Test trace:
../test/unittest/layers/unittest_layers_layer_normalization.cpp:302: 35

../test/unittest/layers/unittest_layers_layer_normalization.cpp:304: Failure
The difference between actual[i] and expected[i] is 0.098801386263139668, which exceeds atol + 3e-5 * std::abs(expected[i]), where
actual[i] evaluates to 0.21698802709579468,
expected[i] evaluates to 0.31578941335893435, and
atol + 3e-5 * std::abs(expected[i]) evaluates to 3.9473682400768034e-05.
Google Test trace:
../test/unittest/layers/unittest_layers_layer_normalization.cpp:302: 36

../test/unittest/layers/unittest_layers_layer_normalization.cpp:304: Failure
The difference between actual[i] and expected[i] is 0.14523426693890018, which exceeds atol + 3e-5 * std::abs(expected[i]), where
actual[i] evaluates to -0.80252599716186523,
expected[i] evaluates to -0.65729173022296505, and
atol + 3e-5 * std::abs(expected[i]) evaluates to 4.9718751906688951e-05.
Google Test trace:
../test/unittest/layers/unittest_layers_layer_normalization.cpp:302: 37

../test/unittest/layers/unittest_layers_layer_normalization.cpp:304: Failure
The difference between actual[i] and expected[i] is 2.104501327970111, which exceeds atol + 3e-5 * std::abs(expected[i]), where
actual[i] evaluates to -1.0182442665100098,
expected[i] evaluates to -3.1227455944801208, and
atol + 3e-5 * std::abs(expected[i]) evaluates to 0.00012368236783440363.
Google Test trace:
../test/unittest/layers/unittest_layers_layer_normalization.cpp:302: 38

../test/unittest/layers/unittest_layers_layer_normalization.cpp:304: Failure
The difference between actual[i] and expected[i] is 5.5374086901658011, which exceeds atol + 3e-5 * std::abs(expected[i]), where
actual[i] evaluates to -2.0377583503723145,
expected[i] evaluates to 3.4996503397934866, and
atol + 3e-5 * std::abs(expected[i]) evaluates to 0.00013498951019380459.
Google Test trace:
../test/unittest/layers/unittest_layers_layer_normalization.cpp:302: 39

../test/unittest/layers/unittest_layers_layer_normalization.cpp:304: Failure
The difference between actual[i] and expected[i] is 1.6499462947620176, which exceeds atol + 3e-5 * std::abs(expected[i]), where
actual[i] evaluates to 1.6446897983551025,
expected[i] evaluates to -0.0052564964069150471, and
atol + 3e-5 * std::abs(expected[i]) evaluates to 3.0157694892207452e-05.
Google Test trace:
../test/unittest/layers/unittest_layers_layer_normalization.cpp:302: 40

../test/unittest/layers/unittest_layers_layer_normalization.cpp:304: Failure
The difference between actual[i] and expected[i] is 0.62143565699487535, which exceeds atol + 3e-5 * std::abs(expected[i]), where
actual[i] evaluates to 1.4289712905883789,
expected[i] evaluates to 2.0504069475832543, and
atol + 3e-5 * std::abs(expected[i]) evaluates to 9.1512208427497633e-05.
Google Test trace:
../test/unittest/layers/unittest_layers_layer_normalization.cpp:302: 41

../test/unittest/layers/unittest_layers_layer_normalization.cpp:304: Failure
The difference between actual[i] and expected[i] is 0.84871320019820673, which exceeds atol + 3e-5 * std::abs(expected[i]), where
actual[i] evaluates to 0.40945729613304138,
expected[i] evaluates to 1.2581704963312481, and
atol + 3e-5 * std::abs(expected[i]) evaluates to 6.7745114889937444e-05.
Google Test trace:
../test/unittest/layers/unittest_layers_layer_normalization.cpp:302: 42

../test/unittest/layers/unittest_layers_layer_normalization.cpp:304: Failure
The difference between actual[i] and expected[i] is 0.8951461106762898, which exceeds atol + 3e-5 * std::abs(expected[i]), where
actual[i] evaluates to -0.61005675792694092,
expected[i] evaluates to 0.28508935274934888, and
atol + 3e-5 * std::abs(expected[i]) evaluates to 3.8552680582480468e-05.
Google Test trace:
../test/unittest/layers/unittest_layers_layer_normalization.cpp:302: 43

../test/unittest/layers/unittest_layers_layer_normalization.cpp:304: Failure
The difference between actual[i] and expected[i] is 0.63470225060539132, which exceeds atol + 3e-5 * std::abs(expected[i]), where
actual[i] evaluates to -0.825775146484375,
expected[i] evaluates to -0.19107289587898368, and
atol + 3e-5 * std::abs(expected[i]) evaluates to 3.5732186876369511e-05.
Google Test trace:
../test/unittest/layers/unittest_layers_layer_normalization.cpp:302: 44

../test/unittest/layers/unittest_layers_layer_normalization.cpp:304: Failure
The difference between actual[i] and expected[i] is 1.6698459286121019, which exceeds atol + 3e-5 * std::abs(expected[i]), where
actual[i] evaluates to -1.8452891111373901,
expected[i] evaluates to -3.515135039749492, and
atol + 3e-5 * std::abs(expected[i]) evaluates to 0.00013545405119248476.
Google Test trace:
../test/unittest/layers/unittest_layers_layer_normalization.cpp:302: 45

../test/unittest/layers/unittest_layers_layer_normalization.cpp:304: Failure
The difference between actual[i] and expected[i] is 6.3253751017121287, which exceeds atol + 3e-5 * std::abs(expected[i]), where
actual[i] evaluates to 1.8371589183807373,
expected[i] evaluates to -4.4882161833313914, and
atol + 3e-5 * std::abs(expected[i]) evaluates to 0.00016464648549994174.
Google Test trace:
../test/unittest/layers/unittest_layers_layer_normalization.cpp:302: 46

../test/unittest/layers/unittest_layers_layer_normalization.cpp:304: Failure
The difference between actual[i] and expected[i] is 2.0647017727449914, which exceeds atol + 3e-5 * std::abs(expected[i]), where
actual[i] evaluates to 1.6214406490325928,
expected[i] evaluates to -0.44326112371239879, and
atol + 3e-5 * std::abs(expected[i]) evaluates to 4.3297833711371962e-05.
Google Test trace:
../test/unittest/layers/unittest_layers_layer_normalization.cpp:302: 47

[  FAILED  ] EveryNonBatchAxis/LayerNormAxesAudit.AffineOutputAndAllGradients/12, where GetParam() = (7, false) (0 ms)
[ RUN      ] EveryNonBatchAxis/LayerNormAxesAudit.AffineOutputAndAllGradients/13
../test/unittest/layers/unittest_layers_layer_normalization.cpp:304: Failure
The difference between actual[i] and expected[i] is 4.8360368204798601, which exceeds atol + 3e-5 * std::abs(expected[i]), where
actual[i] evaluates to -1.8507885932922363,
expected[i] evaluates to 2.9852482271876237, and
atol + 3e-5 * std::abs(expected[i]) evaluates to 0.00011955744681562872.
Google Test trace:
../test/unittest/layers/unittest_layers_layer_normalization.cpp:302: 0

../test/unittest/layers/unittest_layers_layer_normalization.cpp:304: Failure
The difference between actual[i] and expected[i] is 3.3785578708206812, which exceeds atol + 3e-5 * std::abs(expected[i]), where
actual[i] evaluates to 1.8059384822845459,
expected[i] evaluates to -1.5726193885361353, and
atol + 3e-5 * std::abs(expected[i]) evaluates to 7.7178581656084055e-05.
Google Test trace:
../test/unittest/layers/unittest_layers_layer_normalization.cpp:302: 1

../test/unittest/layers/unittest_layers_layer_normalization.cpp:304: Failure
The difference between actual[i] and expected[i] is 0.44035773976906789, which exceeds atol + 3e-5 * std::abs(expected[i]), where
actual[i] evaluates to 0.72219181060791016,
expected[i] evaluates to 1.162549550376978, and
atol + 3e-5 * std::abs(expected[i]) evaluates to 6.4876486511309341e-05.
Google Test trace:
../test/unittest/layers/unittest_layers_layer_normalization.cpp:302: 2

../test/unittest/layers/unittest_layers_layer_normalization.cpp:304: Failure
The difference between actual[i] and expected[i] is 0.8709963532707139, which exceeds atol + 3e-5 * std::abs(expected[i]), where
actual[i] evaluates to 0.60050475597381592,
expected[i] evaluates to -0.27049159729689798, and
atol + 3e-5 * std::abs(expected[i]) evaluates to 3.8114747918906943e-05.
Google Test trace:
../test/unittest/layers/unittest_layers_layer_normalization.cpp:302: 3

../test/unittest/layers/unittest_layers_layer_normalization.cpp:304: Failure
The difference between actual[i] and expected[i] is 0.57768240686437389, which exceeds atol + 3e-5 * std::abs(expected[i]), where
actual[i] evaluates to -0.48324194550514221,
expected[i] evaluates to 0.094440461359231662, and
atol + 3e-5 * std::abs(expected[i]) evaluates to 3.283321384077695e-05.
Google Test trace:
../test/unittest/layers/unittest_layers_layer_normalization.cpp:302: 4

../test/unittest/layers/unittest_layers_layer_normalization.cpp:304: Failure
The difference between actual[i] and expected[i] is 1.8440350743196057, which exceeds atol + 3e-5 * std::abs(expected[i]), where
actual[i] evaluates to -1.566988468170166,
expected[i] evaluates to 0.27704660614943966, and
atol + 3e-5 * std::abs(expected[i]) evaluates to 3.8311398184483188e-05.
Google Test trace:
../test/unittest/layers/unittest_layers_layer_normalization.cpp:302: 5

../test/unittest/layers/unittest_layers_layer_normalization.cpp:304: Failure
The difference between actual[i] and expected[i] is 2.0198816936337924, which exceeds atol + 3e-5 * std::abs(expected[i]), where
actual[i] evaluates to -1.6886756420135498,
expected[i] evaluates to -3.7085573356473422, and
atol + 3e-5 * std::abs(expected[i]) evaluates to 0.00014125672006942027.
Google Test trace:
../test/unittest/layers/unittest_layers_layer_normalization.cpp:302: 6

../test/unittest/layers/unittest_layers_layer_normalization.cpp:304: Failure
The difference between actual[i] and expected[i] is 4.3515967243394114, which exceeds atol + 3e-5 * std::abs(expected[i]), where
actual[i] evaluates to 1.9680514335632324,
expected[i] evaluates to 6.3196481579026438, and
atol + 3e-5 * std::abs(expected[i]) evaluates to 0.00021958944473707932.
Google Test trace:
../test/unittest/layers/unittest_layers_layer_normalization.cpp:302: 7

../test/unittest/layers/unittest_layers_layer_normalization.cpp:304: Failure
The difference between actual[i] and expected[i] is 1.8574129276965392, which exceeds atol + 3e-5 * std::abs(expected[i]), where
actual[i] evaluates to 0.88430476188659668,
expected[i] evaluates to -0.97310816580994253, and
atol + 3e-5 * std::abs(expected[i]) evaluates to 5.919324497429828e-05.
Google Test trace:
../test/unittest/layers/unittest_layers_layer_normalization.cpp:302: 8

../test/unittest/layers/unittest_layers_layer_normalization.cpp:304: Failure
The difference between actual[i] and expected[i] is 1.1631819086065365, which exceeds atol + 3e-5 * std::abs(expected[i]), where
actual[i] evaluates to 0.76261764764785767,
expected[i] evaluates to -0.40056426095867875, and
atol + 3e-5 * std::abs(expected[i]) evaluates to 4.2016927828760361e-05.
Google Test trace:
../test/unittest/layers/unittest_layers_layer_normalization.cpp:302: 9

../test/unittest/layers/unittest_layers_layer_normalization.cpp:304: Failure
The difference between actual[i] and expected[i] is 0.28549676212158431, which exceeds atol + 3e-5 * std::abs(expected[i]), where
actual[i] evaluates to -0.3211289644241333,
expected[i] evaluates to -0.035632202302548974, and
atol + 3e-5 * std::abs(expected[i]) evaluates to 3.1068966069076469e-05.
Google Test trace:
../test/unittest/layers/unittest_layers_layer_normalization.cpp:302: 10

../test/unittest/layers/unittest_layers_layer_normalization.cpp:304: Failure
The difference between actual[i] and expected[i] is 0.61507589387509887, which exceeds atol + 3e-5 * std::abs(expected[i]), where
actual[i] evaluates to -0.44281601905822754,
expected[i] evaluates to 0.1722598748168713, and
atol + 3e-5 * std::abs(expected[i]) evaluates to 3.5167796244506138e-05.
Google Test trace:
../test/unittest/layers/unittest_layers_layer_normalization.cpp:302: 11

../test/unittest/layers/unittest_layers_layer_normalization.cpp:304: Failure
The difference between actual[i] and expected[i] is 1.6991027964760206, which exceeds atol + 3e-5 * std::abs(expected[i]), where
actual[i] evaluates to -1.5265626907348633,
expected[i] evaluates to 0.17254010574115727, and
atol + 3e-5 * std::abs(expected[i]) evaluates to 3.5176203172234716e-05.
Google Test trace:
../test/unittest/layers/unittest_layers_layer_normalization.cpp:302: 12

../test/unittest/layers/unittest_layers_layer_normalization.cpp:304: Failure
The difference between actual[i] and expected[i] is 0.59521873268588088, which exceeds atol + 3e-5 * std::abs(expected[i]), where
actual[i] evaluates to -2.610309362411499,
expected[i] evaluates to -2.0150906297256181, and
atol + 3e-5 * std::abs(expected[i]) evaluates to 9.045271889176855e-05.
Google Test trace:
../test/unittest/layers/unittest_layers_layer_normalization.cpp:302: 13

../test/unittest/layers/unittest_layers_layer_normalization.cpp:304: Failure
The difference between actual[i] and expected[i] is 1.4717755000884201, which exceeds atol + 3e-5 * std::abs(expected[i]), where
actual[i] evaluates to 2.0084774494171143,
expected[i] evaluates to 3.4802529495055343, and
atol + 3e-5 * std::abs(expected[i]) evaluates to 0.00013440758848516602.
Google Test trace:
../test/unittest/layers/unittest_layers_layer_normalization.cpp:302: 14

../test/unittest/layers/unittest_layers_layer_normalization.cpp:304: Failure
The difference between actual[i] and expected[i] is 2.9139749536836677, which exceeds atol + 3e-5 * std::abs(expected[i]), where
actual[i] evaluates to 0.92473071813583374,
expected[i] evaluates to -1.9892442355478339, and
atol + 3e-5 * std::abs(expected[i]) evaluates to 8.9677327066435013e-05.
Google Test trace:
../test/unittest/layers/unittest_layers_layer_normalization.cpp:302: 15

../test/unittest/layers/unittest_layers_layer_normalization.cpp:304: Failure
The difference between actual[i] and expected[i] is 0.54028888877888259, which exceeds atol + 3e-5 * std::abs(expected[i]), where
actual[i] evaluates to -0.15901601314544678,
expected[i] evaluates to 0.38127287563343581, and
atol + 3e-5 * std::abs(expected[i]) evaluates to 4.1438186269003076e-05.
Google Test trace:
../test/unittest/layers/unittest_layers_layer_normalization.cpp:302: 16

../test/unittest/layers/unittest_layers_layer_normalization.cpp:304: Failure
The difference between actual[i] and expected[i] is 1.1357170617950652, which exceeds atol + 3e-5 * std::abs(expected[i]), where
actual[i] evaluates to -0.28070303797721863,
expected[i] evaluates to -1.4164200997722838, and
atol + 3e-5 * std::abs(expected[i]) evaluates to 7.2492602993168509e-05.
Google Test trace:
../test/unittest/layers/unittest_layers_layer_normalization.cpp:302: 17

../test/unittest/layers/unittest_layers_layer_normalization.cpp:304: Failure
The difference between actual[i] and expected[i] is 2.0572751819169612, which exceeds atol + 3e-5 * std::abs(expected[i]), where
actual[i] evaluates to -1.3644497394561768,
expected[i] evaluates to -3.421724921373138, and
atol + 3e-5 * std::abs(expected[i]) evaluates to 0.00013265174764119414.
Google Test trace:
../test/unittest/layers/unittest_layers_layer_normalization.cpp:302: 18

../test/unittest/layers/unittest_layers_layer_normalization.cpp:304: Failure
The difference between actual[i] and expected[i] is 1.9188222271549895, which exceeds atol + 3e-5 * std::abs(expected[i]), where
actual[i] evaluates to -1.486136794090271,
expected[i] evaluates to 0.43268543306471863, and
atol + 3e-5 * std::abs(expected[i]) evaluates to 4.2980562991941557e-05.
Google Test trace:
../test/unittest/layers/unittest_layers_layer_normalization.cpp:302: 19

../test/unittest/layers/unittest_layers_layer_normalization.cpp:304: Failure
The difference between actual[i] and expected[i] is 1.7376247367067961, which exceeds atol + 3e-5 * std::abs(expected[i]), where
actual[i] evaluates to 2.1705904006958008,
expected[i] evaluates to 0.43296566398900477, and
atol + 3e-5 * std::abs(expected[i]) evaluates to 4.2988969919670142e-05.
Google Test trace:
../test/unittest/layers/unittest_layers_layer_normalization.cpp:302: 20

../test/unittest/layers/unittest_layers_layer_normalization.cpp:304: Failure
The difference between actual[i] and expected[i] is 1.8989650792263211, which exceeds atol + 3e-5 * std::abs(expected[i]), where
actual[i] evaluates to 1.0868436098098755,
expected[i] evaluates to 2.9858086890361966, and
atol + 3e-5 * std::abs(expected[i]) evaluates to 0.0001195742606710859.
Google Test trace:
../test/unittest/layers/unittest_layers_layer_normalization.cpp:302: 21

../test/unittest/layers/unittest_layers_layer_normalization.cpp:304: Failure
The difference between actual[i] and expected[i] is 3.6058850327296628, which exceeds atol + 3e-5 * std::abs(expected[i]), where
actual[i] evaluates to 0.96515655517578125,
expected[i] evaluates to -2.6407284775538815, and
atol + 3e-5 * std::abs(expected[i]) evaluates to 0.00010922185432661645.
Google Test trace:
../test/unittest/layers/unittest_layers_layer_normalization.cpp:302: 22

../test/unittest/layers/unittest_layers_layer_normalization.cpp:304: Failure
The difference between actual[i] and expected[i] is 0.33394718608942103, which exceeds atol + 3e-5 * std::abs(expected[i]), where
actual[i] evaluates to -0.1185900941491127,
expected[i] evaluates to -0.45253728023853373, and
atol + 3e-5 * std::abs(expected[i]) evaluates to 4.3576118407156012e-05.
Google Test trace:
../test/unittest/layers/unittest_layers_layer_normalization.cpp:302: 23

../test/unittest/layers/unittest_layers_layer_normalization.cpp:304: Failure
The difference between actual[i] and expected[i] is 2.3419036534076314, which exceeds atol + 3e-5 * std::abs(expected[i]), where
actual[i] evaluates to -0.97174614667892456,
expected[i] evaluates to 1.3701575067287068, and
atol + 3e-5 * std::abs(expected[i]) evaluates to 7.1104725201861211e-05.
Google Test trace:
../test/unittest/layers/unittest_layers_layer_normalization.cpp:302: 24

../test/unittest/layers/unittest_layers_layer_normalization.cpp:304: Failure
The difference between actual[i] and expected[i] is 2.2623045452712707, which exceeds atol + 3e-5 * std::abs(expected[i]), where
actual[i] evaluates to -1.1874645948410034,
expected[i] evaluates to 1.0748399504302673, and
atol + 3e-5 * std::abs(expected[i]) evaluates to 6.2245198512908014e-05.
Google Test trace:
../test/unittest/layers/unittest_layers_layer_normalization.cpp:302: 25

../test/unittest/layers/unittest_layers_layer_normalization.cpp:304: Failure
The difference between actual[i] and expected[i] is 0.13860105838367076, which exceeds atol + 3e-5 * std::abs(expected[i]), where
actual[i] evaluates to -2.2069785594940186,
expected[i] evaluates to -2.0683775011103478, and
atol + 3e-5 * std::abs(expected[i]) evaluates to 9.2051325033310437e-05.
Google Test trace:
../test/unittest/layers/unittest_layers_layer_normalization.cpp:302: 26

../test/unittest/layers/unittest_layers_layer_normalization.cpp:304: Failure
The difference between actual[i] and expected[i] is 2.8977042708092569, which exceeds atol + 3e-5 * std::abs(expected[i]), where
actual[i] evaluates to 1.4754694700241089,
expected[i] evaluates to 4.3731737408333657, and
atol + 3e-5 * std::abs(expected[i]) evaluates to 0.00016119521222500096.
Google Test trace:
../test/unittest/layers/unittest_layers_layer_normalization.cpp:302: 27

../test/unittest/layers/unittest_layers_layer_normalization.cpp:304: Failure
The difference between actual[i] and expected[i] is 2.6072356668285384, which exceeds atol + 3e-5 * std::abs(expected[i]), where
actual[i] evaluates to 1.2597510814666748,
expected[i] evaluates to -1.3474845853618638, and
atol + 3e-5 * std::abs(expected[i]) evaluates to 7.0424537560855911e-05.
Google Test trace:
../test/unittest/layers/unittest_layers_layer_normalization.cpp:302: 28

../test/unittest/layers/unittest_layers_layer_normalization.cpp:304: Failure
The difference between actual[i] and expected[i] is 0.20982186036997488, which exceeds atol + 3e-5 * std::abs(expected[i]), where
actual[i] evaluates to 0.24023713171482086,
expected[i] evaluates to 0.030415271344845982, and
atol + 3e-5 * std::abs(expected[i]) evaluates to 3.0912458140345381e-05.
Google Test trace:
../test/unittest/layers/unittest_layers_layer_normalization.cpp:302: 29

../test/unittest/layers/unittest_layers_layer_normalization.cpp:304: Failure
The difference between actual[i] and expected[i] is 0.10857639911102242, which exceeds atol + 3e-5 * std::abs(expected[i]), where
actual[i] evaluates to 0.024518806487321854,
expected[i] evaluates to -0.084057592623700564, and
atol + 3e-5 * std::abs(expected[i]) evaluates to 3.2521727778711017e-05.
Google Test trace:
../test/unittest/layers/unittest_layers_layer_normalization.cpp:302: 30

../test/unittest/layers/unittest_layers_layer_normalization.cpp:304: Failure
The difference between actual[i] and expected[i] is 2.0514351154376333, which exceeds atol + 3e-5 * std::abs(expected[i]), where
actual[i] evaluates to -0.99499523639678955,
expected[i] evaluates to -3.0464303518344229, and
atol + 3e-5 * std::abs(expected[i]) evaluates to 0.00012139291055503269.
Google Test trace:
../test/unittest/layers/unittest_layers_layer_normalization.cpp:302: 31

../test/unittest/layers/unittest_layers_layer_normalization.cpp:304: Failure
The difference between actual[i] and expected[i] is 3.782027860190059, which exceeds atol + 3e-5 * std::abs(expected[i]), where
actual[i] evaluates to -2.0145092010498047,
expected[i] evaluates to 1.7675186591402541, and
atol + 3e-5 * std::abs(expected[i]) evaluates to 8.3025559774207631e-05.
Google Test trace:
../test/unittest/layers/unittest_layers_layer_normalization.cpp:302: 32

../test/unittest/layers/unittest_layers_layer_normalization.cpp:304: Failure
The difference between actual[i] and expected[i] is 0.99953342093137887, which exceeds atol + 3e-5 * std::abs(expected[i]), where
actual[i] evaluates to 2.4717345237731934,
expected[i] evaluates to 1.4722011028418145, and
atol + 3e-5 * std::abs(expected[i]) evaluates to 7.4166033085254433e-05.
Google Test trace:
../test/unittest/layers/unittest_layers_layer_normalization.cpp:302: 33

../test/unittest/layers/unittest_layers_layer_normalization.cpp:304: Failure
The difference between actual[i] and expected[i] is 1.5787252119675288, which exceeds atol + 3e-5 * std::abs(expected[i]), where
actual[i] evaluates to 1.4522204399108887,
expected[i] evaluates to 3.0309456518784175, and
atol + 3e-5 * std::abs(expected[i]) evaluates to 0.00012092836955635252.
Google Test trace:
../test/unittest/layers/unittest_layers_layer_normalization.cpp:302: 34

../test/unittest/layers/unittest_layers_layer_normalization.cpp:304: Failure
The difference between actual[i] and expected[i] is 1.9917356645476036, which exceeds atol + 3e-5 * std::abs(expected[i]), where
actual[i] evaluates to 0.4327063262462616,
expected[i] evaluates to -1.559029338301342, and
atol + 3e-5 * std::abs(expected[i]) evaluates to 7.6770880149040264e-05.
Google Test trace:
../test/unittest/layers/unittest_layers_layer_normalization.cpp:302: 35

../test/unittest/layers/unittest_layers_layer_normalization.cpp:304: Failure
The difference between actual[i] and expected[i] is 0.098801386263139668, which exceeds atol + 3e-5 * std::abs(expected[i]), where
actual[i] evaluates to 0.21698802709579468,
expected[i] evaluates to 0.31578941335893435, and
atol + 3e-5 * std::abs(expected[i]) evaluates to 3.9473682400768034e-05.
Google Test trace:
../test/unittest/layers/unittest_layers_layer_normalization.cpp:302: 36

../test/unittest/layers/unittest_layers_layer_normalization.cpp:304: Failure
The difference between actual[i] and expected[i] is 0.14523426693890018, which exceeds atol + 3e-5 * std::abs(expected[i]), where
actual[i] evaluates to -0.80252599716186523,
expected[i] evaluates to -0.65729173022296505, and
atol + 3e-5 * std::abs(expected[i]) evaluates to 4.9718751906688951e-05.
Google Test trace:
../test/unittest/layers/unittest_layers_layer_normalization.cpp:302: 37

../test/unittest/layers/unittest_layers_layer_normalization.cpp:304: Failure
The difference between actual[i] and expected[i] is 2.104501327970111, which exceeds atol + 3e-5 * std::abs(expected[i]), where
actual[i] evaluates to -1.0182442665100098,
expected[i] evaluates to -3.1227455944801208, and
atol + 3e-5 * std::abs(expected[i]) evaluates to 0.00012368236783440363.
Google Test trace:
../test/unittest/layers/unittest_layers_layer_normalization.cpp:302: 38

../test/unittest/layers/unittest_layers_layer_normalization.cpp:304: Failure
The difference between actual[i] and expected[i] is 5.5374086901658011, which exceeds atol + 3e-5 * std::abs(expected[i]), where
actual[i] evaluates to -2.0377583503723145,
expected[i] evaluates to 3.4996503397934866, and
atol + 3e-5 * std::abs(expected[i]) evaluates to 0.00013498951019380459.
Google Test trace:
../test/unittest/layers/unittest_layers_layer_normalization.cpp:302: 39

../test/unittest/layers/unittest_layers_layer_normalization.cpp:304: Failure
The difference between actual[i] and expected[i] is 1.6499462947620176, which exceeds atol + 3e-5 * std::abs(expected[i]), where
actual[i] evaluates to 1.6446897983551025,
expected[i] evaluates to -0.0052564964069150471, and
atol + 3e-5 * std::abs(expected[i]) evaluates to 3.0157694892207452e-05.
Google Test trace:
../test/unittest/layers/unittest_layers_layer_normalization.cpp:302: 40

../test/unittest/layers/unittest_layers_layer_normalization.cpp:304: Failure
The difference between actual[i] and expected[i] is 0.62143565699487535, which exceeds atol + 3e-5 * std::abs(expected[i]), where
actual[i] evaluates to 1.4289712905883789,
expected[i] evaluates to 2.0504069475832543, and
atol + 3e-5 * std::abs(expected[i]) evaluates to 9.1512208427497633e-05.
Google Test trace:
../test/unittest/layers/unittest_layers_layer_normalization.cpp:302: 41

../test/unittest/layers/unittest_layers_layer_normalization.cpp:304: Failure
The difference between actual[i] and expected[i] is 0.84871320019820673, which exceeds atol + 3e-5 * std::abs(expected[i]), where
actual[i] evaluates to 0.40945729613304138,
expected[i] evaluates to 1.2581704963312481, and
atol + 3e-5 * std::abs(expected[i]) evaluates to 6.7745114889937444e-05.
Google Test trace:
../test/unittest/layers/unittest_layers_layer_normalization.cpp:302: 42

../test/unittest/layers/unittest_layers_layer_normalization.cpp:304: Failure
The difference between actual[i] and expected[i] is 0.8951461106762898, which exceeds atol + 3e-5 * std::abs(expected[i]), where
actual[i] evaluates to -0.61005675792694092,
expected[i] evaluates to 0.28508935274934888, and
atol + 3e-5 * std::abs(expected[i]) evaluates to 3.8552680582480468e-05.
Google Test trace:
../test/unittest/layers/unittest_layers_layer_normalization.cpp:302: 43

../test/unittest/layers/unittest_layers_layer_normalization.cpp:304: Failure
The difference between actual[i] and expected[i] is 0.63470225060539132, which exceeds atol + 3e-5 * std::abs(expected[i]), where
actual[i] evaluates to -0.825775146484375,
expected[i] evaluates to -0.19107289587898368, and
atol + 3e-5 * std::abs(expected[i]) evaluates to 3.5732186876369511e-05.
Google Test trace:
../test/unittest/layers/unittest_layers_layer_normalization.cpp:302: 44

../test/unittest/layers/unittest_layers_layer_normalization.cpp:304: Failure
The difference between actual[i] and expected[i] is 1.6698459286121019, which exceeds atol + 3e-5 * std::abs(expected[i]), where
actual[i] evaluates to -1.8452891111373901,
expected[i] evaluates to -3.515135039749492, and
atol + 3e-5 * std::abs(expected[i]) evaluates to 0.00013545405119248476.
Google Test trace:
../test/unittest/layers/unittest_layers_layer_normalization.cpp:302: 45

../test/unittest/layers/unittest_layers_layer_normalization.cpp:304: Failure
The difference between actual[i] and expected[i] is 6.3253751017121287, which exceeds atol + 3e-5 * std::abs(expected[i]), where
actual[i] evaluates to 1.8371589183807373,
expected[i] evaluates to -4.4882161833313914, and
atol + 3e-5 * std::abs(expected[i]) evaluates to 0.00016464648549994174.
Google Test trace:
../test/unittest/layers/unittest_layers_layer_normalization.cpp:302: 46

../test/unittest/layers/unittest_layers_layer_normalization.cpp:304: Failure
The difference between actual[i] and expected[i] is 2.0647017727449914, which exceeds atol + 3e-5 * std::abs(expected[i]), where
actual[i] evaluates to 1.6214406490325928,
expected[i] evaluates to -0.44326112371239879, and
atol + 3e-5 * std::abs(expected[i]) evaluates to 4.3297833711371962e-05.
Google Test trace:
../test/unittest/layers/unittest_layers_layer_normalization.cpp:302: 47

[  FAILED  ] EveryNonBatchAxis/LayerNormAxesAudit.AffineOutputAndAllGradients/13, where GetParam() = (7, true) (0 ms)
[----------] 14 tests from EveryNonBatchAxis/LayerNormAxesAudit (7 ms total)

[----------] Global test environment tear-down
[==========] 42 tests from 4 test suites ran. (23 ms total)
[  PASSED  ] 22 tests.
[  FAILED  ] 20 tests, listed below:
[  FAILED  ] LayerNormNumericalAudit.OrdinaryNonuniformGamma
[  FAILED  ] LayerNormNumericalAudit.InputGradientMatchesActualForwardFiniteDifference
[  FAILED  ] LayerNormNumericalAudit.MultiAxisInputAndWeightsMatchFiniteDifference
[  FAILED  ] LayerNormNumericalAudit.ZeroGammaMakesInputGradientZero
[  FAILED  ] LayerNormNumericalAudit.ConstantGammaScalesInputGradient
[  FAILED  ] LayerNormNumericalAudit.ConstantInputUsesEpsilon
[  FAILED  ] EveryNonBatchAxis/LayerNormAxesAudit.AffineOutputAndAllGradients/0, where GetParam() = (1, false)
[  FAILED  ] EveryNonBatchAxis/LayerNormAxesAudit.AffineOutputAndAllGradients/1, where GetParam() = (1, true)
[  FAILED  ] EveryNonBatchAxis/LayerNormAxesAudit.AffineOutputAndAllGradients/2, where GetParam() = (2, false)
[  FAILED  ] EveryNonBatchAxis/LayerNormAxesAudit.AffineOutputAndAllGradients/3, where GetParam() = (2, true)
[  FAILED  ] EveryNonBatchAxis/LayerNormAxesAudit.AffineOutputAndAllGradients/4, where GetParam() = (3, false)
[  FAILED  ] EveryNonBatchAxis/LayerNormAxesAudit.AffineOutputAndAllGradients/5, where GetParam() = (3, true)
[  FAILED  ] EveryNonBatchAxis/LayerNormAxesAudit.AffineOutputAndAllGradients/6, where GetParam() = (4, false)
[  FAILED  ] EveryNonBatchAxis/LayerNormAxesAudit.AffineOutputAndAllGradients/7, where GetParam() = (4, true)
[  FAILED  ] EveryNonBatchAxis/LayerNormAxesAudit.AffineOutputAndAllGradients/8, where GetParam() = (5, false)
[  FAILED  ] EveryNonBatchAxis/LayerNormAxesAudit.AffineOutputAndAllGradients/9, where GetParam() = (5, true)
[  FAILED  ] EveryNonBatchAxis/LayerNormAxesAudit.AffineOutputAndAllGradients/10, where GetParam() = (6, false)
[  FAILED  ] EveryNonBatchAxis/LayerNormAxesAudit.AffineOutputAndAllGradients/11, where GetParam() = (6, true)
[  FAILED  ] EveryNonBatchAxis/LayerNormAxesAudit.AffineOutputAndAllGradients/12, where GetParam() = (7, false)
[  FAILED  ] EveryNonBatchAxis/LayerNormAxesAudit.AffineOutputAndAllGradients/13, where GetParam() = (7, true)

20 FAILED TESTS
