CASE {"label":"p=0/a=1.000000/b=1.000000/w=0.000000/VJP","dtype":"float16","actual":[0,-0],"expected":[0,-0],"tolerance":0.0030000000000000001,"passed":true}
CASE {"label":"p=0/a=1.000000/b=1.000000/w=0.000000/JVP-y","dtype":"float16","actual":[0],"expected":[0],"tolerance":0.0030000000000000001,"passed":true}
CASE {"label":"p=0/a=1.000000/b=1.000000/w=0.000000/JVP-x","dtype":"float16","actual":[-0],"expected":[-0],"tolerance":0.0030000000000000001,"passed":true}
CASE {"label":"p=0/a=1.000000/b=1.000000/w=0.000000/JVP-both","dtype":"float16","actual":[0],"expected":[0],"tolerance":0.0030000000000000001,"passed":true}
CASE {"label":"p=0/a=1.000000/b=1.000000/w=1.000000/VJP","dtype":"float16","actual":[1,-1],"expected":[1,-1],"tolerance":0.0030000000000000001,"passed":true}
CASE {"label":"p=0/a=1.000000/b=1.000000/w=1.000000/JVP-y","dtype":"float16","actual":[1],"expected":[1],"tolerance":0.0030000000000000001,"passed":true}
CASE {"label":"p=0/a=1.000000/b=1.000000/w=1.000000/JVP-x","dtype":"float16","actual":[-1],"expected":[-1],"tolerance":0.0030000000000000001,"passed":true}
CASE {"label":"p=0/a=1.000000/b=1.000000/w=1.000000/JVP-both","dtype":"float16","actual":[2],"expected":[2],"tolerance":0.0030000000000000001,"passed":true}
CASE {"label":"p=0/a=1.000000/b=1.000000/w=-0.500000/VJP","dtype":"float16","actual":[-0.5,0.5],"expected":[-0.5,0.5],"tolerance":0.0030000000000000001,"passed":true}
CASE {"label":"p=0/a=1.000000/b=1.000000/w=-0.500000/JVP-y","dtype":"float16","actual":[-0.5],"expected":[-0.5],"tolerance":0.0030000000000000001,"passed":true}
CASE {"label":"p=0/a=1.000000/b=1.000000/w=-0.500000/JVP-x","dtype":"float16","actual":[0.5],"expected":[0.5],"tolerance":0.0030000000000000001,"passed":true}
CASE {"label":"p=0/a=1.000000/b=1.000000/w=-0.500000/JVP-both","dtype":"float16","actual":[-1],"expected":[-1],"tolerance":0.0030000000000000001,"passed":true}
CASE {"label":"p=0/a=1.000000/b=1.000000/radial-JVP","dtype":"float16","actual":[0],"expected":[0],"tolerance":0.0030000000000000001,"passed":true}
CASE {"label":"p=0/a=1.000000/b=1.000000/opposite-scaling-JVP","dtype":"float16","actual":[2],"expected":[2],"tolerance":0.0030000000000000001,"passed":true}
CASE {"label":"p=0/a=2.000000/b=1.000000/w=0.000000/VJP","dtype":"float16","actual":[0,-0],"expected":[0,-0],"tolerance":0.0030000000000000001,"passed":true}
CASE {"label":"p=0/a=2.000000/b=1.000000/w=0.000000/JVP-y","dtype":"float16","actual":[0],"expected":[0],"tolerance":0.0030000000000000001,"passed":true}
CASE {"label":"p=0/a=2.000000/b=1.000000/w=0.000000/JVP-x","dtype":"float16","actual":[-0],"expected":[-0],"tolerance":0.0030000000000000001,"passed":true}
CASE {"label":"p=0/a=2.000000/b=1.000000/w=0.000000/JVP-both","dtype":"float16","actual":[0],"expected":[0],"tolerance":0.0030000000000000001,"passed":true}
CASE {"label":"p=0/a=2.000000/b=1.000000/w=1.000000/VJP","dtype":"float16","actual":[1,-2],"expected":[1,-2],"tolerance":0.0030000000000000001,"passed":true}
CASE {"label":"p=0/a=2.000000/b=1.000000/w=1.000000/JVP-y","dtype":"float16","actual":[1],"expected":[1],"tolerance":0.0030000000000000001,"passed":true}
CASE {"label":"p=0/a=2.000000/b=1.000000/w=1.000000/JVP-x","dtype":"float16","actual":[-2],"expected":[-2],"tolerance":0.0030000000000000001,"passed":true}
CASE {"label":"p=0/a=2.000000/b=1.000000/w=1.000000/JVP-both","dtype":"float16","actual":[3],"expected":[3],"tolerance":0.0030000000000000001,"passed":true}
CASE {"label":"p=0/a=2.000000/b=1.000000/w=-0.500000/VJP","dtype":"float16","actual":[-0.5,1],"expected":[-0.5,1],"tolerance":0.0030000000000000001,"passed":true}
CASE {"label":"p=0/a=2.000000/b=1.000000/w=-0.500000/JVP-y","dtype":"float16","actual":[-0.5],"expected":[-0.5],"tolerance":0.0030000000000000001,"passed":true}
CASE {"label":"p=0/a=2.000000/b=1.000000/w=-0.500000/JVP-x","dtype":"float16","actual":[1],"expected":[1],"tolerance":0.0030000000000000001,"passed":true}
CASE {"label":"p=0/a=2.000000/b=1.000000/w=-0.500000/JVP-both","dtype":"float16","actual":[-1.5],"expected":[-1.5],"tolerance":0.0030000000000000001,"passed":true}
CASE {"label":"p=0/a=2.000000/b=1.000000/radial-JVP","dtype":"float16","actual":[0],"expected":[0],"tolerance":0.0030000000000000001,"passed":true}
CASE {"label":"p=0/a=2.000000/b=1.000000/opposite-scaling-JVP","dtype":"float16","actual":[4],"expected":[4],"tolerance":0.0030000000000000001,"passed":true}
CASE {"label":"p=0/a=-1.000000/b=2.000000/w=0.000000/VJP","dtype":"float16","actual":[0,0],"expected":[0,0],"tolerance":0.0030000000000000001,"passed":true}
CASE {"label":"p=0/a=-1.000000/b=2.000000/w=0.000000/JVP-y","dtype":"float16","actual":[0],"expected":[0],"tolerance":0.0030000000000000001,"passed":true}
CASE {"label":"p=0/a=-1.000000/b=2.000000/w=0.000000/JVP-x","dtype":"float16","actual":[0],"expected":[0],"tolerance":0.0030000000000000001,"passed":true}
CASE {"label":"p=0/a=-1.000000/b=2.000000/w=0.000000/JVP-both","dtype":"float16","actual":[0],"expected":[0],"tolerance":0.0030000000000000001,"passed":true}
CASE {"label":"p=0/a=-1.000000/b=2.000000/w=1.000000/VJP","dtype":"float16","actual":[0.5,0.25],"expected":[0.5,0.25],"tolerance":0.0030000000000000001,"passed":true}
CASE {"label":"p=0/a=-1.000000/b=2.000000/w=1.000000/JVP-y","dtype":"float16","actual":[0.5],"expected":[0.5],"tolerance":0.0030000000000000001,"passed":true}
CASE {"label":"p=0/a=-1.000000/b=2.000000/w=1.000000/JVP-x","dtype":"float16","actual":[0.25],"expected":[0.25],"tolerance":0.0030000000000000001,"passed":true}
CASE {"label":"p=0/a=-1.000000/b=2.000000/w=1.000000/JVP-both","dtype":"float16","actual":[0.25],"expected":[0.25],"tolerance":0.0030000000000000001,"passed":true}
CASE {"label":"p=0/a=-1.000000/b=2.000000/w=-0.500000/VJP","dtype":"float16","actual":[-0.25,-0.125],"expected":[-0.25,-0.125],"tolerance":0.0030000000000000001,"passed":true}
CASE {"label":"p=0/a=-1.000000/b=2.000000/w=-0.500000/JVP-y","dtype":"float16","actual":[-0.25],"expected":[-0.25],"tolerance":0.0030000000000000001,"passed":true}
CASE {"label":"p=0/a=-1.000000/b=2.000000/w=-0.500000/JVP-x","dtype":"float16","actual":[-0.125],"expected":[-0.125],"tolerance":0.0030000000000000001,"passed":true}
CASE {"label":"p=0/a=-1.000000/b=2.000000/w=-0.500000/JVP-both","dtype":"float16","actual":[-0.125],"expected":[-0.125],"tolerance":0.0030000000000000001,"passed":true}
CASE {"label":"p=0/a=-1.000000/b=2.000000/radial-JVP","dtype":"float16","actual":[0],"expected":[0],"tolerance":0.0030000000000000001,"passed":true}
CASE {"label":"p=0/a=-1.000000/b=2.000000/opposite-scaling-JVP","dtype":"float16","actual":[-1],"expected":[-1],"tolerance":0.0030000000000000001,"passed":true}
CASE {"label":"p=0/a=1.000000/b=-2.000000/w=0.000000/VJP","dtype":"float16","actual":[-0,-0],"expected":[-0,-0],"tolerance":0.0030000000000000001,"passed":true}
CASE {"label":"p=0/a=1.000000/b=-2.000000/w=0.000000/JVP-y","dtype":"float16","actual":[-0],"expected":[-0],"tolerance":0.0030000000000000001,"passed":true}
CASE {"label":"p=0/a=1.000000/b=-2.000000/w=0.000000/JVP-x","dtype":"float16","actual":[-0],"expected":[-0],"tolerance":0.0030000000000000001,"passed":true}
CASE {"label":"p=0/a=1.000000/b=-2.000000/w=0.000000/JVP-both","dtype":"float16","actual":[0],"expected":[-0],"tolerance":0.0030000000000000001,"passed":true}
CASE {"label":"p=0/a=1.000000/b=-2.000000/w=1.000000/VJP","dtype":"float16","actual":[-0.5,-0.25],"expected":[-0.5,-0.25],"tolerance":0.0030000000000000001,"passed":true}
CASE {"label":"p=0/a=1.000000/b=-2.000000/w=1.000000/JVP-y","dtype":"float16","actual":[-0.5],"expected":[-0.5],"tolerance":0.0030000000000000001,"passed":true}
CASE {"label":"p=0/a=1.000000/b=-2.000000/w=1.000000/JVP-x","dtype":"float16","actual":[-0.25],"expected":[-0.25],"tolerance":0.0030000000000000001,"passed":true}
CASE {"label":"p=0/a=1.000000/b=-2.000000/w=1.000000/JVP-both","dtype":"float16","actual":[-0.25],"expected":[-0.25],"tolerance":0.0030000000000000001,"passed":true}
CASE {"label":"p=0/a=1.000000/b=-2.000000/w=-0.500000/VJP","dtype":"float16","actual":[0.25,0.125],"expected":[0.25,0.125],"tolerance":0.0030000000000000001,"passed":true}
CASE {"label":"p=0/a=1.000000/b=-2.000000/w=-0.500000/JVP-y","dtype":"float16","actual":[0.25],"expected":[0.25],"tolerance":0.0030000000000000001,"passed":true}
CASE {"label":"p=0/a=1.000000/b=-2.000000/w=-0.500000/JVP-x","dtype":"float16","actual":[0.125],"expected":[0.125],"tolerance":0.0030000000000000001,"passed":true}
CASE {"label":"p=0/a=1.000000/b=-2.000000/w=-0.500000/JVP-both","dtype":"float16","actual":[0.125],"expected":[0.125],"tolerance":0.0030000000000000001,"passed":true}
CASE {"label":"p=0/a=1.000000/b=-2.000000/radial-JVP","dtype":"float16","actual":[0],"expected":[0],"tolerance":0.0030000000000000001,"passed":true}
CASE {"label":"p=0/a=1.000000/b=-2.000000/opposite-scaling-JVP","dtype":"float16","actual":[-1],"expected":[-1],"tolerance":0.0030000000000000001,"passed":true}
CASE {"label":"p=0/a=-1.000000/b=-2.000000/w=0.000000/VJP","dtype":"float16","actual":[-0,0],"expected":[-0,0],"tolerance":0.0030000000000000001,"passed":true}
CASE {"label":"p=0/a=-1.000000/b=-2.000000/w=0.000000/JVP-y","dtype":"float16","actual":[-0],"expected":[-0],"tolerance":0.0030000000000000001,"passed":true}
CASE {"label":"p=0/a=-1.000000/b=-2.000000/w=0.000000/JVP-x","dtype":"float16","actual":[0],"expected":[0],"tolerance":0.0030000000000000001,"passed":true}
CASE {"label":"p=0/a=-1.000000/b=-2.000000/w=0.000000/JVP-both","dtype":"float16","actual":[-0],"expected":[-0],"tolerance":0.0030000000000000001,"passed":true}
CASE {"label":"p=0/a=-1.000000/b=-2.000000/w=1.000000/VJP","dtype":"float16","actual":[-0.5,0.25],"expected":[-0.5,0.25],"tolerance":0.0030000000000000001,"passed":true}
CASE {"label":"p=0/a=-1.000000/b=-2.000000/w=1.000000/JVP-y","dtype":"float16","actual":[-0.5],"expected":[-0.5],"tolerance":0.0030000000000000001,"passed":true}
CASE {"label":"p=0/a=-1.000000/b=-2.000000/w=1.000000/JVP-x","dtype":"float16","actual":[0.25],"expected":[0.25],"tolerance":0.0030000000000000001,"passed":true}
CASE {"label":"p=0/a=-1.000000/b=-2.000000/w=1.000000/JVP-both","dtype":"float16","actual":[-0.75],"expected":[-0.75],"tolerance":0.0030000000000000001,"passed":true}
CASE {"label":"p=0/a=-1.000000/b=-2.000000/w=-0.500000/VJP","dtype":"float16","actual":[0.25,-0.125],"expected":[0.25,-0.125],"tolerance":0.0030000000000000001,"passed":true}
CASE {"label":"p=0/a=-1.000000/b=-2.000000/w=-0.500000/JVP-y","dtype":"float16","actual":[0.25],"expected":[0.25],"tolerance":0.0030000000000000001,"passed":true}
CASE {"label":"p=0/a=-1.000000/b=-2.000000/w=-0.500000/JVP-x","dtype":"float16","actual":[-0.125],"expected":[-0.125],"tolerance":0.0030000000000000001,"passed":true}
CASE {"label":"p=0/a=-1.000000/b=-2.000000/w=-0.500000/JVP-both","dtype":"float16","actual":[0.375],"expected":[0.375],"tolerance":0.0030000000000000001,"passed":true}
CASE {"label":"p=0/a=-1.000000/b=-2.000000/radial-JVP","dtype":"float16","actual":[0],"expected":[0],"tolerance":0.0030000000000000001,"passed":true}
CASE {"label":"p=0/a=-1.000000/b=-2.000000/opposite-scaling-JVP","dtype":"float16","actual":[1],"expected":[1],"tolerance":0.0030000000000000001,"passed":true}
CASE {"label":"p=0/a=0.000000/b=1.000000/w=0.000000/VJP","dtype":"float16","actual":[0,-0],"expected":[0,-0],"tolerance":0.0030000000000000001,"passed":true}
CASE {"label":"p=0/a=0.000000/b=1.000000/w=0.000000/JVP-y","dtype":"float16","actual":[0],"expected":[0],"tolerance":0.0030000000000000001,"passed":true}
CASE {"label":"p=0/a=0.000000/b=1.000000/w=0.000000/JVP-x","dtype":"float16","actual":[-0],"expected":[-0],"tolerance":0.0030000000000000001,"passed":true}
CASE {"label":"p=0/a=0.000000/b=1.000000/w=0.000000/JVP-both","dtype":"float16","actual":[0],"expected":[0],"tolerance":0.0030000000000000001,"passed":true}
CASE {"label":"p=0/a=0.000000/b=1.000000/w=1.000000/VJP","dtype":"float16","actual":[1,-0],"expected":[1,-0],"tolerance":0.0030000000000000001,"passed":true}
CASE {"label":"p=0/a=0.000000/b=1.000000/w=1.000000/JVP-y","dtype":"float16","actual":[1],"expected":[1],"tolerance":0.0030000000000000001,"passed":true}
CASE {"label":"p=0/a=0.000000/b=1.000000/w=1.000000/JVP-x","dtype":"float16","actual":[-0],"expected":[-0],"tolerance":0.0030000000000000001,"passed":true}
CASE {"label":"p=0/a=0.000000/b=1.000000/w=1.000000/JVP-both","dtype":"float16","actual":[1],"expected":[1],"tolerance":0.0030000000000000001,"passed":true}
CASE {"label":"p=0/a=0.000000/b=1.000000/w=-0.500000/VJP","dtype":"float16","actual":[-0.5,0],"expected":[-0.5,0],"tolerance":0.0030000000000000001,"passed":true}
CASE {"label":"p=0/a=0.000000/b=1.000000/w=-0.500000/JVP-y","dtype":"float16","actual":[-0.5],"expected":[-0.5],"tolerance":0.0030000000000000001,"passed":true}
CASE {"label":"p=0/a=0.000000/b=1.000000/w=-0.500000/JVP-x","dtype":"float16","actual":[0],"expected":[0],"tolerance":0.0030000000000000001,"passed":true}
CASE {"label":"p=0/a=0.000000/b=1.000000/w=-0.500000/JVP-both","dtype":"float16","actual":[-0.5],"expected":[-0.5],"tolerance":0.0030000000000000001,"passed":true}
CASE {"label":"p=0/a=0.000000/b=1.000000/radial-JVP","dtype":"float16","actual":[0],"expected":[0],"tolerance":0.0030000000000000001,"passed":true}
CASE {"label":"p=0/a=0.000000/b=1.000000/opposite-scaling-JVP","dtype":"float16","actual":[0],"expected":[0],"tolerance":0.0030000000000000001,"passed":true}
CASE {"label":"p=-14/a=1.000000/b=1.000000/w=0.000000/VJP","dtype":"float16","actual":[0,"NaN"],"expected":[0,-0],"tolerance":0.0030000000000000001,"passed":false}
CASE {"label":"p=-14/a=1.000000/b=1.000000/w=0.000000/JVP-y","dtype":"float16","actual":[0],"expected":[0],"tolerance":0.0030000000000000001,"passed":true}
CASE {"label":"p=-14/a=1.000000/b=1.000000/w=0.000000/JVP-x","dtype":"float16","actual":["NaN"],"expected":[-0],"tolerance":0.0030000000000000001,"passed":false}
CASE {"label":"p=-14/a=1.000000/b=1.000000/w=0.000000/JVP-both","dtype":"float16","actual":["NaN"],"expected":[0],"tolerance":0.0030000000000000001,"passed":false}
CASE {"label":"p=-14/a=1.000000/b=1.000000/w=1.000000/VJP","dtype":"float16","actual":[16384,"-Infinity"],"expected":[16384,-16384],"tolerance":0.0030000000000000001,"passed":false}
CASE {"label":"p=-14/a=1.000000/b=1.000000/w=1.000000/JVP-y","dtype":"float16","actual":[16384],"expected":[16384],"tolerance":0.0030000000000000001,"passed":true}
CASE {"label":"p=-14/a=1.000000/b=1.000000/w=1.000000/JVP-x","dtype":"float16","actual":["-Infinity"],"expected":[-16384],"tolerance":0.0030000000000000001,"passed":false}
CASE {"label":"p=-14/a=1.000000/b=1.000000/w=1.000000/JVP-both","dtype":"float16","actual":["Infinity"],"expected":[32768],"tolerance":0.0030000000000000001,"passed":false}
CASE {"label":"p=-14/a=1.000000/b=1.000000/w=-0.500000/VJP","dtype":"float16","actual":[-8192,"Infinity"],"expected":[-8192,8192],"tolerance":0.0030000000000000001,"passed":false}
CASE {"label":"p=-14/a=1.000000/b=1.000000/w=-0.500000/JVP-y","dtype":"float16","actual":[-8192],"expected":[-8192],"tolerance":0.0030000000000000001,"passed":true}
CASE {"label":"p=-14/a=1.000000/b=1.000000/w=-0.500000/JVP-x","dtype":"float16","actual":["Infinity"],"expected":[8192],"tolerance":0.0030000000000000001,"passed":false}
CASE {"label":"p=-14/a=1.000000/b=1.000000/w=-0.500000/JVP-both","dtype":"float16","actual":["-Infinity"],"expected":[-16384],"tolerance":0.0030000000000000001,"passed":false}
CASE {"label":"p=-14/a=1.000000/b=1.000000/radial-JVP","dtype":"float16","actual":["NaN"],"expected":[0],"tolerance":0.0030000000000000001,"passed":false}
CASE {"label":"p=-14/a=1.000000/b=1.000000/opposite-scaling-JVP","dtype":"float16","actual":["NaN"],"expected":[2],"tolerance":0.0030000000000000001,"passed":false}
CASE {"label":"p=-14/a=2.000000/b=1.000000/w=0.000000/VJP","dtype":"float16","actual":[0,"NaN"],"expected":[0,-0],"tolerance":0.0030000000000000001,"passed":false}
CASE {"label":"p=-14/a=2.000000/b=1.000000/w=0.000000/JVP-y","dtype":"float16","actual":[0],"expected":[0],"tolerance":0.0030000000000000001,"passed":true}
CASE {"label":"p=-14/a=2.000000/b=1.000000/w=0.000000/JVP-x","dtype":"float16","actual":["NaN"],"expected":[-0],"tolerance":0.0030000000000000001,"passed":false}
CASE {"label":"p=-14/a=2.000000/b=1.000000/w=0.000000/JVP-both","dtype":"float16","actual":["NaN"],"expected":[0],"tolerance":0.0030000000000000001,"passed":false}
CASE {"label":"p=-14/a=2.000000/b=1.000000/w=1.000000/VJP","dtype":"float16","actual":[16384,"-Infinity"],"expected":[16384,-32768],"tolerance":0.0030000000000000001,"passed":false}
CASE {"label":"p=-14/a=2.000000/b=1.000000/w=1.000000/JVP-y","dtype":"float16","actual":[16384],"expected":[16384],"tolerance":0.0030000000000000001,"passed":true}
CASE {"label":"p=-14/a=2.000000/b=1.000000/w=1.000000/JVP-x","dtype":"float16","actual":["-Infinity"],"expected":[-32768],"tolerance":0.0030000000000000001,"passed":false}
CASE {"label":"p=-14/a=2.000000/b=1.000000/w=1.000000/JVP-both","dtype":"float16","actual":["Infinity"],"expected":[49152],"tolerance":0.0030000000000000001,"passed":false}
CASE {"label":"p=-14/a=2.000000/b=1.000000/w=-0.500000/VJP","dtype":"float16","actual":[-8192,"Infinity"],"expected":[-8192,16384],"tolerance":0.0030000000000000001,"passed":false}
CASE {"label":"p=-14/a=2.000000/b=1.000000/w=-0.500000/JVP-y","dtype":"float16","actual":[-8192],"expected":[-8192],"tolerance":0.0030000000000000001,"passed":true}
CASE {"label":"p=-14/a=2.000000/b=1.000000/w=-0.500000/JVP-x","dtype":"float16","actual":["Infinity"],"expected":[16384],"tolerance":0.0030000000000000001,"passed":false}
CASE {"label":"p=-14/a=2.000000/b=1.000000/w=-0.500000/JVP-both","dtype":"float16","actual":["-Infinity"],"expected":[-24576],"tolerance":0.0030000000000000001,"passed":false}
CASE {"label":"p=-14/a=2.000000/b=1.000000/radial-JVP","dtype":"float16","actual":["NaN"],"expected":[0],"tolerance":0.0030000000000000001,"passed":false}
CASE {"label":"p=-14/a=2.000000/b=1.000000/opposite-scaling-JVP","dtype":"float16","actual":["NaN"],"expected":[4],"tolerance":0.0030000000000000001,"passed":false}
CASE {"label":"p=-14/a=-1.000000/b=2.000000/w=0.000000/VJP","dtype":"float16","actual":[0,"NaN"],"expected":[0,0],"tolerance":0.0030000000000000001,"passed":false}
CASE {"label":"p=-14/a=-1.000000/b=2.000000/w=0.000000/JVP-y","dtype":"float16","actual":[0],"expected":[0],"tolerance":0.0030000000000000001,"passed":true}
CASE {"label":"p=-14/a=-1.000000/b=2.000000/w=0.000000/JVP-x","dtype":"float16","actual":["NaN"],"expected":[0],"tolerance":0.0030000000000000001,"passed":false}
CASE {"label":"p=-14/a=-1.000000/b=2.000000/w=0.000000/JVP-both","dtype":"float16","actual":["NaN"],"expected":[0],"tolerance":0.0030000000000000001,"passed":false}
CASE {"label":"p=-14/a=-1.000000/b=2.000000/w=1.000000/VJP","dtype":"float16","actual":[8192,"Infinity"],"expected":[8192,4096],"tolerance":0.0030000000000000001,"passed":false}
CASE {"label":"p=-14/a=-1.000000/b=2.000000/w=1.000000/JVP-y","dtype":"float16","actual":[8192],"expected":[8192],"tolerance":0.0030000000000000001,"passed":true}
CASE {"label":"p=-14/a=-1.000000/b=2.000000/w=1.000000/JVP-x","dtype":"float16","actual":["Infinity"],"expected":[4096],"tolerance":0.0030000000000000001,"passed":false}
CASE {"label":"p=-14/a=-1.000000/b=2.000000/w=1.000000/JVP-both","dtype":"float16","actual":["-Infinity"],"expected":[4096],"tolerance":0.0030000000000000001,"passed":false}
CASE {"label":"p=-14/a=-1.000000/b=2.000000/w=-0.500000/VJP","dtype":"float16","actual":[-4096,"-Infinity"],"expected":[-4096,-2048],"tolerance":0.0030000000000000001,"passed":false}
CASE {"label":"p=-14/a=-1.000000/b=2.000000/w=-0.500000/JVP-y","dtype":"float16","actual":[-4096],"expected":[-4096],"tolerance":0.0030000000000000001,"passed":true}
CASE {"label":"p=-14/a=-1.000000/b=2.000000/w=-0.500000/JVP-x","dtype":"float16","actual":["-Infinity"],"expected":[-2048],"tolerance":0.0030000000000000001,"passed":false}
CASE {"label":"p=-14/a=-1.000000/b=2.000000/w=-0.500000/JVP-both","dtype":"float16","actual":["Infinity"],"expected":[-2048],"tolerance":0.0030000000000000001,"passed":false}
CASE {"label":"p=-14/a=-1.000000/b=2.000000/radial-JVP","dtype":"float16","actual":["NaN"],"expected":[0],"tolerance":0.0030000000000000001,"passed":false}
CASE {"label":"p=-14/a=-1.000000/b=2.000000/opposite-scaling-JVP","dtype":"float16","actual":["NaN"],"expected":[-1],"tolerance":0.0030000000000000001,"passed":false}
CASE {"label":"p=-14/a=1.000000/b=-2.000000/w=0.000000/VJP","dtype":"float16","actual":[-0,"NaN"],"expected":[-0,-0],"tolerance":0.0030000000000000001,"passed":false}
CASE {"label":"p=-14/a=1.000000/b=-2.000000/w=0.000000/JVP-y","dtype":"float16","actual":[-0],"expected":[-0],"tolerance":0.0030000000000000001,"passed":true}
CASE {"label":"p=-14/a=1.000000/b=-2.000000/w=0.000000/JVP-x","dtype":"float16","actual":["NaN"],"expected":[-0],"tolerance":0.0030000000000000001,"passed":false}
CASE {"label":"p=-14/a=1.000000/b=-2.000000/w=0.000000/JVP-both","dtype":"float16","actual":["NaN"],"expected":[-0],"tolerance":0.0030000000000000001,"passed":false}
CASE {"label":"p=-14/a=1.000000/b=-2.000000/w=1.000000/VJP","dtype":"float16","actual":[-8192,"-Infinity"],"expected":[-8192,-4096],"tolerance":0.0030000000000000001,"passed":false}
CASE {"label":"p=-14/a=1.000000/b=-2.000000/w=1.000000/JVP-y","dtype":"float16","actual":[-8192],"expected":[-8192],"tolerance":0.0030000000000000001,"passed":true}
CASE {"label":"p=-14/a=1.000000/b=-2.000000/w=1.000000/JVP-x","dtype":"float16","actual":["-Infinity"],"expected":[-4096],"tolerance":0.0030000000000000001,"passed":false}
CASE {"label":"p=-14/a=1.000000/b=-2.000000/w=1.000000/JVP-both","dtype":"float16","actual":["Infinity"],"expected":[-4096],"tolerance":0.0030000000000000001,"passed":false}
CASE {"label":"p=-14/a=1.000000/b=-2.000000/w=-0.500000/VJP","dtype":"float16","actual":[4096,"Infinity"],"expected":[4096,2048],"tolerance":0.0030000000000000001,"passed":false}
CASE {"label":"p=-14/a=1.000000/b=-2.000000/w=-0.500000/JVP-y","dtype":"float16","actual":[4096],"expected":[4096],"tolerance":0.0030000000000000001,"passed":true}
CASE {"label":"p=-14/a=1.000000/b=-2.000000/w=-0.500000/JVP-x","dtype":"float16","actual":["Infinity"],"expected":[2048],"tolerance":0.0030000000000000001,"passed":false}
CASE {"label":"p=-14/a=1.000000/b=-2.000000/w=-0.500000/JVP-both","dtype":"float16","actual":["-Infinity"],"expected":[2048],"tolerance":0.0030000000000000001,"passed":false}
CASE {"label":"p=-14/a=1.000000/b=-2.000000/radial-JVP","dtype":"float16","actual":["NaN"],"expected":[0],"tolerance":0.0030000000000000001,"passed":false}
CASE {"label":"p=-14/a=1.000000/b=-2.000000/opposite-scaling-JVP","dtype":"float16","actual":["NaN"],"expected":[-1],"tolerance":0.0030000000000000001,"passed":false}
CASE {"label":"p=-14/a=-1.000000/b=-2.000000/w=0.000000/VJP","dtype":"float16","actual":[-0,"NaN"],"expected":[-0,0],"tolerance":0.0030000000000000001,"passed":false}
CASE {"label":"p=-14/a=-1.000000/b=-2.000000/w=0.000000/JVP-y","dtype":"float16","actual":[-0],"expected":[-0],"tolerance":0.0030000000000000001,"passed":true}
CASE {"label":"p=-14/a=-1.000000/b=-2.000000/w=0.000000/JVP-x","dtype":"float16","actual":["NaN"],"expected":[0],"tolerance":0.0030000000000000001,"passed":false}
CASE {"label":"p=-14/a=-1.000000/b=-2.000000/w=0.000000/JVP-both","dtype":"float16","actual":["NaN"],"expected":[-0],"tolerance":0.0030000000000000001,"passed":false}
CASE {"label":"p=-14/a=-1.000000/b=-2.000000/w=1.000000/VJP","dtype":"float16","actual":[-8192,"Infinity"],"expected":[-8192,4096],"tolerance":0.0030000000000000001,"passed":false}
CASE {"label":"p=-14/a=-1.000000/b=-2.000000/w=1.000000/JVP-y","dtype":"float16","actual":[-8192],"expected":[-8192],"tolerance":0.0030000000000000001,"passed":true}
CASE {"label":"p=-14/a=-1.000000/b=-2.000000/w=1.000000/JVP-x","dtype":"float16","actual":["Infinity"],"expected":[4096],"tolerance":0.0030000000000000001,"passed":false}
CASE {"label":"p=-14/a=-1.000000/b=-2.000000/w=1.000000/JVP-both","dtype":"float16","actual":["-Infinity"],"expected":[-12288],"tolerance":0.0030000000000000001,"passed":false}
CASE {"label":"p=-14/a=-1.000000/b=-2.000000/w=-0.500000/VJP","dtype":"float16","actual":[4096,"-Infinity"],"expected":[4096,-2048],"tolerance":0.0030000000000000001,"passed":false}
CASE {"label":"p=-14/a=-1.000000/b=-2.000000/w=-0.500000/JVP-y","dtype":"float16","actual":[4096],"expected":[4096],"tolerance":0.0030000000000000001,"passed":true}
CASE {"label":"p=-14/a=-1.000000/b=-2.000000/w=-0.500000/JVP-x","dtype":"float16","actual":["-Infinity"],"expected":[-2048],"tolerance":0.0030000000000000001,"passed":false}
CASE {"label":"p=-14/a=-1.000000/b=-2.000000/w=-0.500000/JVP-both","dtype":"float16","actual":["Infinity"],"expected":[6144],"tolerance":0.0030000000000000001,"passed":false}
CASE {"label":"p=-14/a=-1.000000/b=-2.000000/radial-JVP","dtype":"float16","actual":["NaN"],"expected":[0],"tolerance":0.0030000000000000001,"passed":false}
CASE {"label":"p=-14/a=-1.000000/b=-2.000000/opposite-scaling-JVP","dtype":"float16","actual":["NaN"],"expected":[1],"tolerance":0.0030000000000000001,"passed":false}
CASE {"label":"p=-14/a=0.000000/b=1.000000/w=0.000000/VJP","dtype":"float16","actual":[0,"NaN"],"expected":[0,-0],"tolerance":0.0030000000000000001,"passed":false}
CASE {"label":"p=-14/a=0.000000/b=1.000000/w=0.000000/JVP-y","dtype":"float16","actual":[0],"expected":[0],"tolerance":0.0030000000000000001,"passed":true}
CASE {"label":"p=-14/a=0.000000/b=1.000000/w=0.000000/JVP-x","dtype":"float16","actual":["NaN"],"expected":[-0],"tolerance":0.0030000000000000001,"passed":false}
CASE {"label":"p=-14/a=0.000000/b=1.000000/w=0.000000/JVP-both","dtype":"float16","actual":["NaN"],"expected":[0],"tolerance":0.0030000000000000001,"passed":false}
CASE {"label":"p=-14/a=0.000000/b=1.000000/w=1.000000/VJP","dtype":"float16","actual":[16384,"NaN"],"expected":[16384,-0],"tolerance":0.0030000000000000001,"passed":false}
CASE {"label":"p=-14/a=0.000000/b=1.000000/w=1.000000/JVP-y","dtype":"float16","actual":[16384],"expected":[16384],"tolerance":0.0030000000000000001,"passed":true}
CASE {"label":"p=-14/a=0.000000/b=1.000000/w=1.000000/JVP-x","dtype":"float16","actual":["NaN"],"expected":[-0],"tolerance":0.0030000000000000001,"passed":false}
CASE {"label":"p=-14/a=0.000000/b=1.000000/w=1.000000/JVP-both","dtype":"float16","actual":["NaN"],"expected":[16384],"tolerance":0.0030000000000000001,"passed":false}
CASE {"label":"p=-14/a=0.000000/b=1.000000/w=-0.500000/VJP","dtype":"float16","actual":[-8192,"NaN"],"expected":[-8192,0],"tolerance":0.0030000000000000001,"passed":false}
CASE {"label":"p=-14/a=0.000000/b=1.000000/w=-0.500000/JVP-y","dtype":"float16","actual":[-8192],"expected":[-8192],"tolerance":0.0030000000000000001,"passed":true}
CASE {"label":"p=-14/a=0.000000/b=1.000000/w=-0.500000/JVP-x","dtype":"float16","actual":["NaN"],"expected":[0],"tolerance":0.0030000000000000001,"passed":false}
CASE {"label":"p=-14/a=0.000000/b=1.000000/w=-0.500000/JVP-both","dtype":"float16","actual":["NaN"],"expected":[-8192],"tolerance":0.0030000000000000001,"passed":false}
CASE {"label":"p=-14/a=0.000000/b=1.000000/radial-JVP","dtype":"float16","actual":["NaN"],"expected":[0],"tolerance":0.0030000000000000001,"passed":false}
CASE {"label":"p=-14/a=0.000000/b=1.000000/opposite-scaling-JVP","dtype":"float16","actual":["NaN"],"expected":[0],"tolerance":0.0030000000000000001,"passed":false}
CASE {"label":"p=10/a=1.000000/b=1.000000/w=0.000000/VJP","dtype":"float16","actual":[0,-0],"expected":[0,-0],"tolerance":0.0030000000000000001,"passed":true}
CASE {"label":"p=10/a=1.000000/b=1.000000/w=0.000000/JVP-y","dtype":"float16","actual":[0],"expected":[0],"tolerance":0.0030000000000000001,"passed":true}
CASE {"label":"p=10/a=1.000000/b=1.000000/w=0.000000/JVP-x","dtype":"float16","actual":[-0],"expected":[-0],"tolerance":0.0030000000000000001,"passed":true}
CASE {"label":"p=10/a=1.000000/b=1.000000/w=0.000000/JVP-both","dtype":"float16","actual":[0],"expected":[0],"tolerance":0.0030000000000000001,"passed":true}
CASE {"label":"p=10/a=1.000000/b=1.000000/w=1.000000/VJP","dtype":"float16","actual":[0.0009765625,-0],"expected":[0.0009765625,-0.0009765625],"tolerance":0.0030000000000000001,"passed":false}
CASE {"label":"p=10/a=1.000000/b=1.000000/w=1.000000/JVP-y","dtype":"float16","actual":[0.0009765625],"expected":[0.0009765625],"tolerance":0.0030000000000000001,"passed":true}
CASE {"label":"p=10/a=1.000000/b=1.000000/w=1.000000/JVP-x","dtype":"float16","actual":[-0],"expected":[-0.0009765625],"tolerance":0.0030000000000000001,"passed":false}
CASE {"label":"p=10/a=1.000000/b=1.000000/w=1.000000/JVP-both","dtype":"float16","actual":[0.0009765625],"expected":[0.001953125],"tolerance":0.0030000000000000001,"passed":false}
CASE {"label":"p=10/a=1.000000/b=1.000000/w=-0.500000/VJP","dtype":"float16","actual":[-0.00048828125,0],"expected":[-0.00048828125,0.00048828125],"tolerance":0.0030000000000000001,"passed":false}
CASE {"label":"p=10/a=1.000000/b=1.000000/w=-0.500000/JVP-y","dtype":"float16","actual":[-0.00048828125],"expected":[-0.00048828125],"tolerance":0.0030000000000000001,"passed":true}
CASE {"label":"p=10/a=1.000000/b=1.000000/w=-0.500000/JVP-x","dtype":"float16","actual":[0],"expected":[0.00048828125],"tolerance":0.0030000000000000001,"passed":false}
CASE {"label":"p=10/a=1.000000/b=1.000000/w=-0.500000/JVP-both","dtype":"float16","actual":[-0.00048828125],"expected":[-0.0009765625],"tolerance":0.0030000000000000001,"passed":false}
CASE {"label":"p=10/a=1.000000/b=1.000000/radial-JVP","dtype":"float16","actual":["NaN"],"expected":[0],"tolerance":0.0030000000000000001,"passed":false}
CASE {"label":"p=10/a=1.000000/b=1.000000/opposite-scaling-JVP","dtype":"float16","actual":["NaN"],"expected":[2],"tolerance":0.0030000000000000001,"passed":false}
CASE {"label":"p=10/a=2.000000/b=1.000000/w=0.000000/VJP","dtype":"float16","actual":[0,-0],"expected":[0,-0],"tolerance":0.0030000000000000001,"passed":true}
CASE {"label":"p=10/a=2.000000/b=1.000000/w=0.000000/JVP-y","dtype":"float16","actual":[0],"expected":[0],"tolerance":0.0030000000000000001,"passed":true}
CASE {"label":"p=10/a=2.000000/b=1.000000/w=0.000000/JVP-x","dtype":"float16","actual":[-0],"expected":[-0],"tolerance":0.0030000000000000001,"passed":true}
CASE {"label":"p=10/a=2.000000/b=1.000000/w=0.000000/JVP-both","dtype":"float16","actual":[0],"expected":[0],"tolerance":0.0030000000000000001,"passed":true}
CASE {"label":"p=10/a=2.000000/b=1.000000/w=1.000000/VJP","dtype":"float16","actual":[0.0009765625,-0],"expected":[0.0009765625,-0.001953125],"tolerance":0.0030000000000000001,"passed":false}
CASE {"label":"p=10/a=2.000000/b=1.000000/w=1.000000/JVP-y","dtype":"float16","actual":[0.0009765625],"expected":[0.0009765625],"tolerance":0.0030000000000000001,"passed":true}
CASE {"label":"p=10/a=2.000000/b=1.000000/w=1.000000/JVP-x","dtype":"float16","actual":[-0],"expected":[-0.001953125],"tolerance":0.0030000000000000001,"passed":false}
CASE {"label":"p=10/a=2.000000/b=1.000000/w=1.000000/JVP-both","dtype":"float16","actual":[0.0009765625],"expected":[0.0029296875],"tolerance":0.0030000000000000001,"passed":false}
CASE {"label":"p=10/a=2.000000/b=1.000000/w=-0.500000/VJP","dtype":"float16","actual":[-0.00048828125,0],"expected":[-0.00048828125,0.0009765625],"tolerance":0.0030000000000000001,"passed":false}
CASE {"label":"p=10/a=2.000000/b=1.000000/w=-0.500000/JVP-y","dtype":"float16","actual":[-0.00048828125],"expected":[-0.00048828125],"tolerance":0.0030000000000000001,"passed":true}
CASE {"label":"p=10/a=2.000000/b=1.000000/w=-0.500000/JVP-x","dtype":"float16","actual":[0],"expected":[0.0009765625],"tolerance":0.0030000000000000001,"passed":false}
CASE {"label":"p=10/a=2.000000/b=1.000000/w=-0.500000/JVP-both","dtype":"float16","actual":[-0.00048828125],"expected":[-0.00146484375],"tolerance":0.0030000000000000001,"passed":false}
CASE {"label":"p=10/a=2.000000/b=1.000000/radial-JVP","dtype":"float16","actual":["NaN"],"expected":[0],"tolerance":0.0030000000000000001,"passed":false}
CASE {"label":"p=10/a=2.000000/b=1.000000/opposite-scaling-JVP","dtype":"float16","actual":["NaN"],"expected":[4],"tolerance":0.0030000000000000001,"passed":false}
CASE {"label":"p=10/a=-1.000000/b=2.000000/w=0.000000/VJP","dtype":"float16","actual":[0,0],"expected":[0,0],"tolerance":0.0030000000000000001,"passed":true}
CASE {"label":"p=10/a=-1.000000/b=2.000000/w=0.000000/JVP-y","dtype":"float16","actual":[0],"expected":[0],"tolerance":0.0030000000000000001,"passed":true}
CASE {"label":"p=10/a=-1.000000/b=2.000000/w=0.000000/JVP-x","dtype":"float16","actual":[0],"expected":[0],"tolerance":0.0030000000000000001,"passed":true}
CASE {"label":"p=10/a=-1.000000/b=2.000000/w=0.000000/JVP-both","dtype":"float16","actual":[0],"expected":[0],"tolerance":0.0030000000000000001,"passed":true}
CASE {"label":"p=10/a=-1.000000/b=2.000000/w=1.000000/VJP","dtype":"float16","actual":[0.00048828125,0],"expected":[0.00048828125,0.000244140625],"tolerance":0.0030000000000000001,"passed":false}
CASE {"label":"p=10/a=-1.000000/b=2.000000/w=1.000000/JVP-y","dtype":"float16","actual":[0.00048828125],"expected":[0.00048828125],"tolerance":0.0030000000000000001,"passed":true}
CASE {"label":"p=10/a=-1.000000/b=2.000000/w=1.000000/JVP-x","dtype":"float16","actual":[0],"expected":[0.000244140625],"tolerance":0.0030000000000000001,"passed":false}
CASE {"label":"p=10/a=-1.000000/b=2.000000/w=1.000000/JVP-both","dtype":"float16","actual":[0.00048828125],"expected":[0.000244140625],"tolerance":0.0030000000000000001,"passed":false}
CASE {"label":"p=10/a=-1.000000/b=2.000000/w=-0.500000/VJP","dtype":"float16","actual":[-0.000244140625,-0],"expected":[-0.000244140625,-0.0001220703125],"tolerance":0.0030000000000000001,"passed":false}
CASE {"label":"p=10/a=-1.000000/b=2.000000/w=-0.500000/JVP-y","dtype":"float16","actual":[-0.000244140625],"expected":[-0.000244140625],"tolerance":0.0030000000000000001,"passed":true}
CASE {"label":"p=10/a=-1.000000/b=2.000000/w=-0.500000/JVP-x","dtype":"float16","actual":[-0],"expected":[-0.0001220703125],"tolerance":0.0030000000000000001,"passed":false}
CASE {"label":"p=10/a=-1.000000/b=2.000000/w=-0.500000/JVP-both","dtype":"float16","actual":[-0.000244140625],"expected":[-0.0001220703125],"tolerance":0.0030000000000000001,"passed":false}
CASE {"label":"p=10/a=-1.000000/b=2.000000/radial-JVP","dtype":"float16","actual":["NaN"],"expected":[0],"tolerance":0.0030000000000000001,"passed":false}
CASE {"label":"p=10/a=-1.000000/b=2.000000/opposite-scaling-JVP","dtype":"float16","actual":["NaN"],"expected":[-1],"tolerance":0.0030000000000000001,"passed":false}
CASE {"label":"p=10/a=1.000000/b=-2.000000/w=0.000000/VJP","dtype":"float16","actual":[-0,-0],"expected":[-0,-0],"tolerance":0.0030000000000000001,"passed":true}
CASE {"label":"p=10/a=1.000000/b=-2.000000/w=0.000000/JVP-y","dtype":"float16","actual":[-0],"expected":[-0],"tolerance":0.0030000000000000001,"passed":true}
CASE {"label":"p=10/a=1.000000/b=-2.000000/w=0.000000/JVP-x","dtype":"float16","actual":[-0],"expected":[-0],"tolerance":0.0030000000000000001,"passed":true}
CASE {"label":"p=10/a=1.000000/b=-2.000000/w=0.000000/JVP-both","dtype":"float16","actual":[0],"expected":[-0],"tolerance":0.0030000000000000001,"passed":true}
CASE {"label":"p=10/a=1.000000/b=-2.000000/w=1.000000/VJP","dtype":"float16","actual":[-0.00048828125,-0],"expected":[-0.00048828125,-0.000244140625],"tolerance":0.0030000000000000001,"passed":false}
CASE {"label":"p=10/a=1.000000/b=-2.000000/w=1.000000/JVP-y","dtype":"float16","actual":[-0.00048828125],"expected":[-0.00048828125],"tolerance":0.0030000000000000001,"passed":true}
CASE {"label":"p=10/a=1.000000/b=-2.000000/w=1.000000/JVP-x","dtype":"float16","actual":[-0],"expected":[-0.000244140625],"tolerance":0.0030000000000000001,"passed":false}
CASE {"label":"p=10/a=1.000000/b=-2.000000/w=1.000000/JVP-both","dtype":"float16","actual":[-0.00048828125],"expected":[-0.000244140625],"tolerance":0.0030000000000000001,"passed":false}
CASE {"label":"p=10/a=1.000000/b=-2.000000/w=-0.500000/VJP","dtype":"float16","actual":[0.000244140625,0],"expected":[0.000244140625,0.0001220703125],"tolerance":0.0030000000000000001,"passed":false}
CASE {"label":"p=10/a=1.000000/b=-2.000000/w=-0.500000/JVP-y","dtype":"float16","actual":[0.000244140625],"expected":[0.000244140625],"tolerance":0.0030000000000000001,"passed":true}
CASE {"label":"p=10/a=1.000000/b=-2.000000/w=-0.500000/JVP-x","dtype":"float16","actual":[0],"expected":[0.0001220703125],"tolerance":0.0030000000000000001,"passed":false}
CASE {"label":"p=10/a=1.000000/b=-2.000000/w=-0.500000/JVP-both","dtype":"float16","actual":[0.000244140625],"expected":[0.0001220703125],"tolerance":0.0030000000000000001,"passed":false}
CASE {"label":"p=10/a=1.000000/b=-2.000000/radial-JVP","dtype":"float16","actual":["NaN"],"expected":[0],"tolerance":0.0030000000000000001,"passed":false}
CASE {"label":"p=10/a=1.000000/b=-2.000000/opposite-scaling-JVP","dtype":"float16","actual":["NaN"],"expected":[-1],"tolerance":0.0030000000000000001,"passed":false}
CASE {"label":"p=10/a=-1.000000/b=-2.000000/w=0.000000/VJP","dtype":"float16","actual":[-0,0],"expected":[-0,0],"tolerance":0.0030000000000000001,"passed":true}
CASE {"label":"p=10/a=-1.000000/b=-2.000000/w=0.000000/JVP-y","dtype":"float16","actual":[-0],"expected":[-0],"tolerance":0.0030000000000000001,"passed":true}
CASE {"label":"p=10/a=-1.000000/b=-2.000000/w=0.000000/JVP-x","dtype":"float16","actual":[0],"expected":[0],"tolerance":0.0030000000000000001,"passed":true}
CASE {"label":"p=10/a=-1.000000/b=-2.000000/w=0.000000/JVP-both","dtype":"float16","actual":[-0],"expected":[-0],"tolerance":0.0030000000000000001,"passed":true}
CASE {"label":"p=10/a=-1.000000/b=-2.000000/w=1.000000/VJP","dtype":"float16","actual":[-0.00048828125,0],"expected":[-0.00048828125,0.000244140625],"tolerance":0.0030000000000000001,"passed":false}
CASE {"label":"p=10/a=-1.000000/b=-2.000000/w=1.000000/JVP-y","dtype":"float16","actual":[-0.00048828125],"expected":[-0.00048828125],"tolerance":0.0030000000000000001,"passed":true}
CASE {"label":"p=10/a=-1.000000/b=-2.000000/w=1.000000/JVP-x","dtype":"float16","actual":[0],"expected":[0.000244140625],"tolerance":0.0030000000000000001,"passed":false}
CASE {"label":"p=10/a=-1.000000/b=-2.000000/w=1.000000/JVP-both","dtype":"float16","actual":[-0.00048828125],"expected":[-0.000732421875],"tolerance":0.0030000000000000001,"passed":false}
CASE {"label":"p=10/a=-1.000000/b=-2.000000/w=-0.500000/VJP","dtype":"float16","actual":[0.000244140625,-0],"expected":[0.000244140625,-0.0001220703125],"tolerance":0.0030000000000000001,"passed":false}
CASE {"label":"p=10/a=-1.000000/b=-2.000000/w=-0.500000/JVP-y","dtype":"float16","actual":[0.000244140625],"expected":[0.000244140625],"tolerance":0.0030000000000000001,"passed":true}
CASE {"label":"p=10/a=-1.000000/b=-2.000000/w=-0.500000/JVP-x","dtype":"float16","actual":[-0],"expected":[-0.0001220703125],"tolerance":0.0030000000000000001,"passed":false}
CASE {"label":"p=10/a=-1.000000/b=-2.000000/w=-0.500000/JVP-both","dtype":"float16","actual":[0.000244140625],"expected":[0.0003662109375],"tolerance":0.0030000000000000001,"passed":false}
CASE {"label":"p=10/a=-1.000000/b=-2.000000/radial-JVP","dtype":"float16","actual":["NaN"],"expected":[0],"tolerance":0.0030000000000000001,"passed":false}
CASE {"label":"p=10/a=-1.000000/b=-2.000000/opposite-scaling-JVP","dtype":"float16","actual":["NaN"],"expected":[1],"tolerance":0.0030000000000000001,"passed":false}
CASE {"label":"p=10/a=0.000000/b=1.000000/w=0.000000/VJP","dtype":"float16","actual":[0,-0],"expected":[0,-0],"tolerance":0.0030000000000000001,"passed":true}
CASE {"label":"p=10/a=0.000000/b=1.000000/w=0.000000/JVP-y","dtype":"float16","actual":[0],"expected":[0],"tolerance":0.0030000000000000001,"passed":true}
CASE {"label":"p=10/a=0.000000/b=1.000000/w=0.000000/JVP-x","dtype":"float16","actual":[-0],"expected":[-0],"tolerance":0.0030000000000000001,"passed":true}
CASE {"label":"p=10/a=0.000000/b=1.000000/w=0.000000/JVP-both","dtype":"float16","actual":[0],"expected":[0],"tolerance":0.0030000000000000001,"passed":true}
CASE {"label":"p=10/a=0.000000/b=1.000000/w=1.000000/VJP","dtype":"float16","actual":[0.0009765625,-0],"expected":[0.0009765625,-0],"tolerance":0.0030000000000000001,"passed":true}
CASE {"label":"p=10/a=0.000000/b=1.000000/w=1.000000/JVP-y","dtype":"float16","actual":[0.0009765625],"expected":[0.0009765625],"tolerance":0.0030000000000000001,"passed":true}
CASE {"label":"p=10/a=0.000000/b=1.000000/w=1.000000/JVP-x","dtype":"float16","actual":[-0],"expected":[-0],"tolerance":0.0030000000000000001,"passed":true}
CASE {"label":"p=10/a=0.000000/b=1.000000/w=1.000000/JVP-both","dtype":"float16","actual":[0.0009765625],"expected":[0.0009765625],"tolerance":0.0030000000000000001,"passed":true}
CASE {"label":"p=10/a=0.000000/b=1.000000/w=-0.500000/VJP","dtype":"float16","actual":[-0.00048828125,0],"expected":[-0.00048828125,0],"tolerance":0.0030000000000000001,"passed":true}
CASE {"label":"p=10/a=0.000000/b=1.000000/w=-0.500000/JVP-y","dtype":"float16","actual":[-0.00048828125],"expected":[-0.00048828125],"tolerance":0.0030000000000000001,"passed":true}
CASE {"label":"p=10/a=0.000000/b=1.000000/w=-0.500000/JVP-x","dtype":"float16","actual":[0],"expected":[0],"tolerance":0.0030000000000000001,"passed":true}
CASE {"label":"p=10/a=0.000000/b=1.000000/w=-0.500000/JVP-both","dtype":"float16","actual":[-0.00048828125],"expected":[-0.00048828125],"tolerance":0.0030000000000000001,"passed":true}
CASE {"label":"p=10/a=0.000000/b=1.000000/radial-JVP","dtype":"float16","actual":[0],"expected":[0],"tolerance":0.0030000000000000001,"passed":true}
CASE {"label":"p=10/a=0.000000/b=1.000000/opposite-scaling-JVP","dtype":"float16","actual":[0],"expected":[0],"tolerance":0.0030000000000000001,"passed":true}
CASE {"label":"weighted/pa=10/pb=10/pg=0/sign=-1.000000/JVP","dtype":"float16","actual":[0],"expected":[0.0009765625],"tolerance":0.0030000000000000001,"passed":false}
CASE {"label":"weighted/pa=10/pb=10/pg=0/sign=-1.000000/VJP","dtype":"float16","actual":[0],"expected":[0.0009765625],"tolerance":0.0030000000000000001,"passed":false}
CASE {"label":"weighted/pa=10/pb=10/pg=0/sign=1.000000/JVP","dtype":"float16","actual":[-0],"expected":[-0.0009765625],"tolerance":0.0030000000000000001,"passed":false}
CASE {"label":"weighted/pa=10/pb=10/pg=0/sign=1.000000/VJP","dtype":"float16","actual":[-0],"expected":[-0.0009765625],"tolerance":0.0030000000000000001,"passed":false}
CASE {"label":"weighted/pa=-10/pb=-10/pg=0/sign=-1.000000/JVP","dtype":"float16","actual":[1024],"expected":[1024],"tolerance":0.0030000000000000001,"passed":true}
CASE {"label":"weighted/pa=-10/pb=-10/pg=0/sign=-1.000000/VJP","dtype":"float16","actual":[1024],"expected":[1024],"tolerance":0.0030000000000000001,"passed":true}
CASE {"label":"weighted/pa=-10/pb=-10/pg=0/sign=1.000000/JVP","dtype":"float16","actual":[-1024],"expected":[-1024],"tolerance":0.0030000000000000001,"passed":true}
CASE {"label":"weighted/pa=-10/pb=-10/pg=0/sign=1.000000/VJP","dtype":"float16","actual":[-1024],"expected":[-1024],"tolerance":0.0030000000000000001,"passed":true}
CASE {"label":"weighted/pa=-14/pb=3/pg=14/sign=-1.000000/JVP","dtype":"float16","actual":[0.015625],"expected":[0.015625],"tolerance":0.0030000000000000001,"passed":true}
CASE {"label":"weighted/pa=-14/pb=3/pg=14/sign=-1.000000/VJP","dtype":"float16","actual":[0.015625],"expected":[0.015625],"tolerance":0.0030000000000000001,"passed":true}
CASE {"label":"weighted/pa=-14/pb=3/pg=14/sign=1.000000/JVP","dtype":"float16","actual":[-0.015625],"expected":[-0.015625],"tolerance":0.0030000000000000001,"passed":true}
CASE {"label":"weighted/pa=-14/pb=3/pg=14/sign=1.000000/VJP","dtype":"float16","actual":[-0.015625],"expected":[-0.015625],"tolerance":0.0030000000000000001,"passed":true}
CASE {"label":"weighted/pa=-10/pb=-2/pg=14/sign=-1.000000/JVP","dtype":"float16","actual":[256],"expected":[256],"tolerance":0.0030000000000000001,"passed":true}
CASE {"label":"weighted/pa=-10/pb=-2/pg=14/sign=-1.000000/VJP","dtype":"float16","actual":[256],"expected":[256],"tolerance":0.0030000000000000001,"passed":true}
CASE {"label":"weighted/pa=-10/pb=-2/pg=14/sign=1.000000/JVP","dtype":"float16","actual":[-256],"expected":[-256],"tolerance":0.0030000000000000001,"passed":true}
CASE {"label":"weighted/pa=-10/pb=-2/pg=14/sign=1.000000/VJP","dtype":"float16","actual":[-256],"expected":[-256],"tolerance":0.0030000000000000001,"passed":true}
CASE {"label":"weighted/pa=10/pb=7/pg=10/sign=-1.000000/JVP","dtype":"float16","actual":["Infinity"],"expected":[64],"tolerance":0.0030000000000000001,"passed":false}
CASE {"label":"weighted/pa=10/pb=7/pg=10/sign=-1.000000/VJP","dtype":"float16","actual":["Infinity"],"expected":[64],"tolerance":0.0030000000000000001,"passed":false}
CASE {"label":"weighted/pa=10/pb=7/pg=10/sign=1.000000/JVP","dtype":"float16","actual":["-Infinity"],"expected":[-64],"tolerance":0.0030000000000000001,"passed":false}
CASE {"label":"weighted/pa=10/pb=7/pg=10/sign=1.000000/VJP","dtype":"float16","actual":["-Infinity"],"expected":[-64],"tolerance":0.0030000000000000001,"passed":false}
CASE {"label":"weighted/pa=-10/pb=-8/pg=-10/sign=-1.000000/JVP","dtype":"float16","actual":[0.0625],"expected":[0.0625],"tolerance":0.0030000000000000001,"passed":true}
CASE {"label":"weighted/pa=-10/pb=-8/pg=-10/sign=-1.000000/VJP","dtype":"float16","actual":[0.0625],"expected":[0.0625],"tolerance":0.0030000000000000001,"passed":true}
CASE {"label":"weighted/pa=-10/pb=-8/pg=-10/sign=1.000000/JVP","dtype":"float16","actual":[-0.0625],"expected":[-0.0625],"tolerance":0.0030000000000000001,"passed":true}
CASE {"label":"weighted/pa=-10/pb=-8/pg=-10/sign=1.000000/VJP","dtype":"float16","actual":[-0.0625],"expected":[-0.0625],"tolerance":0.0030000000000000001,"passed":true}
CASE {"label":"weighted/pa=14/pb=3/pg=-14/sign=-1.000000/JVP","dtype":"float16","actual":[0.015625],"expected":[0.015625],"tolerance":0.0030000000000000001,"passed":true}
CASE {"label":"weighted/pa=14/pb=3/pg=-14/sign=-1.000000/VJP","dtype":"float16","actual":[0.015625],"expected":[0.015625],"tolerance":0.0030000000000000001,"passed":true}
CASE {"label":"weighted/pa=14/pb=3/pg=-14/sign=1.000000/JVP","dtype":"float16","actual":[-0.015625],"expected":[-0.015625],"tolerance":0.0030000000000000001,"passed":true}
CASE {"label":"weighted/pa=14/pb=3/pg=-14/sign=1.000000/VJP","dtype":"float16","actual":[-0.015625],"expected":[-0.015625],"tolerance":0.0030000000000000001,"passed":true}
CASE {"label":"p=0/a=1.000000/b=1.000000/w=0.000000/VJP","dtype":"bfloat16","actual":[0,-0],"expected":[0,-0],"tolerance":0.02,"passed":true}
CASE {"label":"p=0/a=1.000000/b=1.000000/w=0.000000/JVP-y","dtype":"bfloat16","actual":[0],"expected":[0],"tolerance":0.02,"passed":true}
CASE {"label":"p=0/a=1.000000/b=1.000000/w=0.000000/JVP-x","dtype":"bfloat16","actual":[-0],"expected":[-0],"tolerance":0.02,"passed":true}
CASE {"label":"p=0/a=1.000000/b=1.000000/w=0.000000/JVP-both","dtype":"bfloat16","actual":[0],"expected":[0],"tolerance":0.02,"passed":true}
CASE {"label":"p=0/a=1.000000/b=1.000000/w=1.000000/VJP","dtype":"bfloat16","actual":[1,-1],"expected":[1,-1],"tolerance":0.02,"passed":true}
CASE {"label":"p=0/a=1.000000/b=1.000000/w=1.000000/JVP-y","dtype":"bfloat16","actual":[1],"expected":[1],"tolerance":0.02,"passed":true}
CASE {"label":"p=0/a=1.000000/b=1.000000/w=1.000000/JVP-x","dtype":"bfloat16","actual":[-1],"expected":[-1],"tolerance":0.02,"passed":true}
CASE {"label":"p=0/a=1.000000/b=1.000000/w=1.000000/JVP-both","dtype":"bfloat16","actual":[2],"expected":[2],"tolerance":0.02,"passed":true}
CASE {"label":"p=0/a=1.000000/b=1.000000/w=-0.500000/VJP","dtype":"bfloat16","actual":[-0.5,0.5],"expected":[-0.5,0.5],"tolerance":0.02,"passed":true}
CASE {"label":"p=0/a=1.000000/b=1.000000/w=-0.500000/JVP-y","dtype":"bfloat16","actual":[-0.5],"expected":[-0.5],"tolerance":0.02,"passed":true}
CASE {"label":"p=0/a=1.000000/b=1.000000/w=-0.500000/JVP-x","dtype":"bfloat16","actual":[0.5],"expected":[0.5],"tolerance":0.02,"passed":true}
CASE {"label":"p=0/a=1.000000/b=1.000000/w=-0.500000/JVP-both","dtype":"bfloat16","actual":[-1],"expected":[-1],"tolerance":0.02,"passed":true}
CASE {"label":"p=0/a=1.000000/b=1.000000/radial-JVP","dtype":"bfloat16","actual":[0],"expected":[0],"tolerance":0.02,"passed":true}
CASE {"label":"p=0/a=1.000000/b=1.000000/opposite-scaling-JVP","dtype":"bfloat16","actual":[2],"expected":[2],"tolerance":0.02,"passed":true}
CASE {"label":"p=0/a=2.000000/b=1.000000/w=0.000000/VJP","dtype":"bfloat16","actual":[0,-0],"expected":[0,-0],"tolerance":0.02,"passed":true}
CASE {"label":"p=0/a=2.000000/b=1.000000/w=0.000000/JVP-y","dtype":"bfloat16","actual":[0],"expected":[0],"tolerance":0.02,"passed":true}
CASE {"label":"p=0/a=2.000000/b=1.000000/w=0.000000/JVP-x","dtype":"bfloat16","actual":[-0],"expected":[-0],"tolerance":0.02,"passed":true}
CASE {"label":"p=0/a=2.000000/b=1.000000/w=0.000000/JVP-both","dtype":"bfloat16","actual":[0],"expected":[0],"tolerance":0.02,"passed":true}
CASE {"label":"p=0/a=2.000000/b=1.000000/w=1.000000/VJP","dtype":"bfloat16","actual":[1,-2],"expected":[1,-2],"tolerance":0.02,"passed":true}
CASE {"label":"p=0/a=2.000000/b=1.000000/w=1.000000/JVP-y","dtype":"bfloat16","actual":[1],"expected":[1],"tolerance":0.02,"passed":true}
CASE {"label":"p=0/a=2.000000/b=1.000000/w=1.000000/JVP-x","dtype":"bfloat16","actual":[-2],"expected":[-2],"tolerance":0.02,"passed":true}
CASE {"label":"p=0/a=2.000000/b=1.000000/w=1.000000/JVP-both","dtype":"bfloat16","actual":[3],"expected":[3],"tolerance":0.02,"passed":true}
CASE {"label":"p=0/a=2.000000/b=1.000000/w=-0.500000/VJP","dtype":"bfloat16","actual":[-0.5,1],"expected":[-0.5,1],"tolerance":0.02,"passed":true}
CASE {"label":"p=0/a=2.000000/b=1.000000/w=-0.500000/JVP-y","dtype":"bfloat16","actual":[-0.5],"expected":[-0.5],"tolerance":0.02,"passed":true}
CASE {"label":"p=0/a=2.000000/b=1.000000/w=-0.500000/JVP-x","dtype":"bfloat16","actual":[1],"expected":[1],"tolerance":0.02,"passed":true}
CASE {"label":"p=0/a=2.000000/b=1.000000/w=-0.500000/JVP-both","dtype":"bfloat16","actual":[-1.5],"expected":[-1.5],"tolerance":0.02,"passed":true}
CASE {"label":"p=0/a=2.000000/b=1.000000/radial-JVP","dtype":"bfloat16","actual":[0],"expected":[0],"tolerance":0.02,"passed":true}
CASE {"label":"p=0/a=2.000000/b=1.000000/opposite-scaling-JVP","dtype":"bfloat16","actual":[4],"expected":[4],"tolerance":0.02,"passed":true}
CASE {"label":"p=0/a=-1.000000/b=2.000000/w=0.000000/VJP","dtype":"bfloat16","actual":[0,0],"expected":[0,0],"tolerance":0.02,"passed":true}
CASE {"label":"p=0/a=-1.000000/b=2.000000/w=0.000000/JVP-y","dtype":"bfloat16","actual":[0],"expected":[0],"tolerance":0.02,"passed":true}
CASE {"label":"p=0/a=-1.000000/b=2.000000/w=0.000000/JVP-x","dtype":"bfloat16","actual":[0],"expected":[0],"tolerance":0.02,"passed":true}
CASE {"label":"p=0/a=-1.000000/b=2.000000/w=0.000000/JVP-both","dtype":"bfloat16","actual":[0],"expected":[0],"tolerance":0.02,"passed":true}
CASE {"label":"p=0/a=-1.000000/b=2.000000/w=1.000000/VJP","dtype":"bfloat16","actual":[0.5,0.25],"expected":[0.5,0.25],"tolerance":0.02,"passed":true}
CASE {"label":"p=0/a=-1.000000/b=2.000000/w=1.000000/JVP-y","dtype":"bfloat16","actual":[0.5],"expected":[0.5],"tolerance":0.02,"passed":true}
CASE {"label":"p=0/a=-1.000000/b=2.000000/w=1.000000/JVP-x","dtype":"bfloat16","actual":[0.25],"expected":[0.25],"tolerance":0.02,"passed":true}
CASE {"label":"p=0/a=-1.000000/b=2.000000/w=1.000000/JVP-both","dtype":"bfloat16","actual":[0.25],"expected":[0.25],"tolerance":0.02,"passed":true}
CASE {"label":"p=0/a=-1.000000/b=2.000000/w=-0.500000/VJP","dtype":"bfloat16","actual":[-0.25,-0.125],"expected":[-0.25,-0.125],"tolerance":0.02,"passed":true}
CASE {"label":"p=0/a=-1.000000/b=2.000000/w=-0.500000/JVP-y","dtype":"bfloat16","actual":[-0.25],"expected":[-0.25],"tolerance":0.02,"passed":true}
CASE {"label":"p=0/a=-1.000000/b=2.000000/w=-0.500000/JVP-x","dtype":"bfloat16","actual":[-0.125],"expected":[-0.125],"tolerance":0.02,"passed":true}
CASE {"label":"p=0/a=-1.000000/b=2.000000/w=-0.500000/JVP-both","dtype":"bfloat16","actual":[-0.125],"expected":[-0.125],"tolerance":0.02,"passed":true}
CASE {"label":"p=0/a=-1.000000/b=2.000000/radial-JVP","dtype":"bfloat16","actual":[0],"expected":[0],"tolerance":0.02,"passed":true}
CASE {"label":"p=0/a=-1.000000/b=2.000000/opposite-scaling-JVP","dtype":"bfloat16","actual":[-1],"expected":[-1],"tolerance":0.02,"passed":true}
CASE {"label":"p=0/a=1.000000/b=-2.000000/w=0.000000/VJP","dtype":"bfloat16","actual":[-0,-0],"expected":[-0,-0],"tolerance":0.02,"passed":true}
CASE {"label":"p=0/a=1.000000/b=-2.000000/w=0.000000/JVP-y","dtype":"bfloat16","actual":[-0],"expected":[-0],"tolerance":0.02,"passed":true}
CASE {"label":"p=0/a=1.000000/b=-2.000000/w=0.000000/JVP-x","dtype":"bfloat16","actual":[-0],"expected":[-0],"tolerance":0.02,"passed":true}
CASE {"label":"p=0/a=1.000000/b=-2.000000/w=0.000000/JVP-both","dtype":"bfloat16","actual":[0],"expected":[-0],"tolerance":0.02,"passed":true}
CASE {"label":"p=0/a=1.000000/b=-2.000000/w=1.000000/VJP","dtype":"bfloat16","actual":[-0.5,-0.25],"expected":[-0.5,-0.25],"tolerance":0.02,"passed":true}
CASE {"label":"p=0/a=1.000000/b=-2.000000/w=1.000000/JVP-y","dtype":"bfloat16","actual":[-0.5],"expected":[-0.5],"tolerance":0.02,"passed":true}
CASE {"label":"p=0/a=1.000000/b=-2.000000/w=1.000000/JVP-x","dtype":"bfloat16","actual":[-0.25],"expected":[-0.25],"tolerance":0.02,"passed":true}
CASE {"label":"p=0/a=1.000000/b=-2.000000/w=1.000000/JVP-both","dtype":"bfloat16","actual":[-0.25],"expected":[-0.25],"tolerance":0.02,"passed":true}
CASE {"label":"p=0/a=1.000000/b=-2.000000/w=-0.500000/VJP","dtype":"bfloat16","actual":[0.25,0.125],"expected":[0.25,0.125],"tolerance":0.02,"passed":true}
CASE {"label":"p=0/a=1.000000/b=-2.000000/w=-0.500000/JVP-y","dtype":"bfloat16","actual":[0.25],"expected":[0.25],"tolerance":0.02,"passed":true}
CASE {"label":"p=0/a=1.000000/b=-2.000000/w=-0.500000/JVP-x","dtype":"bfloat16","actual":[0.125],"expected":[0.125],"tolerance":0.02,"passed":true}
CASE {"label":"p=0/a=1.000000/b=-2.000000/w=-0.500000/JVP-both","dtype":"bfloat16","actual":[0.125],"expected":[0.125],"tolerance":0.02,"passed":true}
CASE {"label":"p=0/a=1.000000/b=-2.000000/radial-JVP","dtype":"bfloat16","actual":[0],"expected":[0],"tolerance":0.02,"passed":true}
CASE {"label":"p=0/a=1.000000/b=-2.000000/opposite-scaling-JVP","dtype":"bfloat16","actual":[-1],"expected":[-1],"tolerance":0.02,"passed":true}
CASE {"label":"p=0/a=-1.000000/b=-2.000000/w=0.000000/VJP","dtype":"bfloat16","actual":[-0,0],"expected":[-0,0],"tolerance":0.02,"passed":true}
CASE {"label":"p=0/a=-1.000000/b=-2.000000/w=0.000000/JVP-y","dtype":"bfloat16","actual":[-0],"expected":[-0],"tolerance":0.02,"passed":true}
CASE {"label":"p=0/a=-1.000000/b=-2.000000/w=0.000000/JVP-x","dtype":"bfloat16","actual":[0],"expected":[0],"tolerance":0.02,"passed":true}
CASE {"label":"p=0/a=-1.000000/b=-2.000000/w=0.000000/JVP-both","dtype":"bfloat16","actual":[-0],"expected":[-0],"tolerance":0.02,"passed":true}
CASE {"label":"p=0/a=-1.000000/b=-2.000000/w=1.000000/VJP","dtype":"bfloat16","actual":[-0.5,0.25],"expected":[-0.5,0.25],"tolerance":0.02,"passed":true}
CASE {"label":"p=0/a=-1.000000/b=-2.000000/w=1.000000/JVP-y","dtype":"bfloat16","actual":[-0.5],"expected":[-0.5],"tolerance":0.02,"passed":true}
CASE {"label":"p=0/a=-1.000000/b=-2.000000/w=1.000000/JVP-x","dtype":"bfloat16","actual":[0.25],"expected":[0.25],"tolerance":0.02,"passed":true}
CASE {"label":"p=0/a=-1.000000/b=-2.000000/w=1.000000/JVP-both","dtype":"bfloat16","actual":[-0.75],"expected":[-0.75],"tolerance":0.02,"passed":true}
CASE {"label":"p=0/a=-1.000000/b=-2.000000/w=-0.500000/VJP","dtype":"bfloat16","actual":[0.25,-0.125],"expected":[0.25,-0.125],"tolerance":0.02,"passed":true}
CASE {"label":"p=0/a=-1.000000/b=-2.000000/w=-0.500000/JVP-y","dtype":"bfloat16","actual":[0.25],"expected":[0.25],"tolerance":0.02,"passed":true}
CASE {"label":"p=0/a=-1.000000/b=-2.000000/w=-0.500000/JVP-x","dtype":"bfloat16","actual":[-0.125],"expected":[-0.125],"tolerance":0.02,"passed":true}
CASE {"label":"p=0/a=-1.000000/b=-2.000000/w=-0.500000/JVP-both","dtype":"bfloat16","actual":[0.375],"expected":[0.375],"tolerance":0.02,"passed":true}
CASE {"label":"p=0/a=-1.000000/b=-2.000000/radial-JVP","dtype":"bfloat16","actual":[0],"expected":[0],"tolerance":0.02,"passed":true}
CASE {"label":"p=0/a=-1.000000/b=-2.000000/opposite-scaling-JVP","dtype":"bfloat16","actual":[1],"expected":[1],"tolerance":0.02,"passed":true}
CASE {"label":"p=0/a=0.000000/b=1.000000/w=0.000000/VJP","dtype":"bfloat16","actual":[0,-0],"expected":[0,-0],"tolerance":0.02,"passed":true}
CASE {"label":"p=0/a=0.000000/b=1.000000/w=0.000000/JVP-y","dtype":"bfloat16","actual":[0],"expected":[0],"tolerance":0.02,"passed":true}
CASE {"label":"p=0/a=0.000000/b=1.000000/w=0.000000/JVP-x","dtype":"bfloat16","actual":[-0],"expected":[-0],"tolerance":0.02,"passed":true}
CASE {"label":"p=0/a=0.000000/b=1.000000/w=0.000000/JVP-both","dtype":"bfloat16","actual":[0],"expected":[0],"tolerance":0.02,"passed":true}
CASE {"label":"p=0/a=0.000000/b=1.000000/w=1.000000/VJP","dtype":"bfloat16","actual":[1,-0],"expected":[1,-0],"tolerance":0.02,"passed":true}
CASE {"label":"p=0/a=0.000000/b=1.000000/w=1.000000/JVP-y","dtype":"bfloat16","actual":[1],"expected":[1],"tolerance":0.02,"passed":true}
CASE {"label":"p=0/a=0.000000/b=1.000000/w=1.000000/JVP-x","dtype":"bfloat16","actual":[-0],"expected":[-0],"tolerance":0.02,"passed":true}
CASE {"label":"p=0/a=0.000000/b=1.000000/w=1.000000/JVP-both","dtype":"bfloat16","actual":[1],"expected":[1],"tolerance":0.02,"passed":true}
CASE {"label":"p=0/a=0.000000/b=1.000000/w=-0.500000/VJP","dtype":"bfloat16","actual":[-0.5,0],"expected":[-0.5,0],"tolerance":0.02,"passed":true}
CASE {"label":"p=0/a=0.000000/b=1.000000/w=-0.500000/JVP-y","dtype":"bfloat16","actual":[-0.5],"expected":[-0.5],"tolerance":0.02,"passed":true}
CASE {"label":"p=0/a=0.000000/b=1.000000/w=-0.500000/JVP-x","dtype":"bfloat16","actual":[0],"expected":[0],"tolerance":0.02,"passed":true}
CASE {"label":"p=0/a=0.000000/b=1.000000/w=-0.500000/JVP-both","dtype":"bfloat16","actual":[-0.5],"expected":[-0.5],"tolerance":0.02,"passed":true}
CASE {"label":"p=0/a=0.000000/b=1.000000/radial-JVP","dtype":"bfloat16","actual":[0],"expected":[0],"tolerance":0.02,"passed":true}
CASE {"label":"p=0/a=0.000000/b=1.000000/opposite-scaling-JVP","dtype":"bfloat16","actual":[0],"expected":[0],"tolerance":0.02,"passed":true}
CASE {"label":"p=-80/a=1.000000/b=1.000000/w=0.000000/VJP","dtype":"bfloat16","actual":[0,"NaN"],"expected":[0,-0],"tolerance":0.02,"passed":false}
CASE {"label":"p=-80/a=1.000000/b=1.000000/w=0.000000/JVP-y","dtype":"bfloat16","actual":[0],"expected":[0],"tolerance":0.02,"passed":true}
CASE {"label":"p=-80/a=1.000000/b=1.000000/w=0.000000/JVP-x","dtype":"bfloat16","actual":["NaN"],"expected":[-0],"tolerance":0.02,"passed":false}
CASE {"label":"p=-80/a=1.000000/b=1.000000/w=0.000000/JVP-both","dtype":"bfloat16","actual":["NaN"],"expected":[0],"tolerance":0.02,"passed":false}
CASE {"label":"p=-80/a=1.000000/b=1.000000/w=1.000000/VJP","dtype":"bfloat16","actual":[1.2089258196146292e+24,"-Infinity"],"expected":[1.2089258196146292e+24,-1.2089258196146292e+24],"tolerance":0.02,"passed":false}
CASE {"label":"p=-80/a=1.000000/b=1.000000/w=1.000000/JVP-y","dtype":"bfloat16","actual":[1.2089258196146292e+24],"expected":[1.2089258196146292e+24],"tolerance":0.02,"passed":true}
CASE {"label":"p=-80/a=1.000000/b=1.000000/w=1.000000/JVP-x","dtype":"bfloat16","actual":["-Infinity"],"expected":[-1.2089258196146292e+24],"tolerance":0.02,"passed":false}
CASE {"label":"p=-80/a=1.000000/b=1.000000/w=1.000000/JVP-both","dtype":"bfloat16","actual":["Infinity"],"expected":[2.4178516392292583e+24],"tolerance":0.02,"passed":false}
CASE {"label":"p=-80/a=1.000000/b=1.000000/w=-0.500000/VJP","dtype":"bfloat16","actual":[-6.0446290980731459e+23,"Infinity"],"expected":[-6.0446290980731459e+23,6.0446290980731459e+23],"tolerance":0.02,"passed":false}
CASE {"label":"p=-80/a=1.000000/b=1.000000/w=-0.500000/JVP-y","dtype":"bfloat16","actual":[-6.0446290980731459e+23],"expected":[-6.0446290980731459e+23],"tolerance":0.02,"passed":true}
CASE {"label":"p=-80/a=1.000000/b=1.000000/w=-0.500000/JVP-x","dtype":"bfloat16","actual":["Infinity"],"expected":[6.0446290980731459e+23],"tolerance":0.02,"passed":false}
CASE {"label":"p=-80/a=1.000000/b=1.000000/w=-0.500000/JVP-both","dtype":"bfloat16","actual":["-Infinity"],"expected":[-1.2089258196146292e+24],"tolerance":0.02,"passed":false}
CASE {"label":"p=-80/a=1.000000/b=1.000000/radial-JVP","dtype":"bfloat16","actual":["NaN"],"expected":[0],"tolerance":0.02,"passed":false}
CASE {"label":"p=-80/a=1.000000/b=1.000000/opposite-scaling-JVP","dtype":"bfloat16","actual":["NaN"],"expected":[2],"tolerance":0.02,"passed":false}
CASE {"label":"p=-80/a=2.000000/b=1.000000/w=0.000000/VJP","dtype":"bfloat16","actual":[0,"NaN"],"expected":[0,-0],"tolerance":0.02,"passed":false}
CASE {"label":"p=-80/a=2.000000/b=1.000000/w=0.000000/JVP-y","dtype":"bfloat16","actual":[0],"expected":[0],"tolerance":0.02,"passed":true}
CASE {"label":"p=-80/a=2.000000/b=1.000000/w=0.000000/JVP-x","dtype":"bfloat16","actual":["NaN"],"expected":[-0],"tolerance":0.02,"passed":false}
CASE {"label":"p=-80/a=2.000000/b=1.000000/w=0.000000/JVP-both","dtype":"bfloat16","actual":["NaN"],"expected":[0],"tolerance":0.02,"passed":false}
CASE {"label":"p=-80/a=2.000000/b=1.000000/w=1.000000/VJP","dtype":"bfloat16","actual":[1.2089258196146292e+24,"-Infinity"],"expected":[1.2089258196146292e+24,-2.4178516392292583e+24],"tolerance":0.02,"passed":false}
CASE {"label":"p=-80/a=2.000000/b=1.000000/w=1.000000/JVP-y","dtype":"bfloat16","actual":[1.2089258196146292e+24],"expected":[1.2089258196146292e+24],"tolerance":0.02,"passed":true}
CASE {"label":"p=-80/a=2.000000/b=1.000000/w=1.000000/JVP-x","dtype":"bfloat16","actual":["-Infinity"],"expected":[-2.4178516392292583e+24],"tolerance":0.02,"passed":false}
CASE {"label":"p=-80/a=2.000000/b=1.000000/w=1.000000/JVP-both","dtype":"bfloat16","actual":["Infinity"],"expected":[3.6267774588438875e+24],"tolerance":0.02,"passed":false}
CASE {"label":"p=-80/a=2.000000/b=1.000000/w=-0.500000/VJP","dtype":"bfloat16","actual":[-6.0446290980731459e+23,"Infinity"],"expected":[-6.0446290980731459e+23,1.2089258196146292e+24],"tolerance":0.02,"passed":false}
CASE {"label":"p=-80/a=2.000000/b=1.000000/w=-0.500000/JVP-y","dtype":"bfloat16","actual":[-6.0446290980731459e+23],"expected":[-6.0446290980731459e+23],"tolerance":0.02,"passed":true}
CASE {"label":"p=-80/a=2.000000/b=1.000000/w=-0.500000/JVP-x","dtype":"bfloat16","actual":["Infinity"],"expected":[1.2089258196146292e+24],"tolerance":0.02,"passed":false}
CASE {"label":"p=-80/a=2.000000/b=1.000000/w=-0.500000/JVP-both","dtype":"bfloat16","actual":["-Infinity"],"expected":[-1.8133887294219438e+24],"tolerance":0.02,"passed":false}
CASE {"label":"p=-80/a=2.000000/b=1.000000/radial-JVP","dtype":"bfloat16","actual":["NaN"],"expected":[0],"tolerance":0.02,"passed":false}
CASE {"label":"p=-80/a=2.000000/b=1.000000/opposite-scaling-JVP","dtype":"bfloat16","actual":["NaN"],"expected":[4],"tolerance":0.02,"passed":false}
CASE {"label":"p=-80/a=-1.000000/b=2.000000/w=0.000000/VJP","dtype":"bfloat16","actual":[0,"NaN"],"expected":[0,0],"tolerance":0.02,"passed":false}
CASE {"label":"p=-80/a=-1.000000/b=2.000000/w=0.000000/JVP-y","dtype":"bfloat16","actual":[0],"expected":[0],"tolerance":0.02,"passed":true}
CASE {"label":"p=-80/a=-1.000000/b=2.000000/w=0.000000/JVP-x","dtype":"bfloat16","actual":["NaN"],"expected":[0],"tolerance":0.02,"passed":false}
CASE {"label":"p=-80/a=-1.000000/b=2.000000/w=0.000000/JVP-both","dtype":"bfloat16","actual":["NaN"],"expected":[0],"tolerance":0.02,"passed":false}
CASE {"label":"p=-80/a=-1.000000/b=2.000000/w=1.000000/VJP","dtype":"bfloat16","actual":[6.0446290980731459e+23,"Infinity"],"expected":[6.0446290980731459e+23,3.0223145490365729e+23],"tolerance":0.02,"passed":false}
CASE {"label":"p=-80/a=-1.000000/b=2.000000/w=1.000000/JVP-y","dtype":"bfloat16","actual":[6.0446290980731459e+23],"expected":[6.0446290980731459e+23],"tolerance":0.02,"passed":true}
CASE {"label":"p=-80/a=-1.000000/b=2.000000/w=1.000000/JVP-x","dtype":"bfloat16","actual":["Infinity"],"expected":[3.0223145490365729e+23],"tolerance":0.02,"passed":false}
CASE {"label":"p=-80/a=-1.000000/b=2.000000/w=1.000000/JVP-both","dtype":"bfloat16","actual":["-Infinity"],"expected":[3.0223145490365729e+23],"tolerance":0.02,"passed":false}
CASE {"label":"p=-80/a=-1.000000/b=2.000000/w=-0.500000/VJP","dtype":"bfloat16","actual":[-3.0223145490365729e+23,"-Infinity"],"expected":[-3.0223145490365729e+23,-1.5111572745182865e+23],"tolerance":0.02,"passed":false}
CASE {"label":"p=-80/a=-1.000000/b=2.000000/w=-0.500000/JVP-y","dtype":"bfloat16","actual":[-3.0223145490365729e+23],"expected":[-3.0223145490365729e+23],"tolerance":0.02,"passed":true}
CASE {"label":"p=-80/a=-1.000000/b=2.000000/w=-0.500000/JVP-x","dtype":"bfloat16","actual":["-Infinity"],"expected":[-1.5111572745182865e+23],"tolerance":0.02,"passed":false}
CASE {"label":"p=-80/a=-1.000000/b=2.000000/w=-0.500000/JVP-both","dtype":"bfloat16","actual":["Infinity"],"expected":[-1.5111572745182865e+23],"tolerance":0.02,"passed":false}
CASE {"label":"p=-80/a=-1.000000/b=2.000000/radial-JVP","dtype":"bfloat16","actual":["NaN"],"expected":[0],"tolerance":0.02,"passed":false}
CASE {"label":"p=-80/a=-1.000000/b=2.000000/opposite-scaling-JVP","dtype":"bfloat16","actual":["NaN"],"expected":[-1],"tolerance":0.02,"passed":false}
CASE {"label":"p=-80/a=1.000000/b=-2.000000/w=0.000000/VJP","dtype":"bfloat16","actual":[-0,"NaN"],"expected":[-0,-0],"tolerance":0.02,"passed":false}
CASE {"label":"p=-80/a=1.000000/b=-2.000000/w=0.000000/JVP-y","dtype":"bfloat16","actual":[-0],"expected":[-0],"tolerance":0.02,"passed":true}
CASE {"label":"p=-80/a=1.000000/b=-2.000000/w=0.000000/JVP-x","dtype":"bfloat16","actual":["NaN"],"expected":[-0],"tolerance":0.02,"passed":false}
CASE {"label":"p=-80/a=1.000000/b=-2.000000/w=0.000000/JVP-both","dtype":"bfloat16","actual":["NaN"],"expected":[-0],"tolerance":0.02,"passed":false}
CASE {"label":"p=-80/a=1.000000/b=-2.000000/w=1.000000/VJP","dtype":"bfloat16","actual":[-6.0446290980731459e+23,"-Infinity"],"expected":[-6.0446290980731459e+23,-3.0223145490365729e+23],"tolerance":0.02,"passed":false}
CASE {"label":"p=-80/a=1.000000/b=-2.000000/w=1.000000/JVP-y","dtype":"bfloat16","actual":[-6.0446290980731459e+23],"expected":[-6.0446290980731459e+23],"tolerance":0.02,"passed":true}
CASE {"label":"p=-80/a=1.000000/b=-2.000000/w=1.000000/JVP-x","dtype":"bfloat16","actual":["-Infinity"],"expected":[-3.0223145490365729e+23],"tolerance":0.02,"passed":false}
CASE {"label":"p=-80/a=1.000000/b=-2.000000/w=1.000000/JVP-both","dtype":"bfloat16","actual":["Infinity"],"expected":[-3.0223145490365729e+23],"tolerance":0.02,"passed":false}
CASE {"label":"p=-80/a=1.000000/b=-2.000000/w=-0.500000/VJP","dtype":"bfloat16","actual":[3.0223145490365729e+23,"Infinity"],"expected":[3.0223145490365729e+23,1.5111572745182865e+23],"tolerance":0.02,"passed":false}
CASE {"label":"p=-80/a=1.000000/b=-2.000000/w=-0.500000/JVP-y","dtype":"bfloat16","actual":[3.0223145490365729e+23],"expected":[3.0223145490365729e+23],"tolerance":0.02,"passed":true}
CASE {"label":"p=-80/a=1.000000/b=-2.000000/w=-0.500000/JVP-x","dtype":"bfloat16","actual":["Infinity"],"expected":[1.5111572745182865e+23],"tolerance":0.02,"passed":false}
CASE {"label":"p=-80/a=1.000000/b=-2.000000/w=-0.500000/JVP-both","dtype":"bfloat16","actual":["-Infinity"],"expected":[1.5111572745182865e+23],"tolerance":0.02,"passed":false}
CASE {"label":"p=-80/a=1.000000/b=-2.000000/radial-JVP","dtype":"bfloat16","actual":["NaN"],"expected":[0],"tolerance":0.02,"passed":false}
CASE {"label":"p=-80/a=1.000000/b=-2.000000/opposite-scaling-JVP","dtype":"bfloat16","actual":["NaN"],"expected":[-1],"tolerance":0.02,"passed":false}
CASE {"label":"p=-80/a=-1.000000/b=-2.000000/w=0.000000/VJP","dtype":"bfloat16","actual":[-0,"NaN"],"expected":[-0,0],"tolerance":0.02,"passed":false}
CASE {"label":"p=-80/a=-1.000000/b=-2.000000/w=0.000000/JVP-y","dtype":"bfloat16","actual":[-0],"expected":[-0],"tolerance":0.02,"passed":true}
CASE {"label":"p=-80/a=-1.000000/b=-2.000000/w=0.000000/JVP-x","dtype":"bfloat16","actual":["NaN"],"expected":[0],"tolerance":0.02,"passed":false}
CASE {"label":"p=-80/a=-1.000000/b=-2.000000/w=0.000000/JVP-both","dtype":"bfloat16","actual":["NaN"],"expected":[-0],"tolerance":0.02,"passed":false}
CASE {"label":"p=-80/a=-1.000000/b=-2.000000/w=1.000000/VJP","dtype":"bfloat16","actual":[-6.0446290980731459e+23,"Infinity"],"expected":[-6.0446290980731459e+23,3.0223145490365729e+23],"tolerance":0.02,"passed":false}
CASE {"label":"p=-80/a=-1.000000/b=-2.000000/w=1.000000/JVP-y","dtype":"bfloat16","actual":[-6.0446290980731459e+23],"expected":[-6.0446290980731459e+23],"tolerance":0.02,"passed":true}
CASE {"label":"p=-80/a=-1.000000/b=-2.000000/w=1.000000/JVP-x","dtype":"bfloat16","actual":["Infinity"],"expected":[3.0223145490365729e+23],"tolerance":0.02,"passed":false}
CASE {"label":"p=-80/a=-1.000000/b=-2.000000/w=1.000000/JVP-both","dtype":"bfloat16","actual":["-Infinity"],"expected":[-9.0669436471097188e+23],"tolerance":0.02,"passed":false}
CASE {"label":"p=-80/a=-1.000000/b=-2.000000/w=-0.500000/VJP","dtype":"bfloat16","actual":[3.0223145490365729e+23,"-Infinity"],"expected":[3.0223145490365729e+23,-1.5111572745182865e+23],"tolerance":0.02,"passed":false}
CASE {"label":"p=-80/a=-1.000000/b=-2.000000/w=-0.500000/JVP-y","dtype":"bfloat16","actual":[3.0223145490365729e+23],"expected":[3.0223145490365729e+23],"tolerance":0.02,"passed":true}
CASE {"label":"p=-80/a=-1.000000/b=-2.000000/w=-0.500000/JVP-x","dtype":"bfloat16","actual":["-Infinity"],"expected":[-1.5111572745182865e+23],"tolerance":0.02,"passed":false}
CASE {"label":"p=-80/a=-1.000000/b=-2.000000/w=-0.500000/JVP-both","dtype":"bfloat16","actual":["Infinity"],"expected":[4.5334718235548594e+23],"tolerance":0.02,"passed":false}
CASE {"label":"p=-80/a=-1.000000/b=-2.000000/radial-JVP","dtype":"bfloat16","actual":["NaN"],"expected":[0],"tolerance":0.02,"passed":false}
CASE {"label":"p=-80/a=-1.000000/b=-2.000000/opposite-scaling-JVP","dtype":"bfloat16","actual":["NaN"],"expected":[1],"tolerance":0.02,"passed":false}
CASE {"label":"p=-80/a=0.000000/b=1.000000/w=0.000000/VJP","dtype":"bfloat16","actual":[0,"NaN"],"expected":[0,-0],"tolerance":0.02,"passed":false}
CASE {"label":"p=-80/a=0.000000/b=1.000000/w=0.000000/JVP-y","dtype":"bfloat16","actual":[0],"expected":[0],"tolerance":0.02,"passed":true}
CASE {"label":"p=-80/a=0.000000/b=1.000000/w=0.000000/JVP-x","dtype":"bfloat16","actual":["NaN"],"expected":[-0],"tolerance":0.02,"passed":false}
CASE {"label":"p=-80/a=0.000000/b=1.000000/w=0.000000/JVP-both","dtype":"bfloat16","actual":["NaN"],"expected":[0],"tolerance":0.02,"passed":false}
CASE {"label":"p=-80/a=0.000000/b=1.000000/w=1.000000/VJP","dtype":"bfloat16","actual":[1.2089258196146292e+24,"NaN"],"expected":[1.2089258196146292e+24,-0],"tolerance":0.02,"passed":false}
CASE {"label":"p=-80/a=0.000000/b=1.000000/w=1.000000/JVP-y","dtype":"bfloat16","actual":[1.2089258196146292e+24],"expected":[1.2089258196146292e+24],"tolerance":0.02,"passed":true}
CASE {"label":"p=-80/a=0.000000/b=1.000000/w=1.000000/JVP-x","dtype":"bfloat16","actual":["NaN"],"expected":[-0],"tolerance":0.02,"passed":false}
CASE {"label":"p=-80/a=0.000000/b=1.000000/w=1.000000/JVP-both","dtype":"bfloat16","actual":["NaN"],"expected":[1.2089258196146292e+24],"tolerance":0.02,"passed":false}
CASE {"label":"p=-80/a=0.000000/b=1.000000/w=-0.500000/VJP","dtype":"bfloat16","actual":[-6.0446290980731459e+23,"NaN"],"expected":[-6.0446290980731459e+23,0],"tolerance":0.02,"passed":false}
CASE {"label":"p=-80/a=0.000000/b=1.000000/w=-0.500000/JVP-y","dtype":"bfloat16","actual":[-6.0446290980731459e+23],"expected":[-6.0446290980731459e+23],"tolerance":0.02,"passed":true}
CASE {"label":"p=-80/a=0.000000/b=1.000000/w=-0.500000/JVP-x","dtype":"bfloat16","actual":["NaN"],"expected":[0],"tolerance":0.02,"passed":false}
CASE {"label":"p=-80/a=0.000000/b=1.000000/w=-0.500000/JVP-both","dtype":"bfloat16","actual":["NaN"],"expected":[-6.0446290980731459e+23],"tolerance":0.02,"passed":false}
CASE {"label":"p=-80/a=0.000000/b=1.000000/radial-JVP","dtype":"bfloat16","actual":["NaN"],"expected":[0],"tolerance":0.02,"passed":false}
CASE {"label":"p=-80/a=0.000000/b=1.000000/opposite-scaling-JVP","dtype":"bfloat16","actual":["NaN"],"expected":[0],"tolerance":0.02,"passed":false}
CASE {"label":"p=80/a=1.000000/b=1.000000/w=0.000000/VJP","dtype":"bfloat16","actual":[0,-0],"expected":[0,-0],"tolerance":0.02,"passed":true}
CASE {"label":"p=80/a=1.000000/b=1.000000/w=0.000000/JVP-y","dtype":"bfloat16","actual":[0],"expected":[0],"tolerance":0.02,"passed":true}
CASE {"label":"p=80/a=1.000000/b=1.000000/w=0.000000/JVP-x","dtype":"bfloat16","actual":[-0],"expected":[-0],"tolerance":0.02,"passed":true}
CASE {"label":"p=80/a=1.000000/b=1.000000/w=0.000000/JVP-both","dtype":"bfloat16","actual":[0],"expected":[0],"tolerance":0.02,"passed":true}
CASE {"label":"p=80/a=1.000000/b=1.000000/w=1.000000/VJP","dtype":"bfloat16","actual":[8.2718061255302767e-25,-0],"expected":[8.2718061255302767e-25,-8.2718061255302767e-25],"tolerance":0.02,"passed":false}
CASE {"label":"p=80/a=1.000000/b=1.000000/w=1.000000/JVP-y","dtype":"bfloat16","actual":[8.2718061255302767e-25],"expected":[8.2718061255302767e-25],"tolerance":0.02,"passed":true}
CASE {"label":"p=80/a=1.000000/b=1.000000/w=1.000000/JVP-x","dtype":"bfloat16","actual":[-0],"expected":[-8.2718061255302767e-25],"tolerance":0.02,"passed":false}
CASE {"label":"p=80/a=1.000000/b=1.000000/w=1.000000/JVP-both","dtype":"bfloat16","actual":[8.2718061255302767e-25],"expected":[1.6543612251060553e-24],"tolerance":0.02,"passed":false}
CASE {"label":"p=80/a=1.000000/b=1.000000/w=-0.500000/VJP","dtype":"bfloat16","actual":[-4.1359030627651384e-25,0],"expected":[-4.1359030627651384e-25,4.1359030627651384e-25],"tolerance":0.02,"passed":false}
CASE {"label":"p=80/a=1.000000/b=1.000000/w=-0.500000/JVP-y","dtype":"bfloat16","actual":[-4.1359030627651384e-25],"expected":[-4.1359030627651384e-25],"tolerance":0.02,"passed":true}
CASE {"label":"p=80/a=1.000000/b=1.000000/w=-0.500000/JVP-x","dtype":"bfloat16","actual":[0],"expected":[4.1359030627651384e-25],"tolerance":0.02,"passed":false}
CASE {"label":"p=80/a=1.000000/b=1.000000/w=-0.500000/JVP-both","dtype":"bfloat16","actual":[-4.1359030627651384e-25],"expected":[-8.2718061255302767e-25],"tolerance":0.02,"passed":false}
CASE {"label":"p=80/a=1.000000/b=1.000000/radial-JVP","dtype":"bfloat16","actual":["NaN"],"expected":[0],"tolerance":0.02,"passed":false}
CASE {"label":"p=80/a=1.000000/b=1.000000/opposite-scaling-JVP","dtype":"bfloat16","actual":["NaN"],"expected":[2],"tolerance":0.02,"passed":false}
CASE {"label":"p=80/a=2.000000/b=1.000000/w=0.000000/VJP","dtype":"bfloat16","actual":[0,-0],"expected":[0,-0],"tolerance":0.02,"passed":true}
CASE {"label":"p=80/a=2.000000/b=1.000000/w=0.000000/JVP-y","dtype":"bfloat16","actual":[0],"expected":[0],"tolerance":0.02,"passed":true}
CASE {"label":"p=80/a=2.000000/b=1.000000/w=0.000000/JVP-x","dtype":"bfloat16","actual":[-0],"expected":[-0],"tolerance":0.02,"passed":true}
CASE {"label":"p=80/a=2.000000/b=1.000000/w=0.000000/JVP-both","dtype":"bfloat16","actual":[0],"expected":[0],"tolerance":0.02,"passed":true}
CASE {"label":"p=80/a=2.000000/b=1.000000/w=1.000000/VJP","dtype":"bfloat16","actual":[8.2718061255302767e-25,-0],"expected":[8.2718061255302767e-25,-1.6543612251060553e-24],"tolerance":0.02,"passed":false}
CASE {"label":"p=80/a=2.000000/b=1.000000/w=1.000000/JVP-y","dtype":"bfloat16","actual":[8.2718061255302767e-25],"expected":[8.2718061255302767e-25],"tolerance":0.02,"passed":true}
CASE {"label":"p=80/a=2.000000/b=1.000000/w=1.000000/JVP-x","dtype":"bfloat16","actual":[-0],"expected":[-1.6543612251060553e-24],"tolerance":0.02,"passed":false}
CASE {"label":"p=80/a=2.000000/b=1.000000/w=1.000000/JVP-both","dtype":"bfloat16","actual":[8.2718061255302767e-25],"expected":[2.481541837659083e-24],"tolerance":0.02,"passed":false}
CASE {"label":"p=80/a=2.000000/b=1.000000/w=-0.500000/VJP","dtype":"bfloat16","actual":[-4.1359030627651384e-25,0],"expected":[-4.1359030627651384e-25,8.2718061255302767e-25],"tolerance":0.02,"passed":false}
CASE {"label":"p=80/a=2.000000/b=1.000000/w=-0.500000/JVP-y","dtype":"bfloat16","actual":[-4.1359030627651384e-25],"expected":[-4.1359030627651384e-25],"tolerance":0.02,"passed":true}
CASE {"label":"p=80/a=2.000000/b=1.000000/w=-0.500000/JVP-x","dtype":"bfloat16","actual":[0],"expected":[8.2718061255302767e-25],"tolerance":0.02,"passed":false}
CASE {"label":"p=80/a=2.000000/b=1.000000/w=-0.500000/JVP-both","dtype":"bfloat16","actual":[-4.1359030627651384e-25],"expected":[-1.2407709188295415e-24],"tolerance":0.02,"passed":false}
CASE {"label":"p=80/a=2.000000/b=1.000000/radial-JVP","dtype":"bfloat16","actual":["NaN"],"expected":[0],"tolerance":0.02,"passed":false}
CASE {"label":"p=80/a=2.000000/b=1.000000/opposite-scaling-JVP","dtype":"bfloat16","actual":["NaN"],"expected":[4],"tolerance":0.02,"passed":false}
CASE {"label":"p=80/a=-1.000000/b=2.000000/w=0.000000/VJP","dtype":"bfloat16","actual":[0,0],"expected":[0,0],"tolerance":0.02,"passed":true}
CASE {"label":"p=80/a=-1.000000/b=2.000000/w=0.000000/JVP-y","dtype":"bfloat16","actual":[0],"expected":[0],"tolerance":0.02,"passed":true}
CASE {"label":"p=80/a=-1.000000/b=2.000000/w=0.000000/JVP-x","dtype":"bfloat16","actual":[0],"expected":[0],"tolerance":0.02,"passed":true}
CASE {"label":"p=80/a=-1.000000/b=2.000000/w=0.000000/JVP-both","dtype":"bfloat16","actual":[0],"expected":[0],"tolerance":0.02,"passed":true}
CASE {"label":"p=80/a=-1.000000/b=2.000000/w=1.000000/VJP","dtype":"bfloat16","actual":[4.1359030627651384e-25,0],"expected":[4.1359030627651384e-25,2.0679515313825692e-25],"tolerance":0.02,"passed":false}
CASE {"label":"p=80/a=-1.000000/b=2.000000/w=1.000000/JVP-y","dtype":"bfloat16","actual":[4.1359030627651384e-25],"expected":[4.1359030627651384e-25],"tolerance":0.02,"passed":true}
CASE {"label":"p=80/a=-1.000000/b=2.000000/w=1.000000/JVP-x","dtype":"bfloat16","actual":[0],"expected":[2.0679515313825692e-25],"tolerance":0.02,"passed":false}
CASE {"label":"p=80/a=-1.000000/b=2.000000/w=1.000000/JVP-both","dtype":"bfloat16","actual":[4.1359030627651384e-25],"expected":[2.0679515313825692e-25],"tolerance":0.02,"passed":false}
CASE {"label":"p=80/a=-1.000000/b=2.000000/w=-0.500000/VJP","dtype":"bfloat16","actual":[-2.0679515313825692e-25,-0],"expected":[-2.0679515313825692e-25,-1.0339757656912846e-25],"tolerance":0.02,"passed":false}
CASE {"label":"p=80/a=-1.000000/b=2.000000/w=-0.500000/JVP-y","dtype":"bfloat16","actual":[-2.0679515313825692e-25],"expected":[-2.0679515313825692e-25],"tolerance":0.02,"passed":true}
CASE {"label":"p=80/a=-1.000000/b=2.000000/w=-0.500000/JVP-x","dtype":"bfloat16","actual":[-0],"expected":[-1.0339757656912846e-25],"tolerance":0.02,"passed":false}
CASE {"label":"p=80/a=-1.000000/b=2.000000/w=-0.500000/JVP-both","dtype":"bfloat16","actual":[-2.0679515313825692e-25],"expected":[-1.0339757656912846e-25],"tolerance":0.02,"passed":false}
CASE {"label":"p=80/a=-1.000000/b=2.000000/radial-JVP","dtype":"bfloat16","actual":["NaN"],"expected":[0],"tolerance":0.02,"passed":false}
CASE {"label":"p=80/a=-1.000000/b=2.000000/opposite-scaling-JVP","dtype":"bfloat16","actual":["NaN"],"expected":[-1],"tolerance":0.02,"passed":false}
CASE {"label":"p=80/a=1.000000/b=-2.000000/w=0.000000/VJP","dtype":"bfloat16","actual":[-0,-0],"expected":[-0,-0],"tolerance":0.02,"passed":true}
CASE {"label":"p=80/a=1.000000/b=-2.000000/w=0.000000/JVP-y","dtype":"bfloat16","actual":[-0],"expected":[-0],"tolerance":0.02,"passed":true}
CASE {"label":"p=80/a=1.000000/b=-2.000000/w=0.000000/JVP-x","dtype":"bfloat16","actual":[-0],"expected":[-0],"tolerance":0.02,"passed":true}
CASE {"label":"p=80/a=1.000000/b=-2.000000/w=0.000000/JVP-both","dtype":"bfloat16","actual":[0],"expected":[-0],"tolerance":0.02,"passed":true}
CASE {"label":"p=80/a=1.000000/b=-2.000000/w=1.000000/VJP","dtype":"bfloat16","actual":[-4.1359030627651384e-25,-0],"expected":[-4.1359030627651384e-25,-2.0679515313825692e-25],"tolerance":0.02,"passed":false}
CASE {"label":"p=80/a=1.000000/b=-2.000000/w=1.000000/JVP-y","dtype":"bfloat16","actual":[-4.1359030627651384e-25],"expected":[-4.1359030627651384e-25],"tolerance":0.02,"passed":true}
CASE {"label":"p=80/a=1.000000/b=-2.000000/w=1.000000/JVP-x","dtype":"bfloat16","actual":[-0],"expected":[-2.0679515313825692e-25],"tolerance":0.02,"passed":false}
CASE {"label":"p=80/a=1.000000/b=-2.000000/w=1.000000/JVP-both","dtype":"bfloat16","actual":[-4.1359030627651384e-25],"expected":[-2.0679515313825692e-25],"tolerance":0.02,"passed":false}
CASE {"label":"p=80/a=1.000000/b=-2.000000/w=-0.500000/VJP","dtype":"bfloat16","actual":[2.0679515313825692e-25,0],"expected":[2.0679515313825692e-25,1.0339757656912846e-25],"tolerance":0.02,"passed":false}
CASE {"label":"p=80/a=1.000000/b=-2.000000/w=-0.500000/JVP-y","dtype":"bfloat16","actual":[2.0679515313825692e-25],"expected":[2.0679515313825692e-25],"tolerance":0.02,"passed":true}
CASE {"label":"p=80/a=1.000000/b=-2.000000/w=-0.500000/JVP-x","dtype":"bfloat16","actual":[0],"expected":[1.0339757656912846e-25],"tolerance":0.02,"passed":false}
CASE {"label":"p=80/a=1.000000/b=-2.000000/w=-0.500000/JVP-both","dtype":"bfloat16","actual":[2.0679515313825692e-25],"expected":[1.0339757656912846e-25],"tolerance":0.02,"passed":false}
CASE {"label":"p=80/a=1.000000/b=-2.000000/radial-JVP","dtype":"bfloat16","actual":["NaN"],"expected":[0],"tolerance":0.02,"passed":false}
CASE {"label":"p=80/a=1.000000/b=-2.000000/opposite-scaling-JVP","dtype":"bfloat16","actual":["NaN"],"expected":[-1],"tolerance":0.02,"passed":false}
CASE {"label":"p=80/a=-1.000000/b=-2.000000/w=0.000000/VJP","dtype":"bfloat16","actual":[-0,0],"expected":[-0,0],"tolerance":0.02,"passed":true}
CASE {"label":"p=80/a=-1.000000/b=-2.000000/w=0.000000/JVP-y","dtype":"bfloat16","actual":[-0],"expected":[-0],"tolerance":0.02,"passed":true}
CASE {"label":"p=80/a=-1.000000/b=-2.000000/w=0.000000/JVP-x","dtype":"bfloat16","actual":[0],"expected":[0],"tolerance":0.02,"passed":true}
CASE {"label":"p=80/a=-1.000000/b=-2.000000/w=0.000000/JVP-both","dtype":"bfloat16","actual":[-0],"expected":[-0],"tolerance":0.02,"passed":true}
CASE {"label":"p=80/a=-1.000000/b=-2.000000/w=1.000000/VJP","dtype":"bfloat16","actual":[-4.1359030627651384e-25,0],"expected":[-4.1359030627651384e-25,2.0679515313825692e-25],"tolerance":0.02,"passed":false}
CASE {"label":"p=80/a=-1.000000/b=-2.000000/w=1.000000/JVP-y","dtype":"bfloat16","actual":[-4.1359030627651384e-25],"expected":[-4.1359030627651384e-25],"tolerance":0.02,"passed":true}
CASE {"label":"p=80/a=-1.000000/b=-2.000000/w=1.000000/JVP-x","dtype":"bfloat16","actual":[0],"expected":[2.0679515313825692e-25],"tolerance":0.02,"passed":false}
CASE {"label":"p=80/a=-1.000000/b=-2.000000/w=1.000000/JVP-both","dtype":"bfloat16","actual":[-4.1359030627651384e-25],"expected":[-6.2038545941477076e-25],"tolerance":0.02,"passed":false}
CASE {"label":"p=80/a=-1.000000/b=-2.000000/w=-0.500000/VJP","dtype":"bfloat16","actual":[2.0679515313825692e-25,-0],"expected":[2.0679515313825692e-25,-1.0339757656912846e-25],"tolerance":0.02,"passed":false}
CASE {"label":"p=80/a=-1.000000/b=-2.000000/w=-0.500000/JVP-y","dtype":"bfloat16","actual":[2.0679515313825692e-25],"expected":[2.0679515313825692e-25],"tolerance":0.02,"passed":true}
CASE {"label":"p=80/a=-1.000000/b=-2.000000/w=-0.500000/JVP-x","dtype":"bfloat16","actual":[-0],"expected":[-1.0339757656912846e-25],"tolerance":0.02,"passed":false}
CASE {"label":"p=80/a=-1.000000/b=-2.000000/w=-0.500000/JVP-both","dtype":"bfloat16","actual":[2.0679515313825692e-25],"expected":[3.1019272970738538e-25],"tolerance":0.02,"passed":false}
CASE {"label":"p=80/a=-1.000000/b=-2.000000/radial-JVP","dtype":"bfloat16","actual":["NaN"],"expected":[0],"tolerance":0.02,"passed":false}
CASE {"label":"p=80/a=-1.000000/b=-2.000000/opposite-scaling-JVP","dtype":"bfloat16","actual":["NaN"],"expected":[1],"tolerance":0.02,"passed":false}
CASE {"label":"p=80/a=0.000000/b=1.000000/w=0.000000/VJP","dtype":"bfloat16","actual":[0,-0],"expected":[0,-0],"tolerance":0.02,"passed":true}
CASE {"label":"p=80/a=0.000000/b=1.000000/w=0.000000/JVP-y","dtype":"bfloat16","actual":[0],"expected":[0],"tolerance":0.02,"passed":true}
CASE {"label":"p=80/a=0.000000/b=1.000000/w=0.000000/JVP-x","dtype":"bfloat16","actual":[-0],"expected":[-0],"tolerance":0.02,"passed":true}
CASE {"label":"p=80/a=0.000000/b=1.000000/w=0.000000/JVP-both","dtype":"bfloat16","actual":[0],"expected":[0],"tolerance":0.02,"passed":true}
CASE {"label":"p=80/a=0.000000/b=1.000000/w=1.000000/VJP","dtype":"bfloat16","actual":[8.2718061255302767e-25,-0],"expected":[8.2718061255302767e-25,-0],"tolerance":0.02,"passed":true}
CASE {"label":"p=80/a=0.000000/b=1.000000/w=1.000000/JVP-y","dtype":"bfloat16","actual":[8.2718061255302767e-25],"expected":[8.2718061255302767e-25],"tolerance":0.02,"passed":true}
CASE {"label":"p=80/a=0.000000/b=1.000000/w=1.000000/JVP-x","dtype":"bfloat16","actual":[-0],"expected":[-0],"tolerance":0.02,"passed":true}
CASE {"label":"p=80/a=0.000000/b=1.000000/w=1.000000/JVP-both","dtype":"bfloat16","actual":[8.2718061255302767e-25],"expected":[8.2718061255302767e-25],"tolerance":0.02,"passed":true}
CASE {"label":"p=80/a=0.000000/b=1.000000/w=-0.500000/VJP","dtype":"bfloat16","actual":[-4.1359030627651384e-25,0],"expected":[-4.1359030627651384e-25,0],"tolerance":0.02,"passed":true}
CASE {"label":"p=80/a=0.000000/b=1.000000/w=-0.500000/JVP-y","dtype":"bfloat16","actual":[-4.1359030627651384e-25],"expected":[-4.1359030627651384e-25],"tolerance":0.02,"passed":true}
CASE {"label":"p=80/a=0.000000/b=1.000000/w=-0.500000/JVP-x","dtype":"bfloat16","actual":[0],"expected":[0],"tolerance":0.02,"passed":true}
CASE {"label":"p=80/a=0.000000/b=1.000000/w=-0.500000/JVP-both","dtype":"bfloat16","actual":[-4.1359030627651384e-25],"expected":[-4.1359030627651384e-25],"tolerance":0.02,"passed":true}
CASE {"label":"p=80/a=0.000000/b=1.000000/radial-JVP","dtype":"bfloat16","actual":[0],"expected":[0],"tolerance":0.02,"passed":true}
CASE {"label":"p=80/a=0.000000/b=1.000000/opposite-scaling-JVP","dtype":"bfloat16","actual":[0],"expected":[0],"tolerance":0.02,"passed":true}
CASE {"label":"weighted/pa=80/pb=80/pg=0/sign=-1.000000/JVP","dtype":"bfloat16","actual":[0],"expected":[8.2718061255302767e-25],"tolerance":0.02,"passed":false}
CASE {"label":"weighted/pa=80/pb=80/pg=0/sign=-1.000000/VJP","dtype":"bfloat16","actual":[0],"expected":[8.2718061255302767e-25],"tolerance":0.02,"passed":false}
CASE {"label":"weighted/pa=80/pb=80/pg=0/sign=1.000000/JVP","dtype":"bfloat16","actual":[-0],"expected":[-8.2718061255302767e-25],"tolerance":0.02,"passed":false}
CASE {"label":"weighted/pa=80/pb=80/pg=0/sign=1.000000/VJP","dtype":"bfloat16","actual":[-0],"expected":[-8.2718061255302767e-25],"tolerance":0.02,"passed":false}
CASE {"label":"weighted/pa=-80/pb=-80/pg=0/sign=-1.000000/JVP","dtype":"bfloat16","actual":["Infinity"],"expected":[1.2089258196146292e+24],"tolerance":0.02,"passed":false}
CASE {"label":"weighted/pa=-80/pb=-80/pg=0/sign=-1.000000/VJP","dtype":"bfloat16","actual":["Infinity"],"expected":[1.2089258196146292e+24],"tolerance":0.02,"passed":false}
CASE {"label":"weighted/pa=-80/pb=-80/pg=0/sign=1.000000/JVP","dtype":"bfloat16","actual":["-Infinity"],"expected":[-1.2089258196146292e+24],"tolerance":0.02,"passed":false}
CASE {"label":"weighted/pa=-80/pb=-80/pg=0/sign=1.000000/VJP","dtype":"bfloat16","actual":["-Infinity"],"expected":[-1.2089258196146292e+24],"tolerance":0.02,"passed":false}
CASE {"label":"weighted/pa=-120/pb=32/pg=120/sign=-1.000000/JVP","dtype":"bfloat16","actual":[5.4210108624275222e-20],"expected":[5.4210108624275222e-20],"tolerance":0.02,"passed":true}
CASE {"label":"weighted/pa=-120/pb=32/pg=120/sign=-1.000000/VJP","dtype":"bfloat16","actual":[5.4210108624275222e-20],"expected":[5.4210108624275222e-20],"tolerance":0.02,"passed":true}
CASE {"label":"weighted/pa=-120/pb=32/pg=120/sign=1.000000/JVP","dtype":"bfloat16","actual":[-5.4210108624275222e-20],"expected":[-5.4210108624275222e-20],"tolerance":0.02,"passed":true}
CASE {"label":"weighted/pa=-120/pb=32/pg=120/sign=1.000000/VJP","dtype":"bfloat16","actual":[-5.4210108624275222e-20],"expected":[-5.4210108624275222e-20],"tolerance":0.02,"passed":true}
CASE {"label":"weighted/pa=-100/pb=-20/pg=120/sign=-1.000000/JVP","dtype":"bfloat16","actual":[1.152921504606847e+18],"expected":[1.152921504606847e+18],"tolerance":0.02,"passed":true}
CASE {"label":"weighted/pa=-100/pb=-20/pg=120/sign=-1.000000/VJP","dtype":"bfloat16","actual":[1.152921504606847e+18],"expected":[1.152921504606847e+18],"tolerance":0.02,"passed":true}
CASE {"label":"weighted/pa=-100/pb=-20/pg=120/sign=1.000000/JVP","dtype":"bfloat16","actual":[-1.152921504606847e+18],"expected":[-1.152921504606847e+18],"tolerance":0.02,"passed":true}
CASE {"label":"weighted/pa=-100/pb=-20/pg=120/sign=1.000000/VJP","dtype":"bfloat16","actual":[-1.152921504606847e+18],"expected":[-1.152921504606847e+18],"tolerance":0.02,"passed":true}
CASE {"label":"weighted/pa=100/pb=70/pg=100/sign=-1.000000/JVP","dtype":"bfloat16","actual":["NaN"],"expected":[1.152921504606847e+18],"tolerance":0.02,"passed":false}
CASE {"label":"weighted/pa=100/pb=70/pg=100/sign=-1.000000/VJP","dtype":"bfloat16","actual":["NaN"],"expected":[1.152921504606847e+18],"tolerance":0.02,"passed":false}
CASE {"label":"weighted/pa=100/pb=70/pg=100/sign=1.000000/JVP","dtype":"bfloat16","actual":["NaN"],"expected":[-1.152921504606847e+18],"tolerance":0.02,"passed":false}
CASE {"label":"weighted/pa=100/pb=70/pg=100/sign=1.000000/VJP","dtype":"bfloat16","actual":["NaN"],"expected":[-1.152921504606847e+18],"tolerance":0.02,"passed":false}
CASE {"label":"weighted/pa=-100/pb=-80/pg=-100/sign=-1.000000/JVP","dtype":"bfloat16","actual":["NaN"],"expected":[9.0949470177292824e-13],"tolerance":0.02,"passed":false}
CASE {"label":"weighted/pa=-100/pb=-80/pg=-100/sign=-1.000000/VJP","dtype":"bfloat16","actual":["NaN"],"expected":[9.0949470177292824e-13],"tolerance":0.02,"passed":false}
CASE {"label":"weighted/pa=-100/pb=-80/pg=-100/sign=1.000000/JVP","dtype":"bfloat16","actual":["NaN"],"expected":[-9.0949470177292824e-13],"tolerance":0.02,"passed":false}
CASE {"label":"weighted/pa=-100/pb=-80/pg=-100/sign=1.000000/VJP","dtype":"bfloat16","actual":["NaN"],"expected":[-9.0949470177292824e-13],"tolerance":0.02,"passed":false}
CASE {"label":"weighted/pa=120/pb=32/pg=-120/sign=-1.000000/JVP","dtype":"bfloat16","actual":[5.4210108624275222e-20],"expected":[5.4210108624275222e-20],"tolerance":0.02,"passed":true}
CASE {"label":"weighted/pa=120/pb=32/pg=-120/sign=-1.000000/VJP","dtype":"bfloat16","actual":[5.4210108624275222e-20],"expected":[5.4210108624275222e-20],"tolerance":0.02,"passed":true}
CASE {"label":"weighted/pa=120/pb=32/pg=-120/sign=1.000000/JVP","dtype":"bfloat16","actual":[-5.4210108624275222e-20],"expected":[-5.4210108624275222e-20],"tolerance":0.02,"passed":true}
CASE {"label":"weighted/pa=120/pb=32/pg=-120/sign=1.000000/VJP","dtype":"bfloat16","actual":[-5.4210108624275222e-20],"expected":[-5.4210108624275222e-20],"tolerance":0.02,"passed":true}
CASE {"label":"p=0/a=1.000000/b=1.000000/w=0.000000/VJP","dtype":"float32","actual":[0,-0],"expected":[0,-0],"tolerance":2.0000000000000002e-05,"passed":true}
CASE {"label":"p=0/a=1.000000/b=1.000000/w=0.000000/JVP-y","dtype":"float32","actual":[0],"expected":[0],"tolerance":2.0000000000000002e-05,"passed":true}
CASE {"label":"p=0/a=1.000000/b=1.000000/w=0.000000/JVP-x","dtype":"float32","actual":[-0],"expected":[-0],"tolerance":2.0000000000000002e-05,"passed":true}
CASE {"label":"p=0/a=1.000000/b=1.000000/w=0.000000/JVP-both","dtype":"float32","actual":[0],"expected":[0],"tolerance":2.0000000000000002e-05,"passed":true}
CASE {"label":"p=0/a=1.000000/b=1.000000/w=1.000000/VJP","dtype":"float32","actual":[1,-1],"expected":[1,-1],"tolerance":2.0000000000000002e-05,"passed":true}
CASE {"label":"p=0/a=1.000000/b=1.000000/w=1.000000/JVP-y","dtype":"float32","actual":[1],"expected":[1],"tolerance":2.0000000000000002e-05,"passed":true}
CASE {"label":"p=0/a=1.000000/b=1.000000/w=1.000000/JVP-x","dtype":"float32","actual":[-1],"expected":[-1],"tolerance":2.0000000000000002e-05,"passed":true}
CASE {"label":"p=0/a=1.000000/b=1.000000/w=1.000000/JVP-both","dtype":"float32","actual":[2],"expected":[2],"tolerance":2.0000000000000002e-05,"passed":true}
CASE {"label":"p=0/a=1.000000/b=1.000000/w=-0.500000/VJP","dtype":"float32","actual":[-0.5,0.5],"expected":[-0.5,0.5],"tolerance":2.0000000000000002e-05,"passed":true}
CASE {"label":"p=0/a=1.000000/b=1.000000/w=-0.500000/JVP-y","dtype":"float32","actual":[-0.5],"expected":[-0.5],"tolerance":2.0000000000000002e-05,"passed":true}
CASE {"label":"p=0/a=1.000000/b=1.000000/w=-0.500000/JVP-x","dtype":"float32","actual":[0.5],"expected":[0.5],"tolerance":2.0000000000000002e-05,"passed":true}
CASE {"label":"p=0/a=1.000000/b=1.000000/w=-0.500000/JVP-both","dtype":"float32","actual":[-1],"expected":[-1],"tolerance":2.0000000000000002e-05,"passed":true}
CASE {"label":"p=0/a=1.000000/b=1.000000/radial-JVP","dtype":"float32","actual":[0],"expected":[0],"tolerance":2.0000000000000002e-05,"passed":true}
CASE {"label":"p=0/a=1.000000/b=1.000000/opposite-scaling-JVP","dtype":"float32","actual":[2],"expected":[2],"tolerance":2.0000000000000002e-05,"passed":true}
CASE {"label":"p=0/a=2.000000/b=1.000000/w=0.000000/VJP","dtype":"float32","actual":[0,-0],"expected":[0,-0],"tolerance":2.0000000000000002e-05,"passed":true}
CASE {"label":"p=0/a=2.000000/b=1.000000/w=0.000000/JVP-y","dtype":"float32","actual":[0],"expected":[0],"tolerance":2.0000000000000002e-05,"passed":true}
CASE {"label":"p=0/a=2.000000/b=1.000000/w=0.000000/JVP-x","dtype":"float32","actual":[-0],"expected":[-0],"tolerance":2.0000000000000002e-05,"passed":true}
CASE {"label":"p=0/a=2.000000/b=1.000000/w=0.000000/JVP-both","dtype":"float32","actual":[0],"expected":[0],"tolerance":2.0000000000000002e-05,"passed":true}
CASE {"label":"p=0/a=2.000000/b=1.000000/w=1.000000/VJP","dtype":"float32","actual":[1,-2],"expected":[1,-2],"tolerance":2.0000000000000002e-05,"passed":true}
CASE {"label":"p=0/a=2.000000/b=1.000000/w=1.000000/JVP-y","dtype":"float32","actual":[1],"expected":[1],"tolerance":2.0000000000000002e-05,"passed":true}
CASE {"label":"p=0/a=2.000000/b=1.000000/w=1.000000/JVP-x","dtype":"float32","actual":[-2],"expected":[-2],"tolerance":2.0000000000000002e-05,"passed":true}
CASE {"label":"p=0/a=2.000000/b=1.000000/w=1.000000/JVP-both","dtype":"float32","actual":[3],"expected":[3],"tolerance":2.0000000000000002e-05,"passed":true}
CASE {"label":"p=0/a=2.000000/b=1.000000/w=-0.500000/VJP","dtype":"float32","actual":[-0.5,1],"expected":[-0.5,1],"tolerance":2.0000000000000002e-05,"passed":true}
CASE {"label":"p=0/a=2.000000/b=1.000000/w=-0.500000/JVP-y","dtype":"float32","actual":[-0.5],"expected":[-0.5],"tolerance":2.0000000000000002e-05,"passed":true}
CASE {"label":"p=0/a=2.000000/b=1.000000/w=-0.500000/JVP-x","dtype":"float32","actual":[1],"expected":[1],"tolerance":2.0000000000000002e-05,"passed":true}
CASE {"label":"p=0/a=2.000000/b=1.000000/w=-0.500000/JVP-both","dtype":"float32","actual":[-1.5],"expected":[-1.5],"tolerance":2.0000000000000002e-05,"passed":true}
CASE {"label":"p=0/a=2.000000/b=1.000000/radial-JVP","dtype":"float32","actual":[0],"expected":[0],"tolerance":2.0000000000000002e-05,"passed":true}
CASE {"label":"p=0/a=2.000000/b=1.000000/opposite-scaling-JVP","dtype":"float32","actual":[4],"expected":[4],"tolerance":2.0000000000000002e-05,"passed":true}
CASE {"label":"p=0/a=-1.000000/b=2.000000/w=0.000000/VJP","dtype":"float32","actual":[0,0],"expected":[0,0],"tolerance":2.0000000000000002e-05,"passed":true}
CASE {"label":"p=0/a=-1.000000/b=2.000000/w=0.000000/JVP-y","dtype":"float32","actual":[0],"expected":[0],"tolerance":2.0000000000000002e-05,"passed":true}
CASE {"label":"p=0/a=-1.000000/b=2.000000/w=0.000000/JVP-x","dtype":"float32","actual":[0],"expected":[0],"tolerance":2.0000000000000002e-05,"passed":true}
CASE {"label":"p=0/a=-1.000000/b=2.000000/w=0.000000/JVP-both","dtype":"float32","actual":[0],"expected":[0],"tolerance":2.0000000000000002e-05,"passed":true}
CASE {"label":"p=0/a=-1.000000/b=2.000000/w=1.000000/VJP","dtype":"float32","actual":[0.5,0.25],"expected":[0.5,0.25],"tolerance":2.0000000000000002e-05,"passed":true}
CASE {"label":"p=0/a=-1.000000/b=2.000000/w=1.000000/JVP-y","dtype":"float32","actual":[0.5],"expected":[0.5],"tolerance":2.0000000000000002e-05,"passed":true}
CASE {"label":"p=0/a=-1.000000/b=2.000000/w=1.000000/JVP-x","dtype":"float32","actual":[0.25],"expected":[0.25],"tolerance":2.0000000000000002e-05,"passed":true}
CASE {"label":"p=0/a=-1.000000/b=2.000000/w=1.000000/JVP-both","dtype":"float32","actual":[0.25],"expected":[0.25],"tolerance":2.0000000000000002e-05,"passed":true}
CASE {"label":"p=0/a=-1.000000/b=2.000000/w=-0.500000/VJP","dtype":"float32","actual":[-0.25,-0.125],"expected":[-0.25,-0.125],"tolerance":2.0000000000000002e-05,"passed":true}
CASE {"label":"p=0/a=-1.000000/b=2.000000/w=-0.500000/JVP-y","dtype":"float32","actual":[-0.25],"expected":[-0.25],"tolerance":2.0000000000000002e-05,"passed":true}
CASE {"label":"p=0/a=-1.000000/b=2.000000/w=-0.500000/JVP-x","dtype":"float32","actual":[-0.125],"expected":[-0.125],"tolerance":2.0000000000000002e-05,"passed":true}
CASE {"label":"p=0/a=-1.000000/b=2.000000/w=-0.500000/JVP-both","dtype":"float32","actual":[-0.125],"expected":[-0.125],"tolerance":2.0000000000000002e-05,"passed":true}
CASE {"label":"p=0/a=-1.000000/b=2.000000/radial-JVP","dtype":"float32","actual":[0],"expected":[0],"tolerance":2.0000000000000002e-05,"passed":true}
CASE {"label":"p=0/a=-1.000000/b=2.000000/opposite-scaling-JVP","dtype":"float32","actual":[-1],"expected":[-1],"tolerance":2.0000000000000002e-05,"passed":true}
CASE {"label":"p=0/a=1.000000/b=-2.000000/w=0.000000/VJP","dtype":"float32","actual":[-0,-0],"expected":[-0,-0],"tolerance":2.0000000000000002e-05,"passed":true}
CASE {"label":"p=0/a=1.000000/b=-2.000000/w=0.000000/JVP-y","dtype":"float32","actual":[-0],"expected":[-0],"tolerance":2.0000000000000002e-05,"passed":true}
CASE {"label":"p=0/a=1.000000/b=-2.000000/w=0.000000/JVP-x","dtype":"float32","actual":[-0],"expected":[-0],"tolerance":2.0000000000000002e-05,"passed":true}
CASE {"label":"p=0/a=1.000000/b=-2.000000/w=0.000000/JVP-both","dtype":"float32","actual":[0],"expected":[-0],"tolerance":2.0000000000000002e-05,"passed":true}
CASE {"label":"p=0/a=1.000000/b=-2.000000/w=1.000000/VJP","dtype":"float32","actual":[-0.5,-0.25],"expected":[-0.5,-0.25],"tolerance":2.0000000000000002e-05,"passed":true}
CASE {"label":"p=0/a=1.000000/b=-2.000000/w=1.000000/JVP-y","dtype":"float32","actual":[-0.5],"expected":[-0.5],"tolerance":2.0000000000000002e-05,"passed":true}
CASE {"label":"p=0/a=1.000000/b=-2.000000/w=1.000000/JVP-x","dtype":"float32","actual":[-0.25],"expected":[-0.25],"tolerance":2.0000000000000002e-05,"passed":true}
CASE {"label":"p=0/a=1.000000/b=-2.000000/w=1.000000/JVP-both","dtype":"float32","actual":[-0.25],"expected":[-0.25],"tolerance":2.0000000000000002e-05,"passed":true}
CASE {"label":"p=0/a=1.000000/b=-2.000000/w=-0.500000/VJP","dtype":"float32","actual":[0.25,0.125],"expected":[0.25,0.125],"tolerance":2.0000000000000002e-05,"passed":true}
CASE {"label":"p=0/a=1.000000/b=-2.000000/w=-0.500000/JVP-y","dtype":"float32","actual":[0.25],"expected":[0.25],"tolerance":2.0000000000000002e-05,"passed":true}
CASE {"label":"p=0/a=1.000000/b=-2.000000/w=-0.500000/JVP-x","dtype":"float32","actual":[0.125],"expected":[0.125],"tolerance":2.0000000000000002e-05,"passed":true}
CASE {"label":"p=0/a=1.000000/b=-2.000000/w=-0.500000/JVP-both","dtype":"float32","actual":[0.125],"expected":[0.125],"tolerance":2.0000000000000002e-05,"passed":true}
CASE {"label":"p=0/a=1.000000/b=-2.000000/radial-JVP","dtype":"float32","actual":[0],"expected":[0],"tolerance":2.0000000000000002e-05,"passed":true}
CASE {"label":"p=0/a=1.000000/b=-2.000000/opposite-scaling-JVP","dtype":"float32","actual":[-1],"expected":[-1],"tolerance":2.0000000000000002e-05,"passed":true}
CASE {"label":"p=0/a=-1.000000/b=-2.000000/w=0.000000/VJP","dtype":"float32","actual":[-0,0],"expected":[-0,0],"tolerance":2.0000000000000002e-05,"passed":true}
CASE {"label":"p=0/a=-1.000000/b=-2.000000/w=0.000000/JVP-y","dtype":"float32","actual":[-0],"expected":[-0],"tolerance":2.0000000000000002e-05,"passed":true}
CASE {"label":"p=0/a=-1.000000/b=-2.000000/w=0.000000/JVP-x","dtype":"float32","actual":[0],"expected":[0],"tolerance":2.0000000000000002e-05,"passed":true}
CASE {"label":"p=0/a=-1.000000/b=-2.000000/w=0.000000/JVP-both","dtype":"float32","actual":[-0],"expected":[-0],"tolerance":2.0000000000000002e-05,"passed":true}
CASE {"label":"p=0/a=-1.000000/b=-2.000000/w=1.000000/VJP","dtype":"float32","actual":[-0.5,0.25],"expected":[-0.5,0.25],"tolerance":2.0000000000000002e-05,"passed":true}
CASE {"label":"p=0/a=-1.000000/b=-2.000000/w=1.000000/JVP-y","dtype":"float32","actual":[-0.5],"expected":[-0.5],"tolerance":2.0000000000000002e-05,"passed":true}
CASE {"label":"p=0/a=-1.000000/b=-2.000000/w=1.000000/JVP-x","dtype":"float32","actual":[0.25],"expected":[0.25],"tolerance":2.0000000000000002e-05,"passed":true}
CASE {"label":"p=0/a=-1.000000/b=-2.000000/w=1.000000/JVP-both","dtype":"float32","actual":[-0.75],"expected":[-0.75],"tolerance":2.0000000000000002e-05,"passed":true}
CASE {"label":"p=0/a=-1.000000/b=-2.000000/w=-0.500000/VJP","dtype":"float32","actual":[0.25,-0.125],"expected":[0.25,-0.125],"tolerance":2.0000000000000002e-05,"passed":true}
CASE {"label":"p=0/a=-1.000000/b=-2.000000/w=-0.500000/JVP-y","dtype":"float32","actual":[0.25],"expected":[0.25],"tolerance":2.0000000000000002e-05,"passed":true}
CASE {"label":"p=0/a=-1.000000/b=-2.000000/w=-0.500000/JVP-x","dtype":"float32","actual":[-0.125],"expected":[-0.125],"tolerance":2.0000000000000002e-05,"passed":true}
CASE {"label":"p=0/a=-1.000000/b=-2.000000/w=-0.500000/JVP-both","dtype":"float32","actual":[0.375],"expected":[0.375],"tolerance":2.0000000000000002e-05,"passed":true}
CASE {"label":"p=0/a=-1.000000/b=-2.000000/radial-JVP","dtype":"float32","actual":[0],"expected":[0],"tolerance":2.0000000000000002e-05,"passed":true}
CASE {"label":"p=0/a=-1.000000/b=-2.000000/opposite-scaling-JVP","dtype":"float32","actual":[1],"expected":[1],"tolerance":2.0000000000000002e-05,"passed":true}
CASE {"label":"p=0/a=0.000000/b=1.000000/w=0.000000/VJP","dtype":"float32","actual":[0,-0],"expected":[0,-0],"tolerance":2.0000000000000002e-05,"passed":true}
CASE {"label":"p=0/a=0.000000/b=1.000000/w=0.000000/JVP-y","dtype":"float32","actual":[0],"expected":[0],"tolerance":2.0000000000000002e-05,"passed":true}
CASE {"label":"p=0/a=0.000000/b=1.000000/w=0.000000/JVP-x","dtype":"float32","actual":[-0],"expected":[-0],"tolerance":2.0000000000000002e-05,"passed":true}
CASE {"label":"p=0/a=0.000000/b=1.000000/w=0.000000/JVP-both","dtype":"float32","actual":[0],"expected":[0],"tolerance":2.0000000000000002e-05,"passed":true}
CASE {"label":"p=0/a=0.000000/b=1.000000/w=1.000000/VJP","dtype":"float32","actual":[1,-0],"expected":[1,-0],"tolerance":2.0000000000000002e-05,"passed":true}
CASE {"label":"p=0/a=0.000000/b=1.000000/w=1.000000/JVP-y","dtype":"float32","actual":[1],"expected":[1],"tolerance":2.0000000000000002e-05,"passed":true}
CASE {"label":"p=0/a=0.000000/b=1.000000/w=1.000000/JVP-x","dtype":"float32","actual":[-0],"expected":[-0],"tolerance":2.0000000000000002e-05,"passed":true}
CASE {"label":"p=0/a=0.000000/b=1.000000/w=1.000000/JVP-both","dtype":"float32","actual":[1],"expected":[1],"tolerance":2.0000000000000002e-05,"passed":true}
CASE {"label":"p=0/a=0.000000/b=1.000000/w=-0.500000/VJP","dtype":"float32","actual":[-0.5,0],"expected":[-0.5,0],"tolerance":2.0000000000000002e-05,"passed":true}
CASE {"label":"p=0/a=0.000000/b=1.000000/w=-0.500000/JVP-y","dtype":"float32","actual":[-0.5],"expected":[-0.5],"tolerance":2.0000000000000002e-05,"passed":true}
CASE {"label":"p=0/a=0.000000/b=1.000000/w=-0.500000/JVP-x","dtype":"float32","actual":[0],"expected":[0],"tolerance":2.0000000000000002e-05,"passed":true}
CASE {"label":"p=0/a=0.000000/b=1.000000/w=-0.500000/JVP-both","dtype":"float32","actual":[-0.5],"expected":[-0.5],"tolerance":2.0000000000000002e-05,"passed":true}
CASE {"label":"p=0/a=0.000000/b=1.000000/radial-JVP","dtype":"float32","actual":[0],"expected":[0],"tolerance":2.0000000000000002e-05,"passed":true}
CASE {"label":"p=0/a=0.000000/b=1.000000/opposite-scaling-JVP","dtype":"float32","actual":[0],"expected":[0],"tolerance":2.0000000000000002e-05,"passed":true}
CASE {"label":"composite/p=0/t=-2.000000/1","dtype":"float32","actual":[-0.25],"expected":[-0.25],"tolerance":2.0000000000000002e-05,"passed":true}
CASE {"label":"composite/p=0/t=-2.000000/2","dtype":"float32","actual":[-0.25],"expected":[-0.25],"tolerance":2.0000000000000002e-05,"passed":true}
CASE {"label":"composite/p=0/t=-2.000000/3","dtype":"float32","actual":[-0.375],"expected":[-0.375],"tolerance":2.0000000000000002e-05,"passed":true}
CASE {"label":"composite/p=0/t=-1.000000/1","dtype":"float32","actual":[-1],"expected":[-1],"tolerance":2.0000000000000002e-05,"passed":true}
CASE {"label":"composite/p=0/t=-1.000000/2","dtype":"float32","actual":[-2],"expected":[-2],"tolerance":2.0000000000000002e-05,"passed":true}
CASE {"label":"composite/p=0/t=-1.000000/3","dtype":"float32","actual":[-6],"expected":[-6],"tolerance":2.0000000000000002e-05,"passed":true}
CASE {"label":"composite/p=0/t=-0.500000/1","dtype":"float32","actual":[-4],"expected":[-4],"tolerance":2.0000000000000002e-05,"passed":true}
CASE {"label":"composite/p=0/t=-0.500000/2","dtype":"float32","actual":[-16],"expected":[-16],"tolerance":2.0000000000000002e-05,"passed":true}
CASE {"label":"composite/p=0/t=-0.500000/3","dtype":"float32","actual":[-96],"expected":[-96],"tolerance":2.0000000000000002e-05,"passed":true}
CASE {"label":"composite/p=0/t=0.500000/1","dtype":"float32","actual":[-4],"expected":[-4],"tolerance":2.0000000000000002e-05,"passed":true}
CASE {"label":"composite/p=0/t=0.500000/2","dtype":"float32","actual":[16],"expected":[16],"tolerance":2.0000000000000002e-05,"passed":true}
CASE {"label":"composite/p=0/t=0.500000/3","dtype":"float32","actual":[-96],"expected":[-96],"tolerance":2.0000000000000002e-05,"passed":true}
CASE {"label":"composite/p=0/t=1.000000/1","dtype":"float32","actual":[-1],"expected":[-1],"tolerance":2.0000000000000002e-05,"passed":true}
CASE {"label":"composite/p=0/t=1.000000/2","dtype":"float32","actual":[2],"expected":[2],"tolerance":2.0000000000000002e-05,"passed":true}
CASE {"label":"composite/p=0/t=1.000000/3","dtype":"float32","actual":[-6],"expected":[-6],"tolerance":2.0000000000000002e-05,"passed":true}
CASE {"label":"composite/p=0/t=1.000000/finite-difference","dtype":"float32","actual":[-1.0002460479736328],"expected":[-1],"tolerance":0.00050000000000000001,"passed":true}
CASE {"label":"composite/p=0/t=2.000000/1","dtype":"float32","actual":[-0.25],"expected":[-0.25],"tolerance":2.0000000000000002e-05,"passed":true}
CASE {"label":"composite/p=0/t=2.000000/2","dtype":"float32","actual":[0.25],"expected":[0.25],"tolerance":2.0000000000000002e-05,"passed":true}
CASE {"label":"composite/p=0/t=2.000000/3","dtype":"float32","actual":[-0.375],"expected":[-0.375],"tolerance":2.0000000000000002e-05,"passed":true}
CASE {"label":"mixed-Hessian/p=0","dtype":"float32","actual":[0,-0.25,-0.25,0.25],"expected":[0,-0.25,-0.25,0.25],"tolerance":2.0000000000000002e-05,"passed":true}
CASE {"label":"zero-gradient/p=0/residual-1","dtype":"float32","actual":[-0],"expected":[0],"tolerance":2.0000000000000002e-05,"passed":true}
CASE {"label":"zero-gradient/p=0/residual-2","dtype":"float32","actual":[2],"expected":[2],"tolerance":2.0000000000000002e-05,"passed":true}
CASE {"label":"zero-gradient/p=0/residual-3","dtype":"float32","actual":[-12],"expected":[-12],"tolerance":2.0000000000000002e-05,"passed":true}
CASE {"label":"zero-gradient/p=0/identity-1","dtype":"float32","actual":[0],"expected":[0],"tolerance":2.0000000000000002e-05,"passed":true}
CASE {"label":"zero-gradient/p=0/identity-2","dtype":"float32","actual":[0],"expected":[0],"tolerance":2.0000000000000002e-05,"passed":true}
CASE {"label":"zero-gradient/p=0/identity-3","dtype":"float32","actual":[0],"expected":[0],"tolerance":2.0000000000000002e-05,"passed":true}
CASE {"label":"broadcast/p=0/VJP","dtype":"float32","actual":[-1.25,3.5,-4,1,-0.375],"expected":[-1.25,3.5,-4,1,-0.375],"tolerance":2.0000000000000002e-05,"passed":true}
CASE {"label":"broadcast/p=0/JVP","dtype":"float32","actual":[1,-1,0.5,1,-1,0.5],"expected":[1,-1,0.5,1,-1,0.5],"tolerance":2.0000000000000002e-05,"passed":true}
CASE {"label":"matrix/p=0/VJP","dtype":"float32","actual":[0,1,-0.5,-1,1,0.5,-0,-2,0,0.5,-2,-0.25],"expected":[0,1,-0.5,-1,1,0.5,-0,-2,0,0.5,-2,-0.25],"tolerance":2.0000000000000002e-05,"passed":true}
CASE {"label":"matrix/p=0/JVP","dtype":"float32","actual":[0.75,3,1,-0.75,-3,0.75],"expected":[0.75,3,1,-0.75,-3,0.75],"tolerance":2.0000000000000002e-05,"passed":true}
CASE {"label":"strided/p=0/VJP","dtype":"float32","actual":[0,1,-0.5,-1,1,0.5,-0,-2,0,0.5,-2,-0.25],"expected":[0,1,-0.5,-1,1,0.5,-0,-2,0,0.5,-2,-0.25],"tolerance":2.0000000000000002e-05,"passed":true}
CASE {"label":"strided/p=0/JVP","dtype":"float32","actual":[0.75,3,1,-0.75,-3,0.75],"expected":[0.75,3,1,-0.75,-3,0.75],"tolerance":2.0000000000000002e-05,"passed":true}
CASE {"label":"p=-80/a=1.000000/b=1.000000/w=0.000000/VJP","dtype":"float32","actual":[0,"NaN"],"expected":[0,-0],"tolerance":2.0000000000000002e-05,"passed":false}
CASE {"label":"p=-80/a=1.000000/b=1.000000/w=0.000000/JVP-y","dtype":"float32","actual":[0],"expected":[0],"tolerance":2.0000000000000002e-05,"passed":true}
CASE {"label":"p=-80/a=1.000000/b=1.000000/w=0.000000/JVP-x","dtype":"float32","actual":["NaN"],"expected":[-0],"tolerance":2.0000000000000002e-05,"passed":false}
CASE {"label":"p=-80/a=1.000000/b=1.000000/w=0.000000/JVP-both","dtype":"float32","actual":["NaN"],"expected":[0],"tolerance":2.0000000000000002e-05,"passed":false}
CASE {"label":"p=-80/a=1.000000/b=1.000000/w=1.000000/VJP","dtype":"float32","actual":[1.2089258196146292e+24,"-Infinity"],"expected":[1.2089258196146292e+24,-1.2089258196146292e+24],"tolerance":2.0000000000000002e-05,"passed":false}
CASE {"label":"p=-80/a=1.000000/b=1.000000/w=1.000000/JVP-y","dtype":"float32","actual":[1.2089258196146292e+24],"expected":[1.2089258196146292e+24],"tolerance":2.0000000000000002e-05,"passed":true}
CASE {"label":"p=-80/a=1.000000/b=1.000000/w=1.000000/JVP-x","dtype":"float32","actual":["-Infinity"],"expected":[-1.2089258196146292e+24],"tolerance":2.0000000000000002e-05,"passed":false}
CASE {"label":"p=-80/a=1.000000/b=1.000000/w=1.000000/JVP-both","dtype":"float32","actual":["Infinity"],"expected":[2.4178516392292583e+24],"tolerance":2.0000000000000002e-05,"passed":false}
CASE {"label":"p=-80/a=1.000000/b=1.000000/w=-0.500000/VJP","dtype":"float32","actual":[-6.0446290980731459e+23,"Infinity"],"expected":[-6.0446290980731459e+23,6.0446290980731459e+23],"tolerance":2.0000000000000002e-05,"passed":false}
CASE {"label":"p=-80/a=1.000000/b=1.000000/w=-0.500000/JVP-y","dtype":"float32","actual":[-6.0446290980731459e+23],"expected":[-6.0446290980731459e+23],"tolerance":2.0000000000000002e-05,"passed":true}
CASE {"label":"p=-80/a=1.000000/b=1.000000/w=-0.500000/JVP-x","dtype":"float32","actual":["Infinity"],"expected":[6.0446290980731459e+23],"tolerance":2.0000000000000002e-05,"passed":false}
CASE {"label":"p=-80/a=1.000000/b=1.000000/w=-0.500000/JVP-both","dtype":"float32","actual":["-Infinity"],"expected":[-1.2089258196146292e+24],"tolerance":2.0000000000000002e-05,"passed":false}
CASE {"label":"p=-80/a=1.000000/b=1.000000/radial-JVP","dtype":"float32","actual":["NaN"],"expected":[0],"tolerance":2.0000000000000002e-05,"passed":false}
CASE {"label":"p=-80/a=1.000000/b=1.000000/opposite-scaling-JVP","dtype":"float32","actual":["NaN"],"expected":[2],"tolerance":2.0000000000000002e-05,"passed":false}
CASE {"label":"p=-80/a=2.000000/b=1.000000/w=0.000000/VJP","dtype":"float32","actual":[0,"NaN"],"expected":[0,-0],"tolerance":2.0000000000000002e-05,"passed":false}
CASE {"label":"p=-80/a=2.000000/b=1.000000/w=0.000000/JVP-y","dtype":"float32","actual":[0],"expected":[0],"tolerance":2.0000000000000002e-05,"passed":true}
CASE {"label":"p=-80/a=2.000000/b=1.000000/w=0.000000/JVP-x","dtype":"float32","actual":["NaN"],"expected":[-0],"tolerance":2.0000000000000002e-05,"passed":false}
CASE {"label":"p=-80/a=2.000000/b=1.000000/w=0.000000/JVP-both","dtype":"float32","actual":["NaN"],"expected":[0],"tolerance":2.0000000000000002e-05,"passed":false}
CASE {"label":"p=-80/a=2.000000/b=1.000000/w=1.000000/VJP","dtype":"float32","actual":[1.2089258196146292e+24,"-Infinity"],"expected":[1.2089258196146292e+24,-2.4178516392292583e+24],"tolerance":2.0000000000000002e-05,"passed":false}
CASE {"label":"p=-80/a=2.000000/b=1.000000/w=1.000000/JVP-y","dtype":"float32","actual":[1.2089258196146292e+24],"expected":[1.2089258196146292e+24],"tolerance":2.0000000000000002e-05,"passed":true}
CASE {"label":"p=-80/a=2.000000/b=1.000000/w=1.000000/JVP-x","dtype":"float32","actual":["-Infinity"],"expected":[-2.4178516392292583e+24],"tolerance":2.0000000000000002e-05,"passed":false}
CASE {"label":"p=-80/a=2.000000/b=1.000000/w=1.000000/JVP-both","dtype":"float32","actual":["Infinity"],"expected":[3.6267774588438875e+24],"tolerance":2.0000000000000002e-05,"passed":false}
CASE {"label":"p=-80/a=2.000000/b=1.000000/w=-0.500000/VJP","dtype":"float32","actual":[-6.0446290980731459e+23,"Infinity"],"expected":[-6.0446290980731459e+23,1.2089258196146292e+24],"tolerance":2.0000000000000002e-05,"passed":false}
CASE {"label":"p=-80/a=2.000000/b=1.000000/w=-0.500000/JVP-y","dtype":"float32","actual":[-6.0446290980731459e+23],"expected":[-6.0446290980731459e+23],"tolerance":2.0000000000000002e-05,"passed":true}
CASE {"label":"p=-80/a=2.000000/b=1.000000/w=-0.500000/JVP-x","dtype":"float32","actual":["Infinity"],"expected":[1.2089258196146292e+24],"tolerance":2.0000000000000002e-05,"passed":false}
CASE {"label":"p=-80/a=2.000000/b=1.000000/w=-0.500000/JVP-both","dtype":"float32","actual":["-Infinity"],"expected":[-1.8133887294219438e+24],"tolerance":2.0000000000000002e-05,"passed":false}
CASE {"label":"p=-80/a=2.000000/b=1.000000/radial-JVP","dtype":"float32","actual":["NaN"],"expected":[0],"tolerance":2.0000000000000002e-05,"passed":false}
CASE {"label":"p=-80/a=2.000000/b=1.000000/opposite-scaling-JVP","dtype":"float32","actual":["NaN"],"expected":[4],"tolerance":2.0000000000000002e-05,"passed":false}
CASE {"label":"p=-80/a=-1.000000/b=2.000000/w=0.000000/VJP","dtype":"float32","actual":[0,"NaN"],"expected":[0,0],"tolerance":2.0000000000000002e-05,"passed":false}
CASE {"label":"p=-80/a=-1.000000/b=2.000000/w=0.000000/JVP-y","dtype":"float32","actual":[0],"expected":[0],"tolerance":2.0000000000000002e-05,"passed":true}
CASE {"label":"p=-80/a=-1.000000/b=2.000000/w=0.000000/JVP-x","dtype":"float32","actual":["NaN"],"expected":[0],"tolerance":2.0000000000000002e-05,"passed":false}
CASE {"label":"p=-80/a=-1.000000/b=2.000000/w=0.000000/JVP-both","dtype":"float32","actual":["NaN"],"expected":[0],"tolerance":2.0000000000000002e-05,"passed":false}
CASE {"label":"p=-80/a=-1.000000/b=2.000000/w=1.000000/VJP","dtype":"float32","actual":[6.0446290980731459e+23,"Infinity"],"expected":[6.0446290980731459e+23,3.0223145490365729e+23],"tolerance":2.0000000000000002e-05,"passed":false}
CASE {"label":"p=-80/a=-1.000000/b=2.000000/w=1.000000/JVP-y","dtype":"float32","actual":[6.0446290980731459e+23],"expected":[6.0446290980731459e+23],"tolerance":2.0000000000000002e-05,"passed":true}
CASE {"label":"p=-80/a=-1.000000/b=2.000000/w=1.000000/JVP-x","dtype":"float32","actual":["Infinity"],"expected":[3.0223145490365729e+23],"tolerance":2.0000000000000002e-05,"passed":false}
CASE {"label":"p=-80/a=-1.000000/b=2.000000/w=1.000000/JVP-both","dtype":"float32","actual":["-Infinity"],"expected":[3.0223145490365729e+23],"tolerance":2.0000000000000002e-05,"passed":false}
CASE {"label":"p=-80/a=-1.000000/b=2.000000/w=-0.500000/VJP","dtype":"float32","actual":[-3.0223145490365729e+23,"-Infinity"],"expected":[-3.0223145490365729e+23,-1.5111572745182865e+23],"tolerance":2.0000000000000002e-05,"passed":false}
CASE {"label":"p=-80/a=-1.000000/b=2.000000/w=-0.500000/JVP-y","dtype":"float32","actual":[-3.0223145490365729e+23],"expected":[-3.0223145490365729e+23],"tolerance":2.0000000000000002e-05,"passed":true}
CASE {"label":"p=-80/a=-1.000000/b=2.000000/w=-0.500000/JVP-x","dtype":"float32","actual":["-Infinity"],"expected":[-1.5111572745182865e+23],"tolerance":2.0000000000000002e-05,"passed":false}
CASE {"label":"p=-80/a=-1.000000/b=2.000000/w=-0.500000/JVP-both","dtype":"float32","actual":["Infinity"],"expected":[-1.5111572745182865e+23],"tolerance":2.0000000000000002e-05,"passed":false}
CASE {"label":"p=-80/a=-1.000000/b=2.000000/radial-JVP","dtype":"float32","actual":["NaN"],"expected":[0],"tolerance":2.0000000000000002e-05,"passed":false}
CASE {"label":"p=-80/a=-1.000000/b=2.000000/opposite-scaling-JVP","dtype":"float32","actual":["NaN"],"expected":[-1],"tolerance":2.0000000000000002e-05,"passed":false}
CASE {"label":"p=-80/a=1.000000/b=-2.000000/w=0.000000/VJP","dtype":"float32","actual":[-0,"NaN"],"expected":[-0,-0],"tolerance":2.0000000000000002e-05,"passed":false}
CASE {"label":"p=-80/a=1.000000/b=-2.000000/w=0.000000/JVP-y","dtype":"float32","actual":[-0],"expected":[-0],"tolerance":2.0000000000000002e-05,"passed":true}
CASE {"label":"p=-80/a=1.000000/b=-2.000000/w=0.000000/JVP-x","dtype":"float32","actual":["NaN"],"expected":[-0],"tolerance":2.0000000000000002e-05,"passed":false}
CASE {"label":"p=-80/a=1.000000/b=-2.000000/w=0.000000/JVP-both","dtype":"float32","actual":["NaN"],"expected":[-0],"tolerance":2.0000000000000002e-05,"passed":false}
CASE {"label":"p=-80/a=1.000000/b=-2.000000/w=1.000000/VJP","dtype":"float32","actual":[-6.0446290980731459e+23,"-Infinity"],"expected":[-6.0446290980731459e+23,-3.0223145490365729e+23],"tolerance":2.0000000000000002e-05,"passed":false}
CASE {"label":"p=-80/a=1.000000/b=-2.000000/w=1.000000/JVP-y","dtype":"float32","actual":[-6.0446290980731459e+23],"expected":[-6.0446290980731459e+23],"tolerance":2.0000000000000002e-05,"passed":true}
CASE {"label":"p=-80/a=1.000000/b=-2.000000/w=1.000000/JVP-x","dtype":"float32","actual":["-Infinity"],"expected":[-3.0223145490365729e+23],"tolerance":2.0000000000000002e-05,"passed":false}
CASE {"label":"p=-80/a=1.000000/b=-2.000000/w=1.000000/JVP-both","dtype":"float32","actual":["Infinity"],"expected":[-3.0223145490365729e+23],"tolerance":2.0000000000000002e-05,"passed":false}
CASE {"label":"p=-80/a=1.000000/b=-2.000000/w=-0.500000/VJP","dtype":"float32","actual":[3.0223145490365729e+23,"Infinity"],"expected":[3.0223145490365729e+23,1.5111572745182865e+23],"tolerance":2.0000000000000002e-05,"passed":false}
CASE {"label":"p=-80/a=1.000000/b=-2.000000/w=-0.500000/JVP-y","dtype":"float32","actual":[3.0223145490365729e+23],"expected":[3.0223145490365729e+23],"tolerance":2.0000000000000002e-05,"passed":true}
CASE {"label":"p=-80/a=1.000000/b=-2.000000/w=-0.500000/JVP-x","dtype":"float32","actual":["Infinity"],"expected":[1.5111572745182865e+23],"tolerance":2.0000000000000002e-05,"passed":false}
CASE {"label":"p=-80/a=1.000000/b=-2.000000/w=-0.500000/JVP-both","dtype":"float32","actual":["-Infinity"],"expected":[1.5111572745182865e+23],"tolerance":2.0000000000000002e-05,"passed":false}
CASE {"label":"p=-80/a=1.000000/b=-2.000000/radial-JVP","dtype":"float32","actual":["NaN"],"expected":[0],"tolerance":2.0000000000000002e-05,"passed":false}
CASE {"label":"p=-80/a=1.000000/b=-2.000000/opposite-scaling-JVP","dtype":"float32","actual":["NaN"],"expected":[-1],"tolerance":2.0000000000000002e-05,"passed":false}
CASE {"label":"p=-80/a=-1.000000/b=-2.000000/w=0.000000/VJP","dtype":"float32","actual":[-0,"NaN"],"expected":[-0,0],"tolerance":2.0000000000000002e-05,"passed":false}
CASE {"label":"p=-80/a=-1.000000/b=-2.000000/w=0.000000/JVP-y","dtype":"float32","actual":[-0],"expected":[-0],"tolerance":2.0000000000000002e-05,"passed":true}
CASE {"label":"p=-80/a=-1.000000/b=-2.000000/w=0.000000/JVP-x","dtype":"float32","actual":["NaN"],"expected":[0],"tolerance":2.0000000000000002e-05,"passed":false}
CASE {"label":"p=-80/a=-1.000000/b=-2.000000/w=0.000000/JVP-both","dtype":"float32","actual":["NaN"],"expected":[-0],"tolerance":2.0000000000000002e-05,"passed":false}
CASE {"label":"p=-80/a=-1.000000/b=-2.000000/w=1.000000/VJP","dtype":"float32","actual":[-6.0446290980731459e+23,"Infinity"],"expected":[-6.0446290980731459e+23,3.0223145490365729e+23],"tolerance":2.0000000000000002e-05,"passed":false}
CASE {"label":"p=-80/a=-1.000000/b=-2.000000/w=1.000000/JVP-y","dtype":"float32","actual":[-6.0446290980731459e+23],"expected":[-6.0446290980731459e+23],"tolerance":2.0000000000000002e-05,"passed":true}
CASE {"label":"p=-80/a=-1.000000/b=-2.000000/w=1.000000/JVP-x","dtype":"float32","actual":["Infinity"],"expected":[3.0223145490365729e+23],"tolerance":2.0000000000000002e-05,"passed":false}
CASE {"label":"p=-80/a=-1.000000/b=-2.000000/w=1.000000/JVP-both","dtype":"float32","actual":["-Infinity"],"expected":[-9.0669436471097188e+23],"tolerance":2.0000000000000002e-05,"passed":false}
CASE {"label":"p=-80/a=-1.000000/b=-2.000000/w=-0.500000/VJP","dtype":"float32","actual":[3.0223145490365729e+23,"-Infinity"],"expected":[3.0223145490365729e+23,-1.5111572745182865e+23],"tolerance":2.0000000000000002e-05,"passed":false}
CASE {"label":"p=-80/a=-1.000000/b=-2.000000/w=-0.500000/JVP-y","dtype":"float32","actual":[3.0223145490365729e+23],"expected":[3.0223145490365729e+23],"tolerance":2.0000000000000002e-05,"passed":true}
CASE {"label":"p=-80/a=-1.000000/b=-2.000000/w=-0.500000/JVP-x","dtype":"float32","actual":["-Infinity"],"expected":[-1.5111572745182865e+23],"tolerance":2.0000000000000002e-05,"passed":false}
CASE {"label":"p=-80/a=-1.000000/b=-2.000000/w=-0.500000/JVP-both","dtype":"float32","actual":["Infinity"],"expected":[4.5334718235548594e+23],"tolerance":2.0000000000000002e-05,"passed":false}
CASE {"label":"p=-80/a=-1.000000/b=-2.000000/radial-JVP","dtype":"float32","actual":["NaN"],"expected":[0],"tolerance":2.0000000000000002e-05,"passed":false}
CASE {"label":"p=-80/a=-1.000000/b=-2.000000/opposite-scaling-JVP","dtype":"float32","actual":["NaN"],"expected":[1],"tolerance":2.0000000000000002e-05,"passed":false}
CASE {"label":"p=-80/a=0.000000/b=1.000000/w=0.000000/VJP","dtype":"float32","actual":[0,"NaN"],"expected":[0,-0],"tolerance":2.0000000000000002e-05,"passed":false}
CASE {"label":"p=-80/a=0.000000/b=1.000000/w=0.000000/JVP-y","dtype":"float32","actual":[0],"expected":[0],"tolerance":2.0000000000000002e-05,"passed":true}
CASE {"label":"p=-80/a=0.000000/b=1.000000/w=0.000000/JVP-x","dtype":"float32","actual":["NaN"],"expected":[-0],"tolerance":2.0000000000000002e-05,"passed":false}
CASE {"label":"p=-80/a=0.000000/b=1.000000/w=0.000000/JVP-both","dtype":"float32","actual":["NaN"],"expected":[0],"tolerance":2.0000000000000002e-05,"passed":false}
CASE {"label":"p=-80/a=0.000000/b=1.000000/w=1.000000/VJP","dtype":"float32","actual":[1.2089258196146292e+24,"NaN"],"expected":[1.2089258196146292e+24,-0],"tolerance":2.0000000000000002e-05,"passed":false}
CASE {"label":"p=-80/a=0.000000/b=1.000000/w=1.000000/JVP-y","dtype":"float32","actual":[1.2089258196146292e+24],"expected":[1.2089258196146292e+24],"tolerance":2.0000000000000002e-05,"passed":true}
CASE {"label":"p=-80/a=0.000000/b=1.000000/w=1.000000/JVP-x","dtype":"float32","actual":["NaN"],"expected":[-0],"tolerance":2.0000000000000002e-05,"passed":false}
CASE {"label":"p=-80/a=0.000000/b=1.000000/w=1.000000/JVP-both","dtype":"float32","actual":["NaN"],"expected":[1.2089258196146292e+24],"tolerance":2.0000000000000002e-05,"passed":false}
CASE {"label":"p=-80/a=0.000000/b=1.000000/w=-0.500000/VJP","dtype":"float32","actual":[-6.0446290980731459e+23,"NaN"],"expected":[-6.0446290980731459e+23,0],"tolerance":2.0000000000000002e-05,"passed":false}
CASE {"label":"p=-80/a=0.000000/b=1.000000/w=-0.500000/JVP-y","dtype":"float32","actual":[-6.0446290980731459e+23],"expected":[-6.0446290980731459e+23],"tolerance":2.0000000000000002e-05,"passed":true}
CASE {"label":"p=-80/a=0.000000/b=1.000000/w=-0.500000/JVP-x","dtype":"float32","actual":["NaN"],"expected":[0],"tolerance":2.0000000000000002e-05,"passed":false}
CASE {"label":"p=-80/a=0.000000/b=1.000000/w=-0.500000/JVP-both","dtype":"float32","actual":["NaN"],"expected":[-6.0446290980731459e+23],"tolerance":2.0000000000000002e-05,"passed":false}
CASE {"label":"p=-80/a=0.000000/b=1.000000/radial-JVP","dtype":"float32","actual":["NaN"],"expected":[0],"tolerance":2.0000000000000002e-05,"passed":false}
CASE {"label":"p=-80/a=0.000000/b=1.000000/opposite-scaling-JVP","dtype":"float32","actual":["NaN"],"expected":[0],"tolerance":2.0000000000000002e-05,"passed":false}
CASE {"label":"composite/p=-80/t=-2.000000/1","dtype":"float32","actual":["-Infinity"],"expected":[-0.25],"tolerance":2.0000000000000002e-05,"passed":false}
CASE {"label":"composite/p=-80/t=-2.000000/2","dtype":"float32","actual":["NaN"],"expected":[-0.25],"tolerance":2.0000000000000002e-05,"passed":false}
CASE {"label":"composite/p=-80/t=-2.000000/3","dtype":"float32","actual":["NaN"],"expected":[-0.375],"tolerance":2.0000000000000002e-05,"passed":false}
CASE {"label":"composite/p=-80/t=-1.000000/1","dtype":"float32","actual":["-Infinity"],"expected":[-1],"tolerance":2.0000000000000002e-05,"passed":false}
CASE {"label":"composite/p=-80/t=-1.000000/2","dtype":"float32","actual":["NaN"],"expected":[-2],"tolerance":2.0000000000000002e-05,"passed":false}
CASE {"label":"composite/p=-80/t=-1.000000/3","dtype":"float32","actual":["NaN"],"expected":[-6],"tolerance":2.0000000000000002e-05,"passed":false}
CASE {"label":"composite/p=-80/t=-0.500000/1","dtype":"float32","actual":["-Infinity"],"expected":[-4],"tolerance":2.0000000000000002e-05,"passed":false}
CASE {"label":"composite/p=-80/t=-0.500000/2","dtype":"float32","actual":["NaN"],"expected":[-16],"tolerance":2.0000000000000002e-05,"passed":false}
CASE {"label":"composite/p=-80/t=-0.500000/3","dtype":"float32","actual":["NaN"],"expected":[-96],"tolerance":2.0000000000000002e-05,"passed":false}
CASE {"label":"composite/p=-80/t=0.500000/1","dtype":"float32","actual":["-Infinity"],"expected":[-4],"tolerance":2.0000000000000002e-05,"passed":false}
CASE {"label":"composite/p=-80/t=0.500000/2","dtype":"float32","actual":["NaN"],"expected":[16],"tolerance":2.0000000000000002e-05,"passed":false}
CASE {"label":"composite/p=-80/t=0.500000/3","dtype":"float32","actual":["NaN"],"expected":[-96],"tolerance":2.0000000000000002e-05,"passed":false}
CASE {"label":"composite/p=-80/t=1.000000/1","dtype":"float32","actual":["-Infinity"],"expected":[-1],"tolerance":2.0000000000000002e-05,"passed":false}
CASE {"label":"composite/p=-80/t=1.000000/2","dtype":"float32","actual":["NaN"],"expected":[2],"tolerance":2.0000000000000002e-05,"passed":false}
CASE {"label":"composite/p=-80/t=1.000000/3","dtype":"float32","actual":["NaN"],"expected":[-6],"tolerance":2.0000000000000002e-05,"passed":false}
CASE {"label":"composite/p=-80/t=1.000000/finite-difference","dtype":"float32","actual":[-1.0002460479736328],"expected":[-1],"tolerance":0.00050000000000000001,"passed":true}
CASE {"label":"composite/p=-80/t=2.000000/1","dtype":"float32","actual":["-Infinity"],"expected":[-0.25],"tolerance":2.0000000000000002e-05,"passed":false}
CASE {"label":"composite/p=-80/t=2.000000/2","dtype":"float32","actual":["NaN"],"expected":[0.25],"tolerance":2.0000000000000002e-05,"passed":false}
CASE {"label":"composite/p=-80/t=2.000000/3","dtype":"float32","actual":["NaN"],"expected":[-0.375],"tolerance":2.0000000000000002e-05,"passed":false}
CASE {"label":"mixed-Hessian/p=-80","dtype":"float32","actual":[0,"-Infinity","-Infinity","NaN"],"expected":[0,-0.25,-0.25,0.25],"tolerance":2.0000000000000002e-05,"passed":false}
CASE {"label":"zero-gradient/p=-80/residual-1","dtype":"float32","actual":["NaN"],"expected":[0],"tolerance":2.0000000000000002e-05,"passed":false}
CASE {"label":"zero-gradient/p=-80/residual-2","dtype":"float32","actual":["NaN"],"expected":[2],"tolerance":2.0000000000000002e-05,"passed":false}
CASE {"label":"zero-gradient/p=-80/residual-3","dtype":"float32","actual":["NaN"],"expected":[-12],"tolerance":2.0000000000000002e-05,"passed":false}
CASE {"label":"zero-gradient/p=-80/identity-1","dtype":"float32","actual":["-Infinity"],"expected":[0],"tolerance":2.0000000000000002e-05,"passed":false}
CASE {"label":"zero-gradient/p=-80/identity-2","dtype":"float32","actual":["NaN"],"expected":[0],"tolerance":2.0000000000000002e-05,"passed":false}
CASE {"label":"zero-gradient/p=-80/identity-3","dtype":"float32","actual":["NaN"],"expected":[0],"tolerance":2.0000000000000002e-05,"passed":false}
CASE {"label":"broadcast/p=-80/VJP","dtype":"float32","actual":[-1.5111572745182865e+24,4.2312403686512021e+24,"NaN","NaN","NaN"],"expected":[-1.5111572745182865e+24,4.2312403686512021e+24,-4.8357032784585167e+24,1.2089258196146292e+24,-4.5334718235548594e+23],"tolerance":2.0000000000000002e-05,"passed":false}
CASE {"label":"broadcast/p=-80/JVP","dtype":"float32","actual":["NaN","NaN","NaN","NaN","NaN","NaN"],"expected":[1,-1,0.5,1,-1,0.5],"tolerance":2.0000000000000002e-05,"passed":false}
CASE {"label":"matrix/p=-80/VJP","dtype":"float32","actual":[0,1.2089258196146292e+24,-6.0446290980731459e+23,-1.2089258196146292e+24,1.2089258196146292e+24,6.0446290980731459e+23,"NaN","-Infinity","NaN","Infinity","-Infinity","-Infinity"],"expected":[0,1.2089258196146292e+24,-6.0446290980731459e+23,-1.2089258196146292e+24,1.2089258196146292e+24,6.0446290980731459e+23,-0,-2.4178516392292583e+24,0,6.0446290980731459e+23,-2.4178516392292583e+24,-3.0223145490365729e+23],"tolerance":2.0000000000000002e-05,"passed":false}
CASE {"label":"matrix/p=-80/JVP","dtype":"float32","actual":["NaN","NaN","NaN","NaN","NaN","NaN"],"expected":[0.75,3,1,-0.75,-3,0.75],"tolerance":2.0000000000000002e-05,"passed":false}
CASE {"label":"strided/p=-80/VJP","dtype":"float32","actual":[0,1.2089258196146292e+24,-6.0446290980731459e+23,-1.2089258196146292e+24,1.2089258196146292e+24,6.0446290980731459e+23,"NaN","-Infinity","NaN","Infinity","-Infinity","-Infinity"],"expected":[0,1.2089258196146292e+24,-6.0446290980731459e+23,-1.2089258196146292e+24,1.2089258196146292e+24,6.0446290980731459e+23,-0,-2.4178516392292583e+24,0,6.0446290980731459e+23,-2.4178516392292583e+24,-3.0223145490365729e+23],"tolerance":2.0000000000000002e-05,"passed":false}
CASE {"label":"strided/p=-80/JVP","dtype":"float32","actual":["NaN","NaN","NaN","NaN","NaN","NaN"],"expected":[0.75,3,1,-0.75,-3,0.75],"tolerance":2.0000000000000002e-05,"passed":false}
CASE {"label":"p=80/a=1.000000/b=1.000000/w=0.000000/VJP","dtype":"float32","actual":[0,-0],"expected":[0,-0],"tolerance":2.0000000000000002e-05,"passed":true}
CASE {"label":"p=80/a=1.000000/b=1.000000/w=0.000000/JVP-y","dtype":"float32","actual":[0],"expected":[0],"tolerance":2.0000000000000002e-05,"passed":true}
CASE {"label":"p=80/a=1.000000/b=1.000000/w=0.000000/JVP-x","dtype":"float32","actual":[-0],"expected":[-0],"tolerance":2.0000000000000002e-05,"passed":true}
CASE {"label":"p=80/a=1.000000/b=1.000000/w=0.000000/JVP-both","dtype":"float32","actual":[0],"expected":[0],"tolerance":2.0000000000000002e-05,"passed":true}
CASE {"label":"p=80/a=1.000000/b=1.000000/w=1.000000/VJP","dtype":"float32","actual":[8.2718061255302767e-25,-0],"expected":[8.2718061255302767e-25,-8.2718061255302767e-25],"tolerance":2.0000000000000002e-05,"passed":false}
CASE {"label":"p=80/a=1.000000/b=1.000000/w=1.000000/JVP-y","dtype":"float32","actual":[8.2718061255302767e-25],"expected":[8.2718061255302767e-25],"tolerance":2.0000000000000002e-05,"passed":true}
CASE {"label":"p=80/a=1.000000/b=1.000000/w=1.000000/JVP-x","dtype":"float32","actual":[-0],"expected":[-8.2718061255302767e-25],"tolerance":2.0000000000000002e-05,"passed":false}
CASE {"label":"p=80/a=1.000000/b=1.000000/w=1.000000/JVP-both","dtype":"float32","actual":[8.2718061255302767e-25],"expected":[1.6543612251060553e-24],"tolerance":2.0000000000000002e-05,"passed":false}
CASE {"label":"p=80/a=1.000000/b=1.000000/w=-0.500000/VJP","dtype":"float32","actual":[-4.1359030627651384e-25,0],"expected":[-4.1359030627651384e-25,4.1359030627651384e-25],"tolerance":2.0000000000000002e-05,"passed":false}
CASE {"label":"p=80/a=1.000000/b=1.000000/w=-0.500000/JVP-y","dtype":"float32","actual":[-4.1359030627651384e-25],"expected":[-4.1359030627651384e-25],"tolerance":2.0000000000000002e-05,"passed":true}
CASE {"label":"p=80/a=1.000000/b=1.000000/w=-0.500000/JVP-x","dtype":"float32","actual":[0],"expected":[4.1359030627651384e-25],"tolerance":2.0000000000000002e-05,"passed":false}
CASE {"label":"p=80/a=1.000000/b=1.000000/w=-0.500000/JVP-both","dtype":"float32","actual":[-4.1359030627651384e-25],"expected":[-8.2718061255302767e-25],"tolerance":2.0000000000000002e-05,"passed":false}
CASE {"label":"p=80/a=1.000000/b=1.000000/radial-JVP","dtype":"float32","actual":["NaN"],"expected":[0],"tolerance":2.0000000000000002e-05,"passed":false}
CASE {"label":"p=80/a=1.000000/b=1.000000/opposite-scaling-JVP","dtype":"float32","actual":["NaN"],"expected":[2],"tolerance":2.0000000000000002e-05,"passed":false}
CASE {"label":"p=80/a=2.000000/b=1.000000/w=0.000000/VJP","dtype":"float32","actual":[0,-0],"expected":[0,-0],"tolerance":2.0000000000000002e-05,"passed":true}
CASE {"label":"p=80/a=2.000000/b=1.000000/w=0.000000/JVP-y","dtype":"float32","actual":[0],"expected":[0],"tolerance":2.0000000000000002e-05,"passed":true}
CASE {"label":"p=80/a=2.000000/b=1.000000/w=0.000000/JVP-x","dtype":"float32","actual":[-0],"expected":[-0],"tolerance":2.0000000000000002e-05,"passed":true}
CASE {"label":"p=80/a=2.000000/b=1.000000/w=0.000000/JVP-both","dtype":"float32","actual":[0],"expected":[0],"tolerance":2.0000000000000002e-05,"passed":true}
CASE {"label":"p=80/a=2.000000/b=1.000000/w=1.000000/VJP","dtype":"float32","actual":[8.2718061255302767e-25,-0],"expected":[8.2718061255302767e-25,-1.6543612251060553e-24],"tolerance":2.0000000000000002e-05,"passed":false}
CASE {"label":"p=80/a=2.000000/b=1.000000/w=1.000000/JVP-y","dtype":"float32","actual":[8.2718061255302767e-25],"expected":[8.2718061255302767e-25],"tolerance":2.0000000000000002e-05,"passed":true}
CASE {"label":"p=80/a=2.000000/b=1.000000/w=1.000000/JVP-x","dtype":"float32","actual":[-0],"expected":[-1.6543612251060553e-24],"tolerance":2.0000000000000002e-05,"passed":false}
CASE {"label":"p=80/a=2.000000/b=1.000000/w=1.000000/JVP-both","dtype":"float32","actual":[8.2718061255302767e-25],"expected":[2.481541837659083e-24],"tolerance":2.0000000000000002e-05,"passed":false}
CASE {"label":"p=80/a=2.000000/b=1.000000/w=-0.500000/VJP","dtype":"float32","actual":[-4.1359030627651384e-25,0],"expected":[-4.1359030627651384e-25,8.2718061255302767e-25],"tolerance":2.0000000000000002e-05,"passed":false}
CASE {"label":"p=80/a=2.000000/b=1.000000/w=-0.500000/JVP-y","dtype":"float32","actual":[-4.1359030627651384e-25],"expected":[-4.1359030627651384e-25],"tolerance":2.0000000000000002e-05,"passed":true}
CASE {"label":"p=80/a=2.000000/b=1.000000/w=-0.500000/JVP-x","dtype":"float32","actual":[0],"expected":[8.2718061255302767e-25],"tolerance":2.0000000000000002e-05,"passed":false}
CASE {"label":"p=80/a=2.000000/b=1.000000/w=-0.500000/JVP-both","dtype":"float32","actual":[-4.1359030627651384e-25],"expected":[-1.2407709188295415e-24],"tolerance":2.0000000000000002e-05,"passed":false}
CASE {"label":"p=80/a=2.000000/b=1.000000/radial-JVP","dtype":"float32","actual":["NaN"],"expected":[0],"tolerance":2.0000000000000002e-05,"passed":false}
CASE {"label":"p=80/a=2.000000/b=1.000000/opposite-scaling-JVP","dtype":"float32","actual":["NaN"],"expected":[4],"tolerance":2.0000000000000002e-05,"passed":false}
CASE {"label":"p=80/a=-1.000000/b=2.000000/w=0.000000/VJP","dtype":"float32","actual":[0,0],"expected":[0,0],"tolerance":2.0000000000000002e-05,"passed":true}
CASE {"label":"p=80/a=-1.000000/b=2.000000/w=0.000000/JVP-y","dtype":"float32","actual":[0],"expected":[0],"tolerance":2.0000000000000002e-05,"passed":true}
CASE {"label":"p=80/a=-1.000000/b=2.000000/w=0.000000/JVP-x","dtype":"float32","actual":[0],"expected":[0],"tolerance":2.0000000000000002e-05,"passed":true}
CASE {"label":"p=80/a=-1.000000/b=2.000000/w=0.000000/JVP-both","dtype":"float32","actual":[0],"expected":[0],"tolerance":2.0000000000000002e-05,"passed":true}
CASE {"label":"p=80/a=-1.000000/b=2.000000/w=1.000000/VJP","dtype":"float32","actual":[4.1359030627651384e-25,0],"expected":[4.1359030627651384e-25,2.0679515313825692e-25],"tolerance":2.0000000000000002e-05,"passed":false}
CASE {"label":"p=80/a=-1.000000/b=2.000000/w=1.000000/JVP-y","dtype":"float32","actual":[4.1359030627651384e-25],"expected":[4.1359030627651384e-25],"tolerance":2.0000000000000002e-05,"passed":true}
CASE {"label":"p=80/a=-1.000000/b=2.000000/w=1.000000/JVP-x","dtype":"float32","actual":[0],"expected":[2.0679515313825692e-25],"tolerance":2.0000000000000002e-05,"passed":false}
CASE {"label":"p=80/a=-1.000000/b=2.000000/w=1.000000/JVP-both","dtype":"float32","actual":[4.1359030627651384e-25],"expected":[2.0679515313825692e-25],"tolerance":2.0000000000000002e-05,"passed":false}
CASE {"label":"p=80/a=-1.000000/b=2.000000/w=-0.500000/VJP","dtype":"float32","actual":[-2.0679515313825692e-25,-0],"expected":[-2.0679515313825692e-25,-1.0339757656912846e-25],"tolerance":2.0000000000000002e-05,"passed":false}
CASE {"label":"p=80/a=-1.000000/b=2.000000/w=-0.500000/JVP-y","dtype":"float32","actual":[-2.0679515313825692e-25],"expected":[-2.0679515313825692e-25],"tolerance":2.0000000000000002e-05,"passed":true}
CASE {"label":"p=80/a=-1.000000/b=2.000000/w=-0.500000/JVP-x","dtype":"float32","actual":[-0],"expected":[-1.0339757656912846e-25],"tolerance":2.0000000000000002e-05,"passed":false}
CASE {"label":"p=80/a=-1.000000/b=2.000000/w=-0.500000/JVP-both","dtype":"float32","actual":[-2.0679515313825692e-25],"expected":[-1.0339757656912846e-25],"tolerance":2.0000000000000002e-05,"passed":false}
CASE {"label":"p=80/a=-1.000000/b=2.000000/radial-JVP","dtype":"float32","actual":["NaN"],"expected":[0],"tolerance":2.0000000000000002e-05,"passed":false}
CASE {"label":"p=80/a=-1.000000/b=2.000000/opposite-scaling-JVP","dtype":"float32","actual":["NaN"],"expected":[-1],"tolerance":2.0000000000000002e-05,"passed":false}
CASE {"label":"p=80/a=1.000000/b=-2.000000/w=0.000000/VJP","dtype":"float32","actual":[-0,-0],"expected":[-0,-0],"tolerance":2.0000000000000002e-05,"passed":true}
CASE {"label":"p=80/a=1.000000/b=-2.000000/w=0.000000/JVP-y","dtype":"float32","actual":[-0],"expected":[-0],"tolerance":2.0000000000000002e-05,"passed":true}
CASE {"label":"p=80/a=1.000000/b=-2.000000/w=0.000000/JVP-x","dtype":"float32","actual":[-0],"expected":[-0],"tolerance":2.0000000000000002e-05,"passed":true}
CASE {"label":"p=80/a=1.000000/b=-2.000000/w=0.000000/JVP-both","dtype":"float32","actual":[0],"expected":[-0],"tolerance":2.0000000000000002e-05,"passed":true}
CASE {"label":"p=80/a=1.000000/b=-2.000000/w=1.000000/VJP","dtype":"float32","actual":[-4.1359030627651384e-25,-0],"expected":[-4.1359030627651384e-25,-2.0679515313825692e-25],"tolerance":2.0000000000000002e-05,"passed":false}
CASE {"label":"p=80/a=1.000000/b=-2.000000/w=1.000000/JVP-y","dtype":"float32","actual":[-4.1359030627651384e-25],"expected":[-4.1359030627651384e-25],"tolerance":2.0000000000000002e-05,"passed":true}
CASE {"label":"p=80/a=1.000000/b=-2.000000/w=1.000000/JVP-x","dtype":"float32","actual":[-0],"expected":[-2.0679515313825692e-25],"tolerance":2.0000000000000002e-05,"passed":false}
CASE {"label":"p=80/a=1.000000/b=-2.000000/w=1.000000/JVP-both","dtype":"float32","actual":[-4.1359030627651384e-25],"expected":[-2.0679515313825692e-25],"tolerance":2.0000000000000002e-05,"passed":false}
CASE {"label":"p=80/a=1.000000/b=-2.000000/w=-0.500000/VJP","dtype":"float32","actual":[2.0679515313825692e-25,0],"expected":[2.0679515313825692e-25,1.0339757656912846e-25],"tolerance":2.0000000000000002e-05,"passed":false}
CASE {"label":"p=80/a=1.000000/b=-2.000000/w=-0.500000/JVP-y","dtype":"float32","actual":[2.0679515313825692e-25],"expected":[2.0679515313825692e-25],"tolerance":2.0000000000000002e-05,"passed":true}
CASE {"label":"p=80/a=1.000000/b=-2.000000/w=-0.500000/JVP-x","dtype":"float32","actual":[0],"expected":[1.0339757656912846e-25],"tolerance":2.0000000000000002e-05,"passed":false}
CASE {"label":"p=80/a=1.000000/b=-2.000000/w=-0.500000/JVP-both","dtype":"float32","actual":[2.0679515313825692e-25],"expected":[1.0339757656912846e-25],"tolerance":2.0000000000000002e-05,"passed":false}
CASE {"label":"p=80/a=1.000000/b=-2.000000/radial-JVP","dtype":"float32","actual":["NaN"],"expected":[0],"tolerance":2.0000000000000002e-05,"passed":false}
CASE {"label":"p=80/a=1.000000/b=-2.000000/opposite-scaling-JVP","dtype":"float32","actual":["NaN"],"expected":[-1],"tolerance":2.0000000000000002e-05,"passed":false}
CASE {"label":"p=80/a=-1.000000/b=-2.000000/w=0.000000/VJP","dtype":"float32","actual":[-0,0],"expected":[-0,0],"tolerance":2.0000000000000002e-05,"passed":true}
CASE {"label":"p=80/a=-1.000000/b=-2.000000/w=0.000000/JVP-y","dtype":"float32","actual":[-0],"expected":[-0],"tolerance":2.0000000000000002e-05,"passed":true}
CASE {"label":"p=80/a=-1.000000/b=-2.000000/w=0.000000/JVP-x","dtype":"float32","actual":[0],"expected":[0],"tolerance":2.0000000000000002e-05,"passed":true}
CASE {"label":"p=80/a=-1.000000/b=-2.000000/w=0.000000/JVP-both","dtype":"float32","actual":[-0],"expected":[-0],"tolerance":2.0000000000000002e-05,"passed":true}
CASE {"label":"p=80/a=-1.000000/b=-2.000000/w=1.000000/VJP","dtype":"float32","actual":[-4.1359030627651384e-25,0],"expected":[-4.1359030627651384e-25,2.0679515313825692e-25],"tolerance":2.0000000000000002e-05,"passed":false}
CASE {"label":"p=80/a=-1.000000/b=-2.000000/w=1.000000/JVP-y","dtype":"float32","actual":[-4.1359030627651384e-25],"expected":[-4.1359030627651384e-25],"tolerance":2.0000000000000002e-05,"passed":true}
CASE {"label":"p=80/a=-1.000000/b=-2.000000/w=1.000000/JVP-x","dtype":"float32","actual":[0],"expected":[2.0679515313825692e-25],"tolerance":2.0000000000000002e-05,"passed":false}
CASE {"label":"p=80/a=-1.000000/b=-2.000000/w=1.000000/JVP-both","dtype":"float32","actual":[-4.1359030627651384e-25],"expected":[-6.2038545941477076e-25],"tolerance":2.0000000000000002e-05,"passed":false}
CASE {"label":"p=80/a=-1.000000/b=-2.000000/w=-0.500000/VJP","dtype":"float32","actual":[2.0679515313825692e-25,-0],"expected":[2.0679515313825692e-25,-1.0339757656912846e-25],"tolerance":2.0000000000000002e-05,"passed":false}
CASE {"label":"p=80/a=-1.000000/b=-2.000000/w=-0.500000/JVP-y","dtype":"float32","actual":[2.0679515313825692e-25],"expected":[2.0679515313825692e-25],"tolerance":2.0000000000000002e-05,"passed":true}
CASE {"label":"p=80/a=-1.000000/b=-2.000000/w=-0.500000/JVP-x","dtype":"float32","actual":[-0],"expected":[-1.0339757656912846e-25],"tolerance":2.0000000000000002e-05,"passed":false}
CASE {"label":"p=80/a=-1.000000/b=-2.000000/w=-0.500000/JVP-both","dtype":"float32","actual":[2.0679515313825692e-25],"expected":[3.1019272970738538e-25],"tolerance":2.0000000000000002e-05,"passed":false}
CASE {"label":"p=80/a=-1.000000/b=-2.000000/radial-JVP","dtype":"float32","actual":["NaN"],"expected":[0],"tolerance":2.0000000000000002e-05,"passed":false}
CASE {"label":"p=80/a=-1.000000/b=-2.000000/opposite-scaling-JVP","dtype":"float32","actual":["NaN"],"expected":[1],"tolerance":2.0000000000000002e-05,"passed":false}
CASE {"label":"p=80/a=0.000000/b=1.000000/w=0.000000/VJP","dtype":"float32","actual":[0,-0],"expected":[0,-0],"tolerance":2.0000000000000002e-05,"passed":true}
CASE {"label":"p=80/a=0.000000/b=1.000000/w=0.000000/JVP-y","dtype":"float32","actual":[0],"expected":[0],"tolerance":2.0000000000000002e-05,"passed":true}
CASE {"label":"p=80/a=0.000000/b=1.000000/w=0.000000/JVP-x","dtype":"float32","actual":[-0],"expected":[-0],"tolerance":2.0000000000000002e-05,"passed":true}
CASE {"label":"p=80/a=0.000000/b=1.000000/w=0.000000/JVP-both","dtype":"float32","actual":[0],"expected":[0],"tolerance":2.0000000000000002e-05,"passed":true}
CASE {"label":"p=80/a=0.000000/b=1.000000/w=1.000000/VJP","dtype":"float32","actual":[8.2718061255302767e-25,-0],"expected":[8.2718061255302767e-25,-0],"tolerance":2.0000000000000002e-05,"passed":true}
CASE {"label":"p=80/a=0.000000/b=1.000000/w=1.000000/JVP-y","dtype":"float32","actual":[8.2718061255302767e-25],"expected":[8.2718061255302767e-25],"tolerance":2.0000000000000002e-05,"passed":true}
CASE {"label":"p=80/a=0.000000/b=1.000000/w=1.000000/JVP-x","dtype":"float32","actual":[-0],"expected":[-0],"tolerance":2.0000000000000002e-05,"passed":true}
CASE {"label":"p=80/a=0.000000/b=1.000000/w=1.000000/JVP-both","dtype":"float32","actual":[8.2718061255302767e-25],"expected":[8.2718061255302767e-25],"tolerance":2.0000000000000002e-05,"passed":true}
CASE {"label":"p=80/a=0.000000/b=1.000000/w=-0.500000/VJP","dtype":"float32","actual":[-4.1359030627651384e-25,0],"expected":[-4.1359030627651384e-25,0],"tolerance":2.0000000000000002e-05,"passed":true}
CASE {"label":"p=80/a=0.000000/b=1.000000/w=-0.500000/JVP-y","dtype":"float32","actual":[-4.1359030627651384e-25],"expected":[-4.1359030627651384e-25],"tolerance":2.0000000000000002e-05,"passed":true}
CASE {"label":"p=80/a=0.000000/b=1.000000/w=-0.500000/JVP-x","dtype":"float32","actual":[0],"expected":[0],"tolerance":2.0000000000000002e-05,"passed":true}
CASE {"label":"p=80/a=0.000000/b=1.000000/w=-0.500000/JVP-both","dtype":"float32","actual":[-4.1359030627651384e-25],"expected":[-4.1359030627651384e-25],"tolerance":2.0000000000000002e-05,"passed":true}
CASE {"label":"p=80/a=0.000000/b=1.000000/radial-JVP","dtype":"float32","actual":[0],"expected":[0],"tolerance":2.0000000000000002e-05,"passed":true}
CASE {"label":"p=80/a=0.000000/b=1.000000/opposite-scaling-JVP","dtype":"float32","actual":[0],"expected":[0],"tolerance":2.0000000000000002e-05,"passed":true}
CASE {"label":"composite/p=80/t=-2.000000/1","dtype":"float32","actual":[-0],"expected":[-0.25],"tolerance":2.0000000000000002e-05,"passed":false}
CASE {"label":"composite/p=80/t=-2.000000/2","dtype":"float32","actual":["NaN"],"expected":[-0.25],"tolerance":2.0000000000000002e-05,"passed":false}
CASE {"label":"composite/p=80/t=-2.000000/3","dtype":"float32","actual":["NaN"],"expected":[-0.375],"tolerance":2.0000000000000002e-05,"passed":false}
CASE {"label":"composite/p=80/t=-1.000000/1","dtype":"float32","actual":[-0],"expected":[-1],"tolerance":2.0000000000000002e-05,"passed":false}
CASE {"label":"composite/p=80/t=-1.000000/2","dtype":"float32","actual":["NaN"],"expected":[-2],"tolerance":2.0000000000000002e-05,"passed":false}
CASE {"label":"composite/p=80/t=-1.000000/3","dtype":"float32","actual":["NaN"],"expected":[-6],"tolerance":2.0000000000000002e-05,"passed":false}
CASE {"label":"composite/p=80/t=-0.500000/1","dtype":"float32","actual":[-0],"expected":[-4],"tolerance":2.0000000000000002e-05,"passed":false}
CASE {"label":"composite/p=80/t=-0.500000/2","dtype":"float32","actual":["NaN"],"expected":[-16],"tolerance":2.0000000000000002e-05,"passed":false}
CASE {"label":"composite/p=80/t=-0.500000/3","dtype":"float32","actual":["NaN"],"expected":[-96],"tolerance":2.0000000000000002e-05,"passed":false}
CASE {"label":"composite/p=80/t=0.500000/1","dtype":"float32","actual":[-0],"expected":[-4],"tolerance":2.0000000000000002e-05,"passed":false}
CASE {"label":"composite/p=80/t=0.500000/2","dtype":"float32","actual":["NaN"],"expected":[16],"tolerance":2.0000000000000002e-05,"passed":false}
CASE {"label":"composite/p=80/t=0.500000/3","dtype":"float32","actual":["NaN"],"expected":[-96],"tolerance":2.0000000000000002e-05,"passed":false}
CASE {"label":"composite/p=80/t=1.000000/1","dtype":"float32","actual":[-0],"expected":[-1],"tolerance":2.0000000000000002e-05,"passed":false}
CASE {"label":"composite/p=80/t=1.000000/2","dtype":"float32","actual":["NaN"],"expected":[2],"tolerance":2.0000000000000002e-05,"passed":false}
CASE {"label":"composite/p=80/t=1.000000/3","dtype":"float32","actual":["NaN"],"expected":[-6],"tolerance":2.0000000000000002e-05,"passed":false}
CASE {"label":"composite/p=80/t=1.000000/finite-difference","dtype":"float32","actual":[-1.0002460479736328],"expected":[-1],"tolerance":0.00050000000000000001,"passed":true}
CASE {"label":"composite/p=80/t=2.000000/1","dtype":"float32","actual":[-0],"expected":[-0.25],"tolerance":2.0000000000000002e-05,"passed":false}
CASE {"label":"composite/p=80/t=2.000000/2","dtype":"float32","actual":["NaN"],"expected":[0.25],"tolerance":2.0000000000000002e-05,"passed":false}
CASE {"label":"composite/p=80/t=2.000000/3","dtype":"float32","actual":["NaN"],"expected":[-0.375],"tolerance":2.0000000000000002e-05,"passed":false}
CASE {"label":"mixed-Hessian/p=80","dtype":"float32","actual":[0,-0,-0,"NaN"],"expected":[0,-0.25,-0.25,0.25],"tolerance":2.0000000000000002e-05,"passed":false}
CASE {"label":"zero-gradient/p=80/residual-1","dtype":"float32","actual":[-0],"expected":[0],"tolerance":2.0000000000000002e-05,"passed":true}
CASE {"label":"zero-gradient/p=80/residual-2","dtype":"float32","actual":[0],"expected":[2],"tolerance":2.0000000000000002e-05,"passed":false}
CASE {"label":"zero-gradient/p=80/residual-3","dtype":"float32","actual":["NaN"],"expected":[-12],"tolerance":2.0000000000000002e-05,"passed":false}
CASE {"label":"zero-gradient/p=80/identity-1","dtype":"float32","actual":[1],"expected":[0],"tolerance":2.0000000000000002e-05,"passed":false}
CASE {"label":"zero-gradient/p=80/identity-2","dtype":"float32","actual":["NaN"],"expected":[0],"tolerance":2.0000000000000002e-05,"passed":false}
CASE {"label":"zero-gradient/p=80/identity-3","dtype":"float32","actual":["NaN"],"expected":[0],"tolerance":2.0000000000000002e-05,"passed":false}
CASE {"label":"broadcast/p=80/VJP","dtype":"float32","actual":[-1.0339757656912846e-24,2.8951321439355969e-24,0,0,0],"expected":[-1.0339757656912846e-24,2.8951321439355969e-24,-3.3087224502121107e-24,8.2718061255302767e-25,-3.1019272970738538e-25],"tolerance":2.0000000000000002e-05,"passed":false}
CASE {"label":"broadcast/p=80/JVP","dtype":"float32","actual":[1,-1,0.5,1,-1,0.5],"expected":[1,-1,0.5,1,-1,0.5],"tolerance":2.0000000000000002e-05,"passed":true}
CASE {"label":"matrix/p=80/VJP","dtype":"float32","actual":[0,8.2718061255302767e-25,-4.1359030627651384e-25,-8.2718061255302767e-25,8.2718061255302767e-25,4.1359030627651384e-25,-0,-0,0,0,-0,-0],"expected":[0,8.2718061255302767e-25,-4.1359030627651384e-25,-8.2718061255302767e-25,8.2718061255302767e-25,4.1359030627651384e-25,-0,-1.6543612251060553e-24,0,4.1359030627651384e-25,-1.6543612251060553e-24,-2.0679515313825692e-25],"tolerance":2.0000000000000002e-05,"passed":false}
CASE {"label":"matrix/p=80/JVP","dtype":"float32","actual":["NaN","NaN",1,"NaN","NaN","NaN"],"expected":[0.75,3,1,-0.75,-3,0.75],"tolerance":2.0000000000000002e-05,"passed":false}
CASE {"label":"strided/p=80/VJP","dtype":"float32","actual":[0,8.2718061255302767e-25,-4.1359030627651384e-25,-8.2718061255302767e-25,8.2718061255302767e-25,4.1359030627651384e-25,-0,-0,0,0,-0,-0],"expected":[0,8.2718061255302767e-25,-4.1359030627651384e-25,-8.2718061255302767e-25,8.2718061255302767e-25,4.1359030627651384e-25,-0,-1.6543612251060553e-24,0,4.1359030627651384e-25,-1.6543612251060553e-24,-2.0679515313825692e-25],"tolerance":2.0000000000000002e-05,"passed":false}
CASE {"label":"strided/p=80/JVP","dtype":"float32","actual":["NaN","NaN",1,"NaN","NaN","NaN"],"expected":[0.75,3,1,-0.75,-3,0.75],"tolerance":2.0000000000000002e-05,"passed":false}
CASE {"label":"weighted/pa=80/pb=80/pg=0/sign=-1.000000/JVP","dtype":"float32","actual":[0],"expected":[8.2718061255302767e-25],"tolerance":2.0000000000000002e-05,"passed":false}
CASE {"label":"weighted/pa=80/pb=80/pg=0/sign=-1.000000/VJP","dtype":"float32","actual":[0],"expected":[8.2718061255302767e-25],"tolerance":2.0000000000000002e-05,"passed":false}
CASE {"label":"weighted/pa=80/pb=80/pg=0/sign=1.000000/JVP","dtype":"float32","actual":[-0],"expected":[-8.2718061255302767e-25],"tolerance":2.0000000000000002e-05,"passed":false}
CASE {"label":"weighted/pa=80/pb=80/pg=0/sign=1.000000/VJP","dtype":"float32","actual":[-0],"expected":[-8.2718061255302767e-25],"tolerance":2.0000000000000002e-05,"passed":false}
CASE {"label":"weighted/pa=-80/pb=-80/pg=0/sign=-1.000000/JVP","dtype":"float32","actual":["Infinity"],"expected":[1.2089258196146292e+24],"tolerance":2.0000000000000002e-05,"passed":false}
CASE {"label":"weighted/pa=-80/pb=-80/pg=0/sign=-1.000000/VJP","dtype":"float32","actual":["Infinity"],"expected":[1.2089258196146292e+24],"tolerance":2.0000000000000002e-05,"passed":false}
CASE {"label":"weighted/pa=-80/pb=-80/pg=0/sign=1.000000/JVP","dtype":"float32","actual":["-Infinity"],"expected":[-1.2089258196146292e+24],"tolerance":2.0000000000000002e-05,"passed":false}
CASE {"label":"weighted/pa=-80/pb=-80/pg=0/sign=1.000000/VJP","dtype":"float32","actual":["-Infinity"],"expected":[-1.2089258196146292e+24],"tolerance":2.0000000000000002e-05,"passed":false}
CASE {"label":"weighted/pa=-120/pb=32/pg=120/sign=-1.000000/JVP","dtype":"float32","actual":[5.4210108624275222e-20],"expected":[5.4210108624275222e-20],"tolerance":2.0000000000000002e-05,"passed":true}
CASE {"label":"weighted/pa=-120/pb=32/pg=120/sign=-1.000000/VJP","dtype":"float32","actual":[5.4210108624275222e-20],"expected":[5.4210108624275222e-20],"tolerance":2.0000000000000002e-05,"passed":true}
CASE {"label":"weighted/pa=-120/pb=32/pg=120/sign=1.000000/JVP","dtype":"float32","actual":[-5.4210108624275222e-20],"expected":[-5.4210108624275222e-20],"tolerance":2.0000000000000002e-05,"passed":true}
CASE {"label":"weighted/pa=-120/pb=32/pg=120/sign=1.000000/VJP","dtype":"float32","actual":[-5.4210108624275222e-20],"expected":[-5.4210108624275222e-20],"tolerance":2.0000000000000002e-05,"passed":true}
CASE {"label":"weighted/pa=-100/pb=-20/pg=120/sign=-1.000000/JVP","dtype":"float32","actual":[1.152921504606847e+18],"expected":[1.152921504606847e+18],"tolerance":2.0000000000000002e-05,"passed":true}
CASE {"label":"weighted/pa=-100/pb=-20/pg=120/sign=-1.000000/VJP","dtype":"float32","actual":[1.152921504606847e+18],"expected":[1.152921504606847e+18],"tolerance":2.0000000000000002e-05,"passed":true}
CASE {"label":"weighted/pa=-100/pb=-20/pg=120/sign=1.000000/JVP","dtype":"float32","actual":[-1.152921504606847e+18],"expected":[-1.152921504606847e+18],"tolerance":2.0000000000000002e-05,"passed":true}
CASE {"label":"weighted/pa=-100/pb=-20/pg=120/sign=1.000000/VJP","dtype":"float32","actual":[-1.152921504606847e+18],"expected":[-1.152921504606847e+18],"tolerance":2.0000000000000002e-05,"passed":true}
CASE {"label":"weighted/pa=100/pb=70/pg=100/sign=-1.000000/JVP","dtype":"float32","actual":["NaN"],"expected":[1.152921504606847e+18],"tolerance":2.0000000000000002e-05,"passed":false}
CASE {"label":"weighted/pa=100/pb=70/pg=100/sign=-1.000000/VJP","dtype":"float32","actual":["NaN"],"expected":[1.152921504606847e+18],"tolerance":2.0000000000000002e-05,"passed":false}
CASE {"label":"weighted/pa=100/pb=70/pg=100/sign=1.000000/JVP","dtype":"float32","actual":["NaN"],"expected":[-1.152921504606847e+18],"tolerance":2.0000000000000002e-05,"passed":false}
CASE {"label":"weighted/pa=100/pb=70/pg=100/sign=1.000000/VJP","dtype":"float32","actual":["NaN"],"expected":[-1.152921504606847e+18],"tolerance":2.0000000000000002e-05,"passed":false}
CASE {"label":"weighted/pa=-100/pb=-80/pg=-100/sign=-1.000000/JVP","dtype":"float32","actual":["NaN"],"expected":[9.0949470177292824e-13],"tolerance":2.0000000000000002e-05,"passed":false}
CASE {"label":"weighted/pa=-100/pb=-80/pg=-100/sign=-1.000000/VJP","dtype":"float32","actual":["NaN"],"expected":[9.0949470177292824e-13],"tolerance":2.0000000000000002e-05,"passed":false}
CASE {"label":"weighted/pa=-100/pb=-80/pg=-100/sign=1.000000/JVP","dtype":"float32","actual":["NaN"],"expected":[-9.0949470177292824e-13],"tolerance":2.0000000000000002e-05,"passed":false}
CASE {"label":"weighted/pa=-100/pb=-80/pg=-100/sign=1.000000/VJP","dtype":"float32","actual":["NaN"],"expected":[-9.0949470177292824e-13],"tolerance":2.0000000000000002e-05,"passed":false}
CASE {"label":"weighted/pa=120/pb=32/pg=-120/sign=-1.000000/JVP","dtype":"float32","actual":[5.4210108624275222e-20],"expected":[5.4210108624275222e-20],"tolerance":2.0000000000000002e-05,"passed":true}
CASE {"label":"weighted/pa=120/pb=32/pg=-120/sign=-1.000000/VJP","dtype":"float32","actual":[5.4210108624275222e-20],"expected":[5.4210108624275222e-20],"tolerance":2.0000000000000002e-05,"passed":true}
CASE {"label":"weighted/pa=120/pb=32/pg=-120/sign=1.000000/JVP","dtype":"float32","actual":[-5.4210108624275222e-20],"expected":[-5.4210108624275222e-20],"tolerance":2.0000000000000002e-05,"passed":true}
CASE {"label":"weighted/pa=120/pb=32/pg=-120/sign=1.000000/VJP","dtype":"float32","actual":[-5.4210108624275222e-20],"expected":[-5.4210108624275222e-20],"tolerance":2.0000000000000002e-05,"passed":true}
CASE {"label":"p=0/a=1.000000/b=1.000000/w=0.000000/VJP","dtype":"float64","actual":[0,-0],"expected":[0,-0],"tolerance":4.9999999999999999e-13,"passed":true}
CASE {"label":"p=0/a=1.000000/b=1.000000/w=0.000000/JVP-y","dtype":"float64","actual":[0],"expected":[0],"tolerance":4.9999999999999999e-13,"passed":true}
CASE {"label":"p=0/a=1.000000/b=1.000000/w=0.000000/JVP-x","dtype":"float64","actual":[-0],"expected":[-0],"tolerance":4.9999999999999999e-13,"passed":true}
CASE {"label":"p=0/a=1.000000/b=1.000000/w=0.000000/JVP-both","dtype":"float64","actual":[0],"expected":[0],"tolerance":4.9999999999999999e-13,"passed":true}
CASE {"label":"p=0/a=1.000000/b=1.000000/w=1.000000/VJP","dtype":"float64","actual":[1,-1],"expected":[1,-1],"tolerance":4.9999999999999999e-13,"passed":true}
CASE {"label":"p=0/a=1.000000/b=1.000000/w=1.000000/JVP-y","dtype":"float64","actual":[1],"expected":[1],"tolerance":4.9999999999999999e-13,"passed":true}
CASE {"label":"p=0/a=1.000000/b=1.000000/w=1.000000/JVP-x","dtype":"float64","actual":[-1],"expected":[-1],"tolerance":4.9999999999999999e-13,"passed":true}
CASE {"label":"p=0/a=1.000000/b=1.000000/w=1.000000/JVP-both","dtype":"float64","actual":[2],"expected":[2],"tolerance":4.9999999999999999e-13,"passed":true}
CASE {"label":"p=0/a=1.000000/b=1.000000/w=-0.500000/VJP","dtype":"float64","actual":[-0.5,0.5],"expected":[-0.5,0.5],"tolerance":4.9999999999999999e-13,"passed":true}
CASE {"label":"p=0/a=1.000000/b=1.000000/w=-0.500000/JVP-y","dtype":"float64","actual":[-0.5],"expected":[-0.5],"tolerance":4.9999999999999999e-13,"passed":true}
CASE {"label":"p=0/a=1.000000/b=1.000000/w=-0.500000/JVP-x","dtype":"float64","actual":[0.5],"expected":[0.5],"tolerance":4.9999999999999999e-13,"passed":true}
CASE {"label":"p=0/a=1.000000/b=1.000000/w=-0.500000/JVP-both","dtype":"float64","actual":[-1],"expected":[-1],"tolerance":4.9999999999999999e-13,"passed":true}
CASE {"label":"p=0/a=1.000000/b=1.000000/radial-JVP","dtype":"float64","actual":[0],"expected":[0],"tolerance":4.9999999999999999e-13,"passed":true}
CASE {"label":"p=0/a=1.000000/b=1.000000/opposite-scaling-JVP","dtype":"float64","actual":[2],"expected":[2],"tolerance":4.9999999999999999e-13,"passed":true}
CASE {"label":"p=0/a=2.000000/b=1.000000/w=0.000000/VJP","dtype":"float64","actual":[0,-0],"expected":[0,-0],"tolerance":4.9999999999999999e-13,"passed":true}
CASE {"label":"p=0/a=2.000000/b=1.000000/w=0.000000/JVP-y","dtype":"float64","actual":[0],"expected":[0],"tolerance":4.9999999999999999e-13,"passed":true}
CASE {"label":"p=0/a=2.000000/b=1.000000/w=0.000000/JVP-x","dtype":"float64","actual":[-0],"expected":[-0],"tolerance":4.9999999999999999e-13,"passed":true}
CASE {"label":"p=0/a=2.000000/b=1.000000/w=0.000000/JVP-both","dtype":"float64","actual":[0],"expected":[0],"tolerance":4.9999999999999999e-13,"passed":true}
CASE {"label":"p=0/a=2.000000/b=1.000000/w=1.000000/VJP","dtype":"float64","actual":[1,-2],"expected":[1,-2],"tolerance":4.9999999999999999e-13,"passed":true}
CASE {"label":"p=0/a=2.000000/b=1.000000/w=1.000000/JVP-y","dtype":"float64","actual":[1],"expected":[1],"tolerance":4.9999999999999999e-13,"passed":true}
CASE {"label":"p=0/a=2.000000/b=1.000000/w=1.000000/JVP-x","dtype":"float64","actual":[-2],"expected":[-2],"tolerance":4.9999999999999999e-13,"passed":true}
CASE {"label":"p=0/a=2.000000/b=1.000000/w=1.000000/JVP-both","dtype":"float64","actual":[3],"expected":[3],"tolerance":4.9999999999999999e-13,"passed":true}
CASE {"label":"p=0/a=2.000000/b=1.000000/w=-0.500000/VJP","dtype":"float64","actual":[-0.5,1],"expected":[-0.5,1],"tolerance":4.9999999999999999e-13,"passed":true}
CASE {"label":"p=0/a=2.000000/b=1.000000/w=-0.500000/JVP-y","dtype":"float64","actual":[-0.5],"expected":[-0.5],"tolerance":4.9999999999999999e-13,"passed":true}
CASE {"label":"p=0/a=2.000000/b=1.000000/w=-0.500000/JVP-x","dtype":"float64","actual":[1],"expected":[1],"tolerance":4.9999999999999999e-13,"passed":true}
CASE {"label":"p=0/a=2.000000/b=1.000000/w=-0.500000/JVP-both","dtype":"float64","actual":[-1.5],"expected":[-1.5],"tolerance":4.9999999999999999e-13,"passed":true}
CASE {"label":"p=0/a=2.000000/b=1.000000/radial-JVP","dtype":"float64","actual":[0],"expected":[0],"tolerance":4.9999999999999999e-13,"passed":true}
CASE {"label":"p=0/a=2.000000/b=1.000000/opposite-scaling-JVP","dtype":"float64","actual":[4],"expected":[4],"tolerance":4.9999999999999999e-13,"passed":true}
CASE {"label":"p=0/a=-1.000000/b=2.000000/w=0.000000/VJP","dtype":"float64","actual":[0,0],"expected":[0,0],"tolerance":4.9999999999999999e-13,"passed":true}
CASE {"label":"p=0/a=-1.000000/b=2.000000/w=0.000000/JVP-y","dtype":"float64","actual":[0],"expected":[0],"tolerance":4.9999999999999999e-13,"passed":true}
CASE {"label":"p=0/a=-1.000000/b=2.000000/w=0.000000/JVP-x","dtype":"float64","actual":[0],"expected":[0],"tolerance":4.9999999999999999e-13,"passed":true}
CASE {"label":"p=0/a=-1.000000/b=2.000000/w=0.000000/JVP-both","dtype":"float64","actual":[0],"expected":[0],"tolerance":4.9999999999999999e-13,"passed":true}
CASE {"label":"p=0/a=-1.000000/b=2.000000/w=1.000000/VJP","dtype":"float64","actual":[0.5,0.25],"expected":[0.5,0.25],"tolerance":4.9999999999999999e-13,"passed":true}
CASE {"label":"p=0/a=-1.000000/b=2.000000/w=1.000000/JVP-y","dtype":"float64","actual":[0.5],"expected":[0.5],"tolerance":4.9999999999999999e-13,"passed":true}
CASE {"label":"p=0/a=-1.000000/b=2.000000/w=1.000000/JVP-x","dtype":"float64","actual":[0.25],"expected":[0.25],"tolerance":4.9999999999999999e-13,"passed":true}
CASE {"label":"p=0/a=-1.000000/b=2.000000/w=1.000000/JVP-both","dtype":"float64","actual":[0.25],"expected":[0.25],"tolerance":4.9999999999999999e-13,"passed":true}
CASE {"label":"p=0/a=-1.000000/b=2.000000/w=-0.500000/VJP","dtype":"float64","actual":[-0.25,-0.125],"expected":[-0.25,-0.125],"tolerance":4.9999999999999999e-13,"passed":true}
CASE {"label":"p=0/a=-1.000000/b=2.000000/w=-0.500000/JVP-y","dtype":"float64","actual":[-0.25],"expected":[-0.25],"tolerance":4.9999999999999999e-13,"passed":true}
CASE {"label":"p=0/a=-1.000000/b=2.000000/w=-0.500000/JVP-x","dtype":"float64","actual":[-0.125],"expected":[-0.125],"tolerance":4.9999999999999999e-13,"passed":true}
CASE {"label":"p=0/a=-1.000000/b=2.000000/w=-0.500000/JVP-both","dtype":"float64","actual":[-0.125],"expected":[-0.125],"tolerance":4.9999999999999999e-13,"passed":true}
CASE {"label":"p=0/a=-1.000000/b=2.000000/radial-JVP","dtype":"float64","actual":[0],"expected":[0],"tolerance":4.9999999999999999e-13,"passed":true}
CASE {"label":"p=0/a=-1.000000/b=2.000000/opposite-scaling-JVP","dtype":"float64","actual":[-1],"expected":[-1],"tolerance":4.9999999999999999e-13,"passed":true}
CASE {"label":"p=0/a=1.000000/b=-2.000000/w=0.000000/VJP","dtype":"float64","actual":[-0,-0],"expected":[-0,-0],"tolerance":4.9999999999999999e-13,"passed":true}
CASE {"label":"p=0/a=1.000000/b=-2.000000/w=0.000000/JVP-y","dtype":"float64","actual":[-0],"expected":[-0],"tolerance":4.9999999999999999e-13,"passed":true}
CASE {"label":"p=0/a=1.000000/b=-2.000000/w=0.000000/JVP-x","dtype":"float64","actual":[-0],"expected":[-0],"tolerance":4.9999999999999999e-13,"passed":true}
CASE {"label":"p=0/a=1.000000/b=-2.000000/w=0.000000/JVP-both","dtype":"float64","actual":[0],"expected":[-0],"tolerance":4.9999999999999999e-13,"passed":true}
CASE {"label":"p=0/a=1.000000/b=-2.000000/w=1.000000/VJP","dtype":"float64","actual":[-0.5,-0.25],"expected":[-0.5,-0.25],"tolerance":4.9999999999999999e-13,"passed":true}
CASE {"label":"p=0/a=1.000000/b=-2.000000/w=1.000000/JVP-y","dtype":"float64","actual":[-0.5],"expected":[-0.5],"tolerance":4.9999999999999999e-13,"passed":true}
CASE {"label":"p=0/a=1.000000/b=-2.000000/w=1.000000/JVP-x","dtype":"float64","actual":[-0.25],"expected":[-0.25],"tolerance":4.9999999999999999e-13,"passed":true}
CASE {"label":"p=0/a=1.000000/b=-2.000000/w=1.000000/JVP-both","dtype":"float64","actual":[-0.25],"expected":[-0.25],"tolerance":4.9999999999999999e-13,"passed":true}
CASE {"label":"p=0/a=1.000000/b=-2.000000/w=-0.500000/VJP","dtype":"float64","actual":[0.25,0.125],"expected":[0.25,0.125],"tolerance":4.9999999999999999e-13,"passed":true}
CASE {"label":"p=0/a=1.000000/b=-2.000000/w=-0.500000/JVP-y","dtype":"float64","actual":[0.25],"expected":[0.25],"tolerance":4.9999999999999999e-13,"passed":true}
CASE {"label":"p=0/a=1.000000/b=-2.000000/w=-0.500000/JVP-x","dtype":"float64","actual":[0.125],"expected":[0.125],"tolerance":4.9999999999999999e-13,"passed":true}
CASE {"label":"p=0/a=1.000000/b=-2.000000/w=-0.500000/JVP-both","dtype":"float64","actual":[0.125],"expected":[0.125],"tolerance":4.9999999999999999e-13,"passed":true}
CASE {"label":"p=0/a=1.000000/b=-2.000000/radial-JVP","dtype":"float64","actual":[0],"expected":[0],"tolerance":4.9999999999999999e-13,"passed":true}
CASE {"label":"p=0/a=1.000000/b=-2.000000/opposite-scaling-JVP","dtype":"float64","actual":[-1],"expected":[-1],"tolerance":4.9999999999999999e-13,"passed":true}
CASE {"label":"p=0/a=-1.000000/b=-2.000000/w=0.000000/VJP","dtype":"float64","actual":[-0,0],"expected":[-0,0],"tolerance":4.9999999999999999e-13,"passed":true}
CASE {"label":"p=0/a=-1.000000/b=-2.000000/w=0.000000/JVP-y","dtype":"float64","actual":[-0],"expected":[-0],"tolerance":4.9999999999999999e-13,"passed":true}
CASE {"label":"p=0/a=-1.000000/b=-2.000000/w=0.000000/JVP-x","dtype":"float64","actual":[0],"expected":[0],"tolerance":4.9999999999999999e-13,"passed":true}
CASE {"label":"p=0/a=-1.000000/b=-2.000000/w=0.000000/JVP-both","dtype":"float64","actual":[-0],"expected":[-0],"tolerance":4.9999999999999999e-13,"passed":true}
CASE {"label":"p=0/a=-1.000000/b=-2.000000/w=1.000000/VJP","dtype":"float64","actual":[-0.5,0.25],"expected":[-0.5,0.25],"tolerance":4.9999999999999999e-13,"passed":true}
CASE {"label":"p=0/a=-1.000000/b=-2.000000/w=1.000000/JVP-y","dtype":"float64","actual":[-0.5],"expected":[-0.5],"tolerance":4.9999999999999999e-13,"passed":true}
CASE {"label":"p=0/a=-1.000000/b=-2.000000/w=1.000000/JVP-x","dtype":"float64","actual":[0.25],"expected":[0.25],"tolerance":4.9999999999999999e-13,"passed":true}
CASE {"label":"p=0/a=-1.000000/b=-2.000000/w=1.000000/JVP-both","dtype":"float64","actual":[-0.75],"expected":[-0.75],"tolerance":4.9999999999999999e-13,"passed":true}
CASE {"label":"p=0/a=-1.000000/b=-2.000000/w=-0.500000/VJP","dtype":"float64","actual":[0.25,-0.125],"expected":[0.25,-0.125],"tolerance":4.9999999999999999e-13,"passed":true}
CASE {"label":"p=0/a=-1.000000/b=-2.000000/w=-0.500000/JVP-y","dtype":"float64","actual":[0.25],"expected":[0.25],"tolerance":4.9999999999999999e-13,"passed":true}
CASE {"label":"p=0/a=-1.000000/b=-2.000000/w=-0.500000/JVP-x","dtype":"float64","actual":[-0.125],"expected":[-0.125],"tolerance":4.9999999999999999e-13,"passed":true}
CASE {"label":"p=0/a=-1.000000/b=-2.000000/w=-0.500000/JVP-both","dtype":"float64","actual":[0.375],"expected":[0.375],"tolerance":4.9999999999999999e-13,"passed":true}
CASE {"label":"p=0/a=-1.000000/b=-2.000000/radial-JVP","dtype":"float64","actual":[0],"expected":[0],"tolerance":4.9999999999999999e-13,"passed":true}
CASE {"label":"p=0/a=-1.000000/b=-2.000000/opposite-scaling-JVP","dtype":"float64","actual":[1],"expected":[1],"tolerance":4.9999999999999999e-13,"passed":true}
CASE {"label":"p=0/a=0.000000/b=1.000000/w=0.000000/VJP","dtype":"float64","actual":[0,-0],"expected":[0,-0],"tolerance":4.9999999999999999e-13,"passed":true}
CASE {"label":"p=0/a=0.000000/b=1.000000/w=0.000000/JVP-y","dtype":"float64","actual":[0],"expected":[0],"tolerance":4.9999999999999999e-13,"passed":true}
CASE {"label":"p=0/a=0.000000/b=1.000000/w=0.000000/JVP-x","dtype":"float64","actual":[-0],"expected":[-0],"tolerance":4.9999999999999999e-13,"passed":true}
CASE {"label":"p=0/a=0.000000/b=1.000000/w=0.000000/JVP-both","dtype":"float64","actual":[0],"expected":[0],"tolerance":4.9999999999999999e-13,"passed":true}
CASE {"label":"p=0/a=0.000000/b=1.000000/w=1.000000/VJP","dtype":"float64","actual":[1,-0],"expected":[1,-0],"tolerance":4.9999999999999999e-13,"passed":true}
CASE {"label":"p=0/a=0.000000/b=1.000000/w=1.000000/JVP-y","dtype":"float64","actual":[1],"expected":[1],"tolerance":4.9999999999999999e-13,"passed":true}
CASE {"label":"p=0/a=0.000000/b=1.000000/w=1.000000/JVP-x","dtype":"float64","actual":[-0],"expected":[-0],"tolerance":4.9999999999999999e-13,"passed":true}
CASE {"label":"p=0/a=0.000000/b=1.000000/w=1.000000/JVP-both","dtype":"float64","actual":[1],"expected":[1],"tolerance":4.9999999999999999e-13,"passed":true}
CASE {"label":"p=0/a=0.000000/b=1.000000/w=-0.500000/VJP","dtype":"float64","actual":[-0.5,0],"expected":[-0.5,0],"tolerance":4.9999999999999999e-13,"passed":true}
CASE {"label":"p=0/a=0.000000/b=1.000000/w=-0.500000/JVP-y","dtype":"float64","actual":[-0.5],"expected":[-0.5],"tolerance":4.9999999999999999e-13,"passed":true}
CASE {"label":"p=0/a=0.000000/b=1.000000/w=-0.500000/JVP-x","dtype":"float64","actual":[0],"expected":[0],"tolerance":4.9999999999999999e-13,"passed":true}
CASE {"label":"p=0/a=0.000000/b=1.000000/w=-0.500000/JVP-both","dtype":"float64","actual":[-0.5],"expected":[-0.5],"tolerance":4.9999999999999999e-13,"passed":true}
CASE {"label":"p=0/a=0.000000/b=1.000000/radial-JVP","dtype":"float64","actual":[0],"expected":[0],"tolerance":4.9999999999999999e-13,"passed":true}
CASE {"label":"p=0/a=0.000000/b=1.000000/opposite-scaling-JVP","dtype":"float64","actual":[0],"expected":[0],"tolerance":4.9999999999999999e-13,"passed":true}
CASE {"label":"composite/p=0/t=-2.000000/1","dtype":"float64","actual":[-0.25],"expected":[-0.25],"tolerance":4.9999999999999999e-13,"passed":true}
CASE {"label":"composite/p=0/t=-2.000000/2","dtype":"float64","actual":[-0.25],"expected":[-0.25],"tolerance":4.9999999999999999e-13,"passed":true}
CASE {"label":"composite/p=0/t=-2.000000/3","dtype":"float64","actual":[-0.375],"expected":[-0.375],"tolerance":4.9999999999999999e-13,"passed":true}
CASE {"label":"composite/p=0/t=-1.000000/1","dtype":"float64","actual":[-1],"expected":[-1],"tolerance":4.9999999999999999e-13,"passed":true}
CASE {"label":"composite/p=0/t=-1.000000/2","dtype":"float64","actual":[-2],"expected":[-2],"tolerance":4.9999999999999999e-13,"passed":true}
CASE {"label":"composite/p=0/t=-1.000000/3","dtype":"float64","actual":[-6],"expected":[-6],"tolerance":4.9999999999999999e-13,"passed":true}
CASE {"label":"composite/p=0/t=-0.500000/1","dtype":"float64","actual":[-4],"expected":[-4],"tolerance":4.9999999999999999e-13,"passed":true}
CASE {"label":"composite/p=0/t=-0.500000/2","dtype":"float64","actual":[-16],"expected":[-16],"tolerance":4.9999999999999999e-13,"passed":true}
CASE {"label":"composite/p=0/t=-0.500000/3","dtype":"float64","actual":[-96],"expected":[-96],"tolerance":4.9999999999999999e-13,"passed":true}
CASE {"label":"composite/p=0/t=0.500000/1","dtype":"float64","actual":[-4],"expected":[-4],"tolerance":4.9999999999999999e-13,"passed":true}
CASE {"label":"composite/p=0/t=0.500000/2","dtype":"float64","actual":[16],"expected":[16],"tolerance":4.9999999999999999e-13,"passed":true}
CASE {"label":"composite/p=0/t=0.500000/3","dtype":"float64","actual":[-96],"expected":[-96],"tolerance":4.9999999999999999e-13,"passed":true}
CASE {"label":"composite/p=0/t=1.000000/1","dtype":"float64","actual":[-1],"expected":[-1],"tolerance":4.9999999999999999e-13,"passed":true}
CASE {"label":"composite/p=0/t=1.000000/2","dtype":"float64","actual":[2],"expected":[2],"tolerance":4.9999999999999999e-13,"passed":true}
CASE {"label":"composite/p=0/t=1.000000/3","dtype":"float64","actual":[-6],"expected":[-6],"tolerance":4.9999999999999999e-13,"passed":true}
CASE {"label":"composite/p=0/t=1.000000/finite-difference","dtype":"float64","actual":[-1.0000009536752259],"expected":[-1],"tolerance":1.9999999999999999e-06,"passed":true}
CASE {"label":"composite/p=0/t=2.000000/1","dtype":"float64","actual":[-0.25],"expected":[-0.25],"tolerance":4.9999999999999999e-13,"passed":true}
CASE {"label":"composite/p=0/t=2.000000/2","dtype":"float64","actual":[0.25],"expected":[0.25],"tolerance":4.9999999999999999e-13,"passed":true}
CASE {"label":"composite/p=0/t=2.000000/3","dtype":"float64","actual":[-0.375],"expected":[-0.375],"tolerance":4.9999999999999999e-13,"passed":true}
CASE {"label":"mixed-Hessian/p=0","dtype":"float64","actual":[0,-0.25,-0.25,0.25],"expected":[0,-0.25,-0.25,0.25],"tolerance":4.9999999999999999e-13,"passed":true}
CASE {"label":"zero-gradient/p=0/residual-1","dtype":"float64","actual":[-0],"expected":[0],"tolerance":4.9999999999999999e-13,"passed":true}
CASE {"label":"zero-gradient/p=0/residual-2","dtype":"float64","actual":[2],"expected":[2],"tolerance":4.9999999999999999e-13,"passed":true}
CASE {"label":"zero-gradient/p=0/residual-3","dtype":"float64","actual":[-12],"expected":[-12],"tolerance":4.9999999999999999e-13,"passed":true}
CASE {"label":"zero-gradient/p=0/identity-1","dtype":"float64","actual":[0],"expected":[0],"tolerance":4.9999999999999999e-13,"passed":true}
CASE {"label":"zero-gradient/p=0/identity-2","dtype":"float64","actual":[0],"expected":[0],"tolerance":4.9999999999999999e-13,"passed":true}
CASE {"label":"zero-gradient/p=0/identity-3","dtype":"float64","actual":[0],"expected":[0],"tolerance":4.9999999999999999e-13,"passed":true}
CASE {"label":"broadcast/p=0/VJP","dtype":"float64","actual":[-1.25,3.5,-4,1,-0.375],"expected":[-1.25,3.5,-4,1,-0.375],"tolerance":4.9999999999999999e-13,"passed":true}
CASE {"label":"broadcast/p=0/JVP","dtype":"float64","actual":[1,-1,0.5,1,-1,0.5],"expected":[1,-1,0.5,1,-1,0.5],"tolerance":4.9999999999999999e-13,"passed":true}
CASE {"label":"matrix/p=0/VJP","dtype":"float64","actual":[0,1,-0.5,-1,1,0.5,-0,-2,0,0.5,-2,-0.25],"expected":[0,1,-0.5,-1,1,0.5,-0,-2,0,0.5,-2,-0.25],"tolerance":4.9999999999999999e-13,"passed":true}
CASE {"label":"matrix/p=0/JVP","dtype":"float64","actual":[0.75,3,1,-0.75,-3,0.75],"expected":[0.75,3,1,-0.75,-3,0.75],"tolerance":4.9999999999999999e-13,"passed":true}
CASE {"label":"strided/p=0/VJP","dtype":"float64","actual":[0,1,-0.5,-1,1,0.5,-0,-2,0,0.5,-2,-0.25],"expected":[0,1,-0.5,-1,1,0.5,-0,-2,0,0.5,-2,-0.25],"tolerance":4.9999999999999999e-13,"passed":true}
CASE {"label":"strided/p=0/JVP","dtype":"float64","actual":[0.75,3,1,-0.75,-3,0.75],"expected":[0.75,3,1,-0.75,-3,0.75],"tolerance":4.9999999999999999e-13,"passed":true}
CASE {"label":"p=-600/a=1.000000/b=1.000000/w=0.000000/VJP","dtype":"float64","actual":[0,"NaN"],"expected":[0,-0],"tolerance":4.9999999999999999e-13,"passed":false}
CASE {"label":"p=-600/a=1.000000/b=1.000000/w=0.000000/JVP-y","dtype":"float64","actual":[0],"expected":[0],"tolerance":4.9999999999999999e-13,"passed":true}
CASE {"label":"p=-600/a=1.000000/b=1.000000/w=0.000000/JVP-x","dtype":"float64","actual":["NaN"],"expected":[-0],"tolerance":4.9999999999999999e-13,"passed":false}
CASE {"label":"p=-600/a=1.000000/b=1.000000/w=0.000000/JVP-both","dtype":"float64","actual":["NaN"],"expected":[0],"tolerance":4.9999999999999999e-13,"passed":false}
CASE {"label":"p=-600/a=1.000000/b=1.000000/w=1.000000/VJP","dtype":"float64","actual":[4.149515568880993e+180,"-Infinity"],"expected":[4.149515568880993e+180,-4.149515568880993e+180],"tolerance":4.9999999999999999e-13,"passed":false}
CASE {"label":"p=-600/a=1.000000/b=1.000000/w=1.000000/JVP-y","dtype":"float64","actual":[4.149515568880993e+180],"expected":[4.149515568880993e+180],"tolerance":4.9999999999999999e-13,"passed":true}
CASE {"label":"p=-600/a=1.000000/b=1.000000/w=1.000000/JVP-x","dtype":"float64","actual":["-Infinity"],"expected":[-4.149515568880993e+180],"tolerance":4.9999999999999999e-13,"passed":false}
CASE {"label":"p=-600/a=1.000000/b=1.000000/w=1.000000/JVP-both","dtype":"float64","actual":["Infinity"],"expected":[8.2990311377619859e+180],"tolerance":4.9999999999999999e-13,"passed":false}
CASE {"label":"p=-600/a=1.000000/b=1.000000/w=-0.500000/VJP","dtype":"float64","actual":[-2.0747577844404965e+180,"Infinity"],"expected":[-2.0747577844404965e+180,2.0747577844404965e+180],"tolerance":4.9999999999999999e-13,"passed":false}
CASE {"label":"p=-600/a=1.000000/b=1.000000/w=-0.500000/JVP-y","dtype":"float64","actual":[-2.0747577844404965e+180],"expected":[-2.0747577844404965e+180],"tolerance":4.9999999999999999e-13,"passed":true}
CASE {"label":"p=-600/a=1.000000/b=1.000000/w=-0.500000/JVP-x","dtype":"float64","actual":["Infinity"],"expected":[2.0747577844404965e+180],"tolerance":4.9999999999999999e-13,"passed":false}
CASE {"label":"p=-600/a=1.000000/b=1.000000/w=-0.500000/JVP-both","dtype":"float64","actual":["-Infinity"],"expected":[-4.149515568880993e+180],"tolerance":4.9999999999999999e-13,"passed":false}
CASE {"label":"p=-600/a=1.000000/b=1.000000/radial-JVP","dtype":"float64","actual":["NaN"],"expected":[0],"tolerance":4.9999999999999999e-13,"passed":false}
CASE {"label":"p=-600/a=1.000000/b=1.000000/opposite-scaling-JVP","dtype":"float64","actual":["NaN"],"expected":[2],"tolerance":4.9999999999999999e-13,"passed":false}
CASE {"label":"p=-600/a=2.000000/b=1.000000/w=0.000000/VJP","dtype":"float64","actual":[0,"NaN"],"expected":[0,-0],"tolerance":4.9999999999999999e-13,"passed":false}
CASE {"label":"p=-600/a=2.000000/b=1.000000/w=0.000000/JVP-y","dtype":"float64","actual":[0],"expected":[0],"tolerance":4.9999999999999999e-13,"passed":true}
CASE {"label":"p=-600/a=2.000000/b=1.000000/w=0.000000/JVP-x","dtype":"float64","actual":["NaN"],"expected":[-0],"tolerance":4.9999999999999999e-13,"passed":false}
CASE {"label":"p=-600/a=2.000000/b=1.000000/w=0.000000/JVP-both","dtype":"float64","actual":["NaN"],"expected":[0],"tolerance":4.9999999999999999e-13,"passed":false}
CASE {"label":"p=-600/a=2.000000/b=1.000000/w=1.000000/VJP","dtype":"float64","actual":[4.149515568880993e+180,"-Infinity"],"expected":[4.149515568880993e+180,-8.2990311377619859e+180],"tolerance":4.9999999999999999e-13,"passed":false}
CASE {"label":"p=-600/a=2.000000/b=1.000000/w=1.000000/JVP-y","dtype":"float64","actual":[4.149515568880993e+180],"expected":[4.149515568880993e+180],"tolerance":4.9999999999999999e-13,"passed":true}
CASE {"label":"p=-600/a=2.000000/b=1.000000/w=1.000000/JVP-x","dtype":"float64","actual":["-Infinity"],"expected":[-8.2990311377619859e+180],"tolerance":4.9999999999999999e-13,"passed":false}
CASE {"label":"p=-600/a=2.000000/b=1.000000/w=1.000000/JVP-both","dtype":"float64","actual":["Infinity"],"expected":[1.2448546706642979e+181],"tolerance":4.9999999999999999e-13,"passed":false}
CASE {"label":"p=-600/a=2.000000/b=1.000000/w=-0.500000/VJP","dtype":"float64","actual":[-2.0747577844404965e+180,"Infinity"],"expected":[-2.0747577844404965e+180,4.149515568880993e+180],"tolerance":4.9999999999999999e-13,"passed":false}
CASE {"label":"p=-600/a=2.000000/b=1.000000/w=-0.500000/JVP-y","dtype":"float64","actual":[-2.0747577844404965e+180],"expected":[-2.0747577844404965e+180],"tolerance":4.9999999999999999e-13,"passed":true}
CASE {"label":"p=-600/a=2.000000/b=1.000000/w=-0.500000/JVP-x","dtype":"float64","actual":["Infinity"],"expected":[4.149515568880993e+180],"tolerance":4.9999999999999999e-13,"passed":false}
CASE {"label":"p=-600/a=2.000000/b=1.000000/w=-0.500000/JVP-both","dtype":"float64","actual":["-Infinity"],"expected":[-6.2242733533214894e+180],"tolerance":4.9999999999999999e-13,"passed":false}
CASE {"label":"p=-600/a=2.000000/b=1.000000/radial-JVP","dtype":"float64","actual":["NaN"],"expected":[0],"tolerance":4.9999999999999999e-13,"passed":false}
CASE {"label":"p=-600/a=2.000000/b=1.000000/opposite-scaling-JVP","dtype":"float64","actual":["NaN"],"expected":[4],"tolerance":4.9999999999999999e-13,"passed":false}
CASE {"label":"p=-600/a=-1.000000/b=2.000000/w=0.000000/VJP","dtype":"float64","actual":[0,"NaN"],"expected":[0,0],"tolerance":4.9999999999999999e-13,"passed":false}
CASE {"label":"p=-600/a=-1.000000/b=2.000000/w=0.000000/JVP-y","dtype":"float64","actual":[0],"expected":[0],"tolerance":4.9999999999999999e-13,"passed":true}
CASE {"label":"p=-600/a=-1.000000/b=2.000000/w=0.000000/JVP-x","dtype":"float64","actual":["NaN"],"expected":[0],"tolerance":4.9999999999999999e-13,"passed":false}
CASE {"label":"p=-600/a=-1.000000/b=2.000000/w=0.000000/JVP-both","dtype":"float64","actual":["NaN"],"expected":[0],"tolerance":4.9999999999999999e-13,"passed":false}
CASE {"label":"p=-600/a=-1.000000/b=2.000000/w=1.000000/VJP","dtype":"float64","actual":[2.0747577844404965e+180,"Infinity"],"expected":[2.0747577844404965e+180,1.0373788922202482e+180],"tolerance":4.9999999999999999e-13,"passed":false}
CASE {"label":"p=-600/a=-1.000000/b=2.000000/w=1.000000/JVP-y","dtype":"float64","actual":[2.0747577844404965e+180],"expected":[2.0747577844404965e+180],"tolerance":4.9999999999999999e-13,"passed":true}
CASE {"label":"p=-600/a=-1.000000/b=2.000000/w=1.000000/JVP-x","dtype":"float64","actual":["Infinity"],"expected":[1.0373788922202482e+180],"tolerance":4.9999999999999999e-13,"passed":false}
CASE {"label":"p=-600/a=-1.000000/b=2.000000/w=1.000000/JVP-both","dtype":"float64","actual":["-Infinity"],"expected":[1.0373788922202482e+180],"tolerance":4.9999999999999999e-13,"passed":false}
CASE {"label":"p=-600/a=-1.000000/b=2.000000/w=-0.500000/VJP","dtype":"float64","actual":[-1.0373788922202482e+180,"-Infinity"],"expected":[-1.0373788922202482e+180,-5.1868944611012412e+179],"tolerance":4.9999999999999999e-13,"passed":false}
CASE {"label":"p=-600/a=-1.000000/b=2.000000/w=-0.500000/JVP-y","dtype":"float64","actual":[-1.0373788922202482e+180],"expected":[-1.0373788922202482e+180],"tolerance":4.9999999999999999e-13,"passed":true}
CASE {"label":"p=-600/a=-1.000000/b=2.000000/w=-0.500000/JVP-x","dtype":"float64","actual":["-Infinity"],"expected":[-5.1868944611012412e+179],"tolerance":4.9999999999999999e-13,"passed":false}
CASE {"label":"p=-600/a=-1.000000/b=2.000000/w=-0.500000/JVP-both","dtype":"float64","actual":["Infinity"],"expected":[-5.1868944611012412e+179],"tolerance":4.9999999999999999e-13,"passed":false}
CASE {"label":"p=-600/a=-1.000000/b=2.000000/radial-JVP","dtype":"float64","actual":["NaN"],"expected":[0],"tolerance":4.9999999999999999e-13,"passed":false}
CASE {"label":"p=-600/a=-1.000000/b=2.000000/opposite-scaling-JVP","dtype":"float64","actual":["NaN"],"expected":[-1],"tolerance":4.9999999999999999e-13,"passed":false}
CASE {"label":"p=-600/a=1.000000/b=-2.000000/w=0.000000/VJP","dtype":"float64","actual":[-0,"NaN"],"expected":[-0,-0],"tolerance":4.9999999999999999e-13,"passed":false}
CASE {"label":"p=-600/a=1.000000/b=-2.000000/w=0.000000/JVP-y","dtype":"float64","actual":[-0],"expected":[-0],"tolerance":4.9999999999999999e-13,"passed":true}
CASE {"label":"p=-600/a=1.000000/b=-2.000000/w=0.000000/JVP-x","dtype":"float64","actual":["NaN"],"expected":[-0],"tolerance":4.9999999999999999e-13,"passed":false}
CASE {"label":"p=-600/a=1.000000/b=-2.000000/w=0.000000/JVP-both","dtype":"float64","actual":["NaN"],"expected":[-0],"tolerance":4.9999999999999999e-13,"passed":false}
CASE {"label":"p=-600/a=1.000000/b=-2.000000/w=1.000000/VJP","dtype":"float64","actual":[-2.0747577844404965e+180,"-Infinity"],"expected":[-2.0747577844404965e+180,-1.0373788922202482e+180],"tolerance":4.9999999999999999e-13,"passed":false}
CASE {"label":"p=-600/a=1.000000/b=-2.000000/w=1.000000/JVP-y","dtype":"float64","actual":[-2.0747577844404965e+180],"expected":[-2.0747577844404965e+180],"tolerance":4.9999999999999999e-13,"passed":true}
CASE {"label":"p=-600/a=1.000000/b=-2.000000/w=1.000000/JVP-x","dtype":"float64","actual":["-Infinity"],"expected":[-1.0373788922202482e+180],"tolerance":4.9999999999999999e-13,"passed":false}
CASE {"label":"p=-600/a=1.000000/b=-2.000000/w=1.000000/JVP-both","dtype":"float64","actual":["Infinity"],"expected":[-1.0373788922202482e+180],"tolerance":4.9999999999999999e-13,"passed":false}
CASE {"label":"p=-600/a=1.000000/b=-2.000000/w=-0.500000/VJP","dtype":"float64","actual":[1.0373788922202482e+180,"Infinity"],"expected":[1.0373788922202482e+180,5.1868944611012412e+179],"tolerance":4.9999999999999999e-13,"passed":false}
CASE {"label":"p=-600/a=1.000000/b=-2.000000/w=-0.500000/JVP-y","dtype":"float64","actual":[1.0373788922202482e+180],"expected":[1.0373788922202482e+180],"tolerance":4.9999999999999999e-13,"passed":true}
CASE {"label":"p=-600/a=1.000000/b=-2.000000/w=-0.500000/JVP-x","dtype":"float64","actual":["Infinity"],"expected":[5.1868944611012412e+179],"tolerance":4.9999999999999999e-13,"passed":false}
CASE {"label":"p=-600/a=1.000000/b=-2.000000/w=-0.500000/JVP-both","dtype":"float64","actual":["-Infinity"],"expected":[5.1868944611012412e+179],"tolerance":4.9999999999999999e-13,"passed":false}
CASE {"label":"p=-600/a=1.000000/b=-2.000000/radial-JVP","dtype":"float64","actual":["NaN"],"expected":[0],"tolerance":4.9999999999999999e-13,"passed":false}
CASE {"label":"p=-600/a=1.000000/b=-2.000000/opposite-scaling-JVP","dtype":"float64","actual":["NaN"],"expected":[-1],"tolerance":4.9999999999999999e-13,"passed":false}
CASE {"label":"p=-600/a=-1.000000/b=-2.000000/w=0.000000/VJP","dtype":"float64","actual":[-0,"NaN"],"expected":[-0,0],"tolerance":4.9999999999999999e-13,"passed":false}
CASE {"label":"p=-600/a=-1.000000/b=-2.000000/w=0.000000/JVP-y","dtype":"float64","actual":[-0],"expected":[-0],"tolerance":4.9999999999999999e-13,"passed":true}
CASE {"label":"p=-600/a=-1.000000/b=-2.000000/w=0.000000/JVP-x","dtype":"float64","actual":["NaN"],"expected":[0],"tolerance":4.9999999999999999e-13,"passed":false}
CASE {"label":"p=-600/a=-1.000000/b=-2.000000/w=0.000000/JVP-both","dtype":"float64","actual":["NaN"],"expected":[-0],"tolerance":4.9999999999999999e-13,"passed":false}
CASE {"label":"p=-600/a=-1.000000/b=-2.000000/w=1.000000/VJP","dtype":"float64","actual":[-2.0747577844404965e+180,"Infinity"],"expected":[-2.0747577844404965e+180,1.0373788922202482e+180],"tolerance":4.9999999999999999e-13,"passed":false}
CASE {"label":"p=-600/a=-1.000000/b=-2.000000/w=1.000000/JVP-y","dtype":"float64","actual":[-2.0747577844404965e+180],"expected":[-2.0747577844404965e+180],"tolerance":4.9999999999999999e-13,"passed":true}
CASE {"label":"p=-600/a=-1.000000/b=-2.000000/w=1.000000/JVP-x","dtype":"float64","actual":["Infinity"],"expected":[1.0373788922202482e+180],"tolerance":4.9999999999999999e-13,"passed":false}
CASE {"label":"p=-600/a=-1.000000/b=-2.000000/w=1.000000/JVP-both","dtype":"float64","actual":["-Infinity"],"expected":[-3.1121366766607447e+180],"tolerance":4.9999999999999999e-13,"passed":false}
CASE {"label":"p=-600/a=-1.000000/b=-2.000000/w=-0.500000/VJP","dtype":"float64","actual":[1.0373788922202482e+180,"-Infinity"],"expected":[1.0373788922202482e+180,-5.1868944611012412e+179],"tolerance":4.9999999999999999e-13,"passed":false}
CASE {"label":"p=-600/a=-1.000000/b=-2.000000/w=-0.500000/JVP-y","dtype":"float64","actual":[1.0373788922202482e+180],"expected":[1.0373788922202482e+180],"tolerance":4.9999999999999999e-13,"passed":true}
CASE {"label":"p=-600/a=-1.000000/b=-2.000000/w=-0.500000/JVP-x","dtype":"float64","actual":["-Infinity"],"expected":[-5.1868944611012412e+179],"tolerance":4.9999999999999999e-13,"passed":false}
CASE {"label":"p=-600/a=-1.000000/b=-2.000000/w=-0.500000/JVP-both","dtype":"float64","actual":["Infinity"],"expected":[1.5560683383303724e+180],"tolerance":4.9999999999999999e-13,"passed":false}
CASE {"label":"p=-600/a=-1.000000/b=-2.000000/radial-JVP","dtype":"float64","actual":["NaN"],"expected":[0],"tolerance":4.9999999999999999e-13,"passed":false}
CASE {"label":"p=-600/a=-1.000000/b=-2.000000/opposite-scaling-JVP","dtype":"float64","actual":["NaN"],"expected":[1],"tolerance":4.9999999999999999e-13,"passed":false}
CASE {"label":"p=-600/a=0.000000/b=1.000000/w=0.000000/VJP","dtype":"float64","actual":[0,"NaN"],"expected":[0,-0],"tolerance":4.9999999999999999e-13,"passed":false}
CASE {"label":"p=-600/a=0.000000/b=1.000000/w=0.000000/JVP-y","dtype":"float64","actual":[0],"expected":[0],"tolerance":4.9999999999999999e-13,"passed":true}
CASE {"label":"p=-600/a=0.000000/b=1.000000/w=0.000000/JVP-x","dtype":"float64","actual":["NaN"],"expected":[-0],"tolerance":4.9999999999999999e-13,"passed":false}
CASE {"label":"p=-600/a=0.000000/b=1.000000/w=0.000000/JVP-both","dtype":"float64","actual":["NaN"],"expected":[0],"tolerance":4.9999999999999999e-13,"passed":false}
CASE {"label":"p=-600/a=0.000000/b=1.000000/w=1.000000/VJP","dtype":"float64","actual":[4.149515568880993e+180,"NaN"],"expected":[4.149515568880993e+180,-0],"tolerance":4.9999999999999999e-13,"passed":false}
CASE {"label":"p=-600/a=0.000000/b=1.000000/w=1.000000/JVP-y","dtype":"float64","actual":[4.149515568880993e+180],"expected":[4.149515568880993e+180],"tolerance":4.9999999999999999e-13,"passed":true}
CASE {"label":"p=-600/a=0.000000/b=1.000000/w=1.000000/JVP-x","dtype":"float64","actual":["NaN"],"expected":[-0],"tolerance":4.9999999999999999e-13,"passed":false}
CASE {"label":"p=-600/a=0.000000/b=1.000000/w=1.000000/JVP-both","dtype":"float64","actual":["NaN"],"expected":[4.149515568880993e+180],"tolerance":4.9999999999999999e-13,"passed":false}
CASE {"label":"p=-600/a=0.000000/b=1.000000/w=-0.500000/VJP","dtype":"float64","actual":[-2.0747577844404965e+180,"NaN"],"expected":[-2.0747577844404965e+180,0],"tolerance":4.9999999999999999e-13,"passed":false}
CASE {"label":"p=-600/a=0.000000/b=1.000000/w=-0.500000/JVP-y","dtype":"float64","actual":[-2.0747577844404965e+180],"expected":[-2.0747577844404965e+180],"tolerance":4.9999999999999999e-13,"passed":true}
CASE {"label":"p=-600/a=0.000000/b=1.000000/w=-0.500000/JVP-x","dtype":"float64","actual":["NaN"],"expected":[0],"tolerance":4.9999999999999999e-13,"passed":false}
CASE {"label":"p=-600/a=0.000000/b=1.000000/w=-0.500000/JVP-both","dtype":"float64","actual":["NaN"],"expected":[-2.0747577844404965e+180],"tolerance":4.9999999999999999e-13,"passed":false}
CASE {"label":"p=-600/a=0.000000/b=1.000000/radial-JVP","dtype":"float64","actual":["NaN"],"expected":[0],"tolerance":4.9999999999999999e-13,"passed":false}
CASE {"label":"p=-600/a=0.000000/b=1.000000/opposite-scaling-JVP","dtype":"float64","actual":["NaN"],"expected":[0],"tolerance":4.9999999999999999e-13,"passed":false}
CASE {"label":"composite/p=-600/t=-2.000000/1","dtype":"float64","actual":["-Infinity"],"expected":[-0.25],"tolerance":4.9999999999999999e-13,"passed":false}
CASE {"label":"composite/p=-600/t=-2.000000/2","dtype":"float64","actual":["NaN"],"expected":[-0.25],"tolerance":4.9999999999999999e-13,"passed":false}
CASE {"label":"composite/p=-600/t=-2.000000/3","dtype":"float64","actual":["NaN"],"expected":[-0.375],"tolerance":4.9999999999999999e-13,"passed":false}
CASE {"label":"composite/p=-600/t=-1.000000/1","dtype":"float64","actual":["-Infinity"],"expected":[-1],"tolerance":4.9999999999999999e-13,"passed":false}
CASE {"label":"composite/p=-600/t=-1.000000/2","dtype":"float64","actual":["NaN"],"expected":[-2],"tolerance":4.9999999999999999e-13,"passed":false}
CASE {"label":"composite/p=-600/t=-1.000000/3","dtype":"float64","actual":["NaN"],"expected":[-6],"tolerance":4.9999999999999999e-13,"passed":false}
CASE {"label":"composite/p=-600/t=-0.500000/1","dtype":"float64","actual":["-Infinity"],"expected":[-4],"tolerance":4.9999999999999999e-13,"passed":false}
CASE {"label":"composite/p=-600/t=-0.500000/2","dtype":"float64","actual":["NaN"],"expected":[-16],"tolerance":4.9999999999999999e-13,"passed":false}
CASE {"label":"composite/p=-600/t=-0.500000/3","dtype":"float64","actual":["NaN"],"expected":[-96],"tolerance":4.9999999999999999e-13,"passed":false}
CASE {"label":"composite/p=-600/t=0.500000/1","dtype":"float64","actual":["-Infinity"],"expected":[-4],"tolerance":4.9999999999999999e-13,"passed":false}
CASE {"label":"composite/p=-600/t=0.500000/2","dtype":"float64","actual":["NaN"],"expected":[16],"tolerance":4.9999999999999999e-13,"passed":false}
CASE {"label":"composite/p=-600/t=0.500000/3","dtype":"float64","actual":["NaN"],"expected":[-96],"tolerance":4.9999999999999999e-13,"passed":false}
CASE {"label":"composite/p=-600/t=1.000000/1","dtype":"float64","actual":["-Infinity"],"expected":[-1],"tolerance":4.9999999999999999e-13,"passed":false}
CASE {"label":"composite/p=-600/t=1.000000/2","dtype":"float64","actual":["NaN"],"expected":[2],"tolerance":4.9999999999999999e-13,"passed":false}
CASE {"label":"composite/p=-600/t=1.000000/3","dtype":"float64","actual":["NaN"],"expected":[-6],"tolerance":4.9999999999999999e-13,"passed":false}
CASE {"label":"composite/p=-600/t=1.000000/finite-difference","dtype":"float64","actual":[-1.0000009536752259],"expected":[-1],"tolerance":1.9999999999999999e-06,"passed":true}
CASE {"label":"composite/p=-600/t=2.000000/1","dtype":"float64","actual":["-Infinity"],"expected":[-0.25],"tolerance":4.9999999999999999e-13,"passed":false}
CASE {"label":"composite/p=-600/t=2.000000/2","dtype":"float64","actual":["NaN"],"expected":[0.25],"tolerance":4.9999999999999999e-13,"passed":false}
CASE {"label":"composite/p=-600/t=2.000000/3","dtype":"float64","actual":["NaN"],"expected":[-0.375],"tolerance":4.9999999999999999e-13,"passed":false}
CASE {"label":"mixed-Hessian/p=-600","dtype":"float64","actual":[0,"-Infinity","-Infinity","NaN"],"expected":[0,-0.25,-0.25,0.25],"tolerance":4.9999999999999999e-13,"passed":false}
CASE {"label":"zero-gradient/p=-600/residual-1","dtype":"float64","actual":["NaN"],"expected":[0],"tolerance":4.9999999999999999e-13,"passed":false}
CASE {"label":"zero-gradient/p=-600/residual-2","dtype":"float64","actual":["NaN"],"expected":[2],"tolerance":4.9999999999999999e-13,"passed":false}
CASE {"label":"zero-gradient/p=-600/residual-3","dtype":"float64","actual":["NaN"],"expected":[-12],"tolerance":4.9999999999999999e-13,"passed":false}
CASE {"label":"zero-gradient/p=-600/identity-1","dtype":"float64","actual":["-Infinity"],"expected":[0],"tolerance":4.9999999999999999e-13,"passed":false}
CASE {"label":"zero-gradient/p=-600/identity-2","dtype":"float64","actual":["NaN"],"expected":[0],"tolerance":4.9999999999999999e-13,"passed":false}
CASE {"label":"zero-gradient/p=-600/identity-3","dtype":"float64","actual":["NaN"],"expected":[0],"tolerance":4.9999999999999999e-13,"passed":false}
CASE {"label":"broadcast/p=-600/VJP","dtype":"float64","actual":[-5.1868944611012412e+180,1.4523304491083475e+181,"NaN","NaN","NaN"],"expected":[-5.1868944611012412e+180,1.4523304491083475e+181,-1.6598062275523972e+181,4.149515568880993e+180,-1.5560683383303724e+180],"tolerance":4.9999999999999999e-13,"passed":false}
CASE {"label":"broadcast/p=-600/JVP","dtype":"float64","actual":["NaN","NaN","NaN","NaN","NaN","NaN"],"expected":[1,-1,0.5,1,-1,0.5],"tolerance":4.9999999999999999e-13,"passed":false}
CASE {"label":"matrix/p=-600/VJP","dtype":"float64","actual":[0,4.149515568880993e+180,-2.0747577844404965e+180,-4.149515568880993e+180,4.149515568880993e+180,2.0747577844404965e+180,"NaN","-Infinity","NaN","Infinity","-Infinity","-Infinity"],"expected":[0,4.149515568880993e+180,-2.0747577844404965e+180,-4.149515568880993e+180,4.149515568880993e+180,2.0747577844404965e+180,-0,-8.2990311377619859e+180,0,2.0747577844404965e+180,-8.2990311377619859e+180,-1.0373788922202482e+180],"tolerance":4.9999999999999999e-13,"passed":false}
CASE {"label":"matrix/p=-600/JVP","dtype":"float64","actual":["NaN","NaN","NaN","NaN","NaN","NaN"],"expected":[0.75,3,1,-0.75,-3,0.75],"tolerance":4.9999999999999999e-13,"passed":false}
CASE {"label":"strided/p=-600/VJP","dtype":"float64","actual":[0,4.149515568880993e+180,-2.0747577844404965e+180,-4.149515568880993e+180,4.149515568880993e+180,2.0747577844404965e+180,"NaN","-Infinity","NaN","Infinity","-Infinity","-Infinity"],"expected":[0,4.149515568880993e+180,-2.0747577844404965e+180,-4.149515568880993e+180,4.149515568880993e+180,2.0747577844404965e+180,-0,-8.2990311377619859e+180,0,2.0747577844404965e+180,-8.2990311377619859e+180,-1.0373788922202482e+180],"tolerance":4.9999999999999999e-13,"passed":false}
CASE {"label":"strided/p=-600/JVP","dtype":"float64","actual":["NaN","NaN","NaN","NaN","NaN","NaN"],"expected":[0.75,3,1,-0.75,-3,0.75],"tolerance":4.9999999999999999e-13,"passed":false}
CASE {"label":"p=600/a=1.000000/b=1.000000/w=0.000000/VJP","dtype":"float64","actual":[0,-0],"expected":[0,-0],"tolerance":4.9999999999999999e-13,"passed":true}
CASE {"label":"p=600/a=1.000000/b=1.000000/w=0.000000/JVP-y","dtype":"float64","actual":[0],"expected":[0],"tolerance":4.9999999999999999e-13,"passed":true}
CASE {"label":"p=600/a=1.000000/b=1.000000/w=0.000000/JVP-x","dtype":"float64","actual":[-0],"expected":[-0],"tolerance":4.9999999999999999e-13,"passed":true}
CASE {"label":"p=600/a=1.000000/b=1.000000/w=0.000000/JVP-both","dtype":"float64","actual":[0],"expected":[0],"tolerance":4.9999999999999999e-13,"passed":true}
CASE {"label":"p=600/a=1.000000/b=1.000000/w=1.000000/VJP","dtype":"float64","actual":[2.4099198651028841e-181,-0],"expected":[2.4099198651028841e-181,-2.4099198651028841e-181],"tolerance":4.9999999999999999e-13,"passed":false}
CASE {"label":"p=600/a=1.000000/b=1.000000/w=1.000000/JVP-y","dtype":"float64","actual":[2.4099198651028841e-181],"expected":[2.4099198651028841e-181],"tolerance":4.9999999999999999e-13,"passed":true}
CASE {"label":"p=600/a=1.000000/b=1.000000/w=1.000000/JVP-x","dtype":"float64","actual":[-0],"expected":[-2.4099198651028841e-181],"tolerance":4.9999999999999999e-13,"passed":false}
CASE {"label":"p=600/a=1.000000/b=1.000000/w=1.000000/JVP-both","dtype":"float64","actual":[2.4099198651028841e-181],"expected":[4.8198397302057682e-181],"tolerance":4.9999999999999999e-13,"passed":false}
CASE {"label":"p=600/a=1.000000/b=1.000000/w=-0.500000/VJP","dtype":"float64","actual":[-1.2049599325514421e-181,0],"expected":[-1.2049599325514421e-181,1.2049599325514421e-181],"tolerance":4.9999999999999999e-13,"passed":false}
CASE {"label":"p=600/a=1.000000/b=1.000000/w=-0.500000/JVP-y","dtype":"float64","actual":[-1.2049599325514421e-181],"expected":[-1.2049599325514421e-181],"tolerance":4.9999999999999999e-13,"passed":true}
CASE {"label":"p=600/a=1.000000/b=1.000000/w=-0.500000/JVP-x","dtype":"float64","actual":[0],"expected":[1.2049599325514421e-181],"tolerance":4.9999999999999999e-13,"passed":false}
CASE {"label":"p=600/a=1.000000/b=1.000000/w=-0.500000/JVP-both","dtype":"float64","actual":[-1.2049599325514421e-181],"expected":[-2.4099198651028841e-181],"tolerance":4.9999999999999999e-13,"passed":false}
CASE {"label":"p=600/a=1.000000/b=1.000000/radial-JVP","dtype":"float64","actual":["NaN"],"expected":[0],"tolerance":4.9999999999999999e-13,"passed":false}
CASE {"label":"p=600/a=1.000000/b=1.000000/opposite-scaling-JVP","dtype":"float64","actual":["NaN"],"expected":[2],"tolerance":4.9999999999999999e-13,"passed":false}
CASE {"label":"p=600/a=2.000000/b=1.000000/w=0.000000/VJP","dtype":"float64","actual":[0,-0],"expected":[0,-0],"tolerance":4.9999999999999999e-13,"passed":true}
CASE {"label":"p=600/a=2.000000/b=1.000000/w=0.000000/JVP-y","dtype":"float64","actual":[0],"expected":[0],"tolerance":4.9999999999999999e-13,"passed":true}
CASE {"label":"p=600/a=2.000000/b=1.000000/w=0.000000/JVP-x","dtype":"float64","actual":[-0],"expected":[-0],"tolerance":4.9999999999999999e-13,"passed":true}
CASE {"label":"p=600/a=2.000000/b=1.000000/w=0.000000/JVP-both","dtype":"float64","actual":[0],"expected":[0],"tolerance":4.9999999999999999e-13,"passed":true}
CASE {"label":"p=600/a=2.000000/b=1.000000/w=1.000000/VJP","dtype":"float64","actual":[2.4099198651028841e-181,-0],"expected":[2.4099198651028841e-181,-4.8198397302057682e-181],"tolerance":4.9999999999999999e-13,"passed":false}
CASE {"label":"p=600/a=2.000000/b=1.000000/w=1.000000/JVP-y","dtype":"float64","actual":[2.4099198651028841e-181],"expected":[2.4099198651028841e-181],"tolerance":4.9999999999999999e-13,"passed":true}
CASE {"label":"p=600/a=2.000000/b=1.000000/w=1.000000/JVP-x","dtype":"float64","actual":[-0],"expected":[-4.8198397302057682e-181],"tolerance":4.9999999999999999e-13,"passed":false}
CASE {"label":"p=600/a=2.000000/b=1.000000/w=1.000000/JVP-both","dtype":"float64","actual":[2.4099198651028841e-181],"expected":[7.2297595953086524e-181],"tolerance":4.9999999999999999e-13,"passed":false}
CASE {"label":"p=600/a=2.000000/b=1.000000/w=-0.500000/VJP","dtype":"float64","actual":[-1.2049599325514421e-181,0],"expected":[-1.2049599325514421e-181,2.4099198651028841e-181],"tolerance":4.9999999999999999e-13,"passed":false}
CASE {"label":"p=600/a=2.000000/b=1.000000/w=-0.500000/JVP-y","dtype":"float64","actual":[-1.2049599325514421e-181],"expected":[-1.2049599325514421e-181],"tolerance":4.9999999999999999e-13,"passed":true}
CASE {"label":"p=600/a=2.000000/b=1.000000/w=-0.500000/JVP-x","dtype":"float64","actual":[0],"expected":[2.4099198651028841e-181],"tolerance":4.9999999999999999e-13,"passed":false}
CASE {"label":"p=600/a=2.000000/b=1.000000/w=-0.500000/JVP-both","dtype":"float64","actual":[-1.2049599325514421e-181],"expected":[-3.6148797976543262e-181],"tolerance":4.9999999999999999e-13,"passed":false}
CASE {"label":"p=600/a=2.000000/b=1.000000/radial-JVP","dtype":"float64","actual":["NaN"],"expected":[0],"tolerance":4.9999999999999999e-13,"passed":false}
CASE {"label":"p=600/a=2.000000/b=1.000000/opposite-scaling-JVP","dtype":"float64","actual":["NaN"],"expected":[4],"tolerance":4.9999999999999999e-13,"passed":false}
CASE {"label":"p=600/a=-1.000000/b=2.000000/w=0.000000/VJP","dtype":"float64","actual":[0,0],"expected":[0,0],"tolerance":4.9999999999999999e-13,"passed":true}
CASE {"label":"p=600/a=-1.000000/b=2.000000/w=0.000000/JVP-y","dtype":"float64","actual":[0],"expected":[0],"tolerance":4.9999999999999999e-13,"passed":true}
CASE {"label":"p=600/a=-1.000000/b=2.000000/w=0.000000/JVP-x","dtype":"float64","actual":[0],"expected":[0],"tolerance":4.9999999999999999e-13,"passed":true}
CASE {"label":"p=600/a=-1.000000/b=2.000000/w=0.000000/JVP-both","dtype":"float64","actual":[0],"expected":[0],"tolerance":4.9999999999999999e-13,"passed":true}
CASE {"label":"p=600/a=-1.000000/b=2.000000/w=1.000000/VJP","dtype":"float64","actual":[1.2049599325514421e-181,0],"expected":[1.2049599325514421e-181,6.0247996627572103e-182],"tolerance":4.9999999999999999e-13,"passed":false}
CASE {"label":"p=600/a=-1.000000/b=2.000000/w=1.000000/JVP-y","dtype":"float64","actual":[1.2049599325514421e-181],"expected":[1.2049599325514421e-181],"tolerance":4.9999999999999999e-13,"passed":true}
CASE {"label":"p=600/a=-1.000000/b=2.000000/w=1.000000/JVP-x","dtype":"float64","actual":[0],"expected":[6.0247996627572103e-182],"tolerance":4.9999999999999999e-13,"passed":false}
CASE {"label":"p=600/a=-1.000000/b=2.000000/w=1.000000/JVP-both","dtype":"float64","actual":[1.2049599325514421e-181],"expected":[6.0247996627572103e-182],"tolerance":4.9999999999999999e-13,"passed":false}
CASE {"label":"p=600/a=-1.000000/b=2.000000/w=-0.500000/VJP","dtype":"float64","actual":[-6.0247996627572103e-182,-0],"expected":[-6.0247996627572103e-182,-3.0123998313786051e-182],"tolerance":4.9999999999999999e-13,"passed":false}
CASE {"label":"p=600/a=-1.000000/b=2.000000/w=-0.500000/JVP-y","dtype":"float64","actual":[-6.0247996627572103e-182],"expected":[-6.0247996627572103e-182],"tolerance":4.9999999999999999e-13,"passed":true}
CASE {"label":"p=600/a=-1.000000/b=2.000000/w=-0.500000/JVP-x","dtype":"float64","actual":[-0],"expected":[-3.0123998313786051e-182],"tolerance":4.9999999999999999e-13,"passed":false}
CASE {"label":"p=600/a=-1.000000/b=2.000000/w=-0.500000/JVP-both","dtype":"float64","actual":[-6.0247996627572103e-182],"expected":[-3.0123998313786051e-182],"tolerance":4.9999999999999999e-13,"passed":false}
CASE {"label":"p=600/a=-1.000000/b=2.000000/radial-JVP","dtype":"float64","actual":["NaN"],"expected":[0],"tolerance":4.9999999999999999e-13,"passed":false}
CASE {"label":"p=600/a=-1.000000/b=2.000000/opposite-scaling-JVP","dtype":"float64","actual":["NaN"],"expected":[-1],"tolerance":4.9999999999999999e-13,"passed":false}
CASE {"label":"p=600/a=1.000000/b=-2.000000/w=0.000000/VJP","dtype":"float64","actual":[-0,-0],"expected":[-0,-0],"tolerance":4.9999999999999999e-13,"passed":true}
CASE {"label":"p=600/a=1.000000/b=-2.000000/w=0.000000/JVP-y","dtype":"float64","actual":[-0],"expected":[-0],"tolerance":4.9999999999999999e-13,"passed":true}
CASE {"label":"p=600/a=1.000000/b=-2.000000/w=0.000000/JVP-x","dtype":"float64","actual":[-0],"expected":[-0],"tolerance":4.9999999999999999e-13,"passed":true}
CASE {"label":"p=600/a=1.000000/b=-2.000000/w=0.000000/JVP-both","dtype":"float64","actual":[0],"expected":[-0],"tolerance":4.9999999999999999e-13,"passed":true}
CASE {"label":"p=600/a=1.000000/b=-2.000000/w=1.000000/VJP","dtype":"float64","actual":[-1.2049599325514421e-181,-0],"expected":[-1.2049599325514421e-181,-6.0247996627572103e-182],"tolerance":4.9999999999999999e-13,"passed":false}
CASE {"label":"p=600/a=1.000000/b=-2.000000/w=1.000000/JVP-y","dtype":"float64","actual":[-1.2049599325514421e-181],"expected":[-1.2049599325514421e-181],"tolerance":4.9999999999999999e-13,"passed":true}
CASE {"label":"p=600/a=1.000000/b=-2.000000/w=1.000000/JVP-x","dtype":"float64","actual":[-0],"expected":[-6.0247996627572103e-182],"tolerance":4.9999999999999999e-13,"passed":false}
CASE {"label":"p=600/a=1.000000/b=-2.000000/w=1.000000/JVP-both","dtype":"float64","actual":[-1.2049599325514421e-181],"expected":[-6.0247996627572103e-182],"tolerance":4.9999999999999999e-13,"passed":false}
CASE {"label":"p=600/a=1.000000/b=-2.000000/w=-0.500000/VJP","dtype":"float64","actual":[6.0247996627572103e-182,0],"expected":[6.0247996627572103e-182,3.0123998313786051e-182],"tolerance":4.9999999999999999e-13,"passed":false}
CASE {"label":"p=600/a=1.000000/b=-2.000000/w=-0.500000/JVP-y","dtype":"float64","actual":[6.0247996627572103e-182],"expected":[6.0247996627572103e-182],"tolerance":4.9999999999999999e-13,"passed":true}
CASE {"label":"p=600/a=1.000000/b=-2.000000/w=-0.500000/JVP-x","dtype":"float64","actual":[0],"expected":[3.0123998313786051e-182],"tolerance":4.9999999999999999e-13,"passed":false}
CASE {"label":"p=600/a=1.000000/b=-2.000000/w=-0.500000/JVP-both","dtype":"float64","actual":[6.0247996627572103e-182],"expected":[3.0123998313786051e-182],"tolerance":4.9999999999999999e-13,"passed":false}
CASE {"label":"p=600/a=1.000000/b=-2.000000/radial-JVP","dtype":"float64","actual":["NaN"],"expected":[0],"tolerance":4.9999999999999999e-13,"passed":false}
CASE {"label":"p=600/a=1.000000/b=-2.000000/opposite-scaling-JVP","dtype":"float64","actual":["NaN"],"expected":[-1],"tolerance":4.9999999999999999e-13,"passed":false}
CASE {"label":"p=600/a=-1.000000/b=-2.000000/w=0.000000/VJP","dtype":"float64","actual":[-0,0],"expected":[-0,0],"tolerance":4.9999999999999999e-13,"passed":true}
CASE {"label":"p=600/a=-1.000000/b=-2.000000/w=0.000000/JVP-y","dtype":"float64","actual":[-0],"expected":[-0],"tolerance":4.9999999999999999e-13,"passed":true}
CASE {"label":"p=600/a=-1.000000/b=-2.000000/w=0.000000/JVP-x","dtype":"float64","actual":[0],"expected":[0],"tolerance":4.9999999999999999e-13,"passed":true}
CASE {"label":"p=600/a=-1.000000/b=-2.000000/w=0.000000/JVP-both","dtype":"float64","actual":[-0],"expected":[-0],"tolerance":4.9999999999999999e-13,"passed":true}
CASE {"label":"p=600/a=-1.000000/b=-2.000000/w=1.000000/VJP","dtype":"float64","actual":[-1.2049599325514421e-181,0],"expected":[-1.2049599325514421e-181,6.0247996627572103e-182],"tolerance":4.9999999999999999e-13,"passed":false}
CASE {"label":"p=600/a=-1.000000/b=-2.000000/w=1.000000/JVP-y","dtype":"float64","actual":[-1.2049599325514421e-181],"expected":[-1.2049599325514421e-181],"tolerance":4.9999999999999999e-13,"passed":true}
CASE {"label":"p=600/a=-1.000000/b=-2.000000/w=1.000000/JVP-x","dtype":"float64","actual":[0],"expected":[6.0247996627572103e-182],"tolerance":4.9999999999999999e-13,"passed":false}
CASE {"label":"p=600/a=-1.000000/b=-2.000000/w=1.000000/JVP-both","dtype":"float64","actual":[-1.2049599325514421e-181],"expected":[-1.8074398988271631e-181],"tolerance":4.9999999999999999e-13,"passed":false}
CASE {"label":"p=600/a=-1.000000/b=-2.000000/w=-0.500000/VJP","dtype":"float64","actual":[6.0247996627572103e-182,-0],"expected":[6.0247996627572103e-182,-3.0123998313786051e-182],"tolerance":4.9999999999999999e-13,"passed":false}
CASE {"label":"p=600/a=-1.000000/b=-2.000000/w=-0.500000/JVP-y","dtype":"float64","actual":[6.0247996627572103e-182],"expected":[6.0247996627572103e-182],"tolerance":4.9999999999999999e-13,"passed":true}
CASE {"label":"p=600/a=-1.000000/b=-2.000000/w=-0.500000/JVP-x","dtype":"float64","actual":[-0],"expected":[-3.0123998313786051e-182],"tolerance":4.9999999999999999e-13,"passed":false}
CASE {"label":"p=600/a=-1.000000/b=-2.000000/w=-0.500000/JVP-both","dtype":"float64","actual":[6.0247996627572103e-182],"expected":[9.0371994941358154e-182],"tolerance":4.9999999999999999e-13,"passed":false}
CASE {"label":"p=600/a=-1.000000/b=-2.000000/radial-JVP","dtype":"float64","actual":["NaN"],"expected":[0],"tolerance":4.9999999999999999e-13,"passed":false}
CASE {"label":"p=600/a=-1.000000/b=-2.000000/opposite-scaling-JVP","dtype":"float64","actual":["NaN"],"expected":[1],"tolerance":4.9999999999999999e-13,"passed":false}
CASE {"label":"p=600/a=0.000000/b=1.000000/w=0.000000/VJP","dtype":"float64","actual":[0,-0],"expected":[0,-0],"tolerance":4.9999999999999999e-13,"passed":true}
CASE {"label":"p=600/a=0.000000/b=1.000000/w=0.000000/JVP-y","dtype":"float64","actual":[0],"expected":[0],"tolerance":4.9999999999999999e-13,"passed":true}
CASE {"label":"p=600/a=0.000000/b=1.000000/w=0.000000/JVP-x","dtype":"float64","actual":[-0],"expected":[-0],"tolerance":4.9999999999999999e-13,"passed":true}
CASE {"label":"p=600/a=0.000000/b=1.000000/w=0.000000/JVP-both","dtype":"float64","actual":[0],"expected":[0],"tolerance":4.9999999999999999e-13,"passed":true}
CASE {"label":"p=600/a=0.000000/b=1.000000/w=1.000000/VJP","dtype":"float64","actual":[2.4099198651028841e-181,-0],"expected":[2.4099198651028841e-181,-0],"tolerance":4.9999999999999999e-13,"passed":true}
CASE {"label":"p=600/a=0.000000/b=1.000000/w=1.000000/JVP-y","dtype":"float64","actual":[2.4099198651028841e-181],"expected":[2.4099198651028841e-181],"tolerance":4.9999999999999999e-13,"passed":true}
CASE {"label":"p=600/a=0.000000/b=1.000000/w=1.000000/JVP-x","dtype":"float64","actual":[-0],"expected":[-0],"tolerance":4.9999999999999999e-13,"passed":true}
CASE {"label":"p=600/a=0.000000/b=1.000000/w=1.000000/JVP-both","dtype":"float64","actual":[2.4099198651028841e-181],"expected":[2.4099198651028841e-181],"tolerance":4.9999999999999999e-13,"passed":true}
CASE {"label":"p=600/a=0.000000/b=1.000000/w=-0.500000/VJP","dtype":"float64","actual":[-1.2049599325514421e-181,0],"expected":[-1.2049599325514421e-181,0],"tolerance":4.9999999999999999e-13,"passed":true}
CASE {"label":"p=600/a=0.000000/b=1.000000/w=-0.500000/JVP-y","dtype":"float64","actual":[-1.2049599325514421e-181],"expected":[-1.2049599325514421e-181],"tolerance":4.9999999999999999e-13,"passed":true}
CASE {"label":"p=600/a=0.000000/b=1.000000/w=-0.500000/JVP-x","dtype":"float64","actual":[0],"expected":[0],"tolerance":4.9999999999999999e-13,"passed":true}
CASE {"label":"p=600/a=0.000000/b=1.000000/w=-0.500000/JVP-both","dtype":"float64","actual":[-1.2049599325514421e-181],"expected":[-1.2049599325514421e-181],"tolerance":4.9999999999999999e-13,"passed":true}
CASE {"label":"p=600/a=0.000000/b=1.000000/radial-JVP","dtype":"float64","actual":[0],"expected":[0],"tolerance":4.9999999999999999e-13,"passed":true}
CASE {"label":"p=600/a=0.000000/b=1.000000/opposite-scaling-JVP","dtype":"float64","actual":[0],"expected":[0],"tolerance":4.9999999999999999e-13,"passed":true}
CASE {"label":"composite/p=600/t=-2.000000/1","dtype":"float64","actual":[-0],"expected":[-0.25],"tolerance":4.9999999999999999e-13,"passed":false}
CASE {"label":"composite/p=600/t=-2.000000/2","dtype":"float64","actual":["NaN"],"expected":[-0.25],"tolerance":4.9999999999999999e-13,"passed":false}
CASE {"label":"composite/p=600/t=-2.000000/3","dtype":"float64","actual":["NaN"],"expected":[-0.375],"tolerance":4.9999999999999999e-13,"passed":false}
CASE {"label":"composite/p=600/t=-1.000000/1","dtype":"float64","actual":[-0],"expected":[-1],"tolerance":4.9999999999999999e-13,"passed":false}
CASE {"label":"composite/p=600/t=-1.000000/2","dtype":"float64","actual":["NaN"],"expected":[-2],"tolerance":4.9999999999999999e-13,"passed":false}
CASE {"label":"composite/p=600/t=-1.000000/3","dtype":"float64","actual":["NaN"],"expected":[-6],"tolerance":4.9999999999999999e-13,"passed":false}
CASE {"label":"composite/p=600/t=-0.500000/1","dtype":"float64","actual":[-0],"expected":[-4],"tolerance":4.9999999999999999e-13,"passed":false}
CASE {"label":"composite/p=600/t=-0.500000/2","dtype":"float64","actual":["NaN"],"expected":[-16],"tolerance":4.9999999999999999e-13,"passed":false}
CASE {"label":"composite/p=600/t=-0.500000/3","dtype":"float64","actual":["NaN"],"expected":[-96],"tolerance":4.9999999999999999e-13,"passed":false}
CASE {"label":"composite/p=600/t=0.500000/1","dtype":"float64","actual":[-0],"expected":[-4],"tolerance":4.9999999999999999e-13,"passed":false}
CASE {"label":"composite/p=600/t=0.500000/2","dtype":"float64","actual":["NaN"],"expected":[16],"tolerance":4.9999999999999999e-13,"passed":false}
CASE {"label":"composite/p=600/t=0.500000/3","dtype":"float64","actual":["NaN"],"expected":[-96],"tolerance":4.9999999999999999e-13,"passed":false}
CASE {"label":"composite/p=600/t=1.000000/1","dtype":"float64","actual":[-0],"expected":[-1],"tolerance":4.9999999999999999e-13,"passed":false}
CASE {"label":"composite/p=600/t=1.000000/2","dtype":"float64","actual":["NaN"],"expected":[2],"tolerance":4.9999999999999999e-13,"passed":false}
CASE {"label":"composite/p=600/t=1.000000/3","dtype":"float64","actual":["NaN"],"expected":[-6],"tolerance":4.9999999999999999e-13,"passed":false}
CASE {"label":"composite/p=600/t=1.000000/finite-difference","dtype":"float64","actual":[-1.0000009536752259],"expected":[-1],"tolerance":1.9999999999999999e-06,"passed":true}
CASE {"label":"composite/p=600/t=2.000000/1","dtype":"float64","actual":[-0],"expected":[-0.25],"tolerance":4.9999999999999999e-13,"passed":false}
CASE {"label":"composite/p=600/t=2.000000/2","dtype":"float64","actual":["NaN"],"expected":[0.25],"tolerance":4.9999999999999999e-13,"passed":false}
CASE {"label":"composite/p=600/t=2.000000/3","dtype":"float64","actual":["NaN"],"expected":[-0.375],"tolerance":4.9999999999999999e-13,"passed":false}
CASE {"label":"mixed-Hessian/p=600","dtype":"float64","actual":[0,-0,-0,"NaN"],"expected":[0,-0.25,-0.25,0.25],"tolerance":4.9999999999999999e-13,"passed":false}
CASE {"label":"zero-gradient/p=600/residual-1","dtype":"float64","actual":[-0],"expected":[0],"tolerance":4.9999999999999999e-13,"passed":true}
CASE {"label":"zero-gradient/p=600/residual-2","dtype":"float64","actual":[0],"expected":[2],"tolerance":4.9999999999999999e-13,"passed":false}
CASE {"label":"zero-gradient/p=600/residual-3","dtype":"float64","actual":["NaN"],"expected":[-12],"tolerance":4.9999999999999999e-13,"passed":false}
CASE {"label":"zero-gradient/p=600/identity-1","dtype":"float64","actual":[1],"expected":[0],"tolerance":4.9999999999999999e-13,"passed":false}
CASE {"label":"zero-gradient/p=600/identity-2","dtype":"float64","actual":["NaN"],"expected":[0],"tolerance":4.9999999999999999e-13,"passed":false}
CASE {"label":"zero-gradient/p=600/identity-3","dtype":"float64","actual":["NaN"],"expected":[0],"tolerance":4.9999999999999999e-13,"passed":false}
CASE {"label":"broadcast/p=600/VJP","dtype":"float64","actual":[-3.0123998313786051e-181,8.4347195278600944e-181,0,0,0],"expected":[-3.0123998313786051e-181,8.4347195278600944e-181,-9.6396794604115365e-181,2.4099198651028841e-181,-9.0371994941358154e-182],"tolerance":4.9999999999999999e-13,"passed":false}
CASE {"label":"broadcast/p=600/JVP","dtype":"float64","actual":[1,-1,0.5,1,-1,0.5],"expected":[1,-1,0.5,1,-1,0.5],"tolerance":4.9999999999999999e-13,"passed":true}
CASE {"label":"matrix/p=600/VJP","dtype":"float64","actual":[0,2.4099198651028841e-181,-1.2049599325514421e-181,-2.4099198651028841e-181,2.4099198651028841e-181,1.2049599325514421e-181,-0,-0,0,0,-0,-0],"expected":[0,2.4099198651028841e-181,-1.2049599325514421e-181,-2.4099198651028841e-181,2.4099198651028841e-181,1.2049599325514421e-181,-0,-4.8198397302057682e-181,0,1.2049599325514421e-181,-4.8198397302057682e-181,-6.0247996627572103e-182],"tolerance":4.9999999999999999e-13,"passed":false}
CASE {"label":"matrix/p=600/JVP","dtype":"float64","actual":["NaN","NaN",1,"NaN","NaN","NaN"],"expected":[0.75,3,1,-0.75,-3,0.75],"tolerance":4.9999999999999999e-13,"passed":false}
CASE {"label":"strided/p=600/VJP","dtype":"float64","actual":[0,2.4099198651028841e-181,-1.2049599325514421e-181,-2.4099198651028841e-181,2.4099198651028841e-181,1.2049599325514421e-181,-0,-0,0,0,-0,-0],"expected":[0,2.4099198651028841e-181,-1.2049599325514421e-181,-2.4099198651028841e-181,2.4099198651028841e-181,1.2049599325514421e-181,-0,-4.8198397302057682e-181,0,1.2049599325514421e-181,-4.8198397302057682e-181,-6.0247996627572103e-182],"tolerance":4.9999999999999999e-13,"passed":false}
CASE {"label":"strided/p=600/JVP","dtype":"float64","actual":["NaN","NaN",1,"NaN","NaN","NaN"],"expected":[0.75,3,1,-0.75,-3,0.75],"tolerance":4.9999999999999999e-13,"passed":false}
CASE {"label":"weighted/pa=640/pb=640/pg=0/sign=-1.000000/JVP","dtype":"float64","actual":[0],"expected":[2.191809349008403e-193],"tolerance":4.9999999999999999e-13,"passed":false}
CASE {"label":"weighted/pa=640/pb=640/pg=0/sign=-1.000000/VJP","dtype":"float64","actual":[0],"expected":[2.191809349008403e-193],"tolerance":4.9999999999999999e-13,"passed":false}
CASE {"label":"weighted/pa=640/pb=640/pg=0/sign=1.000000/JVP","dtype":"float64","actual":[-0],"expected":[-2.191809349008403e-193],"tolerance":4.9999999999999999e-13,"passed":false}
CASE {"label":"weighted/pa=640/pb=640/pg=0/sign=1.000000/VJP","dtype":"float64","actual":[-0],"expected":[-2.191809349008403e-193],"tolerance":4.9999999999999999e-13,"passed":false}
CASE {"label":"weighted/pa=-640/pb=-640/pg=0/sign=-1.000000/JVP","dtype":"float64","actual":["Infinity"],"expected":[4.5624406176221952e+192],"tolerance":4.9999999999999999e-13,"passed":false}
CASE {"label":"weighted/pa=-640/pb=-640/pg=0/sign=-1.000000/VJP","dtype":"float64","actual":["Infinity"],"expected":[4.5624406176221952e+192],"tolerance":4.9999999999999999e-13,"passed":false}
CASE {"label":"weighted/pa=-640/pb=-640/pg=0/sign=1.000000/JVP","dtype":"float64","actual":["-Infinity"],"expected":[-4.5624406176221952e+192],"tolerance":4.9999999999999999e-13,"passed":false}
CASE {"label":"weighted/pa=-640/pb=-640/pg=0/sign=1.000000/VJP","dtype":"float64","actual":["-Infinity"],"expected":[-4.5624406176221952e+192],"tolerance":4.9999999999999999e-13,"passed":false}
CASE {"label":"weighted/pa=-960/pb=256/pg=960/sign=-1.000000/JVP","dtype":"float64","actual":[7.4583407312002067e-155],"expected":[7.4583407312002067e-155],"tolerance":4.9999999999999999e-13,"passed":true}
CASE {"label":"weighted/pa=-960/pb=256/pg=960/sign=-1.000000/VJP","dtype":"float64","actual":[7.4583407312002067e-155],"expected":[7.4583407312002067e-155],"tolerance":4.9999999999999999e-13,"passed":true}
CASE {"label":"weighted/pa=-960/pb=256/pg=960/sign=1.000000/JVP","dtype":"float64","actual":[-7.4583407312002067e-155],"expected":[-7.4583407312002067e-155],"tolerance":4.9999999999999999e-13,"passed":true}
CASE {"label":"weighted/pa=-960/pb=256/pg=960/sign=1.000000/VJP","dtype":"float64","actual":[-7.4583407312002067e-155],"expected":[-7.4583407312002067e-155],"tolerance":4.9999999999999999e-13,"passed":true}
CASE {"label":"weighted/pa=-800/pb=-160/pg=960/sign=-1.000000/JVP","dtype":"float64","actual":[3.1217485503159922e+144],"expected":[3.1217485503159922e+144],"tolerance":4.9999999999999999e-13,"passed":true}
CASE {"label":"weighted/pa=-800/pb=-160/pg=960/sign=-1.000000/VJP","dtype":"float64","actual":[3.1217485503159922e+144],"expected":[3.1217485503159922e+144],"tolerance":4.9999999999999999e-13,"passed":true}
CASE {"label":"weighted/pa=-800/pb=-160/pg=960/sign=1.000000/JVP","dtype":"float64","actual":[-3.1217485503159922e+144],"expected":[-3.1217485503159922e+144],"tolerance":4.9999999999999999e-13,"passed":true}
CASE {"label":"weighted/pa=-800/pb=-160/pg=960/sign=1.000000/VJP","dtype":"float64","actual":[-3.1217485503159922e+144],"expected":[-3.1217485503159922e+144],"tolerance":4.9999999999999999e-13,"passed":true}
CASE {"label":"weighted/pa=800/pb=560/pg=800/sign=-1.000000/JVP","dtype":"float64","actual":["NaN"],"expected":[3.1217485503159922e+144],"tolerance":4.9999999999999999e-13,"passed":false}
CASE {"label":"weighted/pa=800/pb=560/pg=800/sign=-1.000000/VJP","dtype":"float64","actual":["NaN"],"expected":[3.1217485503159922e+144],"tolerance":4.9999999999999999e-13,"passed":false}
CASE {"label":"weighted/pa=800/pb=560/pg=800/sign=1.000000/JVP","dtype":"float64","actual":["NaN"],"expected":[-3.1217485503159922e+144],"tolerance":4.9999999999999999e-13,"passed":false}
CASE {"label":"weighted/pa=800/pb=560/pg=800/sign=1.000000/VJP","dtype":"float64","actual":["NaN"],"expected":[-3.1217485503159922e+144],"tolerance":4.9999999999999999e-13,"passed":false}
CASE {"label":"weighted/pa=-800/pb=-640/pg=-800/sign=-1.000000/JVP","dtype":"float64","actual":["NaN"],"expected":[4.6816763546921983e-97],"tolerance":4.9999999999999999e-13,"passed":false}
CASE {"label":"weighted/pa=-800/pb=-640/pg=-800/sign=-1.000000/VJP","dtype":"float64","actual":["NaN"],"expected":[4.6816763546921983e-97],"tolerance":4.9999999999999999e-13,"passed":false}
CASE {"label":"weighted/pa=-800/pb=-640/pg=-800/sign=1.000000/JVP","dtype":"float64","actual":["NaN"],"expected":[-4.6816763546921983e-97],"tolerance":4.9999999999999999e-13,"passed":false}
CASE {"label":"weighted/pa=-800/pb=-640/pg=-800/sign=1.000000/VJP","dtype":"float64","actual":["NaN"],"expected":[-4.6816763546921983e-97],"tolerance":4.9999999999999999e-13,"passed":false}
CASE {"label":"weighted/pa=960/pb=256/pg=-960/sign=-1.000000/JVP","dtype":"float64","actual":[7.4583407312002067e-155],"expected":[7.4583407312002067e-155],"tolerance":4.9999999999999999e-13,"passed":true}
CASE {"label":"weighted/pa=960/pb=256/pg=-960/sign=-1.000000/VJP","dtype":"float64","actual":[7.4583407312002067e-155],"expected":[7.4583407312002067e-155],"tolerance":4.9999999999999999e-13,"passed":true}
CASE {"label":"weighted/pa=960/pb=256/pg=-960/sign=1.000000/JVP","dtype":"float64","actual":[-7.4583407312002067e-155],"expected":[-7.4583407312002067e-155],"tolerance":4.9999999999999999e-13,"passed":true}
CASE {"label":"weighted/pa=960/pb=256/pg=-960/sign=1.000000/VJP","dtype":"float64","actual":[-7.4583407312002067e-155],"expected":[-7.4583407312002067e-155],"tolerance":4.9999999999999999e-13,"passed":true}
CASE {"label":"complex/a=1.000000/b=2.000000/g=0.000000/VJP","dtype":"complex64","actual":[0,-0,0,-0],"expected":[0,0,0,0],"tolerance":7.9999999999999996e-06,"passed":true}
CASE {"label":"complex/a=1.000000/b=2.000000/g=0.000000/JVP","dtype":"complex64","actual":[0,0],"expected":[0,0],"tolerance":7.9999999999999996e-06,"passed":true}
CASE {"label":"complex/a=1.000000/b=2.000000/g=0.500000/VJP","dtype":"complex64","actual":[0.35294118523597717,-0.51903116703033447,0.4117647111415863,0.27681660652160645],"expected":[0.35294117647058826,-0.51903114186851207,0.41176470588235292,0.27681660899653981],"tolerance":7.9999999999999996e-06,"passed":true}
CASE {"label":"complex/a=1.000000/b=2.000000/g=0.500000/JVP","dtype":"complex64","actual":[-0.14186853170394897,0.39100348949432373],"expected":[-0.14186851211072662,0.39100346020761245],"tolerance":7.9999999999999996e-06,"passed":true}
CASE {"label":"complex/a=1.000000/b=-1.000000/g=0.000000/VJP","dtype":"complex64","actual":[-0,-0,0,0],"expected":[-0,0,0,0],"tolerance":7.9999999999999996e-06,"passed":true}
CASE {"label":"complex/a=1.000000/b=-1.000000/g=0.000000/JVP","dtype":"complex64","actual":[0,-0],"expected":[0,-0],"tolerance":7.9999999999999996e-06,"passed":true}
CASE {"label":"complex/a=1.000000/b=-1.000000/g=0.500000/VJP","dtype":"complex64","actual":[-0.5,0.30000001192092896,0,0.40000000596046448],"expected":[-0.5,0.29999999999999999,0,0.40000000000000002],"tolerance":7.9999999999999996e-06,"passed":true}
CASE {"label":"complex/a=1.000000/b=-1.000000/g=0.500000/JVP","dtype":"complex64","actual":[0.45000001788139343,-0.60000002384185791],"expected":[0.44999999999999996,-0.60000000000000009],"tolerance":7.9999999999999996e-06,"passed":true}
CASE {"label":"complex/a=-0.500000/b=2.000000/g=0.000000/VJP","dtype":"complex64","actual":[0,-0,0,0],"expected":[0,0,0,0],"tolerance":7.9999999999999996e-06,"passed":true}
CASE {"label":"complex/a=-0.500000/b=2.000000/g=0.000000/JVP","dtype":"complex64","actual":[0,0],"expected":[0,0],"tolerance":7.9999999999999996e-06,"passed":true}
CASE {"label":"complex/a=-0.500000/b=2.000000/g=0.500000/VJP","dtype":"complex64","actual":[0.35294118523597717,-0.044982697814702988,0.4117647111415863,0.29065743088722229],"expected":[0.35294117647058826,-0.044982698961937718,0.41176470588235292,0.29065743944636679],"tolerance":7.9999999999999996e-06,"passed":true}
CASE {"label":"complex/a=-0.500000/b=2.000000/g=0.500000/JVP","dtype":"complex64","actual":[0.095155708491802216,0.384083092212677],"expected":[0.095155709342560554,0.38408304498269896],"tolerance":7.9999999999999996e-06,"passed":true}
CASE {"label":"complex/a=-0.500000/b=-1.000000/g=0.000000/VJP","dtype":"complex64","actual":[-0,0,0,-0],"expected":[-0,0,0,-0],"tolerance":7.9999999999999996e-06,"passed":true}
CASE {"label":"complex/a=-0.500000/b=-1.000000/g=0.000000/JVP","dtype":"complex64","actual":[0,-0],"expected":[0,-0],"tolerance":7.9999999999999996e-06,"passed":true}
CASE {"label":"complex/a=-0.500000/b=-1.000000/g=0.500000/VJP","dtype":"complex64","actual":[-0.5,0.25,0,-0],"expected":[-0.5,0.25,0,0],"tolerance":7.9999999999999996e-06,"passed":true}
CASE {"label":"complex/a=-0.500000/b=-1.000000/g=0.500000/JVP","dtype":"complex64","actual":[0.42500001192092896,-0.40000000596046448],"expected":[0.42499999999999999,-0.40000000000000002],"tolerance":7.9999999999999996e-06,"passed":true}
SUMMARY checks=1328 failures=600
