CASE {"label":"n1-a0-r0-i0-p0-g0-f32","passed":true,"input":[0],"cotangent":[0],"actual":[0],"expected":[0]}
CASE {"label":"n1-a0-r0-i0-p0-g1-f32","passed":true,"input":[0],"cotangent":[0],"actual":[0],"expected":[0]}
CASE {"label":"n1-a0-r0-i0-p0-g2-f32","passed":true,"input":[0],"cotangent":[0],"actual":[0],"expected":[0]}
CASE {"label":"n1-a0-r0-i0-p0-g3-f32","passed":true,"input":[0],"cotangent":[0],"actual":[0],"expected":[0]}
CASE {"label":"n1-a0-r0-i0-p1-g0-f32","passed":true,"input":[1000],"cotangent":[0],"actual":[0],"expected":[0]}
CASE {"label":"n1-a0-r0-i0-p1-g1-f32","passed":true,"input":[1000],"cotangent":[0],"actual":[0],"expected":[0]}
CASE {"label":"n1-a0-r0-i0-p1-g2-f32","passed":true,"input":[1000],"cotangent":[0],"actual":[0],"expected":[0]}
CASE {"label":"n1-a0-r0-i0-p1-g3-f32","passed":true,"input":[1000],"cotangent":[0],"actual":[0],"expected":[0]}
CASE {"label":"n1-a0-r0-i0-p2-g0-f32","passed":true,"input":[100000000],"cotangent":[0],"actual":[0],"expected":[0]}
CASE {"label":"n1-a0-r0-i0-p2-g1-f32","passed":true,"input":[100000000],"cotangent":[0],"actual":[0],"expected":[0]}
CASE {"label":"n1-a0-r0-i0-p2-g2-f32","passed":true,"input":[100000000],"cotangent":[0],"actual":[0],"expected":[0]}
CASE {"label":"n1-a0-r0-i0-p2-g3-f32","passed":true,"input":[100000000],"cotangent":[0],"actual":[0],"expected":[0]}
CASE {"label":"n1-a0-r0-i0-p3-g0-f32","passed":true,"input":[-100000000],"cotangent":[0],"actual":[0],"expected":[0]}
CASE {"label":"n1-a0-r0-i0-p3-g1-f32","passed":true,"input":[-100000000],"cotangent":[0],"actual":[0],"expected":[0]}
CASE {"label":"n1-a0-r0-i0-p3-g2-f32","passed":true,"input":[-100000000],"cotangent":[0],"actual":[0],"expected":[0]}
CASE {"label":"n1-a0-r0-i0-p3-g3-f32","passed":true,"input":[-100000000],"cotangent":[0],"actual":[0],"expected":[0]}
CASE {"label":"n1-a0-r0-i0-p4-g0-f32","passed":true,"input":[1.0000000200408773e+20],"cotangent":[0],"actual":[0],"expected":[0]}
CASE {"label":"n1-a0-r0-i0-p4-g1-f32","passed":true,"input":[1.0000000200408773e+20],"cotangent":[0],"actual":[0],"expected":[0]}
CASE {"label":"n1-a0-r0-i0-p4-g2-f32","passed":true,"input":[1.0000000200408773e+20],"cotangent":[0],"actual":[0],"expected":[0]}
CASE {"label":"n1-a0-r0-i0-p4-g3-f32","passed":true,"input":[1.0000000200408773e+20],"cotangent":[0],"actual":[0],"expected":[0]}
CASE {"label":"n1-a0-r0-i0-p5-g0-f32","passed":true,"input":[100000000],"cotangent":[0],"actual":[0],"expected":[0]}
CASE {"label":"n1-a0-r0-i0-p5-g1-f32","passed":true,"input":[100000000],"cotangent":[0],"actual":[0],"expected":[0]}
CASE {"label":"n1-a0-r0-i0-p5-g2-f32","passed":true,"input":[100000000],"cotangent":[0],"actual":[0],"expected":[0]}
CASE {"label":"n1-a0-r0-i0-p5-g3-f32","passed":true,"input":[100000000],"cotangent":[0],"actual":[0],"expected":[0]}
CASE {"label":"n1-a0-r0-i0-p6-g0-f32","passed":true,"input":[100000000],"cotangent":[0],"actual":[0],"expected":[0]}
CASE {"label":"n1-a0-r0-i0-p6-g1-f32","passed":true,"input":[100000000],"cotangent":[0],"actual":[0],"expected":[0]}
CASE {"label":"n1-a0-r0-i0-p6-g2-f32","passed":true,"input":[100000000],"cotangent":[0],"actual":[0],"expected":[0]}
CASE {"label":"n1-a0-r0-i0-p6-g3-f32","passed":true,"input":[100000000],"cotangent":[0],"actual":[0],"expected":[0]}
CASE {"label":"n1-a0-r0-i1-p0-g0-f32","passed":true,"input":[0],"cotangent":[1],"actual":[1],"expected":[1]}
CASE {"label":"n1-a0-r0-i1-p0-g1-f32","passed":true,"input":[0],"cotangent":[0.25],"actual":[0.25],"expected":[0.25]}
CASE {"label":"n1-a0-r0-i1-p0-g2-f32","passed":true,"input":[0],"cotangent":[1],"actual":[1],"expected":[1]}
CASE {"label":"n1-a0-r0-i1-p0-g3-f32","passed":true,"input":[0],"cotangent":[0],"actual":[0],"expected":[0]}
CASE {"label":"n1-a0-r0-i1-p1-g0-f32","passed":true,"input":[1000],"cotangent":[1],"actual":[1],"expected":[1]}
CASE {"label":"n1-a0-r0-i1-p1-g1-f32","passed":true,"input":[1000],"cotangent":[0.25],"actual":[0.2500007152557373],"expected":[0.25]}
CASE {"label":"n1-a0-r0-i1-p1-g2-f32","passed":true,"input":[1000],"cotangent":[1],"actual":[1],"expected":[1]}
CASE {"label":"n1-a0-r0-i1-p1-g3-f32","passed":true,"input":[1000],"cotangent":[0],"actual":[0],"expected":[0]}
CASE {"label":"n1-a0-r0-i1-p2-g0-f32","passed":true,"input":[100000000],"cotangent":[1],"actual":[1],"expected":[1]}
CASE {"label":"n1-a0-r0-i1-p2-g1-f32","passed":false,"input":[100000000],"cotangent":[0.25],"actual":[1],"expected":[0.25]}
CASE {"label":"n1-a0-r0-i1-p2-g2-f32","passed":true,"input":[100000000],"cotangent":[1],"actual":[1],"expected":[1]}
CASE {"label":"n1-a0-r0-i1-p2-g3-f32","passed":true,"input":[100000000],"cotangent":[0],"actual":[0],"expected":[0]}
CASE {"label":"n1-a0-r0-i1-p3-g0-f32","passed":true,"input":[-100000000],"cotangent":[1],"actual":[1],"expected":[1]}
CASE {"label":"n1-a0-r0-i1-p3-g1-f32","passed":false,"input":[-100000000],"cotangent":[0.25],"actual":[1],"expected":[0.25]}
CASE {"label":"n1-a0-r0-i1-p3-g2-f32","passed":true,"input":[-100000000],"cotangent":[1],"actual":[1],"expected":[1]}
CASE {"label":"n1-a0-r0-i1-p3-g3-f32","passed":true,"input":[-100000000],"cotangent":[0],"actual":[0],"expected":[0]}
CASE {"label":"n1-a0-r0-i1-p4-g0-f32","passed":true,"input":[1.0000000200408773e+20],"cotangent":[1],"actual":[1],"expected":[1]}
CASE {"label":"n1-a0-r0-i1-p4-g1-f32","passed":false,"input":[1.0000000200408773e+20],"cotangent":[0.25],"actual":[1],"expected":[0.25]}
CASE {"label":"n1-a0-r0-i1-p4-g2-f32","passed":true,"input":[1.0000000200408773e+20],"cotangent":[1],"actual":[1],"expected":[1]}
CASE {"label":"n1-a0-r0-i1-p4-g3-f32","passed":true,"input":[1.0000000200408773e+20],"cotangent":[0],"actual":[0],"expected":[0]}
CASE {"label":"n1-a0-r0-i1-p5-g0-f32","passed":true,"input":[100000000],"cotangent":[1],"actual":[1],"expected":[1]}
CASE {"label":"n1-a0-r0-i1-p5-g1-f32","passed":false,"input":[100000000],"cotangent":[0.25],"actual":[1],"expected":[0.25]}
CASE {"label":"n1-a0-r0-i1-p5-g2-f32","passed":true,"input":[100000000],"cotangent":[1],"actual":[1],"expected":[1]}
CASE {"label":"n1-a0-r0-i1-p5-g3-f32","passed":true,"input":[100000000],"cotangent":[0],"actual":[0],"expected":[0]}
CASE {"label":"n1-a0-r0-i1-p6-g0-f32","passed":true,"input":[100000000],"cotangent":[1],"actual":[1],"expected":[1]}
CASE {"label":"n1-a0-r0-i1-p6-g1-f32","passed":false,"input":[100000000],"cotangent":[0.25],"actual":[1],"expected":[0.25]}
CASE {"label":"n1-a0-r0-i1-p6-g2-f32","passed":true,"input":[100000000],"cotangent":[1],"actual":[1],"expected":[1]}
CASE {"label":"n1-a0-r0-i1-p6-g3-f32","passed":true,"input":[100000000],"cotangent":[0],"actual":[0],"expected":[0]}
CASE {"label":"n1-a0-r1-i0-p0-g0-f32","passed":true,"input":[0],"cotangent":[0],"actual":[0],"expected":[0]}
CASE {"label":"n1-a0-r1-i0-p0-g1-f32","passed":true,"input":[0],"cotangent":[0],"actual":[0],"expected":[0]}
CASE {"label":"n1-a0-r1-i0-p0-g2-f32","passed":true,"input":[0],"cotangent":[0],"actual":[0],"expected":[0]}
CASE {"label":"n1-a0-r1-i0-p0-g3-f32","passed":true,"input":[0],"cotangent":[0],"actual":[0],"expected":[0]}
CASE {"label":"n1-a0-r1-i0-p1-g0-f32","passed":true,"input":[1000],"cotangent":[0],"actual":[0],"expected":[0]}
CASE {"label":"n1-a0-r1-i0-p1-g1-f32","passed":true,"input":[1000],"cotangent":[0],"actual":[0],"expected":[0]}
CASE {"label":"n1-a0-r1-i0-p1-g2-f32","passed":true,"input":[1000],"cotangent":[0],"actual":[0],"expected":[0]}
CASE {"label":"n1-a0-r1-i0-p1-g3-f32","passed":true,"input":[1000],"cotangent":[0],"actual":[0],"expected":[0]}
CASE {"label":"n1-a0-r1-i0-p2-g0-f32","passed":true,"input":[100000000],"cotangent":[0],"actual":[0],"expected":[0]}
CASE {"label":"n1-a0-r1-i0-p2-g1-f32","passed":true,"input":[100000000],"cotangent":[0],"actual":[0],"expected":[0]}
CASE {"label":"n1-a0-r1-i0-p2-g2-f32","passed":true,"input":[100000000],"cotangent":[0],"actual":[0],"expected":[0]}
CASE {"label":"n1-a0-r1-i0-p2-g3-f32","passed":true,"input":[100000000],"cotangent":[0],"actual":[0],"expected":[0]}
CASE {"label":"n1-a0-r1-i0-p3-g0-f32","passed":true,"input":[-100000000],"cotangent":[0],"actual":[0],"expected":[0]}
CASE {"label":"n1-a0-r1-i0-p3-g1-f32","passed":true,"input":[-100000000],"cotangent":[0],"actual":[0],"expected":[0]}
CASE {"label":"n1-a0-r1-i0-p3-g2-f32","passed":true,"input":[-100000000],"cotangent":[0],"actual":[0],"expected":[0]}
CASE {"label":"n1-a0-r1-i0-p3-g3-f32","passed":true,"input":[-100000000],"cotangent":[0],"actual":[0],"expected":[0]}
CASE {"label":"n1-a0-r1-i0-p4-g0-f32","passed":true,"input":[1.0000000200408773e+20],"cotangent":[0],"actual":[0],"expected":[0]}
CASE {"label":"n1-a0-r1-i0-p4-g1-f32","passed":true,"input":[1.0000000200408773e+20],"cotangent":[0],"actual":[0],"expected":[0]}
CASE {"label":"n1-a0-r1-i0-p4-g2-f32","passed":true,"input":[1.0000000200408773e+20],"cotangent":[0],"actual":[0],"expected":[0]}
CASE {"label":"n1-a0-r1-i0-p4-g3-f32","passed":true,"input":[1.0000000200408773e+20],"cotangent":[0],"actual":[0],"expected":[0]}
CASE {"label":"n1-a0-r1-i0-p5-g0-f32","passed":true,"input":[100000000],"cotangent":[0],"actual":[0],"expected":[0]}
CASE {"label":"n1-a0-r1-i0-p5-g1-f32","passed":true,"input":[100000000],"cotangent":[0],"actual":[0],"expected":[0]}
CASE {"label":"n1-a0-r1-i0-p5-g2-f32","passed":true,"input":[100000000],"cotangent":[0],"actual":[0],"expected":[0]}
CASE {"label":"n1-a0-r1-i0-p5-g3-f32","passed":true,"input":[100000000],"cotangent":[0],"actual":[0],"expected":[0]}
CASE {"label":"n1-a0-r1-i0-p6-g0-f32","passed":true,"input":[100000000],"cotangent":[0],"actual":[0],"expected":[0]}
CASE {"label":"n1-a0-r1-i0-p6-g1-f32","passed":true,"input":[100000000],"cotangent":[0],"actual":[0],"expected":[0]}
CASE {"label":"n1-a0-r1-i0-p6-g2-f32","passed":true,"input":[100000000],"cotangent":[0],"actual":[0],"expected":[0]}
CASE {"label":"n1-a0-r1-i0-p6-g3-f32","passed":true,"input":[100000000],"cotangent":[0],"actual":[0],"expected":[0]}
CASE {"label":"n1-a0-r1-i1-p0-g0-f32","passed":true,"input":[0],"cotangent":[1],"actual":[1],"expected":[1]}
CASE {"label":"n1-a0-r1-i1-p0-g1-f32","passed":true,"input":[0],"cotangent":[0.25],"actual":[0.25],"expected":[0.25]}
CASE {"label":"n1-a0-r1-i1-p0-g2-f32","passed":true,"input":[0],"cotangent":[1],"actual":[1],"expected":[1]}
CASE {"label":"n1-a0-r1-i1-p0-g3-f32","passed":true,"input":[0],"cotangent":[0],"actual":[0],"expected":[0]}
CASE {"label":"n1-a0-r1-i1-p1-g0-f32","passed":true,"input":[1000],"cotangent":[1],"actual":[1],"expected":[1]}
CASE {"label":"n1-a0-r1-i1-p1-g1-f32","passed":true,"input":[1000],"cotangent":[0.25],"actual":[0.2500007152557373],"expected":[0.25]}
CASE {"label":"n1-a0-r1-i1-p1-g2-f32","passed":true,"input":[1000],"cotangent":[1],"actual":[1],"expected":[1]}
CASE {"label":"n1-a0-r1-i1-p1-g3-f32","passed":true,"input":[1000],"cotangent":[0],"actual":[0],"expected":[0]}
CASE {"label":"n1-a0-r1-i1-p2-g0-f32","passed":true,"input":[100000000],"cotangent":[1],"actual":[1],"expected":[1]}
CASE {"label":"n1-a0-r1-i1-p2-g1-f32","passed":false,"input":[100000000],"cotangent":[0.25],"actual":[1],"expected":[0.25]}
CASE {"label":"n1-a0-r1-i1-p2-g2-f32","passed":true,"input":[100000000],"cotangent":[1],"actual":[1],"expected":[1]}
CASE {"label":"n1-a0-r1-i1-p2-g3-f32","passed":true,"input":[100000000],"cotangent":[0],"actual":[0],"expected":[0]}
CASE {"label":"n1-a0-r1-i1-p3-g0-f32","passed":true,"input":[-100000000],"cotangent":[1],"actual":[1],"expected":[1]}
CASE {"label":"n1-a0-r1-i1-p3-g1-f32","passed":false,"input":[-100000000],"cotangent":[0.25],"actual":[1],"expected":[0.25]}
CASE {"label":"n1-a0-r1-i1-p3-g2-f32","passed":true,"input":[-100000000],"cotangent":[1],"actual":[1],"expected":[1]}
CASE {"label":"n1-a0-r1-i1-p3-g3-f32","passed":true,"input":[-100000000],"cotangent":[0],"actual":[0],"expected":[0]}
CASE {"label":"n1-a0-r1-i1-p4-g0-f32","passed":true,"input":[1.0000000200408773e+20],"cotangent":[1],"actual":[1],"expected":[1]}
CASE {"label":"n1-a0-r1-i1-p4-g1-f32","passed":false,"input":[1.0000000200408773e+20],"cotangent":[0.25],"actual":[1],"expected":[0.25]}
CASE {"label":"n1-a0-r1-i1-p4-g2-f32","passed":true,"input":[1.0000000200408773e+20],"cotangent":[1],"actual":[1],"expected":[1]}
CASE {"label":"n1-a0-r1-i1-p4-g3-f32","passed":true,"input":[1.0000000200408773e+20],"cotangent":[0],"actual":[0],"expected":[0]}
CASE {"label":"n1-a0-r1-i1-p5-g0-f32","passed":true,"input":[100000000],"cotangent":[1],"actual":[1],"expected":[1]}
CASE {"label":"n1-a0-r1-i1-p5-g1-f32","passed":false,"input":[100000000],"cotangent":[0.25],"actual":[1],"expected":[0.25]}
CASE {"label":"n1-a0-r1-i1-p5-g2-f32","passed":true,"input":[100000000],"cotangent":[1],"actual":[1],"expected":[1]}
CASE {"label":"n1-a0-r1-i1-p5-g3-f32","passed":true,"input":[100000000],"cotangent":[0],"actual":[0],"expected":[0]}
CASE {"label":"n1-a0-r1-i1-p6-g0-f32","passed":true,"input":[100000000],"cotangent":[1],"actual":[1],"expected":[1]}
CASE {"label":"n1-a0-r1-i1-p6-g1-f32","passed":false,"input":[100000000],"cotangent":[0.25],"actual":[1],"expected":[0.25]}
CASE {"label":"n1-a0-r1-i1-p6-g2-f32","passed":true,"input":[100000000],"cotangent":[1],"actual":[1],"expected":[1]}
CASE {"label":"n1-a0-r1-i1-p6-g3-f32","passed":true,"input":[100000000],"cotangent":[0],"actual":[0],"expected":[0]}
CASE {"label":"n2-a0-r0-i0-p0-g0-f32","passed":true,"input":[0,0.25],"cotangent":[0,1],"actual":[1,0],"expected":[1,0]}
CASE {"label":"n2-a0-r0-i0-p0-g1-f32","passed":true,"input":[0,0.25],"cotangent":[0,-0.75],"actual":[-0.75,0],"expected":[-0.75,0]}
CASE {"label":"n2-a0-r0-i0-p0-g2-f32","passed":true,"input":[0,0.25],"cotangent":[0,1],"actual":[1,0],"expected":[1,0]}
CASE {"label":"n2-a0-r0-i0-p0-g3-f32","passed":true,"input":[0,0.25],"cotangent":[0,0],"actual":[0,0],"expected":[0,0]}
CASE {"label":"n2-a0-r0-i0-p1-g0-f32","passed":true,"input":[1000,1000.25],"cotangent":[0,1],"actual":[1,0],"expected":[1,0]}
CASE {"label":"n2-a0-r0-i0-p1-g1-f32","passed":true,"input":[1000,1000.25],"cotangent":[0,-0.75],"actual":[-0.75001752376556396,0],"expected":[-0.75,0]}
CASE {"label":"n2-a0-r0-i0-p1-g2-f32","passed":true,"input":[1000,1000.25],"cotangent":[0,1],"actual":[1,0],"expected":[1,0]}
CASE {"label":"n2-a0-r0-i0-p1-g3-f32","passed":true,"input":[1000,1000.25],"cotangent":[0,0],"actual":[0,0],"expected":[0,0]}
CASE {"label":"n2-a0-r0-i0-p2-g0-f32","passed":true,"input":[100000000,100000000],"cotangent":[0,1],"actual":[1,0],"expected":[1,0]}
CASE {"label":"n2-a0-r0-i0-p2-g1-f32","passed":false,"input":[100000000,100000000],"cotangent":[0,-0.75],"actual":[-1,0],"expected":[-0.75,0]}
CASE {"label":"n2-a0-r0-i0-p2-g2-f32","passed":true,"input":[100000000,100000000],"cotangent":[0,1],"actual":[1,0],"expected":[1,0]}
CASE {"label":"n2-a0-r0-i0-p2-g3-f32","passed":true,"input":[100000000,100000000],"cotangent":[0,0],"actual":[0,0],"expected":[0,0]}
CASE {"label":"n2-a0-r0-i0-p3-g0-f32","passed":true,"input":[-100000000,-100000000],"cotangent":[0,1],"actual":[1,0],"expected":[1,0]}
CASE {"label":"n2-a0-r0-i0-p3-g1-f32","passed":false,"input":[-100000000,-100000000],"cotangent":[0,-0.75],"actual":[-1,0],"expected":[-0.75,0]}
CASE {"label":"n2-a0-r0-i0-p3-g2-f32","passed":true,"input":[-100000000,-100000000],"cotangent":[0,1],"actual":[1,0],"expected":[1,0]}
CASE {"label":"n2-a0-r0-i0-p3-g3-f32","passed":true,"input":[-100000000,-100000000],"cotangent":[0,0],"actual":[0,0],"expected":[0,0]}
CASE {"label":"n2-a0-r0-i0-p4-g0-f32","passed":true,"input":[1.0000000200408773e+20,1.0000000200408773e+20],"cotangent":[0,1],"actual":[1,0],"expected":[1,0]}
CASE {"label":"n2-a0-r0-i0-p4-g1-f32","passed":false,"input":[1.0000000200408773e+20,1.0000000200408773e+20],"cotangent":[0,-0.75],"actual":[-1,0],"expected":[-0.75,0]}
CASE {"label":"n2-a0-r0-i0-p4-g2-f32","passed":true,"input":[1.0000000200408773e+20,1.0000000200408773e+20],"cotangent":[0,1],"actual":[1,0],"expected":[1,0]}
CASE {"label":"n2-a0-r0-i0-p4-g3-f32","passed":true,"input":[1.0000000200408773e+20,1.0000000200408773e+20],"cotangent":[0,0],"actual":[0,0],"expected":[0,0]}
CASE {"label":"n2-a0-r0-i0-p5-g0-f32","passed":true,"input":[0,100000000],"cotangent":[0,1],"actual":[1,0],"expected":[1,0]}
CASE {"label":"n2-a0-r0-i0-p5-g1-f32","passed":true,"input":[0,100000000],"cotangent":[0,-0.75],"actual":[-0.75,0],"expected":[-0.75,0]}
CASE {"label":"n2-a0-r0-i0-p5-g2-f32","passed":true,"input":[0,100000000],"cotangent":[0,1],"actual":[1,0],"expected":[1,0]}
CASE {"label":"n2-a0-r0-i0-p5-g3-f32","passed":true,"input":[0,100000000],"cotangent":[0,0],"actual":[0,0],"expected":[0,0]}
CASE {"label":"n2-a0-r0-i0-p6-g0-f32","passed":true,"input":[100000000,0],"cotangent":[0,1],"actual":[1,0],"expected":[1,0]}
CASE {"label":"n2-a0-r0-i0-p6-g1-f32","passed":false,"input":[100000000,0],"cotangent":[0,-0.75],"actual":[-1,0],"expected":[-0.75,0]}
CASE {"label":"n2-a0-r0-i0-p6-g2-f32","passed":true,"input":[100000000,0],"cotangent":[0,1],"actual":[1,0],"expected":[1,0]}
CASE {"label":"n2-a0-r0-i0-p6-g3-f32","passed":true,"input":[100000000,0],"cotangent":[0,0],"actual":[0,0],"expected":[0,0]}
CASE {"label":"n2-a0-r0-i1-p0-g0-f32","passed":true,"input":[0,0.25],"cotangent":[1,1],"actual":[1.4378235340118408,0.56217652559280396],"expected":[1.4378234991142018,0.56217650088579807]}
CASE {"label":"n2-a0-r0-i1-p0-g1-f32","passed":true,"input":[0,0.25],"cotangent":[0.25,-0.75],"actual":[-0.078367620706558228,-0.42163240909576416],"expected":[-0.078367624335651365,-0.42163237566434852]}
CASE {"label":"n2-a0-r0-i1-p0-g2-f32","passed":true,"input":[0,0.25],"cotangent":[0,1],"actual":[0.43782353401184082,0.56217652559280396],"expected":[0.43782349911420188,0.56217650088579807]}
CASE {"label":"n2-a0-r0-i1-p0-g3-f32","passed":true,"input":[0,0.25],"cotangent":[0,0],"actual":[0,0],"expected":[0,0]}
CASE {"label":"n2-a0-r0-i1-p1-g0-f32","passed":true,"input":[1000,1000.25],"cotangent":[1,1],"actual":[1.4378647804260254,0.56218308210372925],"expected":[1.4378234991142018,0.56217650088579807]}
CASE {"label":"n2-a0-r0-i1-p1-g1-f32","passed":true,"input":[1000,1000.25],"cotangent":[0.25,-0.75],"actual":[-0.078378438949584961,-0.42164716124534607],"expected":[-0.078367624335651365,-0.42163237566434852]}
CASE {"label":"n2-a0-r0-i1-p1-g2-f32","passed":true,"input":[1000,1000.25],"cotangent":[0,1],"actual":[0.43782863020896912,0.56218308210372925],"expected":[0.43782349911420188,0.56217650088579807]}
CASE {"label":"n2-a0-r0-i1-p1-g3-f32","passed":true,"input":[1000,1000.25],"cotangent":[0,0],"actual":[0,0],"expected":[0,0]}
CASE {"label":"n2-a0-r0-i1-p2-g0-f32","passed":false,"input":[100000000,100000000],"cotangent":[1,1],"actual":[1,1],"expected":[1.5,0.5]}
CASE {"label":"n2-a0-r0-i1-p2-g1-f32","passed":false,"input":[100000000,100000000],"cotangent":[0.25,-0.75],"actual":[0,-1],"expected":[-0.125,-0.375]}
CASE {"label":"n2-a0-r0-i1-p2-g2-f32","passed":false,"input":[100000000,100000000],"cotangent":[0,1],"actual":[1,1],"expected":[0.5,0.5]}
CASE {"label":"n2-a0-r0-i1-p2-g3-f32","passed":true,"input":[100000000,100000000],"cotangent":[0,0],"actual":[0,0],"expected":[0,0]}
CASE {"label":"n2-a0-r0-i1-p3-g0-f32","passed":false,"input":[-100000000,-100000000],"cotangent":[1,1],"actual":[1,1],"expected":[1.5,0.5]}
CASE {"label":"n2-a0-r0-i1-p3-g1-f32","passed":false,"input":[-100000000,-100000000],"cotangent":[0.25,-0.75],"actual":[0,-1],"expected":[-0.125,-0.375]}
CASE {"label":"n2-a0-r0-i1-p3-g2-f32","passed":false,"input":[-100000000,-100000000],"cotangent":[0,1],"actual":[1,1],"expected":[0.5,0.5]}
CASE {"label":"n2-a0-r0-i1-p3-g3-f32","passed":true,"input":[-100000000,-100000000],"cotangent":[0,0],"actual":[0,0],"expected":[0,0]}
CASE {"label":"n2-a0-r0-i1-p4-g0-f32","passed":false,"input":[1.0000000200408773e+20,1.0000000200408773e+20],"cotangent":[1,1],"actual":[1,1],"expected":[1.5,0.5]}
CASE {"label":"n2-a0-r0-i1-p4-g1-f32","passed":false,"input":[1.0000000200408773e+20,1.0000000200408773e+20],"cotangent":[0.25,-0.75],"actual":[0,-1],"expected":[-0.125,-0.375]}
CASE {"label":"n2-a0-r0-i1-p4-g2-f32","passed":false,"input":[1.0000000200408773e+20,1.0000000200408773e+20],"cotangent":[0,1],"actual":[1,1],"expected":[0.5,0.5]}
CASE {"label":"n2-a0-r0-i1-p4-g3-f32","passed":true,"input":[1.0000000200408773e+20,1.0000000200408773e+20],"cotangent":[0,0],"actual":[0,0],"expected":[0,0]}
CASE {"label":"n2-a0-r0-i1-p5-g0-f32","passed":true,"input":[0,100000000],"cotangent":[1,1],"actual":[1,1],"expected":[1,1]}
CASE {"label":"n2-a0-r0-i1-p5-g1-f32","passed":false,"input":[0,100000000],"cotangent":[0.25,-0.75],"actual":[0.25,-1],"expected":[0.25,-0.75]}
CASE {"label":"n2-a0-r0-i1-p5-g2-f32","passed":true,"input":[0,100000000],"cotangent":[0,1],"actual":[0,1],"expected":[0,1]}
CASE {"label":"n2-a0-r0-i1-p5-g3-f32","passed":true,"input":[0,100000000],"cotangent":[0,0],"actual":[0,0],"expected":[0,0]}
CASE {"label":"n2-a0-r0-i1-p6-g0-f32","passed":false,"input":[100000000,0],"cotangent":[1,1],"actual":[1,0],"expected":[2,0]}
CASE {"label":"n2-a0-r0-i1-p6-g1-f32","passed":false,"input":[100000000,0],"cotangent":[0.25,-0.75],"actual":[0,0],"expected":[-0.5,0]}
CASE {"label":"n2-a0-r0-i1-p6-g2-f32","passed":true,"input":[100000000,0],"cotangent":[0,1],"actual":[1,0],"expected":[1,0]}
CASE {"label":"n2-a0-r0-i1-p6-g3-f32","passed":true,"input":[100000000,0],"cotangent":[0,0],"actual":[0,0],"expected":[0,0]}
CASE {"label":"n2-a0-r1-i0-p0-g0-f32","passed":true,"input":[0,0.25],"cotangent":[1,0],"actual":[0,1],"expected":[0,1]}
CASE {"label":"n2-a0-r1-i0-p0-g1-f32","passed":true,"input":[0,0.25],"cotangent":[0.25,0],"actual":[0,0.25],"expected":[0,0.25]}
CASE {"label":"n2-a0-r1-i0-p0-g2-f32","passed":true,"input":[0,0.25],"cotangent":[1,0],"actual":[0,1],"expected":[0,1]}
CASE {"label":"n2-a0-r1-i0-p0-g3-f32","passed":true,"input":[0,0.25],"cotangent":[0,0],"actual":[0,0],"expected":[0,0]}
CASE {"label":"n2-a0-r1-i0-p1-g0-f32","passed":true,"input":[1000,1000.25],"cotangent":[1,0],"actual":[0,1],"expected":[0,1]}
CASE {"label":"n2-a0-r1-i0-p1-g1-f32","passed":true,"input":[1000,1000.25],"cotangent":[0.25,0],"actual":[0,0.2500007152557373],"expected":[0,0.25]}
CASE {"label":"n2-a0-r1-i0-p1-g2-f32","passed":true,"input":[1000,1000.25],"cotangent":[1,0],"actual":[0,1],"expected":[0,1]}
CASE {"label":"n2-a0-r1-i0-p1-g3-f32","passed":true,"input":[1000,1000.25],"cotangent":[0,0],"actual":[0,0],"expected":[0,0]}
CASE {"label":"n2-a0-r1-i0-p2-g0-f32","passed":true,"input":[100000000,100000000],"cotangent":[1,0],"actual":[0,1],"expected":[0,1]}
CASE {"label":"n2-a0-r1-i0-p2-g1-f32","passed":false,"input":[100000000,100000000],"cotangent":[0.25,0],"actual":[0,1],"expected":[0,0.25]}
CASE {"label":"n2-a0-r1-i0-p2-g2-f32","passed":true,"input":[100000000,100000000],"cotangent":[1,0],"actual":[0,1],"expected":[0,1]}
CASE {"label":"n2-a0-r1-i0-p2-g3-f32","passed":true,"input":[100000000,100000000],"cotangent":[0,0],"actual":[0,0],"expected":[0,0]}
CASE {"label":"n2-a0-r1-i0-p3-g0-f32","passed":true,"input":[-100000000,-100000000],"cotangent":[1,0],"actual":[0,1],"expected":[0,1]}
CASE {"label":"n2-a0-r1-i0-p3-g1-f32","passed":false,"input":[-100000000,-100000000],"cotangent":[0.25,0],"actual":[0,1],"expected":[0,0.25]}
CASE {"label":"n2-a0-r1-i0-p3-g2-f32","passed":true,"input":[-100000000,-100000000],"cotangent":[1,0],"actual":[0,1],"expected":[0,1]}
CASE {"label":"n2-a0-r1-i0-p3-g3-f32","passed":true,"input":[-100000000,-100000000],"cotangent":[0,0],"actual":[0,0],"expected":[0,0]}
CASE {"label":"n2-a0-r1-i0-p4-g0-f32","passed":true,"input":[1.0000000200408773e+20,1.0000000200408773e+20],"cotangent":[1,0],"actual":[0,1],"expected":[0,1]}
CASE {"label":"n2-a0-r1-i0-p4-g1-f32","passed":false,"input":[1.0000000200408773e+20,1.0000000200408773e+20],"cotangent":[0.25,0],"actual":[0,1],"expected":[0,0.25]}
CASE {"label":"n2-a0-r1-i0-p4-g2-f32","passed":true,"input":[1.0000000200408773e+20,1.0000000200408773e+20],"cotangent":[1,0],"actual":[0,1],"expected":[0,1]}
CASE {"label":"n2-a0-r1-i0-p4-g3-f32","passed":true,"input":[1.0000000200408773e+20,1.0000000200408773e+20],"cotangent":[0,0],"actual":[0,0],"expected":[0,0]}
CASE {"label":"n2-a0-r1-i0-p5-g0-f32","passed":true,"input":[0,100000000],"cotangent":[1,0],"actual":[0,1],"expected":[0,1]}
CASE {"label":"n2-a0-r1-i0-p5-g1-f32","passed":false,"input":[0,100000000],"cotangent":[0.25,0],"actual":[0,1],"expected":[0,0.25]}
CASE {"label":"n2-a0-r1-i0-p5-g2-f32","passed":true,"input":[0,100000000],"cotangent":[1,0],"actual":[0,1],"expected":[0,1]}
CASE {"label":"n2-a0-r1-i0-p5-g3-f32","passed":true,"input":[0,100000000],"cotangent":[0,0],"actual":[0,0],"expected":[0,0]}
CASE {"label":"n2-a0-r1-i0-p6-g0-f32","passed":true,"input":[100000000,0],"cotangent":[1,0],"actual":[0,1],"expected":[0,1]}
CASE {"label":"n2-a0-r1-i0-p6-g1-f32","passed":true,"input":[100000000,0],"cotangent":[0.25,0],"actual":[0,0.25],"expected":[0,0.25]}
CASE {"label":"n2-a0-r1-i0-p6-g2-f32","passed":true,"input":[100000000,0],"cotangent":[1,0],"actual":[0,1],"expected":[0,1]}
CASE {"label":"n2-a0-r1-i0-p6-g3-f32","passed":true,"input":[100000000,0],"cotangent":[0,0],"actual":[0,0],"expected":[0,0]}
CASE {"label":"n2-a0-r1-i1-p0-g0-f32","passed":true,"input":[0,0.25],"cotangent":[1,1],"actual":[0.43782353401184082,1.5621765851974487],"expected":[0.43782349911420188,1.5621765008857982]}
CASE {"label":"n2-a0-r1-i1-p0-g1-f32","passed":true,"input":[0,0.25],"cotangent":[0.25,-0.75],"actual":[0.10945588350296021,-0.60945588350296021],"expected":[0.10945587477855047,-0.60945587477855045]}
CASE {"label":"n2-a0-r1-i1-p0-g2-f32","passed":true,"input":[0,0.25],"cotangent":[1,0],"actual":[0.43782353401184082,0.56217652559280396],"expected":[0.43782349911420188,0.56217650088579807]}
CASE {"label":"n2-a0-r1-i1-p0-g3-f32","passed":true,"input":[0,0.25],"cotangent":[0,0],"actual":[0,0],"expected":[0,0]}
CASE {"label":"n2-a0-r1-i1-p1-g0-f32","passed":true,"input":[1000,1000.25],"cotangent":[1,1],"actual":[0.43782863020896912,1.5622169971466064],"expected":[0.43782349911420188,1.5621765008857982]}
CASE {"label":"n2-a0-r1-i1-p1-g1-f32","passed":true,"input":[1000,1000.25],"cotangent":[0.25,-0.75],"actual":[0.10945747047662735,-0.60947132110595703],"expected":[0.10945587477855047,-0.60945587477855045]}
CASE {"label":"n2-a0-r1-i1-p1-g2-f32","passed":true,"input":[1000,1000.25],"cotangent":[1,0],"actual":[0.43782863020896912,0.56218308210372925],"expected":[0.43782349911420188,0.56217650088579807]}
CASE {"label":"n2-a0-r1-i1-p1-g3-f32","passed":true,"input":[1000,1000.25],"cotangent":[0,0],"actual":[0,0],"expected":[0,0]}
CASE {"label":"n2-a0-r1-i1-p2-g0-f32","passed":false,"input":[100000000,100000000],"cotangent":[1,1],"actual":[1,1],"expected":[0.5,1.5]}
CASE {"label":"n2-a0-r1-i1-p2-g1-f32","passed":false,"input":[100000000,100000000],"cotangent":[0.25,-0.75],"actual":[1,0],"expected":[0.125,-0.625]}
CASE {"label":"n2-a0-r1-i1-p2-g2-f32","passed":false,"input":[100000000,100000000],"cotangent":[1,0],"actual":[1,1],"expected":[0.5,0.5]}
CASE {"label":"n2-a0-r1-i1-p2-g3-f32","passed":true,"input":[100000000,100000000],"cotangent":[0,0],"actual":[0,0],"expected":[0,0]}
CASE {"label":"n2-a0-r1-i1-p3-g0-f32","passed":false,"input":[-100000000,-100000000],"cotangent":[1,1],"actual":[1,1],"expected":[0.5,1.5]}
CASE {"label":"n2-a0-r1-i1-p3-g1-f32","passed":false,"input":[-100000000,-100000000],"cotangent":[0.25,-0.75],"actual":[1,0],"expected":[0.125,-0.625]}
CASE {"label":"n2-a0-r1-i1-p3-g2-f32","passed":false,"input":[-100000000,-100000000],"cotangent":[1,0],"actual":[1,1],"expected":[0.5,0.5]}
CASE {"label":"n2-a0-r1-i1-p3-g3-f32","passed":true,"input":[-100000000,-100000000],"cotangent":[0,0],"actual":[0,0],"expected":[0,0]}
CASE {"label":"n2-a0-r1-i1-p4-g0-f32","passed":false,"input":[1.0000000200408773e+20,1.0000000200408773e+20],"cotangent":[1,1],"actual":[1,1],"expected":[0.5,1.5]}
CASE {"label":"n2-a0-r1-i1-p4-g1-f32","passed":false,"input":[1.0000000200408773e+20,1.0000000200408773e+20],"cotangent":[0.25,-0.75],"actual":[1,0],"expected":[0.125,-0.625]}
CASE {"label":"n2-a0-r1-i1-p4-g2-f32","passed":false,"input":[1.0000000200408773e+20,1.0000000200408773e+20],"cotangent":[1,0],"actual":[1,1],"expected":[0.5,0.5]}
CASE {"label":"n2-a0-r1-i1-p4-g3-f32","passed":true,"input":[1.0000000200408773e+20,1.0000000200408773e+20],"cotangent":[0,0],"actual":[0,0],"expected":[0,0]}
CASE {"label":"n2-a0-r1-i1-p5-g0-f32","passed":false,"input":[0,100000000],"cotangent":[1,1],"actual":[0,1],"expected":[0,2]}
CASE {"label":"n2-a0-r1-i1-p5-g1-f32","passed":false,"input":[0,100000000],"cotangent":[0.25,-0.75],"actual":[0,0],"expected":[0,-0.5]}
CASE {"label":"n2-a0-r1-i1-p5-g2-f32","passed":true,"input":[0,100000000],"cotangent":[1,0],"actual":[0,1],"expected":[0,1]}
CASE {"label":"n2-a0-r1-i1-p5-g3-f32","passed":true,"input":[0,100000000],"cotangent":[0,0],"actual":[0,0],"expected":[0,0]}
CASE {"label":"n2-a0-r1-i1-p6-g0-f32","passed":true,"input":[100000000,0],"cotangent":[1,1],"actual":[1,1],"expected":[1,1]}
CASE {"label":"n2-a0-r1-i1-p6-g1-f32","passed":false,"input":[100000000,0],"cotangent":[0.25,-0.75],"actual":[1,-0.75],"expected":[0.25,-0.75]}
CASE {"label":"n2-a0-r1-i1-p6-g2-f32","passed":true,"input":[100000000,0],"cotangent":[1,0],"actual":[1,0],"expected":[1,0]}
CASE {"label":"n2-a0-r1-i1-p6-g3-f32","passed":true,"input":[100000000,0],"cotangent":[0,0],"actual":[0,0],"expected":[0,0]}
CASE {"label":"n4-a0-r0-i0-p0-g0-f32","passed":true,"input":[0,0.25,0.5,0],"cotangent":[0,1,1,1],"actual":[1.6920987367630005,0.88867241144180298,0.41922900080680847,0],"expected":[1.6920987117046675,0.88867233668563483,0.4192289516096977,0]}
CASE {"label":"n4-a0-r0-i0-p0-g1-f32","passed":true,"input":[0,0.25,0.5,0],"cotangent":[0,-0.75,0.25,-0.75],"actual":[-0.83125054836273193,-0.10432779788970947,-0.31442174315452576,0],"expected":[-0.83125053466429877,-0.104327751628428,-0.31442171370727329,0]}
CASE {"label":"n4-a0-r0-i0-p0-g2-f32","passed":true,"input":[0,0.25,0.5,0],"cotangent":[0,0,0,1],"actual":[0.25427523255348206,0.32649585604667664,0.41922900080680847,0],"expected":[0.25427521259046565,0.32649583579983671,0.4192289516096977,0]}
CASE {"label":"n4-a0-r0-i0-p0-g3-f32","passed":true,"input":[0,0.25,0.5,0],"cotangent":[0,0,0,0],"actual":[0,0,0,0],"expected":[0,0,0,0]}
CASE {"label":"n4-a0-r0-i0-p1-g0-f32","passed":true,"input":[1000,1000.25,1000.5,1000],"cotangent":[0,1,1,1],"actual":[1.6920485496520996,0.88865876197814941,0.4192349910736084,0],"expected":[1.6920987117046675,0.88867233668563483,0.4192289516096977,0]}
CASE {"label":"n4-a0-r0-i0-p1-g1-f32","passed":true,"input":[1000,1000.25,1000.5,1000],"cotangent":[0,-0.75,0.25,-0.75],"actual":[-0.83127528429031372,-0.10433496534824371,-0.31443357467651367,0],"expected":[-0.83125053466429877,-0.104327751628428,-0.31442171370727329,0]}
CASE {"label":"n4-a0-r0-i0-p1-g2-f32","passed":true,"input":[1000,1000.25,1000.5,1000],"cotangent":[0,0,0,1],"actual":[0.25427886843681335,0.3265005350112915,0.4192349910736084,0],"expected":[0.25427521259046565,0.32649583579983671,0.4192289516096977,0]}
CASE {"label":"n4-a0-r0-i0-p1-g3-f32","passed":true,"input":[1000,1000.25,1000.5,1000],"cotangent":[0,0,0,0],"actual":[0,0,0,0],"expected":[0,0,0,0]}
CASE {"label":"n4-a0-r0-i0-p2-g0-f32","passed":false,"input":[100000000,100000000,100000000,100000000],"cotangent":[0,1,1,1],"actual":[1,1,1,0],"expected":[1.8333333333333333,0.83333333333333326,0.33333333333333331,0]}
CASE {"label":"n4-a0-r0-i0-p2-g1-f32","passed":false,"input":[100000000,100000000,100000000,100000000],"cotangent":[0,-0.75,0.25,-0.75],"actual":[0,0,-1,0],"expected":[-0.875,-0.125,-0.25,0]}
CASE {"label":"n4-a0-r0-i0-p2-g2-f32","passed":false,"input":[100000000,100000000,100000000,100000000],"cotangent":[0,0,0,1],"actual":[1,1,1,0],"expected":[0.33333333333333331,0.33333333333333331,0.33333333333333331,0]}
CASE {"label":"n4-a0-r0-i0-p2-g3-f32","passed":true,"input":[100000000,100000000,100000000,100000000],"cotangent":[0,0,0,0],"actual":[0,0,0,0],"expected":[0,0,0,0]}
CASE {"label":"n4-a0-r0-i0-p3-g0-f32","passed":false,"input":[-100000000,-100000000,-100000000,-100000000],"cotangent":[0,1,1,1],"actual":[1,1,1,0],"expected":[1.8333333333333333,0.83333333333333326,0.33333333333333331,0]}
CASE {"label":"n4-a0-r0-i0-p3-g1-f32","passed":false,"input":[-100000000,-100000000,-100000000,-100000000],"cotangent":[0,-0.75,0.25,-0.75],"actual":[0,0,-1,0],"expected":[-0.875,-0.125,-0.25,0]}
CASE {"label":"n4-a0-r0-i0-p3-g2-f32","passed":false,"input":[-100000000,-100000000,-100000000,-100000000],"cotangent":[0,0,0,1],"actual":[1,1,1,0],"expected":[0.33333333333333331,0.33333333333333331,0.33333333333333331,0]}
CASE {"label":"n4-a0-r0-i0-p3-g3-f32","passed":true,"input":[-100000000,-100000000,-100000000,-100000000],"cotangent":[0,0,0,0],"actual":[0,0,0,0],"expected":[0,0,0,0]}
CASE {"label":"n4-a0-r0-i0-p4-g0-f32","passed":false,"input":[1.0000000200408773e+20,1.0000000200408773e+20,1.0000000200408773e+20,1.0000000200408773e+20],"cotangent":[0,1,1,1],"actual":[1,1,1,0],"expected":[1.8333333333333333,0.83333333333333326,0.33333333333333331,0]}
CASE {"label":"n4-a0-r0-i0-p4-g1-f32","passed":false,"input":[1.0000000200408773e+20,1.0000000200408773e+20,1.0000000200408773e+20,1.0000000200408773e+20],"cotangent":[0,-0.75,0.25,-0.75],"actual":[0,0,-1,0],"expected":[-0.875,-0.125,-0.25,0]}
CASE {"label":"n4-a0-r0-i0-p4-g2-f32","passed":false,"input":[1.0000000200408773e+20,1.0000000200408773e+20,1.0000000200408773e+20,1.0000000200408773e+20],"cotangent":[0,0,0,1],"actual":[1,1,1,0],"expected":[0.33333333333333331,0.33333333333333331,0.33333333333333331,0]}
CASE {"label":"n4-a0-r0-i0-p4-g3-f32","passed":true,"input":[1.0000000200408773e+20,1.0000000200408773e+20,1.0000000200408773e+20,1.0000000200408773e+20],"cotangent":[0,0,0,0],"actual":[0,0,0,0],"expected":[0,0,0,0]}
CASE {"label":"n4-a0-r0-i0-p5-g0-f32","passed":true,"input":[0,0,0,100000000],"cotangent":[0,1,1,1],"actual":[1.8333332538604736,0.83333331346511841,0.3333333432674408,0],"expected":[1.8333333333333333,0.83333333333333326,0.33333333333333331,0]}
CASE {"label":"n4-a0-r0-i0-p5-g1-f32","passed":true,"input":[0,0,0,100000000],"cotangent":[0,-0.75,0.25,-0.75],"actual":[-0.875,-0.125,-0.25,0],"expected":[-0.875,-0.125,-0.25,0]}
CASE {"label":"n4-a0-r0-i0-p5-g2-f32","passed":true,"input":[0,0,0,100000000],"cotangent":[0,0,0,1],"actual":[0.3333333432674408,0.3333333432674408,0.3333333432674408,0],"expected":[0.33333333333333331,0.33333333333333331,0.33333333333333331,0]}
CASE {"label":"n4-a0-r0-i0-p5-g3-f32","passed":true,"input":[0,0,0,100000000],"cotangent":[0,0,0,0],"actual":[0,0,0,0],"expected":[0,0,0,0]}
CASE {"label":"n4-a0-r0-i0-p6-g0-f32","passed":false,"input":[100000000,0,0,0],"cotangent":[0,1,1,1],"actual":[1,0,0,0],"expected":[3,0,0,0]}
CASE {"label":"n4-a0-r0-i0-p6-g1-f32","passed":false,"input":[100000000,0,0,0],"cotangent":[0,-0.75,0.25,-0.75],"actual":[0,0,0,0],"expected":[-1.25,0,0,0]}
CASE {"label":"n4-a0-r0-i0-p6-g2-f32","passed":true,"input":[100000000,0,0,0],"cotangent":[0,0,0,1],"actual":[1,0,0,0],"expected":[1,0,0,0]}
CASE {"label":"n4-a0-r0-i0-p6-g3-f32","passed":true,"input":[100000000,0,0,0],"cotangent":[0,0,0,0],"actual":[0,0,0,0],"expected":[0,0,0,0]}
CASE {"label":"n4-a0-r0-i1-p0-g0-f32","passed":true,"input":[0,0.25,0.5,0],"cotangent":[1,1,1,1],"actual":[1.8948255777359009,1.1489787101745605,0.75346899032592773,0.2027268260717392],"expected":[1.8948255216089378,1.1489787132467422,0.75346895524004964,0.20272680990427036]}
CASE {"label":"n4-a0-r0-i1-p0-g1-f32","passed":true,"input":[0,0.25,0.5,0],"cotangent":[0.25,-0.75,0.25,-0.75],"actual":[-0.16684398055076599,-0.53523826599121094,-0.14587278664112091,-0.15204513072967529],"expected":[-0.1668439286162377,-0.53523819913521986,-0.14587276482033956,-0.15204510742820276]}
CASE {"label":"n4-a0-r0-i1-p0-g2-f32","passed":true,"input":[0,0.25,0.5,0],"cotangent":[0,0,0,1],"actual":[0.2027268260717392,0.26030641794204712,0.33424004912376404,0.2027268260717392],"expected":[0.20272680990427036,0.26030637656110728,0.33424000363035195,0.20272680990427036]}
CASE {"label":"n4-a0-r0-i1-p0-g3-f32","passed":true,"input":[0,0.25,0.5,0],"cotangent":[0,0,0,0],"actual":[0,0,0,0],"expected":[0,0,0,0]}
CASE {"label":"n4-a0-r0-i1-p1-g0-f32","passed":true,"input":[1000,1000.25,1000.5,1000],"cotangent":[1,1,1,1],"actual":[1.8947731256484985,1.1489574909210205,0.75345873832702637,0.20272877812385559],"expected":[1.8948255216089378,1.1489787132467422,0.75346895524004964,0.20272680990427036]}
CASE {"label":"n4-a0-r0-i1-p1-g1-f32","passed":true,"input":[1000,1000.25,1000.5,1000],"cotangent":[0.25,-0.75,0.25,-0.75],"actual":[-0.16684949398040771,-0.53524696826934814,-0.14587926864624023,-0.15205013751983643],"expected":[-0.1668439286162377,-0.53523819913521986,-0.14587276482033956,-0.15204510742820276]}
CASE {"label":"n4-a0-r0-i1-p1-g2-f32","passed":true,"input":[1000,1000.25,1000.5,1000],"cotangent":[0,0,0,1],"actual":[0.20272877812385559,0.26030892133712769,0.33424323797225952,0.20272877812385559],"expected":[0.20272680990427036,0.26030637656110728,0.33424000363035195,0.20272680990427036]}
CASE {"label":"n4-a0-r0-i1-p1-g3-f32","passed":true,"input":[1000,1000.25,1000.5,1000],"cotangent":[0,0,0,0],"actual":[0,0,0,0],"expected":[0,0,0,0]}
CASE {"label":"n4-a0-r0-i1-p2-g0-f32","passed":false,"input":[100000000,100000000,100000000,100000000],"cotangent":[1,1,1,1],"actual":[1,1,1,1],"expected":[2.083333333333333,1.0833333333333333,0.58333333333333326,0.25]}
CASE {"label":"n4-a0-r0-i1-p2-g1-f32","passed":false,"input":[100000000,100000000,100000000,100000000],"cotangent":[0.25,-0.75,0.25,-0.75],"actual":[0,0,0,-1],"expected":[-0.22916666666666669,-0.47916666666666669,-0.10416666666666667,-0.1875]}
CASE {"label":"n4-a0-r0-i1-p2-g2-f32","passed":false,"input":[100000000,100000000,100000000,100000000],"cotangent":[0,0,0,1],"actual":[1,1,1,1],"expected":[0.25,0.25,0.25,0.25]}
CASE {"label":"n4-a0-r0-i1-p2-g3-f32","passed":true,"input":[100000000,100000000,100000000,100000000],"cotangent":[0,0,0,0],"actual":[0,0,0,0],"expected":[0,0,0,0]}
CASE {"label":"n4-a0-r0-i1-p3-g0-f32","passed":false,"input":[-100000000,-100000000,-100000000,-100000000],"cotangent":[1,1,1,1],"actual":[1,1,1,1],"expected":[2.083333333333333,1.0833333333333333,0.58333333333333326,0.25]}
CASE {"label":"n4-a0-r0-i1-p3-g1-f32","passed":false,"input":[-100000000,-100000000,-100000000,-100000000],"cotangent":[0.25,-0.75,0.25,-0.75],"actual":[0,0,0,-1],"expected":[-0.22916666666666669,-0.47916666666666669,-0.10416666666666667,-0.1875]}
CASE {"label":"n4-a0-r0-i1-p3-g2-f32","passed":false,"input":[-100000000,-100000000,-100000000,-100000000],"cotangent":[0,0,0,1],"actual":[1,1,1,1],"expected":[0.25,0.25,0.25,0.25]}
CASE {"label":"n4-a0-r0-i1-p3-g3-f32","passed":true,"input":[-100000000,-100000000,-100000000,-100000000],"cotangent":[0,0,0,0],"actual":[0,0,0,0],"expected":[0,0,0,0]}
CASE {"label":"n4-a0-r0-i1-p4-g0-f32","passed":false,"input":[1.0000000200408773e+20,1.0000000200408773e+20,1.0000000200408773e+20,1.0000000200408773e+20],"cotangent":[1,1,1,1],"actual":[1,1,1,1],"expected":[2.083333333333333,1.0833333333333333,0.58333333333333326,0.25]}
CASE {"label":"n4-a0-r0-i1-p4-g1-f32","passed":false,"input":[1.0000000200408773e+20,1.0000000200408773e+20,1.0000000200408773e+20,1.0000000200408773e+20],"cotangent":[0.25,-0.75,0.25,-0.75],"actual":[0,0,0,-1],"expected":[-0.22916666666666669,-0.47916666666666669,-0.10416666666666667,-0.1875]}
CASE {"label":"n4-a0-r0-i1-p4-g2-f32","passed":false,"input":[1.0000000200408773e+20,1.0000000200408773e+20,1.0000000200408773e+20,1.0000000200408773e+20],"cotangent":[0,0,0,1],"actual":[1,1,1,1],"expected":[0.25,0.25,0.25,0.25]}
CASE {"label":"n4-a0-r0-i1-p4-g3-f32","passed":true,"input":[1.0000000200408773e+20,1.0000000200408773e+20,1.0000000200408773e+20,1.0000000200408773e+20],"cotangent":[0,0,0,0],"actual":[0,0,0,0],"expected":[0,0,0,0]}
CASE {"label":"n4-a0-r0-i1-p5-g0-f32","passed":true,"input":[0,0,0,100000000],"cotangent":[1,1,1,1],"actual":[1.8333332538604736,0.83333331346511841,0.3333333432674408,1],"expected":[1.8333333333333333,0.83333333333333326,0.33333333333333331,1]}
CASE {"label":"n4-a0-r0-i1-p5-g1-f32","passed":false,"input":[0,0,0,100000000],"cotangent":[0.25,-0.75,0.25,-0.75],"actual":[-0.041666656732559204,-0.2916666567325592,0.083333343267440796,-1],"expected":[-0.041666666666666671,-0.29166666666666669,0.083333333333333329,-0.75]}
CASE {"label":"n4-a0-r0-i1-p5-g2-f32","passed":true,"input":[0,0,0,100000000],"cotangent":[0,0,0,1],"actual":[0,0,0,1],"expected":[0,0,0,1]}
CASE {"label":"n4-a0-r0-i1-p5-g3-f32","passed":true,"input":[0,0,0,100000000],"cotangent":[0,0,0,0],"actual":[0,0,0,0],"expected":[0,0,0,0]}
CASE {"label":"n4-a0-r0-i1-p6-g0-f32","passed":false,"input":[100000000,0,0,0],"cotangent":[1,1,1,1],"actual":[1,0,0,0],"expected":[4,0,0,0]}
CASE {"label":"n4-a0-r0-i1-p6-g1-f32","passed":false,"input":[100000000,0,0,0],"cotangent":[0.25,-0.75,0.25,-0.75],"actual":[0,0,0,0],"expected":[-1,0,0,0]}
CASE {"label":"n4-a0-r0-i1-p6-g2-f32","passed":true,"input":[100000000,0,0,0],"cotangent":[0,0,0,1],"actual":[1,0,0,0],"expected":[1,0,0,0]}
CASE {"label":"n4-a0-r0-i1-p6-g3-f32","passed":true,"input":[100000000,0,0,0],"cotangent":[0,0,0,0],"actual":[0,0,0,0],"expected":[0,0,0,0]}
CASE {"label":"n4-a0-r1-i0-p0-g0-f32","passed":true,"input":[0,0.25,0.5,0],"cotangent":[1,1,1,0],"actual":[0,0.32649585604667664,1.0416883230209351,1.6318159103393555],"expected":[0,0.32649583579983665,1.0416882828115521,1.631815881388611]}
CASE {"label":"n4-a0-r1-i0-p0-g1-f32","passed":true,"input":[0,0.25,0.5,0],"cotangent":[0.25,-0.75,0.25,0],"actual":[0,0.081623964011669159,-0.36203724145889282,0.030413299798965454],"expected":[0,0.081623958949959163,-0.36203726049896651,0.030413301549007316]}
CASE {"label":"n4-a0-r1-i0-p0-g2-f32","passed":true,"input":[0,0.25,0.5,0],"cotangent":[1,0,0,0],"actual":[0,0.32649585604667664,0.41922900080680847,0.25427523255348206],"expected":[0,0.32649583579983665,0.41922895160969764,0.25427521259046559]}
CASE {"label":"n4-a0-r1-i0-p0-g3-f32","passed":true,"input":[0,0.25,0.5,0],"cotangent":[0,0,0,0],"actual":[0,0,0,0],"expected":[0,0,0,0]}
CASE {"label":"n4-a0-r1-i0-p1-g0-f32","passed":true,"input":[1000,1000.25,1000.5,1000],"cotangent":[1,1,1,0],"actual":[0,0.3265005350112915,1.0416775941848755,1.6318022012710571],"expected":[0,0.32649583579983665,1.0416882828115521,1.631815881388611]}
CASE {"label":"n4-a0-r1-i0-p1-g1-f32","passed":true,"input":[1000,1000.25,1000.5,1000],"cotangent":[0.25,-0.75,0.25,0],"actual":[0,0.081625364720821381,-0.3620542585849762,0.030404239892959595],"expected":[0,0.081623958949959163,-0.36203726049896651,0.030413301549007316]}
CASE {"label":"n4-a0-r1-i0-p1-g2-f32","passed":true,"input":[1000,1000.25,1000.5,1000],"cotangent":[1,0,0,0],"actual":[0,0.3265005350112915,0.4192349910736084,0.25427886843681335],"expected":[0,0.32649583579983665,0.41922895160969764,0.25427521259046559]}
CASE {"label":"n4-a0-r1-i0-p1-g3-f32","passed":true,"input":[1000,1000.25,1000.5,1000],"cotangent":[0,0,0,0],"actual":[0,0,0,0],"expected":[0,0,0,0]}
CASE {"label":"n4-a0-r1-i0-p2-g0-f32","passed":false,"input":[100000000,100000000,100000000,100000000],"cotangent":[1,1,1,0],"actual":[0,1,1,1],"expected":[0,0.33333333333333331,0.83333333333333326,1.8333333333333333]}
CASE {"label":"n4-a0-r1-i0-p2-g1-f32","passed":false,"input":[100000000,100000000,100000000,100000000],"cotangent":[0.25,-0.75,0.25,0],"actual":[0,1,0,0],"expected":[0,0.083333333333333329,-0.29166666666666669,-0.041666666666666685]}
CASE {"label":"n4-a0-r1-i0-p2-g2-f32","passed":false,"input":[100000000,100000000,100000000,100000000],"cotangent":[1,0,0,0],"actual":[0,1,1,1],"expected":[0,0.33333333333333331,0.33333333333333331,0.33333333333333331]}
CASE {"label":"n4-a0-r1-i0-p2-g3-f32","passed":true,"input":[100000000,100000000,100000000,100000000],"cotangent":[0,0,0,0],"actual":[0,0,0,0],"expected":[0,0,0,0]}
CASE {"label":"n4-a0-r1-i0-p3-g0-f32","passed":false,"input":[-100000000,-100000000,-100000000,-100000000],"cotangent":[1,1,1,0],"actual":[0,1,1,1],"expected":[0,0.33333333333333331,0.83333333333333326,1.8333333333333333]}
CASE {"label":"n4-a0-r1-i0-p3-g1-f32","passed":false,"input":[-100000000,-100000000,-100000000,-100000000],"cotangent":[0.25,-0.75,0.25,0],"actual":[0,1,0,0],"expected":[0,0.083333333333333329,-0.29166666666666669,-0.041666666666666685]}
CASE {"label":"n4-a0-r1-i0-p3-g2-f32","passed":false,"input":[-100000000,-100000000,-100000000,-100000000],"cotangent":[1,0,0,0],"actual":[0,1,1,1],"expected":[0,0.33333333333333331,0.33333333333333331,0.33333333333333331]}
CASE {"label":"n4-a0-r1-i0-p3-g3-f32","passed":true,"input":[-100000000,-100000000,-100000000,-100000000],"cotangent":[0,0,0,0],"actual":[0,0,0,0],"expected":[0,0,0,0]}
CASE {"label":"n4-a0-r1-i0-p4-g0-f32","passed":false,"input":[1.0000000200408773e+20,1.0000000200408773e+20,1.0000000200408773e+20,1.0000000200408773e+20],"cotangent":[1,1,1,0],"actual":[0,1,1,1],"expected":[0,0.33333333333333331,0.83333333333333326,1.8333333333333333]}
CASE {"label":"n4-a0-r1-i0-p4-g1-f32","passed":false,"input":[1.0000000200408773e+20,1.0000000200408773e+20,1.0000000200408773e+20,1.0000000200408773e+20],"cotangent":[0.25,-0.75,0.25,0],"actual":[0,1,0,0],"expected":[0,0.083333333333333329,-0.29166666666666669,-0.041666666666666685]}
CASE {"label":"n4-a0-r1-i0-p4-g2-f32","passed":false,"input":[1.0000000200408773e+20,1.0000000200408773e+20,1.0000000200408773e+20,1.0000000200408773e+20],"cotangent":[1,0,0,0],"actual":[0,1,1,1],"expected":[0,0.33333333333333331,0.33333333333333331,0.33333333333333331]}
CASE {"label":"n4-a0-r1-i0-p4-g3-f32","passed":true,"input":[1.0000000200408773e+20,1.0000000200408773e+20,1.0000000200408773e+20,1.0000000200408773e+20],"cotangent":[0,0,0,0],"actual":[0,0,0,0],"expected":[0,0,0,0]}
CASE {"label":"n4-a0-r1-i0-p5-g0-f32","passed":false,"input":[0,0,0,100000000],"cotangent":[1,1,1,0],"actual":[0,0,0,1],"expected":[0,0,0,3]}
CASE {"label":"n4-a0-r1-i0-p5-g1-f32","passed":false,"input":[0,0,0,100000000],"cotangent":[0.25,-0.75,0.25,0],"actual":[0,0,0,0],"expected":[0,0,0,-0.25]}
CASE {"label":"n4-a0-r1-i0-p5-g2-f32","passed":true,"input":[0,0,0,100000000],"cotangent":[1,0,0,0],"actual":[0,0,0,1],"expected":[0,0,0,1]}
CASE {"label":"n4-a0-r1-i0-p5-g3-f32","passed":true,"input":[0,0,0,100000000],"cotangent":[0,0,0,0],"actual":[0,0,0,0],"expected":[0,0,0,0]}
CASE {"label":"n4-a0-r1-i0-p6-g0-f32","passed":true,"input":[100000000,0,0,0],"cotangent":[1,1,1,0],"actual":[0,0.3333333432674408,0.83333331346511841,1.8333332538604736],"expected":[0,0.33333333333333331,0.83333333333333326,1.8333333333333333]}
CASE {"label":"n4-a0-r1-i0-p6-g1-f32","passed":true,"input":[100000000,0,0,0],"cotangent":[0.25,-0.75,0.25,0],"actual":[0,0.083333343267440796,-0.2916666567325592,-0.041666656732559204],"expected":[0,0.083333333333333329,-0.29166666666666669,-0.041666666666666685]}
CASE {"label":"n4-a0-r1-i0-p6-g2-f32","passed":true,"input":[100000000,0,0,0],"cotangent":[1,0,0,0],"actual":[0,0.3333333432674408,0.3333333432674408,0.3333333432674408],"expected":[0,0.33333333333333331,0.33333333333333331,0.33333333333333331]}
CASE {"label":"n4-a0-r1-i0-p6-g3-f32","passed":true,"input":[100000000,0,0,0],"cotangent":[0,0,0,0],"actual":[0,0,0,0],"expected":[0,0,0,0]}
CASE {"label":"n4-a0-r1-i1-p0-g0-f32","passed":true,"input":[0,0.25,0.5,0],"cotangent":[1,1,1,1],"actual":[0.2027268260717392,0.58680224418640137,1.3759282827377319,1.8345427513122559],"expected":[0.20272680990427036,0.58680221236094399,1.375928286441904,1.8345426912928815]}
CASE {"label":"n4-a0-r1-i1-p0-g1-f32","passed":true,"input":[0,0.25,0.5,0],"cotangent":[0.25,-0.75,0.25,-0.75],"actual":[0.050681706517934799,-0.17979530990123749,-0.075246885418891907,-0.7956395149230957],"expected":[0.05068170247606759,-0.17979528270960066,-0.075246879999221611,-0.79563953976724522]}
CASE {"label":"n4-a0-r1-i1-p0-g2-f32","passed":true,"input":[0,0.25,0.5,0],"cotangent":[1,0,0,0],"actual":[0.2027268260717392,0.26030641794204712,0.33424004912376404,0.2027268260717392],"expected":[0.20272680990427036,0.26030637656110728,0.33424000363035195,0.20272680990427036]}
CASE {"label":"n4-a0-r1-i1-p0-g3-f32","passed":true,"input":[0,0.25,0.5,0],"cotangent":[0,0,0,0],"actual":[0,0,0,0],"expected":[0,0,0,0]}
CASE {"label":"n4-a0-r1-i1-p1-g0-f32","passed":true,"input":[1000,1000.25,1000.5,1000],"cotangent":[1,1,1,1],"actual":[0.20272877812385559,0.58679425716400146,1.3759615421295166,1.8345725536346436],"expected":[0.20272680990427036,0.58680221236094399,1.375928286441904,1.8345426912928815]}
CASE {"label":"n4-a0-r1-i1-p1-g1-f32","passed":true,"input":[1000,1000.25,1000.5,1000],"cotangent":[0.25,-0.75,0.25,-0.75],"actual":[0.050682343542575836,-0.17980372905731201,-0.075254321098327637,-0.79566323757171631],"expected":[0.05068170247606759,-0.17979528270960066,-0.075246879999221611,-0.79563953976724522]}
CASE {"label":"n4-a0-r1-i1-p1-g2-f32","passed":true,"input":[1000,1000.25,1000.5,1000],"cotangent":[1,0,0,0],"actual":[0.20272877812385559,0.26030892133712769,0.33424323797225952,0.20272877812385559],"expected":[0.20272680990427036,0.26030637656110728,0.33424000363035195,0.20272680990427036]}
CASE {"label":"n4-a0-r1-i1-p1-g3-f32","passed":true,"input":[1000,1000.25,1000.5,1000],"cotangent":[0,0,0,0],"actual":[0,0,0,0],"expected":[0,0,0,0]}
CASE {"label":"n4-a0-r1-i1-p2-g0-f32","passed":false,"input":[100000000,100000000,100000000,100000000],"cotangent":[1,1,1,1],"actual":[1,1,1,1],"expected":[0.25,0.58333333333333326,1.0833333333333333,2.083333333333333]}
CASE {"label":"n4-a0-r1-i1-p2-g1-f32","passed":false,"input":[100000000,100000000,100000000,100000000],"cotangent":[0.25,-0.75,0.25,-0.75],"actual":[1,0,0,0],"expected":[0.0625,-0.1875,-0.0625,-0.8125]}
CASE {"label":"n4-a0-r1-i1-p2-g2-f32","passed":false,"input":[100000000,100000000,100000000,100000000],"cotangent":[1,0,0,0],"actual":[1,1,1,1],"expected":[0.25,0.25,0.25,0.25]}
CASE {"label":"n4-a0-r1-i1-p2-g3-f32","passed":true,"input":[100000000,100000000,100000000,100000000],"cotangent":[0,0,0,0],"actual":[0,0,0,0],"expected":[0,0,0,0]}
CASE {"label":"n4-a0-r1-i1-p3-g0-f32","passed":false,"input":[-100000000,-100000000,-100000000,-100000000],"cotangent":[1,1,1,1],"actual":[1,1,1,1],"expected":[0.25,0.58333333333333326,1.0833333333333333,2.083333333333333]}
CASE {"label":"n4-a0-r1-i1-p3-g1-f32","passed":false,"input":[-100000000,-100000000,-100000000,-100000000],"cotangent":[0.25,-0.75,0.25,-0.75],"actual":[1,0,0,0],"expected":[0.0625,-0.1875,-0.0625,-0.8125]}
CASE {"label":"n4-a0-r1-i1-p3-g2-f32","passed":false,"input":[-100000000,-100000000,-100000000,-100000000],"cotangent":[1,0,0,0],"actual":[1,1,1,1],"expected":[0.25,0.25,0.25,0.25]}
CASE {"label":"n4-a0-r1-i1-p3-g3-f32","passed":true,"input":[-100000000,-100000000,-100000000,-100000000],"cotangent":[0,0,0,0],"actual":[0,0,0,0],"expected":[0,0,0,0]}
CASE {"label":"n4-a0-r1-i1-p4-g0-f32","passed":false,"input":[1.0000000200408773e+20,1.0000000200408773e+20,1.0000000200408773e+20,1.0000000200408773e+20],"cotangent":[1,1,1,1],"actual":[1,1,1,1],"expected":[0.25,0.58333333333333326,1.0833333333333333,2.083333333333333]}
CASE {"label":"n4-a0-r1-i1-p4-g1-f32","passed":false,"input":[1.0000000200408773e+20,1.0000000200408773e+20,1.0000000200408773e+20,1.0000000200408773e+20],"cotangent":[0.25,-0.75,0.25,-0.75],"actual":[1,0,0,0],"expected":[0.0625,-0.1875,-0.0625,-0.8125]}
CASE {"label":"n4-a0-r1-i1-p4-g2-f32","passed":false,"input":[1.0000000200408773e+20,1.0000000200408773e+20,1.0000000200408773e+20,1.0000000200408773e+20],"cotangent":[1,0,0,0],"actual":[1,1,1,1],"expected":[0.25,0.25,0.25,0.25]}
CASE {"label":"n4-a0-r1-i1-p4-g3-f32","passed":true,"input":[1.0000000200408773e+20,1.0000000200408773e+20,1.0000000200408773e+20,1.0000000200408773e+20],"cotangent":[0,0,0,0],"actual":[0,0,0,0],"expected":[0,0,0,0]}
CASE {"label":"n4-a0-r1-i1-p5-g0-f32","passed":false,"input":[0,0,0,100000000],"cotangent":[1,1,1,1],"actual":[0,0,0,1],"expected":[0,0,0,4]}
CASE {"label":"n4-a0-r1-i1-p5-g1-f32","passed":false,"input":[0,0,0,100000000],"cotangent":[0.25,-0.75,0.25,-0.75],"actual":[0,0,0,0],"expected":[0,0,0,-1]}
CASE {"label":"n4-a0-r1-i1-p5-g2-f32","passed":true,"input":[0,0,0,100000000],"cotangent":[1,0,0,0],"actual":[0,0,0,1],"expected":[0,0,0,1]}
CASE {"label":"n4-a0-r1-i1-p5-g3-f32","passed":true,"input":[0,0,0,100000000],"cotangent":[0,0,0,0],"actual":[0,0,0,0],"expected":[0,0,0,0]}
CASE {"label":"n4-a0-r1-i1-p6-g0-f32","passed":true,"input":[100000000,0,0,0],"cotangent":[1,1,1,1],"actual":[1,0.3333333432674408,0.83333331346511841,1.8333332538604736],"expected":[1,0.33333333333333331,0.83333333333333326,1.8333333333333333]}
CASE {"label":"n4-a0-r1-i1-p6-g1-f32","passed":false,"input":[100000000,0,0,0],"cotangent":[0.25,-0.75,0.25,-0.75],"actual":[1,-0.25,-0.125,-0.875],"expected":[0.25,-0.25,-0.125,-0.875]}
CASE {"label":"n4-a0-r1-i1-p6-g2-f32","passed":true,"input":[100000000,0,0,0],"cotangent":[1,0,0,0],"actual":[1,0,0,0],"expected":[1,0,0,0]}
CASE {"label":"n4-a0-r1-i1-p6-g3-f32","passed":true,"input":[100000000,0,0,0],"cotangent":[0,0,0,0],"actual":[0,0,0,0],"expected":[0,0,0,0]}
CASE {"label":"n6-a0-r0-i0-p0-g0-f32","passed":true,"input":[0,0.25,0.5,0,0.25,0.5],"cotangent":[0,0,0,1,1,1],"actual":[1,1,1,0,0,0],"expected":[1,1,1,0,0,0]}
CASE {"label":"n6-a0-r0-i0-p0-g1-f32","passed":true,"input":[0,0.25,0.5,0,0.25,0.5],"cotangent":[0,0,0,-0.75,0.25,-0.75],"actual":[-0.75,0.25,-0.75,0,0,0],"expected":[-0.75,0.25,-0.75,0,0,0]}
CASE {"label":"n6-a0-r0-i0-p0-g2-f32","passed":true,"input":[0,0.25,0.5,0,0.25,0.5],"cotangent":[0,0,0,1,1,1],"actual":[1,1,1,0,0,0],"expected":[1,1,1,0,0,0]}
CASE {"label":"n6-a0-r0-i0-p0-g3-f32","passed":true,"input":[0,0.25,0.5,0,0.25,0.5],"cotangent":[0,0,0,0,0,0],"actual":[0,0,0,0,0,0],"expected":[0,0,0,0,0,0]}
CASE {"label":"n6-a0-r0-i0-p1-g0-f32","passed":true,"input":[1000,1000.25,1000.5,1000,1000.25,1000.5],"cotangent":[0,0,0,1,1,1],"actual":[1,1,1,0,0,0],"expected":[1,1,1,0,0,0]}
CASE {"label":"n6-a0-r0-i0-p1-g1-f32","passed":true,"input":[1000,1000.25,1000.5,1000,1000.25,1000.5],"cotangent":[0,0,0,-0.75,0.25,-0.75],"actual":[-0.75001752376556396,0.2500007152557373,-0.75001752376556396,0,0,0],"expected":[-0.75,0.25,-0.75,0,0,0]}
CASE {"label":"n6-a0-r0-i0-p1-g2-f32","passed":true,"input":[1000,1000.25,1000.5,1000,1000.25,1000.5],"cotangent":[0,0,0,1,1,1],"actual":[1,1,1,0,0,0],"expected":[1,1,1,0,0,0]}
CASE {"label":"n6-a0-r0-i0-p1-g3-f32","passed":true,"input":[1000,1000.25,1000.5,1000,1000.25,1000.5],"cotangent":[0,0,0,0,0,0],"actual":[0,0,0,0,0,0],"expected":[0,0,0,0,0,0]}
CASE {"label":"n6-a0-r0-i0-p2-g0-f32","passed":true,"input":[100000000,100000000,100000000,100000000,100000000,100000000],"cotangent":[0,0,0,1,1,1],"actual":[1,1,1,0,0,0],"expected":[1,1,1,0,0,0]}
CASE {"label":"n6-a0-r0-i0-p2-g1-f32","passed":false,"input":[100000000,100000000,100000000,100000000,100000000,100000000],"cotangent":[0,0,0,-0.75,0.25,-0.75],"actual":[-1,1,-1,0,0,0],"expected":[-0.75,0.25,-0.75,0,0,0]}
CASE {"label":"n6-a0-r0-i0-p2-g2-f32","passed":true,"input":[100000000,100000000,100000000,100000000,100000000,100000000],"cotangent":[0,0,0,1,1,1],"actual":[1,1,1,0,0,0],"expected":[1,1,1,0,0,0]}
CASE {"label":"n6-a0-r0-i0-p2-g3-f32","passed":true,"input":[100000000,100000000,100000000,100000000,100000000,100000000],"cotangent":[0,0,0,0,0,0],"actual":[0,0,0,0,0,0],"expected":[0,0,0,0,0,0]}
CASE {"label":"n6-a0-r0-i0-p3-g0-f32","passed":true,"input":[-100000000,-100000000,-100000000,-100000000,-100000000,-100000000],"cotangent":[0,0,0,1,1,1],"actual":[1,1,1,0,0,0],"expected":[1,1,1,0,0,0]}
CASE {"label":"n6-a0-r0-i0-p3-g1-f32","passed":false,"input":[-100000000,-100000000,-100000000,-100000000,-100000000,-100000000],"cotangent":[0,0,0,-0.75,0.25,-0.75],"actual":[-1,1,-1,0,0,0],"expected":[-0.75,0.25,-0.75,0,0,0]}
CASE {"label":"n6-a0-r0-i0-p3-g2-f32","passed":true,"input":[-100000000,-100000000,-100000000,-100000000,-100000000,-100000000],"cotangent":[0,0,0,1,1,1],"actual":[1,1,1,0,0,0],"expected":[1,1,1,0,0,0]}
CASE {"label":"n6-a0-r0-i0-p3-g3-f32","passed":true,"input":[-100000000,-100000000,-100000000,-100000000,-100000000,-100000000],"cotangent":[0,0,0,0,0,0],"actual":[0,0,0,0,0,0],"expected":[0,0,0,0,0,0]}
CASE {"label":"n6-a0-r0-i0-p4-g0-f32","passed":true,"input":[1.0000000200408773e+20,1.0000000200408773e+20,1.0000000200408773e+20,1.0000000200408773e+20,1.0000000200408773e+20,1.0000000200408773e+20],"cotangent":[0,0,0,1,1,1],"actual":[1,1,1,0,0,0],"expected":[1,1,1,0,0,0]}
CASE {"label":"n6-a0-r0-i0-p4-g1-f32","passed":false,"input":[1.0000000200408773e+20,1.0000000200408773e+20,1.0000000200408773e+20,1.0000000200408773e+20,1.0000000200408773e+20,1.0000000200408773e+20],"cotangent":[0,0,0,-0.75,0.25,-0.75],"actual":[-1,1,-1,0,0,0],"expected":[-0.75,0.25,-0.75,0,0,0]}
CASE {"label":"n6-a0-r0-i0-p4-g2-f32","passed":true,"input":[1.0000000200408773e+20,1.0000000200408773e+20,1.0000000200408773e+20,1.0000000200408773e+20,1.0000000200408773e+20,1.0000000200408773e+20],"cotangent":[0,0,0,1,1,1],"actual":[1,1,1,0,0,0],"expected":[1,1,1,0,0,0]}
CASE {"label":"n6-a0-r0-i0-p4-g3-f32","passed":true,"input":[1.0000000200408773e+20,1.0000000200408773e+20,1.0000000200408773e+20,1.0000000200408773e+20,1.0000000200408773e+20,1.0000000200408773e+20],"cotangent":[0,0,0,0,0,0],"actual":[0,0,0,0,0,0],"expected":[0,0,0,0,0,0]}
CASE {"label":"n6-a0-r0-i0-p5-g0-f32","passed":true,"input":[0,0,0,100000000,100000000,100000000],"cotangent":[0,0,0,1,1,1],"actual":[1,1,1,0,0,0],"expected":[1,1,1,0,0,0]}
CASE {"label":"n6-a0-r0-i0-p5-g1-f32","passed":true,"input":[0,0,0,100000000,100000000,100000000],"cotangent":[0,0,0,-0.75,0.25,-0.75],"actual":[-0.75,0.25,-0.75,0,0,0],"expected":[-0.75,0.25,-0.75,0,0,0]}
CASE {"label":"n6-a0-r0-i0-p5-g2-f32","passed":true,"input":[0,0,0,100000000,100000000,100000000],"cotangent":[0,0,0,1,1,1],"actual":[1,1,1,0,0,0],"expected":[1,1,1,0,0,0]}
CASE {"label":"n6-a0-r0-i0-p5-g3-f32","passed":true,"input":[0,0,0,100000000,100000000,100000000],"cotangent":[0,0,0,0,0,0],"actual":[0,0,0,0,0,0],"expected":[0,0,0,0,0,0]}
CASE {"label":"n6-a0-r0-i0-p6-g0-f32","passed":true,"input":[100000000,100000000,100000000,0,0,0],"cotangent":[0,0,0,1,1,1],"actual":[1,1,1,0,0,0],"expected":[1,1,1,0,0,0]}
CASE {"label":"n6-a0-r0-i0-p6-g1-f32","passed":false,"input":[100000000,100000000,100000000,0,0,0],"cotangent":[0,0,0,-0.75,0.25,-0.75],"actual":[-1,1,-1,0,0,0],"expected":[-0.75,0.25,-0.75,0,0,0]}
CASE {"label":"n6-a0-r0-i0-p6-g2-f32","passed":true,"input":[100000000,100000000,100000000,0,0,0],"cotangent":[0,0,0,1,1,1],"actual":[1,1,1,0,0,0],"expected":[1,1,1,0,0,0]}
CASE {"label":"n6-a0-r0-i0-p6-g3-f32","passed":true,"input":[100000000,100000000,100000000,0,0,0],"cotangent":[0,0,0,0,0,0],"actual":[0,0,0,0,0,0],"expected":[0,0,0,0,0,0]}
CASE {"label":"n6-a0-r0-i1-p0-g0-f32","passed":true,"input":[0,0.25,0.5,0,0.25,0.5],"cotangent":[1,1,1,1,1,1],"actual":[1.5,1.5,1.5,0.5,0.5,0.5],"expected":[1.5,1.5,1.5,0.5,0.5,0.5]}
CASE {"label":"n6-a0-r0-i1-p0-g1-f32","passed":true,"input":[0,0.25,0.5,0,0.25,0.5],"cotangent":[0.25,-0.75,0.25,-0.75,0.25,-0.75],"actual":[-0.125,-0.625,-0.125,-0.375,0.125,-0.375],"expected":[-0.125,-0.625,-0.125,-0.375,0.125,-0.375]}
CASE {"label":"n6-a0-r0-i1-p0-g2-f32","passed":true,"input":[0,0.25,0.5,0,0.25,0.5],"cotangent":[0,0,0,1,1,1],"actual":[0.5,0.5,0.5,0.5,0.5,0.5],"expected":[0.5,0.5,0.5,0.5,0.5,0.5]}
CASE {"label":"n6-a0-r0-i1-p0-g3-f32","passed":true,"input":[0,0.25,0.5,0,0.25,0.5],"cotangent":[0,0,0,0,0,0],"actual":[0,0,0,0,0,0],"expected":[0,0,0,0,0,0]}
CASE {"label":"n6-a0-r0-i1-p1-g0-f32","passed":true,"input":[1000,1000.25,1000.5,1000,1000.25,1000.5],"cotangent":[1,1,1,1,1,1],"actual":[1.4999871253967285,1.4999871253967285,1.4999871253967285,0.4999854564666748,0.4999854564666748,0.4999854564666748],"expected":[1.5,1.5,1.5,0.5,0.5,0.5]}
CASE {"label":"n6-a0-r0-i1-p1-g1-f32","passed":true,"input":[1000,1000.25,1000.5,1000,1000.25,1000.5],"cotangent":[0.25,-0.75,0.25,-0.75,0.25,-0.75],"actual":[-0.12499713897705078,-0.62502080202102661,-0.12499713897705078,-0.37499785423278809,0.12499671429395676,-0.37499785423278809],"expected":[-0.125,-0.625,-0.125,-0.375,0.125,-0.375]}
CASE {"label":"n6-a0-r0-i1-p1-g2-f32","passed":true,"input":[1000,1000.25,1000.5,1000,1000.25,1000.5],"cotangent":[0,0,0,1,1,1],"actual":[0.4999854564666748,0.4999854564666748,0.4999854564666748,0.4999854564666748,0.4999854564666748,0.4999854564666748],"expected":[0.5,0.5,0.5,0.5,0.5,0.5]}
CASE {"label":"n6-a0-r0-i1-p1-g3-f32","passed":true,"input":[1000,1000.25,1000.5,1000,1000.25,1000.5],"cotangent":[0,0,0,0,0,0],"actual":[0,0,0,0,0,0],"expected":[0,0,0,0,0,0]}
CASE {"label":"n6-a0-r0-i1-p2-g0-f32","passed":false,"input":[100000000,100000000,100000000,100000000,100000000,100000000],"cotangent":[1,1,1,1,1,1],"actual":[1,1,1,1,1,1],"expected":[1.5,1.5,1.5,0.5,0.5,0.5]}
CASE {"label":"n6-a0-r0-i1-p2-g1-f32","passed":false,"input":[100000000,100000000,100000000,100000000,100000000,100000000],"cotangent":[0.25,-0.75,0.25,-0.75,0.25,-0.75],"actual":[0,0,0,-1,1,-1],"expected":[-0.125,-0.625,-0.125,-0.375,0.125,-0.375]}
CASE {"label":"n6-a0-r0-i1-p2-g2-f32","passed":false,"input":[100000000,100000000,100000000,100000000,100000000,100000000],"cotangent":[0,0,0,1,1,1],"actual":[1,1,1,1,1,1],"expected":[0.5,0.5,0.5,0.5,0.5,0.5]}
CASE {"label":"n6-a0-r0-i1-p2-g3-f32","passed":true,"input":[100000000,100000000,100000000,100000000,100000000,100000000],"cotangent":[0,0,0,0,0,0],"actual":[0,0,0,0,0,0],"expected":[0,0,0,0,0,0]}
CASE {"label":"n6-a0-r0-i1-p3-g0-f32","passed":false,"input":[-100000000,-100000000,-100000000,-100000000,-100000000,-100000000],"cotangent":[1,1,1,1,1,1],"actual":[1,1,1,1,1,1],"expected":[1.5,1.5,1.5,0.5,0.5,0.5]}
CASE {"label":"n6-a0-r0-i1-p3-g1-f32","passed":false,"input":[-100000000,-100000000,-100000000,-100000000,-100000000,-100000000],"cotangent":[0.25,-0.75,0.25,-0.75,0.25,-0.75],"actual":[0,0,0,-1,1,-1],"expected":[-0.125,-0.625,-0.125,-0.375,0.125,-0.375]}
CASE {"label":"n6-a0-r0-i1-p3-g2-f32","passed":false,"input":[-100000000,-100000000,-100000000,-100000000,-100000000,-100000000],"cotangent":[0,0,0,1,1,1],"actual":[1,1,1,1,1,1],"expected":[0.5,0.5,0.5,0.5,0.5,0.5]}
CASE {"label":"n6-a0-r0-i1-p3-g3-f32","passed":true,"input":[-100000000,-100000000,-100000000,-100000000,-100000000,-100000000],"cotangent":[0,0,0,0,0,0],"actual":[0,0,0,0,0,0],"expected":[0,0,0,0,0,0]}
CASE {"label":"n6-a0-r0-i1-p4-g0-f32","passed":false,"input":[1.0000000200408773e+20,1.0000000200408773e+20,1.0000000200408773e+20,1.0000000200408773e+20,1.0000000200408773e+20,1.0000000200408773e+20],"cotangent":[1,1,1,1,1,1],"actual":[1,1,1,1,1,1],"expected":[1.5,1.5,1.5,0.5,0.5,0.5]}
CASE {"label":"n6-a0-r0-i1-p4-g1-f32","passed":false,"input":[1.0000000200408773e+20,1.0000000200408773e+20,1.0000000200408773e+20,1.0000000200408773e+20,1.0000000200408773e+20,1.0000000200408773e+20],"cotangent":[0.25,-0.75,0.25,-0.75,0.25,-0.75],"actual":[0,0,0,-1,1,-1],"expected":[-0.125,-0.625,-0.125,-0.375,0.125,-0.375]}
CASE {"label":"n6-a0-r0-i1-p4-g2-f32","passed":false,"input":[1.0000000200408773e+20,1.0000000200408773e+20,1.0000000200408773e+20,1.0000000200408773e+20,1.0000000200408773e+20,1.0000000200408773e+20],"cotangent":[0,0,0,1,1,1],"actual":[1,1,1,1,1,1],"expected":[0.5,0.5,0.5,0.5,0.5,0.5]}
CASE {"label":"n6-a0-r0-i1-p4-g3-f32","passed":true,"input":[1.0000000200408773e+20,1.0000000200408773e+20,1.0000000200408773e+20,1.0000000200408773e+20,1.0000000200408773e+20,1.0000000200408773e+20],"cotangent":[0,0,0,0,0,0],"actual":[0,0,0,0,0,0],"expected":[0,0,0,0,0,0]}
CASE {"label":"n6-a0-r0-i1-p5-g0-f32","passed":true,"input":[0,0,0,100000000,100000000,100000000],"cotangent":[1,1,1,1,1,1],"actual":[1,1,1,1,1,1],"expected":[1,1,1,1,1,1]}
CASE {"label":"n6-a0-r0-i1-p5-g1-f32","passed":false,"input":[0,0,0,100000000,100000000,100000000],"cotangent":[0.25,-0.75,0.25,-0.75,0.25,-0.75],"actual":[0.25,-0.75,0.25,-1,1,-1],"expected":[0.25,-0.75,0.25,-0.75,0.25,-0.75]}
CASE {"label":"n6-a0-r0-i1-p5-g2-f32","passed":true,"input":[0,0,0,100000000,100000000,100000000],"cotangent":[0,0,0,1,1,1],"actual":[0,0,0,1,1,1],"expected":[0,0,0,1,1,1]}
CASE {"label":"n6-a0-r0-i1-p5-g3-f32","passed":true,"input":[0,0,0,100000000,100000000,100000000],"cotangent":[0,0,0,0,0,0],"actual":[0,0,0,0,0,0],"expected":[0,0,0,0,0,0]}
CASE {"label":"n6-a0-r0-i1-p6-g0-f32","passed":false,"input":[100000000,100000000,100000000,0,0,0],"cotangent":[1,1,1,1,1,1],"actual":[1,1,1,0,0,0],"expected":[2,2,2,0,0,0]}
CASE {"label":"n6-a0-r0-i1-p6-g1-f32","passed":false,"input":[100000000,100000000,100000000,0,0,0],"cotangent":[0.25,-0.75,0.25,-0.75,0.25,-0.75],"actual":[0,0,0,0,0,0],"expected":[-0.5,-0.5,-0.5,0,0,0]}
CASE {"label":"n6-a0-r0-i1-p6-g2-f32","passed":true,"input":[100000000,100000000,100000000,0,0,0],"cotangent":[0,0,0,1,1,1],"actual":[1,1,1,0,0,0],"expected":[1,1,1,0,0,0]}
CASE {"label":"n6-a0-r0-i1-p6-g3-f32","passed":true,"input":[100000000,100000000,100000000,0,0,0],"cotangent":[0,0,0,0,0,0],"actual":[0,0,0,0,0,0],"expected":[0,0,0,0,0,0]}
CASE {"label":"n6-a0-r1-i0-p0-g0-f32","passed":true,"input":[0,0.25,0.5,0,0.25,0.5],"cotangent":[1,1,1,0,0,0],"actual":[0,0,0,1,1,1],"expected":[0,0,0,1,1,1]}
CASE {"label":"n6-a0-r1-i0-p0-g1-f32","passed":true,"input":[0,0.25,0.5,0,0.25,0.5],"cotangent":[0.25,-0.75,0.25,0,0,0],"actual":[0,0,0,0.25,-0.75,0.25],"expected":[0,0,0,0.25,-0.75,0.25]}
CASE {"label":"n6-a0-r1-i0-p0-g2-f32","passed":true,"input":[0,0.25,0.5,0,0.25,0.5],"cotangent":[1,1,1,0,0,0],"actual":[0,0,0,1,1,1],"expected":[0,0,0,1,1,1]}
CASE {"label":"n6-a0-r1-i0-p0-g3-f32","passed":true,"input":[0,0.25,0.5,0,0.25,0.5],"cotangent":[0,0,0,0,0,0],"actual":[0,0,0,0,0,0],"expected":[0,0,0,0,0,0]}
CASE {"label":"n6-a0-r1-i0-p1-g0-f32","passed":true,"input":[1000,1000.25,1000.5,1000,1000.25,1000.5],"cotangent":[1,1,1,0,0,0],"actual":[0,0,0,1,1,1],"expected":[0,0,0,1,1,1]}
CASE {"label":"n6-a0-r1-i0-p1-g1-f32","passed":true,"input":[1000,1000.25,1000.5,1000,1000.25,1000.5],"cotangent":[0.25,-0.75,0.25,0,0,0],"actual":[0,0,0,0.2500007152557373,-0.75001752376556396,0.2500007152557373],"expected":[0,0,0,0.25,-0.75,0.25]}
CASE {"label":"n6-a0-r1-i0-p1-g2-f32","passed":true,"input":[1000,1000.25,1000.5,1000,1000.25,1000.5],"cotangent":[1,1,1,0,0,0],"actual":[0,0,0,1,1,1],"expected":[0,0,0,1,1,1]}
CASE {"label":"n6-a0-r1-i0-p1-g3-f32","passed":true,"input":[1000,1000.25,1000.5,1000,1000.25,1000.5],"cotangent":[0,0,0,0,0,0],"actual":[0,0,0,0,0,0],"expected":[0,0,0,0,0,0]}
CASE {"label":"n6-a0-r1-i0-p2-g0-f32","passed":true,"input":[100000000,100000000,100000000,100000000,100000000,100000000],"cotangent":[1,1,1,0,0,0],"actual":[0,0,0,1,1,1],"expected":[0,0,0,1,1,1]}
CASE {"label":"n6-a0-r1-i0-p2-g1-f32","passed":false,"input":[100000000,100000000,100000000,100000000,100000000,100000000],"cotangent":[0.25,-0.75,0.25,0,0,0],"actual":[0,0,0,1,-1,1],"expected":[0,0,0,0.25,-0.75,0.25]}
CASE {"label":"n6-a0-r1-i0-p2-g2-f32","passed":true,"input":[100000000,100000000,100000000,100000000,100000000,100000000],"cotangent":[1,1,1,0,0,0],"actual":[0,0,0,1,1,1],"expected":[0,0,0,1,1,1]}
CASE {"label":"n6-a0-r1-i0-p2-g3-f32","passed":true,"input":[100000000,100000000,100000000,100000000,100000000,100000000],"cotangent":[0,0,0,0,0,0],"actual":[0,0,0,0,0,0],"expected":[0,0,0,0,0,0]}
CASE {"label":"n6-a0-r1-i0-p3-g0-f32","passed":true,"input":[-100000000,-100000000,-100000000,-100000000,-100000000,-100000000],"cotangent":[1,1,1,0,0,0],"actual":[0,0,0,1,1,1],"expected":[0,0,0,1,1,1]}
CASE {"label":"n6-a0-r1-i0-p3-g1-f32","passed":false,"input":[-100000000,-100000000,-100000000,-100000000,-100000000,-100000000],"cotangent":[0.25,-0.75,0.25,0,0,0],"actual":[0,0,0,1,-1,1],"expected":[0,0,0,0.25,-0.75,0.25]}
CASE {"label":"n6-a0-r1-i0-p3-g2-f32","passed":true,"input":[-100000000,-100000000,-100000000,-100000000,-100000000,-100000000],"cotangent":[1,1,1,0,0,0],"actual":[0,0,0,1,1,1],"expected":[0,0,0,1,1,1]}
CASE {"label":"n6-a0-r1-i0-p3-g3-f32","passed":true,"input":[-100000000,-100000000,-100000000,-100000000,-100000000,-100000000],"cotangent":[0,0,0,0,0,0],"actual":[0,0,0,0,0,0],"expected":[0,0,0,0,0,0]}
CASE {"label":"n6-a0-r1-i0-p4-g0-f32","passed":true,"input":[1.0000000200408773e+20,1.0000000200408773e+20,1.0000000200408773e+20,1.0000000200408773e+20,1.0000000200408773e+20,1.0000000200408773e+20],"cotangent":[1,1,1,0,0,0],"actual":[0,0,0,1,1,1],"expected":[0,0,0,1,1,1]}
CASE {"label":"n6-a0-r1-i0-p4-g1-f32","passed":false,"input":[1.0000000200408773e+20,1.0000000200408773e+20,1.0000000200408773e+20,1.0000000200408773e+20,1.0000000200408773e+20,1.0000000200408773e+20],"cotangent":[0.25,-0.75,0.25,0,0,0],"actual":[0,0,0,1,-1,1],"expected":[0,0,0,0.25,-0.75,0.25]}
CASE {"label":"n6-a0-r1-i0-p4-g2-f32","passed":true,"input":[1.0000000200408773e+20,1.0000000200408773e+20,1.0000000200408773e+20,1.0000000200408773e+20,1.0000000200408773e+20,1.0000000200408773e+20],"cotangent":[1,1,1,0,0,0],"actual":[0,0,0,1,1,1],"expected":[0,0,0,1,1,1]}
CASE {"label":"n6-a0-r1-i0-p4-g3-f32","passed":true,"input":[1.0000000200408773e+20,1.0000000200408773e+20,1.0000000200408773e+20,1.0000000200408773e+20,1.0000000200408773e+20,1.0000000200408773e+20],"cotangent":[0,0,0,0,0,0],"actual":[0,0,0,0,0,0],"expected":[0,0,0,0,0,0]}
CASE {"label":"n6-a0-r1-i0-p5-g0-f32","passed":true,"input":[0,0,0,100000000,100000000,100000000],"cotangent":[1,1,1,0,0,0],"actual":[0,0,0,1,1,1],"expected":[0,0,0,1,1,1]}
CASE {"label":"n6-a0-r1-i0-p5-g1-f32","passed":false,"input":[0,0,0,100000000,100000000,100000000],"cotangent":[0.25,-0.75,0.25,0,0,0],"actual":[0,0,0,1,-1,1],"expected":[0,0,0,0.25,-0.75,0.25]}
CASE {"label":"n6-a0-r1-i0-p5-g2-f32","passed":true,"input":[0,0,0,100000000,100000000,100000000],"cotangent":[1,1,1,0,0,0],"actual":[0,0,0,1,1,1],"expected":[0,0,0,1,1,1]}
CASE {"label":"n6-a0-r1-i0-p5-g3-f32","passed":true,"input":[0,0,0,100000000,100000000,100000000],"cotangent":[0,0,0,0,0,0],"actual":[0,0,0,0,0,0],"expected":[0,0,0,0,0,0]}
CASE {"label":"n6-a0-r1-i0-p6-g0-f32","passed":true,"input":[100000000,100000000,100000000,0,0,0],"cotangent":[1,1,1,0,0,0],"actual":[0,0,0,1,1,1],"expected":[0,0,0,1,1,1]}
CASE {"label":"n6-a0-r1-i0-p6-g1-f32","passed":true,"input":[100000000,100000000,100000000,0,0,0],"cotangent":[0.25,-0.75,0.25,0,0,0],"actual":[0,0,0,0.25,-0.75,0.25],"expected":[0,0,0,0.25,-0.75,0.25]}
CASE {"label":"n6-a0-r1-i0-p6-g2-f32","passed":true,"input":[100000000,100000000,100000000,0,0,0],"cotangent":[1,1,1,0,0,0],"actual":[0,0,0,1,1,1],"expected":[0,0,0,1,1,1]}
CASE {"label":"n6-a0-r1-i0-p6-g3-f32","passed":true,"input":[100000000,100000000,100000000,0,0,0],"cotangent":[0,0,0,0,0,0],"actual":[0,0,0,0,0,0],"expected":[0,0,0,0,0,0]}
CASE {"label":"n6-a0-r1-i1-p0-g0-f32","passed":true,"input":[0,0.25,0.5,0,0.25,0.5],"cotangent":[1,1,1,1,1,1],"actual":[0.5,0.5,0.5,1.5,1.5,1.5],"expected":[0.5,0.5,0.5,1.5,1.5,1.5]}
CASE {"label":"n6-a0-r1-i1-p0-g1-f32","passed":true,"input":[0,0.25,0.5,0,0.25,0.5],"cotangent":[0.25,-0.75,0.25,-0.75,0.25,-0.75],"actual":[0.125,-0.375,0.125,-0.625,-0.125,-0.625],"expected":[0.125,-0.375,0.125,-0.625,-0.125,-0.625]}
CASE {"label":"n6-a0-r1-i1-p0-g2-f32","passed":true,"input":[0,0.25,0.5,0,0.25,0.5],"cotangent":[1,1,1,0,0,0],"actual":[0.5,0.5,0.5,0.5,0.5,0.5],"expected":[0.5,0.5,0.5,0.5,0.5,0.5]}
CASE {"label":"n6-a0-r1-i1-p0-g3-f32","passed":true,"input":[0,0.25,0.5,0,0.25,0.5],"cotangent":[0,0,0,0,0,0],"actual":[0,0,0,0,0,0],"expected":[0,0,0,0,0,0]}
CASE {"label":"n6-a0-r1-i1-p1-g0-f32","passed":true,"input":[1000,1000.25,1000.5,1000,1000.25,1000.5],"cotangent":[1,1,1,1,1,1],"actual":[0.4999854564666748,0.4999854564666748,0.4999854564666748,1.4999871253967285,1.4999871253967285,1.4999871253967285],"expected":[0.5,0.5,0.5,1.5,1.5,1.5]}
CASE {"label":"n6-a0-r1-i1-p1-g1-f32","passed":true,"input":[1000,1000.25,1000.5,1000,1000.25,1000.5],"cotangent":[0.25,-0.75,0.25,-0.75,0.25,-0.75],"actual":[0.12499671429395676,-0.37499785423278809,0.12499671429395676,-0.62502080202102661,-0.12499713897705078,-0.62502080202102661],"expected":[0.125,-0.375,0.125,-0.625,-0.125,-0.625]}
CASE {"label":"n6-a0-r1-i1-p1-g2-f32","passed":true,"input":[1000,1000.25,1000.5,1000,1000.25,1000.5],"cotangent":[1,1,1,0,0,0],"actual":[0.4999854564666748,0.4999854564666748,0.4999854564666748,0.4999854564666748,0.4999854564666748,0.4999854564666748],"expected":[0.5,0.5,0.5,0.5,0.5,0.5]}
CASE {"label":"n6-a0-r1-i1-p1-g3-f32","passed":true,"input":[1000,1000.25,1000.5,1000,1000.25,1000.5],"cotangent":[0,0,0,0,0,0],"actual":[0,0,0,0,0,0],"expected":[0,0,0,0,0,0]}
CASE {"label":"n6-a0-r1-i1-p2-g0-f32","passed":false,"input":[100000000,100000000,100000000,100000000,100000000,100000000],"cotangent":[1,1,1,1,1,1],"actual":[1,1,1,1,1,1],"expected":[0.5,0.5,0.5,1.5,1.5,1.5]}
CASE {"label":"n6-a0-r1-i1-p2-g1-f32","passed":false,"input":[100000000,100000000,100000000,100000000,100000000,100000000],"cotangent":[0.25,-0.75,0.25,-0.75,0.25,-0.75],"actual":[1,-1,1,0,0,0],"expected":[0.125,-0.375,0.125,-0.625,-0.125,-0.625]}
CASE {"label":"n6-a0-r1-i1-p2-g2-f32","passed":false,"input":[100000000,100000000,100000000,100000000,100000000,100000000],"cotangent":[1,1,1,0,0,0],"actual":[1,1,1,1,1,1],"expected":[0.5,0.5,0.5,0.5,0.5,0.5]}
CASE {"label":"n6-a0-r1-i1-p2-g3-f32","passed":true,"input":[100000000,100000000,100000000,100000000,100000000,100000000],"cotangent":[0,0,0,0,0,0],"actual":[0,0,0,0,0,0],"expected":[0,0,0,0,0,0]}
CASE {"label":"n6-a0-r1-i1-p3-g0-f32","passed":false,"input":[-100000000,-100000000,-100000000,-100000000,-100000000,-100000000],"cotangent":[1,1,1,1,1,1],"actual":[1,1,1,1,1,1],"expected":[0.5,0.5,0.5,1.5,1.5,1.5]}
CASE {"label":"n6-a0-r1-i1-p3-g1-f32","passed":false,"input":[-100000000,-100000000,-100000000,-100000000,-100000000,-100000000],"cotangent":[0.25,-0.75,0.25,-0.75,0.25,-0.75],"actual":[1,-1,1,0,0,0],"expected":[0.125,-0.375,0.125,-0.625,-0.125,-0.625]}
CASE {"label":"n6-a0-r1-i1-p3-g2-f32","passed":false,"input":[-100000000,-100000000,-100000000,-100000000,-100000000,-100000000],"cotangent":[1,1,1,0,0,0],"actual":[1,1,1,1,1,1],"expected":[0.5,0.5,0.5,0.5,0.5,0.5]}
CASE {"label":"n6-a0-r1-i1-p3-g3-f32","passed":true,"input":[-100000000,-100000000,-100000000,-100000000,-100000000,-100000000],"cotangent":[0,0,0,0,0,0],"actual":[0,0,0,0,0,0],"expected":[0,0,0,0,0,0]}
CASE {"label":"n6-a0-r1-i1-p4-g0-f32","passed":false,"input":[1.0000000200408773e+20,1.0000000200408773e+20,1.0000000200408773e+20,1.0000000200408773e+20,1.0000000200408773e+20,1.0000000200408773e+20],"cotangent":[1,1,1,1,1,1],"actual":[1,1,1,1,1,1],"expected":[0.5,0.5,0.5,1.5,1.5,1.5]}
CASE {"label":"n6-a0-r1-i1-p4-g1-f32","passed":false,"input":[1.0000000200408773e+20,1.0000000200408773e+20,1.0000000200408773e+20,1.0000000200408773e+20,1.0000000200408773e+20,1.0000000200408773e+20],"cotangent":[0.25,-0.75,0.25,-0.75,0.25,-0.75],"actual":[1,-1,1,0,0,0],"expected":[0.125,-0.375,0.125,-0.625,-0.125,-0.625]}
CASE {"label":"n6-a0-r1-i1-p4-g2-f32","passed":false,"input":[1.0000000200408773e+20,1.0000000200408773e+20,1.0000000200408773e+20,1.0000000200408773e+20,1.0000000200408773e+20,1.0000000200408773e+20],"cotangent":[1,1,1,0,0,0],"actual":[1,1,1,1,1,1],"expected":[0.5,0.5,0.5,0.5,0.5,0.5]}
CASE {"label":"n6-a0-r1-i1-p4-g3-f32","passed":true,"input":[1.0000000200408773e+20,1.0000000200408773e+20,1.0000000200408773e+20,1.0000000200408773e+20,1.0000000200408773e+20,1.0000000200408773e+20],"cotangent":[0,0,0,0,0,0],"actual":[0,0,0,0,0,0],"expected":[0,0,0,0,0,0]}
CASE {"label":"n6-a0-r1-i1-p5-g0-f32","passed":false,"input":[0,0,0,100000000,100000000,100000000],"cotangent":[1,1,1,1,1,1],"actual":[0,0,0,1,1,1],"expected":[0,0,0,2,2,2]}
CASE {"label":"n6-a0-r1-i1-p5-g1-f32","passed":false,"input":[0,0,0,100000000,100000000,100000000],"cotangent":[0.25,-0.75,0.25,-0.75,0.25,-0.75],"actual":[0,0,0,0,0,0],"expected":[0,0,0,-0.5,-0.5,-0.5]}
CASE {"label":"n6-a0-r1-i1-p5-g2-f32","passed":true,"input":[0,0,0,100000000,100000000,100000000],"cotangent":[1,1,1,0,0,0],"actual":[0,0,0,1,1,1],"expected":[0,0,0,1,1,1]}
CASE {"label":"n6-a0-r1-i1-p5-g3-f32","passed":true,"input":[0,0,0,100000000,100000000,100000000],"cotangent":[0,0,0,0,0,0],"actual":[0,0,0,0,0,0],"expected":[0,0,0,0,0,0]}
CASE {"label":"n6-a0-r1-i1-p6-g0-f32","passed":true,"input":[100000000,100000000,100000000,0,0,0],"cotangent":[1,1,1,1,1,1],"actual":[1,1,1,1,1,1],"expected":[1,1,1,1,1,1]}
CASE {"label":"n6-a0-r1-i1-p6-g1-f32","passed":false,"input":[100000000,100000000,100000000,0,0,0],"cotangent":[0.25,-0.75,0.25,-0.75,0.25,-0.75],"actual":[1,-1,1,-0.75,0.25,-0.75],"expected":[0.25,-0.75,0.25,-0.75,0.25,-0.75]}
CASE {"label":"n6-a0-r1-i1-p6-g2-f32","passed":true,"input":[100000000,100000000,100000000,0,0,0],"cotangent":[1,1,1,0,0,0],"actual":[1,1,1,0,0,0],"expected":[1,1,1,0,0,0]}
CASE {"label":"n6-a0-r1-i1-p6-g3-f32","passed":true,"input":[100000000,100000000,100000000,0,0,0],"cotangent":[0,0,0,0,0,0],"actual":[0,0,0,0,0,0],"expected":[0,0,0,0,0,0]}
CASE {"label":"n6-a1-r0-i0-p0-g0-f32","passed":true,"input":[0,0.25,0.5,0,0.25,0.5],"cotangent":[0,1,1,0,1,1],"actual":[1.4378235340118408,0.56217652559280396,0,1.4378235340118408,0.56217652559280396,0],"expected":[1.4378234991142018,0.56217650088579807,0,1.4378234991142018,0.56217650088579807,0]}
CASE {"label":"n6-a1-r0-i0-p0-g1-f32","passed":true,"input":[0,0.25,0.5,0,0.25,0.5],"cotangent":[0,-0.75,0.25,0,0.25,-0.75],"actual":[-0.64054411649703979,0.14054411649703979,0,-0.078367620706558228,-0.42163240909576416,0],"expected":[-0.64054412522144955,0.14054412522144952,0,-0.078367624335651365,-0.42163237566434852,0]}
CASE {"label":"n6-a1-r0-i0-p0-g2-f32","passed":true,"input":[0,0.25,0.5,0,0.25,0.5],"cotangent":[0,0,1,0,0,1],"actual":[0.43782353401184082,0.56217652559280396,0,0.43782353401184082,0.56217652559280396,0],"expected":[0.43782349911420188,0.56217650088579807,0,0.43782349911420188,0.56217650088579807,0]}
CASE {"label":"n6-a1-r0-i0-p0-g3-f32","passed":true,"input":[0,0.25,0.5,0,0.25,0.5],"cotangent":[0,0,0,0,0,0],"actual":[0,0,0,0,0,0],"expected":[0,0,0,0,0,0]}
CASE {"label":"n6-a1-r0-i0-p1-g0-f32","passed":true,"input":[1000,1000.25,1000.5,1000,1000.25,1000.5],"cotangent":[0,1,1,0,1,1],"actual":[1.4378647804260254,0.56218308210372925,0,1.4378647804260254,0.56218308210372925,0],"expected":[1.4378234991142018,0.56217650088579807,0,1.4378234991142018,0.56217650088579807,0]}
CASE {"label":"n6-a1-r0-i0-p1-g1-f32","passed":true,"input":[1000,1000.25,1000.5,1000,1000.25,1000.5],"cotangent":[0,-0.75,0.25,0,0.25,-0.75],"actual":[-0.64056003093719482,0.14054617285728455,0,-0.078378438949584961,-0.42164716124534607,0],"expected":[-0.64054412522144955,0.14054412522144952,0,-0.078367624335651365,-0.42163237566434852,0]}
CASE {"label":"n6-a1-r0-i0-p1-g2-f32","passed":true,"input":[1000,1000.25,1000.5,1000,1000.25,1000.5],"cotangent":[0,0,1,0,0,1],"actual":[0.43782863020896912,0.56218308210372925,0,0.43782863020896912,0.56218308210372925,0],"expected":[0.43782349911420188,0.56217650088579807,0,0.43782349911420188,0.56217650088579807,0]}
CASE {"label":"n6-a1-r0-i0-p1-g3-f32","passed":true,"input":[1000,1000.25,1000.5,1000,1000.25,1000.5],"cotangent":[0,0,0,0,0,0],"actual":[0,0,0,0,0,0],"expected":[0,0,0,0,0,0]}
CASE {"label":"n6-a1-r0-i0-p2-g0-f32","passed":false,"input":[100000000,100000000,100000000,100000000,100000000,100000000],"cotangent":[0,1,1,0,1,1],"actual":[1,1,0,1,1,0],"expected":[1.5,0.5,0,1.5,0.5,0]}
CASE {"label":"n6-a1-r0-i0-p2-g1-f32","passed":false,"input":[100000000,100000000,100000000,100000000,100000000,100000000],"cotangent":[0,-0.75,0.25,0,0.25,-0.75],"actual":[0,1,0,0,-1,0],"expected":[-0.625,0.125,0,-0.125,-0.375,0]}
CASE {"label":"n6-a1-r0-i0-p2-g2-f32","passed":false,"input":[100000000,100000000,100000000,100000000,100000000,100000000],"cotangent":[0,0,1,0,0,1],"actual":[1,1,0,1,1,0],"expected":[0.5,0.5,0,0.5,0.5,0]}
CASE {"label":"n6-a1-r0-i0-p2-g3-f32","passed":true,"input":[100000000,100000000,100000000,100000000,100000000,100000000],"cotangent":[0,0,0,0,0,0],"actual":[0,0,0,0,0,0],"expected":[0,0,0,0,0,0]}
CASE {"label":"n6-a1-r0-i0-p3-g0-f32","passed":false,"input":[-100000000,-100000000,-100000000,-100000000,-100000000,-100000000],"cotangent":[0,1,1,0,1,1],"actual":[1,1,0,1,1,0],"expected":[1.5,0.5,0,1.5,0.5,0]}
CASE {"label":"n6-a1-r0-i0-p3-g1-f32","passed":false,"input":[-100000000,-100000000,-100000000,-100000000,-100000000,-100000000],"cotangent":[0,-0.75,0.25,0,0.25,-0.75],"actual":[0,1,0,0,-1,0],"expected":[-0.625,0.125,0,-0.125,-0.375,0]}
CASE {"label":"n6-a1-r0-i0-p3-g2-f32","passed":false,"input":[-100000000,-100000000,-100000000,-100000000,-100000000,-100000000],"cotangent":[0,0,1,0,0,1],"actual":[1,1,0,1,1,0],"expected":[0.5,0.5,0,0.5,0.5,0]}
CASE {"label":"n6-a1-r0-i0-p3-g3-f32","passed":true,"input":[-100000000,-100000000,-100000000,-100000000,-100000000,-100000000],"cotangent":[0,0,0,0,0,0],"actual":[0,0,0,0,0,0],"expected":[0,0,0,0,0,0]}
CASE {"label":"n6-a1-r0-i0-p4-g0-f32","passed":false,"input":[1.0000000200408773e+20,1.0000000200408773e+20,1.0000000200408773e+20,1.0000000200408773e+20,1.0000000200408773e+20,1.0000000200408773e+20],"cotangent":[0,1,1,0,1,1],"actual":[1,1,0,1,1,0],"expected":[1.5,0.5,0,1.5,0.5,0]}
CASE {"label":"n6-a1-r0-i0-p4-g1-f32","passed":false,"input":[1.0000000200408773e+20,1.0000000200408773e+20,1.0000000200408773e+20,1.0000000200408773e+20,1.0000000200408773e+20,1.0000000200408773e+20],"cotangent":[0,-0.75,0.25,0,0.25,-0.75],"actual":[0,1,0,0,-1,0],"expected":[-0.625,0.125,0,-0.125,-0.375,0]}
CASE {"label":"n6-a1-r0-i0-p4-g2-f32","passed":false,"input":[1.0000000200408773e+20,1.0000000200408773e+20,1.0000000200408773e+20,1.0000000200408773e+20,1.0000000200408773e+20,1.0000000200408773e+20],"cotangent":[0,0,1,0,0,1],"actual":[1,1,0,1,1,0],"expected":[0.5,0.5,0,0.5,0.5,0]}
CASE {"label":"n6-a1-r0-i0-p4-g3-f32","passed":true,"input":[1.0000000200408773e+20,1.0000000200408773e+20,1.0000000200408773e+20,1.0000000200408773e+20,1.0000000200408773e+20,1.0000000200408773e+20],"cotangent":[0,0,0,0,0,0],"actual":[0,0,0,0,0,0],"expected":[0,0,0,0,0,0]}
CASE {"label":"n6-a1-r0-i0-p5-g0-f32","passed":true,"input":[0,0,100000000,0,0,100000000],"cotangent":[0,1,1,0,1,1],"actual":[1.5,0.5,0,1.5,0.5,0],"expected":[1.5,0.5,0,1.5,0.5,0]}
CASE {"label":"n6-a1-r0-i0-p5-g1-f32","passed":true,"input":[0,0,100000000,0,0,100000000],"cotangent":[0,-0.75,0.25,0,0.25,-0.75],"actual":[-0.625,0.125,0,-0.125,-0.375,0],"expected":[-0.625,0.125,0,-0.125,-0.375,0]}
CASE {"label":"n6-a1-r0-i0-p5-g2-f32","passed":true,"input":[0,0,100000000,0,0,100000000],"cotangent":[0,0,1,0,0,1],"actual":[0.5,0.5,0,0.5,0.5,0],"expected":[0.5,0.5,0,0.5,0.5,0]}
CASE {"label":"n6-a1-r0-i0-p5-g3-f32","passed":true,"input":[0,0,100000000,0,0,100000000],"cotangent":[0,0,0,0,0,0],"actual":[0,0,0,0,0,0],"expected":[0,0,0,0,0,0]}
CASE {"label":"n6-a1-r0-i0-p6-g0-f32","passed":false,"input":[100000000,0,0,100000000,0,0],"cotangent":[0,1,1,0,1,1],"actual":[1,0,0,1,0,0],"expected":[2,0,0,2,0,0]}
CASE {"label":"n6-a1-r0-i0-p6-g1-f32","passed":false,"input":[100000000,0,0,100000000,0,0],"cotangent":[0,-0.75,0.25,0,0.25,-0.75],"actual":[0,0,0,0,0,0],"expected":[-0.5,0,0,-0.5,0,0]}
CASE {"label":"n6-a1-r0-i0-p6-g2-f32","passed":true,"input":[100000000,0,0,100000000,0,0],"cotangent":[0,0,1,0,0,1],"actual":[1,0,0,1,0,0],"expected":[1,0,0,1,0,0]}
CASE {"label":"n6-a1-r0-i0-p6-g3-f32","passed":true,"input":[100000000,0,0,100000000,0,0],"cotangent":[0,0,0,0,0,0],"actual":[0,0,0,0,0,0],"expected":[0,0,0,0,0,0]}
CASE {"label":"n6-a1-r0-i1-p0-g0-f32","passed":true,"input":[0,0.25,0.5,0,0.25,0.5],"cotangent":[1,1,1,1,1,1],"actual":[1.6920987367630005,0.88867241144180298,0.41922900080680847,1.6920987367630005,0.88867241144180298,0.41922900080680847],"expected":[1.6920987117046675,0.88867233668563483,0.4192289516096977,1.6920987117046675,0.88867233668563483,0.4192289516096977]}
CASE {"label":"n6-a1-r0-i1-p0-g1-f32","passed":true,"input":[0,0.25,0.5,0,0.25,0.5],"cotangent":[0.25,-0.75,0.25,-0.75,0.25,-0.75],"actual":[-0.014798820018768311,-0.3400084376335144,0.10480724275112152,-0.83125054836273193,-0.10432779788970947,-0.31442174315452576],"expected":[-0.014798821188034952,-0.34000841671438936,0.10480723790242442,-0.83125053466429877,-0.104327751628428,-0.31442171370727329]}
CASE {"label":"n6-a1-r0-i1-p0-g2-f32","passed":true,"input":[0,0.25,0.5,0,0.25,0.5],"cotangent":[0,0,1,0,0,1],"actual":[0.25427523255348206,0.32649585604667664,0.41922900080680847,0.25427523255348206,0.32649585604667664,0.41922900080680847],"expected":[0.25427521259046565,0.32649583579983671,0.4192289516096977,0.25427521259046565,0.32649583579983671,0.4192289516096977]}
CASE {"label":"n6-a1-r0-i1-p0-g3-f32","passed":true,"input":[0,0.25,0.5,0,0.25,0.5],"cotangent":[0,0,0,0,0,0],"actual":[0,0,0,0,0,0],"expected":[0,0,0,0,0,0]}
CASE {"label":"n6-a1-r0-i1-p1-g0-f32","passed":true,"input":[1000,1000.25,1000.5,1000,1000.25,1000.5],"cotangent":[1,1,1,1,1,1],"actual":[1.6920485496520996,0.88865876197814941,0.4192349910736084,1.6920485496520996,0.88865876197814941,0.4192349910736084],"expected":[1.6920987117046675,0.88867233668563483,0.4192289516096977,1.6920987117046675,0.88867233668563483,0.4192289516096977]}
CASE {"label":"n6-a1-r0-i1-p1-g1-f32","passed":true,"input":[1000,1000.25,1000.5,1000,1000.25,1000.5],"cotangent":[0.25,-0.75,0.25,-0.75,0.25,-0.75],"actual":[-0.014807999134063721,-0.34002178907394409,0.10480903834104538,-0.83127528429031372,-0.10433496534824371,-0.31443357467651367],"expected":[-0.014798821188034952,-0.34000841671438936,0.10480723790242442,-0.83125053466429877,-0.104327751628428,-0.31442171370727329]}
CASE {"label":"n6-a1-r0-i1-p1-g2-f32","passed":true,"input":[1000,1000.25,1000.5,1000,1000.25,1000.5],"cotangent":[0,0,1,0,0,1],"actual":[0.25427886843681335,0.3265005350112915,0.4192349910736084,0.25427886843681335,0.3265005350112915,0.4192349910736084],"expected":[0.25427521259046565,0.32649583579983671,0.4192289516096977,0.25427521259046565,0.32649583579983671,0.4192289516096977]}
CASE {"label":"n6-a1-r0-i1-p1-g3-f32","passed":true,"input":[1000,1000.25,1000.5,1000,1000.25,1000.5],"cotangent":[0,0,0,0,0,0],"actual":[0,0,0,0,0,0],"expected":[0,0,0,0,0,0]}
CASE {"label":"n6-a1-r0-i1-p2-g0-f32","passed":false,"input":[100000000,100000000,100000000,100000000,100000000,100000000],"cotangent":[1,1,1,1,1,1],"actual":[1,1,1,1,1,1],"expected":[1.8333333333333333,0.83333333333333326,0.33333333333333331,1.8333333333333333,0.83333333333333326,0.33333333333333331]}
CASE {"label":"n6-a1-r0-i1-p2-g1-f32","passed":false,"input":[100000000,100000000,100000000,100000000,100000000,100000000],"cotangent":[0.25,-0.75,0.25,-0.75,0.25,-0.75],"actual":[0,0,1,0,0,-1],"expected":[-0.041666666666666671,-0.29166666666666669,0.083333333333333329,-0.875,-0.125,-0.25]}
CASE {"label":"n6-a1-r0-i1-p2-g2-f32","passed":false,"input":[100000000,100000000,100000000,100000000,100000000,100000000],"cotangent":[0,0,1,0,0,1],"actual":[1,1,1,1,1,1],"expected":[0.33333333333333331,0.33333333333333331,0.33333333333333331,0.33333333333333331,0.33333333333333331,0.33333333333333331]}
CASE {"label":"n6-a1-r0-i1-p2-g3-f32","passed":true,"input":[100000000,100000000,100000000,100000000,100000000,100000000],"cotangent":[0,0,0,0,0,0],"actual":[0,0,0,0,0,0],"expected":[0,0,0,0,0,0]}
CASE {"label":"n6-a1-r0-i1-p3-g0-f32","passed":false,"input":[-100000000,-100000000,-100000000,-100000000,-100000000,-100000000],"cotangent":[1,1,1,1,1,1],"actual":[1,1,1,1,1,1],"expected":[1.8333333333333333,0.83333333333333326,0.33333333333333331,1.8333333333333333,0.83333333333333326,0.33333333333333331]}
CASE {"label":"n6-a1-r0-i1-p3-g1-f32","passed":false,"input":[-100000000,-100000000,-100000000,-100000000,-100000000,-100000000],"cotangent":[0.25,-0.75,0.25,-0.75,0.25,-0.75],"actual":[0,0,1,0,0,-1],"expected":[-0.041666666666666671,-0.29166666666666669,0.083333333333333329,-0.875,-0.125,-0.25]}
CASE {"label":"n6-a1-r0-i1-p3-g2-f32","passed":false,"input":[-100000000,-100000000,-100000000,-100000000,-100000000,-100000000],"cotangent":[0,0,1,0,0,1],"actual":[1,1,1,1,1,1],"expected":[0.33333333333333331,0.33333333333333331,0.33333333333333331,0.33333333333333331,0.33333333333333331,0.33333333333333331]}
CASE {"label":"n6-a1-r0-i1-p3-g3-f32","passed":true,"input":[-100000000,-100000000,-100000000,-100000000,-100000000,-100000000],"cotangent":[0,0,0,0,0,0],"actual":[0,0,0,0,0,0],"expected":[0,0,0,0,0,0]}
CASE {"label":"n6-a1-r0-i1-p4-g0-f32","passed":false,"input":[1.0000000200408773e+20,1.0000000200408773e+20,1.0000000200408773e+20,1.0000000200408773e+20,1.0000000200408773e+20,1.0000000200408773e+20],"cotangent":[1,1,1,1,1,1],"actual":[1,1,1,1,1,1],"expected":[1.8333333333333333,0.83333333333333326,0.33333333333333331,1.8333333333333333,0.83333333333333326,0.33333333333333331]}
CASE {"label":"n6-a1-r0-i1-p4-g1-f32","passed":false,"input":[1.0000000200408773e+20,1.0000000200408773e+20,1.0000000200408773e+20,1.0000000200408773e+20,1.0000000200408773e+20,1.0000000200408773e+20],"cotangent":[0.25,-0.75,0.25,-0.75,0.25,-0.75],"actual":[0,0,1,0,0,-1],"expected":[-0.041666666666666671,-0.29166666666666669,0.083333333333333329,-0.875,-0.125,-0.25]}
CASE {"label":"n6-a1-r0-i1-p4-g2-f32","passed":false,"input":[1.0000000200408773e+20,1.0000000200408773e+20,1.0000000200408773e+20,1.0000000200408773e+20,1.0000000200408773e+20,1.0000000200408773e+20],"cotangent":[0,0,1,0,0,1],"actual":[1,1,1,1,1,1],"expected":[0.33333333333333331,0.33333333333333331,0.33333333333333331,0.33333333333333331,0.33333333333333331,0.33333333333333331]}
CASE {"label":"n6-a1-r0-i1-p4-g3-f32","passed":true,"input":[1.0000000200408773e+20,1.0000000200408773e+20,1.0000000200408773e+20,1.0000000200408773e+20,1.0000000200408773e+20,1.0000000200408773e+20],"cotangent":[0,0,0,0,0,0],"actual":[0,0,0,0,0,0],"expected":[0,0,0,0,0,0]}
CASE {"label":"n6-a1-r0-i1-p5-g0-f32","passed":true,"input":[0,0,100000000,0,0,100000000],"cotangent":[1,1,1,1,1,1],"actual":[1.5,0.5,1,1.5,0.5,1],"expected":[1.5,0.5,1,1.5,0.5,1]}
CASE {"label":"n6-a1-r0-i1-p5-g1-f32","passed":false,"input":[0,0,100000000,0,0,100000000],"cotangent":[0.25,-0.75,0.25,-0.75,0.25,-0.75],"actual":[-0.125,-0.375,1,-0.625,0.125,-1],"expected":[-0.125,-0.375,0.25,-0.625,0.125,-0.75]}
CASE {"label":"n6-a1-r0-i1-p5-g2-f32","passed":true,"input":[0,0,100000000,0,0,100000000],"cotangent":[0,0,1,0,0,1],"actual":[0,0,1,0,0,1],"expected":[0,0,1,0,0,1]}
CASE {"label":"n6-a1-r0-i1-p5-g3-f32","passed":true,"input":[0,0,100000000,0,0,100000000],"cotangent":[0,0,0,0,0,0],"actual":[0,0,0,0,0,0],"expected":[0,0,0,0,0,0]}
CASE {"label":"n6-a1-r0-i1-p6-g0-f32","passed":false,"input":[100000000,0,0,100000000,0,0],"cotangent":[1,1,1,1,1,1],"actual":[1,0,0,1,0,0],"expected":[3,0,0,3,0,0]}
CASE {"label":"n6-a1-r0-i1-p6-g1-f32","passed":false,"input":[100000000,0,0,100000000,0,0],"cotangent":[0.25,-0.75,0.25,-0.75,0.25,-0.75],"actual":[0,0,0,0,0,0],"expected":[-0.25,0,0,-1.25,0,0]}
CASE {"label":"n6-a1-r0-i1-p6-g2-f32","passed":true,"input":[100000000,0,0,100000000,0,0],"cotangent":[0,0,1,0,0,1],"actual":[1,0,0,1,0,0],"expected":[1,0,0,1,0,0]}
CASE {"label":"n6-a1-r0-i1-p6-g3-f32","passed":true,"input":[100000000,0,0,100000000,0,0],"cotangent":[0,0,0,0,0,0],"actual":[0,0,0,0,0,0],"expected":[0,0,0,0,0,0]}
CASE {"label":"n6-a1-r1-i0-p0-g0-f32","passed":true,"input":[0,0.25,0.5,0,0.25,0.5],"cotangent":[1,1,0,1,1,0],"actual":[0,0.43782353401184082,1.5621765851974487,0,0.43782353401184082,1.5621765851974487],"expected":[0,0.43782349911420188,1.5621765008857982,0,0.43782349911420188,1.5621765008857982]}
CASE {"label":"n6-a1-r1-i0-p0-g1-f32","passed":true,"input":[0,0.25,0.5,0,0.25,0.5],"cotangent":[0.25,-0.75,0,-0.75,0.25,0],"actual":[0,0.10945588350296021,-0.60945588350296021,0,-0.32836762070655823,-0.17163240909576416],"expected":[0,0.10945587477855047,-0.60945587477855045,0,-0.32836762433565136,-0.17163237566434852]}
CASE {"label":"n6-a1-r1-i0-p0-g2-f32","passed":true,"input":[0,0.25,0.5,0,0.25,0.5],"cotangent":[1,0,0,1,0,0],"actual":[0,0.43782353401184082,0.56217652559280396,0,0.43782353401184082,0.56217652559280396],"expected":[0,0.43782349911420188,0.56217650088579807,0,0.43782349911420188,0.56217650088579807]}
CASE {"label":"n6-a1-r1-i0-p0-g3-f32","passed":true,"input":[0,0.25,0.5,0,0.25,0.5],"cotangent":[0,0,0,0,0,0],"actual":[0,0,0,0,0,0],"expected":[0,0,0,0,0,0]}
CASE {"label":"n6-a1-r1-i0-p1-g0-f32","passed":true,"input":[1000,1000.25,1000.5,1000,1000.25,1000.5],"cotangent":[1,1,0,1,1,0],"actual":[0,0.43782863020896912,1.5622169971466064,0,0.43782863020896912,1.5622169971466064],"expected":[0,0.43782349911420188,1.5621765008857982,0,0.43782349911420188,1.5621765008857982]}
CASE {"label":"n6-a1-r1-i0-p1-g1-f32","passed":true,"input":[1000,1000.25,1000.5,1000,1000.25,1000.5],"cotangent":[0.25,-0.75,0,-0.75,0.25,0],"actual":[0,0.10945747047662735,-0.60947132110595703,0,-0.32837915420532227,-0.17164644598960876],"expected":[0,0.10945587477855047,-0.60945587477855045,0,-0.32836762433565136,-0.17163237566434852]}
CASE {"label":"n6-a1-r1-i0-p1-g2-f32","passed":true,"input":[1000,1000.25,1000.5,1000,1000.25,1000.5],"cotangent":[1,0,0,1,0,0],"actual":[0,0.43782863020896912,0.56218308210372925,0,0.43782863020896912,0.56218308210372925],"expected":[0,0.43782349911420188,0.56217650088579807,0,0.43782349911420188,0.56217650088579807]}
CASE {"label":"n6-a1-r1-i0-p1-g3-f32","passed":true,"input":[1000,1000.25,1000.5,1000,1000.25,1000.5],"cotangent":[0,0,0,0,0,0],"actual":[0,0,0,0,0,0],"expected":[0,0,0,0,0,0]}
CASE {"label":"n6-a1-r1-i0-p2-g0-f32","passed":false,"input":[100000000,100000000,100000000,100000000,100000000,100000000],"cotangent":[1,1,0,1,1,0],"actual":[0,1,1,0,1,1],"expected":[0,0.5,1.5,0,0.5,1.5]}
CASE {"label":"n6-a1-r1-i0-p2-g1-f32","passed":false,"input":[100000000,100000000,100000000,100000000,100000000,100000000],"cotangent":[0.25,-0.75,0,-0.75,0.25,0],"actual":[0,1,0,0,-1,0],"expected":[0,0.125,-0.625,0,-0.375,-0.125]}
CASE {"label":"n6-a1-r1-i0-p2-g2-f32","passed":false,"input":[100000000,100000000,100000000,100000000,100000000,100000000],"cotangent":[1,0,0,1,0,0],"actual":[0,1,1,0,1,1],"expected":[0,0.5,0.5,0,0.5,0.5]}
CASE {"label":"n6-a1-r1-i0-p2-g3-f32","passed":true,"input":[100000000,100000000,100000000,100000000,100000000,100000000],"cotangent":[0,0,0,0,0,0],"actual":[0,0,0,0,0,0],"expected":[0,0,0,0,0,0]}
CASE {"label":"n6-a1-r1-i0-p3-g0-f32","passed":false,"input":[-100000000,-100000000,-100000000,-100000000,-100000000,-100000000],"cotangent":[1,1,0,1,1,0],"actual":[0,1,1,0,1,1],"expected":[0,0.5,1.5,0,0.5,1.5]}
CASE {"label":"n6-a1-r1-i0-p3-g1-f32","passed":false,"input":[-100000000,-100000000,-100000000,-100000000,-100000000,-100000000],"cotangent":[0.25,-0.75,0,-0.75,0.25,0],"actual":[0,1,0,0,-1,0],"expected":[0,0.125,-0.625,0,-0.375,-0.125]}
CASE {"label":"n6-a1-r1-i0-p3-g2-f32","passed":false,"input":[-100000000,-100000000,-100000000,-100000000,-100000000,-100000000],"cotangent":[1,0,0,1,0,0],"actual":[0,1,1,0,1,1],"expected":[0,0.5,0.5,0,0.5,0.5]}
CASE {"label":"n6-a1-r1-i0-p3-g3-f32","passed":true,"input":[-100000000,-100000000,-100000000,-100000000,-100000000,-100000000],"cotangent":[0,0,0,0,0,0],"actual":[0,0,0,0,0,0],"expected":[0,0,0,0,0,0]}
CASE {"label":"n6-a1-r1-i0-p4-g0-f32","passed":false,"input":[1.0000000200408773e+20,1.0000000200408773e+20,1.0000000200408773e+20,1.0000000200408773e+20,1.0000000200408773e+20,1.0000000200408773e+20],"cotangent":[1,1,0,1,1,0],"actual":[0,1,1,0,1,1],"expected":[0,0.5,1.5,0,0.5,1.5]}
CASE {"label":"n6-a1-r1-i0-p4-g1-f32","passed":false,"input":[1.0000000200408773e+20,1.0000000200408773e+20,1.0000000200408773e+20,1.0000000200408773e+20,1.0000000200408773e+20,1.0000000200408773e+20],"cotangent":[0.25,-0.75,0,-0.75,0.25,0],"actual":[0,1,0,0,-1,0],"expected":[0,0.125,-0.625,0,-0.375,-0.125]}
CASE {"label":"n6-a1-r1-i0-p4-g2-f32","passed":false,"input":[1.0000000200408773e+20,1.0000000200408773e+20,1.0000000200408773e+20,1.0000000200408773e+20,1.0000000200408773e+20,1.0000000200408773e+20],"cotangent":[1,0,0,1,0,0],"actual":[0,1,1,0,1,1],"expected":[0,0.5,0.5,0,0.5,0.5]}
CASE {"label":"n6-a1-r1-i0-p4-g3-f32","passed":true,"input":[1.0000000200408773e+20,1.0000000200408773e+20,1.0000000200408773e+20,1.0000000200408773e+20,1.0000000200408773e+20,1.0000000200408773e+20],"cotangent":[0,0,0,0,0,0],"actual":[0,0,0,0,0,0],"expected":[0,0,0,0,0,0]}
CASE {"label":"n6-a1-r1-i0-p5-g0-f32","passed":false,"input":[0,0,100000000,0,0,100000000],"cotangent":[1,1,0,1,1,0],"actual":[0,0,1,0,0,1],"expected":[0,0,2,0,0,2]}
CASE {"label":"n6-a1-r1-i0-p5-g1-f32","passed":false,"input":[0,0,100000000,0,0,100000000],"cotangent":[0.25,-0.75,0,-0.75,0.25,0],"actual":[0,0,0,0,0,0],"expected":[0,0,-0.5,0,0,-0.5]}
CASE {"label":"n6-a1-r1-i0-p5-g2-f32","passed":true,"input":[0,0,100000000,0,0,100000000],"cotangent":[1,0,0,1,0,0],"actual":[0,0,1,0,0,1],"expected":[0,0,1,0,0,1]}
CASE {"label":"n6-a1-r1-i0-p5-g3-f32","passed":true,"input":[0,0,100000000,0,0,100000000],"cotangent":[0,0,0,0,0,0],"actual":[0,0,0,0,0,0],"expected":[0,0,0,0,0,0]}
CASE {"label":"n6-a1-r1-i0-p6-g0-f32","passed":true,"input":[100000000,0,0,100000000,0,0],"cotangent":[1,1,0,1,1,0],"actual":[0,0.5,1.5,0,0.5,1.5],"expected":[0,0.5,1.5,0,0.5,1.5]}
CASE {"label":"n6-a1-r1-i0-p6-g1-f32","passed":true,"input":[100000000,0,0,100000000,0,0],"cotangent":[0.25,-0.75,0,-0.75,0.25,0],"actual":[0,0.125,-0.625,0,-0.375,-0.125],"expected":[0,0.125,-0.625,0,-0.375,-0.125]}
CASE {"label":"n6-a1-r1-i0-p6-g2-f32","passed":true,"input":[100000000,0,0,100000000,0,0],"cotangent":[1,0,0,1,0,0],"actual":[0,0.5,0.5,0,0.5,0.5],"expected":[0,0.5,0.5,0,0.5,0.5]}
CASE {"label":"n6-a1-r1-i0-p6-g3-f32","passed":true,"input":[100000000,0,0,100000000,0,0],"cotangent":[0,0,0,0,0,0],"actual":[0,0,0,0,0,0],"expected":[0,0,0,0,0,0]}
CASE {"label":"n6-a1-r1-i1-p0-g0-f32","passed":true,"input":[0,0.25,0.5,0,0.25,0.5],"cotangent":[1,1,1,1,1,1],"actual":[0.25427523255348206,0.76431936025619507,1.9814053773880005,0.25427523255348206,0.76431936025619507,1.9814053773880005],"expected":[0.25427521259046565,0.76431933491403858,1.9814054524954958,0.25427521259046565,0.76431933491403858,1.9814054524954958]}
CASE {"label":"n6-a1-r1-i1-p0-g1-f32","passed":true,"input":[0,0.25,0.5,0,0.25,0.5],"cotangent":[0.25,-0.75,0.25,-0.75,0.25,-0.75],"actual":[0.063568815588951111,-0.24674364924430847,-0.066825151443481445,-0.19070641696453094,-0.13541603088378906,-0.92387765645980835],"expected":[0.063568803147616412,-0.2467436653856922,-0.066825137761924114,-0.19070640944284922,-0.13541600207132704,-0.9238775884858238]}
CASE {"label":"n6-a1-r1-i1-p0-g2-f32","passed":true,"input":[0,0.25,0.5,0,0.25,0.5],"cotangent":[1,0,0,1,0,0],"actual":[0.25427523255348206,0.32649585604667664,0.41922900080680847,0.25427523255348206,0.32649585604667664,0.41922900080680847],"expected":[0.25427521259046565,0.32649583579983671,0.4192289516096977,0.25427521259046565,0.32649583579983671,0.4192289516096977]}
CASE {"label":"n6-a1-r1-i1-p0-g3-f32","passed":true,"input":[0,0.25,0.5,0,0.25,0.5],"cotangent":[0,0,0,0,0,0],"actual":[0,0,0,0,0,0],"expected":[0,0,0,0,0,0]}
CASE {"label":"n6-a1-r1-i1-p1-g0-f32","passed":false,"input":[1000,1000.25,1000.5,1000,1000.25,1000.5],"cotangent":[1,1,1,1,1,1],"actual":[0.25427886843681335,0.76434367895126343,1.9814678430557251,0.25427886843681335,0.76434367895126343,1.9814678430557251],"expected":[0.25427521259046565,0.76431933491403858,1.9814054524954958,0.25427521259046565,0.76431933491403858,1.9814054524954958]}
CASE {"label":"n6-a1-r1-i1-p1-g1-f32","passed":true,"input":[1000,1000.25,1000.5,1000,1000.25,1000.5],"cotangent":[0.25,-0.75,0.25,-0.75,0.25,-0.75],"actual":[0.063569903373718262,-0.24675378203392029,-0.066844582557678223,-0.19071359932422638,-0.13542366027832031,-0.92388331890106201],"expected":[0.063568803147616412,-0.2467436653856922,-0.066825137761924114,-0.19070640944284922,-0.13541600207132704,-0.9238775884858238]}
CASE {"label":"n6-a1-r1-i1-p1-g2-f32","passed":true,"input":[1000,1000.25,1000.5,1000,1000.25,1000.5],"cotangent":[1,0,0,1,0,0],"actual":[0.25427886843681335,0.3265005350112915,0.4192349910736084,0.25427886843681335,0.3265005350112915,0.4192349910736084],"expected":[0.25427521259046565,0.32649583579983671,0.4192289516096977,0.25427521259046565,0.32649583579983671,0.4192289516096977]}
CASE {"label":"n6-a1-r1-i1-p1-g3-f32","passed":true,"input":[1000,1000.25,1000.5,1000,1000.25,1000.5],"cotangent":[0,0,0,0,0,0],"actual":[0,0,0,0,0,0],"expected":[0,0,0,0,0,0]}
CASE {"label":"n6-a1-r1-i1-p2-g0-f32","passed":false,"input":[100000000,100000000,100000000,100000000,100000000,100000000],"cotangent":[1,1,1,1,1,1],"actual":[1,1,1,1,1,1],"expected":[0.33333333333333331,0.83333333333333326,1.8333333333333333,0.33333333333333331,0.83333333333333326,1.8333333333333333]}
CASE {"label":"n6-a1-r1-i1-p2-g1-f32","passed":false,"input":[100000000,100000000,100000000,100000000,100000000,100000000],"cotangent":[0.25,-0.75,0.25,-0.75,0.25,-0.75],"actual":[1,0,0,-1,0,0],"expected":[0.083333333333333329,-0.29166666666666669,-0.041666666666666685,-0.25,-0.125,-0.875]}
CASE {"label":"n6-a1-r1-i1-p2-g2-f32","passed":false,"input":[100000000,100000000,100000000,100000000,100000000,100000000],"cotangent":[1,0,0,1,0,0],"actual":[1,1,1,1,1,1],"expected":[0.33333333333333331,0.33333333333333331,0.33333333333333331,0.33333333333333331,0.33333333333333331,0.33333333333333331]}
CASE {"label":"n6-a1-r1-i1-p2-g3-f32","passed":true,"input":[100000000,100000000,100000000,100000000,100000000,100000000],"cotangent":[0,0,0,0,0,0],"actual":[0,0,0,0,0,0],"expected":[0,0,0,0,0,0]}
CASE {"label":"n6-a1-r1-i1-p3-g0-f32","passed":false,"input":[-100000000,-100000000,-100000000,-100000000,-100000000,-100000000],"cotangent":[1,1,1,1,1,1],"actual":[1,1,1,1,1,1],"expected":[0.33333333333333331,0.83333333333333326,1.8333333333333333,0.33333333333333331,0.83333333333333326,1.8333333333333333]}
CASE {"label":"n6-a1-r1-i1-p3-g1-f32","passed":false,"input":[-100000000,-100000000,-100000000,-100000000,-100000000,-100000000],"cotangent":[0.25,-0.75,0.25,-0.75,0.25,-0.75],"actual":[1,0,0,-1,0,0],"expected":[0.083333333333333329,-0.29166666666666669,-0.041666666666666685,-0.25,-0.125,-0.875]}
CASE {"label":"n6-a1-r1-i1-p3-g2-f32","passed":false,"input":[-100000000,-100000000,-100000000,-100000000,-100000000,-100000000],"cotangent":[1,0,0,1,0,0],"actual":[1,1,1,1,1,1],"expected":[0.33333333333333331,0.33333333333333331,0.33333333333333331,0.33333333333333331,0.33333333333333331,0.33333333333333331]}
CASE {"label":"n6-a1-r1-i1-p3-g3-f32","passed":true,"input":[-100000000,-100000000,-100000000,-100000000,-100000000,-100000000],"cotangent":[0,0,0,0,0,0],"actual":[0,0,0,0,0,0],"expected":[0,0,0,0,0,0]}
CASE {"label":"n6-a1-r1-i1-p4-g0-f32","passed":false,"input":[1.0000000200408773e+20,1.0000000200408773e+20,1.0000000200408773e+20,1.0000000200408773e+20,1.0000000200408773e+20,1.0000000200408773e+20],"cotangent":[1,1,1,1,1,1],"actual":[1,1,1,1,1,1],"expected":[0.33333333333333331,0.83333333333333326,1.8333333333333333,0.33333333333333331,0.83333333333333326,1.8333333333333333]}
CASE {"label":"n6-a1-r1-i1-p4-g1-f32","passed":false,"input":[1.0000000200408773e+20,1.0000000200408773e+20,1.0000000200408773e+20,1.0000000200408773e+20,1.0000000200408773e+20,1.0000000200408773e+20],"cotangent":[0.25,-0.75,0.25,-0.75,0.25,-0.75],"actual":[1,0,0,-1,0,0],"expected":[0.083333333333333329,-0.29166666666666669,-0.041666666666666685,-0.25,-0.125,-0.875]}
CASE {"label":"n6-a1-r1-i1-p4-g2-f32","passed":false,"input":[1.0000000200408773e+20,1.0000000200408773e+20,1.0000000200408773e+20,1.0000000200408773e+20,1.0000000200408773e+20,1.0000000200408773e+20],"cotangent":[1,0,0,1,0,0],"actual":[1,1,1,1,1,1],"expected":[0.33333333333333331,0.33333333333333331,0.33333333333333331,0.33333333333333331,0.33333333333333331,0.33333333333333331]}
CASE {"label":"n6-a1-r1-i1-p4-g3-f32","passed":true,"input":[1.0000000200408773e+20,1.0000000200408773e+20,1.0000000200408773e+20,1.0000000200408773e+20,1.0000000200408773e+20,1.0000000200408773e+20],"cotangent":[0,0,0,0,0,0],"actual":[0,0,0,0,0,0],"expected":[0,0,0,0,0,0]}
CASE {"label":"n6-a1-r1-i1-p5-g0-f32","passed":false,"input":[0,0,100000000,0,0,100000000],"cotangent":[1,1,1,1,1,1],"actual":[0,0,1,0,0,1],"expected":[0,0,3,0,0,3]}
CASE {"label":"n6-a1-r1-i1-p5-g1-f32","passed":false,"input":[0,0,100000000,0,0,100000000],"cotangent":[0.25,-0.75,0.25,-0.75,0.25,-0.75],"actual":[0,0,0,0,0,0],"expected":[0,0,-0.25,0,0,-1.25]}
CASE {"label":"n6-a1-r1-i1-p5-g2-f32","passed":true,"input":[0,0,100000000,0,0,100000000],"cotangent":[1,0,0,1,0,0],"actual":[0,0,1,0,0,1],"expected":[0,0,1,0,0,1]}
CASE {"label":"n6-a1-r1-i1-p5-g3-f32","passed":true,"input":[0,0,100000000,0,0,100000000],"cotangent":[0,0,0,0,0,0],"actual":[0,0,0,0,0,0],"expected":[0,0,0,0,0,0]}
CASE {"label":"n6-a1-r1-i1-p6-g0-f32","passed":true,"input":[100000000,0,0,100000000,0,0],"cotangent":[1,1,1,1,1,1],"actual":[1,0.5,1.5,1,0.5,1.5],"expected":[1,0.5,1.5,1,0.5,1.5]}
CASE {"label":"n6-a1-r1-i1-p6-g1-f32","passed":false,"input":[100000000,0,0,100000000,0,0],"cotangent":[0.25,-0.75,0.25,-0.75,0.25,-0.75],"actual":[1,-0.375,-0.125,-1,0.125,-0.625],"expected":[0.25,-0.375,-0.125,-0.75,0.125,-0.625]}
CASE {"label":"n6-a1-r1-i1-p6-g2-f32","passed":true,"input":[100000000,0,0,100000000,0,0],"cotangent":[1,0,0,1,0,0],"actual":[1,0,0,1,0,0],"expected":[1,0,0,1,0,0]}
CASE {"label":"n6-a1-r1-i1-p6-g3-f32","passed":true,"input":[100000000,0,0,100000000,0,0],"cotangent":[0,0,0,0,0,0],"actual":[0,0,0,0,0,0],"expected":[0,0,0,0,0,0]}
CASE {"label":"n1-a0-r0-i0-p0-g0-f64","passed":true,"input":[0],"cotangent":[0],"actual":[0],"expected":[0]}
CASE {"label":"n1-a0-r0-i0-p0-g1-f64","passed":true,"input":[0],"cotangent":[0],"actual":[0],"expected":[0]}
CASE {"label":"n1-a0-r0-i0-p0-g2-f64","passed":true,"input":[0],"cotangent":[0],"actual":[0],"expected":[0]}
CASE {"label":"n1-a0-r0-i0-p0-g3-f64","passed":true,"input":[0],"cotangent":[0],"actual":[0],"expected":[0]}
CASE {"label":"n1-a0-r0-i0-p1-g0-f64","passed":true,"input":[1000],"cotangent":[0],"actual":[0],"expected":[0]}
CASE {"label":"n1-a0-r0-i0-p1-g1-f64","passed":true,"input":[1000],"cotangent":[0],"actual":[0],"expected":[0]}
CASE {"label":"n1-a0-r0-i0-p1-g2-f64","passed":true,"input":[1000],"cotangent":[0],"actual":[0],"expected":[0]}
CASE {"label":"n1-a0-r0-i0-p1-g3-f64","passed":true,"input":[1000],"cotangent":[0],"actual":[0],"expected":[0]}
CASE {"label":"n1-a0-r0-i0-p2-g0-f64","passed":true,"input":[100000000],"cotangent":[0],"actual":[0],"expected":[0]}
CASE {"label":"n1-a0-r0-i0-p2-g1-f64","passed":true,"input":[100000000],"cotangent":[0],"actual":[0],"expected":[0]}
CASE {"label":"n1-a0-r0-i0-p2-g2-f64","passed":true,"input":[100000000],"cotangent":[0],"actual":[0],"expected":[0]}
CASE {"label":"n1-a0-r0-i0-p2-g3-f64","passed":true,"input":[100000000],"cotangent":[0],"actual":[0],"expected":[0]}
CASE {"label":"n1-a0-r0-i0-p3-g0-f64","passed":true,"input":[-100000000],"cotangent":[0],"actual":[0],"expected":[0]}
CASE {"label":"n1-a0-r0-i0-p3-g1-f64","passed":true,"input":[-100000000],"cotangent":[0],"actual":[0],"expected":[0]}
CASE {"label":"n1-a0-r0-i0-p3-g2-f64","passed":true,"input":[-100000000],"cotangent":[0],"actual":[0],"expected":[0]}
CASE {"label":"n1-a0-r0-i0-p3-g3-f64","passed":true,"input":[-100000000],"cotangent":[0],"actual":[0],"expected":[0]}
CASE {"label":"n1-a0-r0-i0-p4-g0-f64","passed":true,"input":[1e+20],"cotangent":[0],"actual":[0],"expected":[0]}
CASE {"label":"n1-a0-r0-i0-p4-g1-f64","passed":true,"input":[1e+20],"cotangent":[0],"actual":[0],"expected":[0]}
CASE {"label":"n1-a0-r0-i0-p4-g2-f64","passed":true,"input":[1e+20],"cotangent":[0],"actual":[0],"expected":[0]}
CASE {"label":"n1-a0-r0-i0-p4-g3-f64","passed":true,"input":[1e+20],"cotangent":[0],"actual":[0],"expected":[0]}
CASE {"label":"n1-a0-r0-i0-p5-g0-f64","passed":true,"input":[100000000],"cotangent":[0],"actual":[0],"expected":[0]}
CASE {"label":"n1-a0-r0-i0-p5-g1-f64","passed":true,"input":[100000000],"cotangent":[0],"actual":[0],"expected":[0]}
CASE {"label":"n1-a0-r0-i0-p5-g2-f64","passed":true,"input":[100000000],"cotangent":[0],"actual":[0],"expected":[0]}
CASE {"label":"n1-a0-r0-i0-p5-g3-f64","passed":true,"input":[100000000],"cotangent":[0],"actual":[0],"expected":[0]}
CASE {"label":"n1-a0-r0-i0-p6-g0-f64","passed":true,"input":[100000000],"cotangent":[0],"actual":[0],"expected":[0]}
CASE {"label":"n1-a0-r0-i0-p6-g1-f64","passed":true,"input":[100000000],"cotangent":[0],"actual":[0],"expected":[0]}
CASE {"label":"n1-a0-r0-i0-p6-g2-f64","passed":true,"input":[100000000],"cotangent":[0],"actual":[0],"expected":[0]}
CASE {"label":"n1-a0-r0-i0-p6-g3-f64","passed":true,"input":[100000000],"cotangent":[0],"actual":[0],"expected":[0]}
CASE {"label":"n1-a0-r0-i1-p0-g0-f64","passed":true,"input":[0],"cotangent":[1],"actual":[1],"expected":[1]}
CASE {"label":"n1-a0-r0-i1-p0-g1-f64","passed":true,"input":[0],"cotangent":[0.25],"actual":[0.25],"expected":[0.25]}
CASE {"label":"n1-a0-r0-i1-p0-g2-f64","passed":true,"input":[0],"cotangent":[1],"actual":[1],"expected":[1]}
CASE {"label":"n1-a0-r0-i1-p0-g3-f64","passed":true,"input":[0],"cotangent":[0],"actual":[0],"expected":[0]}
CASE {"label":"n1-a0-r0-i1-p1-g0-f64","passed":true,"input":[1000],"cotangent":[1],"actual":[1],"expected":[1]}
CASE {"label":"n1-a0-r0-i1-p1-g1-f64","passed":true,"input":[1000],"cotangent":[0.25],"actual":[0.24999999999999906],"expected":[0.25]}
CASE {"label":"n1-a0-r0-i1-p1-g2-f64","passed":true,"input":[1000],"cotangent":[1],"actual":[1],"expected":[1]}
CASE {"label":"n1-a0-r0-i1-p1-g3-f64","passed":true,"input":[1000],"cotangent":[0],"actual":[0],"expected":[0]}
CASE {"label":"n1-a0-r0-i1-p2-g0-f64","passed":true,"input":[100000000],"cotangent":[1],"actual":[1],"expected":[1]}
CASE {"label":"n1-a0-r0-i1-p2-g1-f64","passed":false,"input":[100000000],"cotangent":[0.25],"actual":[0.24999999904767284],"expected":[0.25]}
CASE {"label":"n1-a0-r0-i1-p2-g2-f64","passed":true,"input":[100000000],"cotangent":[1],"actual":[1],"expected":[1]}
CASE {"label":"n1-a0-r0-i1-p2-g3-f64","passed":true,"input":[100000000],"cotangent":[0],"actual":[0],"expected":[0]}
CASE {"label":"n1-a0-r0-i1-p3-g0-f64","passed":true,"input":[-100000000],"cotangent":[1],"actual":[1],"expected":[1]}
CASE {"label":"n1-a0-r0-i1-p3-g1-f64","passed":false,"input":[-100000000],"cotangent":[0.25],"actual":[0.24999999904767284],"expected":[0.25]}
CASE {"label":"n1-a0-r0-i1-p3-g2-f64","passed":true,"input":[-100000000],"cotangent":[1],"actual":[1],"expected":[1]}
CASE {"label":"n1-a0-r0-i1-p3-g3-f64","passed":true,"input":[-100000000],"cotangent":[0],"actual":[0],"expected":[0]}
CASE {"label":"n1-a0-r0-i1-p4-g0-f64","passed":true,"input":[1e+20],"cotangent":[1],"actual":[1],"expected":[1]}
CASE {"label":"n1-a0-r0-i1-p4-g1-f64","passed":false,"input":[1e+20],"cotangent":[0.25],"actual":[1],"expected":[0.25]}
CASE {"label":"n1-a0-r0-i1-p4-g2-f64","passed":true,"input":[1e+20],"cotangent":[1],"actual":[1],"expected":[1]}
CASE {"label":"n1-a0-r0-i1-p4-g3-f64","passed":true,"input":[1e+20],"cotangent":[0],"actual":[0],"expected":[0]}
CASE {"label":"n1-a0-r0-i1-p5-g0-f64","passed":true,"input":[100000000],"cotangent":[1],"actual":[1],"expected":[1]}
CASE {"label":"n1-a0-r0-i1-p5-g1-f64","passed":false,"input":[100000000],"cotangent":[0.25],"actual":[0.24999999904767284],"expected":[0.25]}
CASE {"label":"n1-a0-r0-i1-p5-g2-f64","passed":true,"input":[100000000],"cotangent":[1],"actual":[1],"expected":[1]}
CASE {"label":"n1-a0-r0-i1-p5-g3-f64","passed":true,"input":[100000000],"cotangent":[0],"actual":[0],"expected":[0]}
CASE {"label":"n1-a0-r0-i1-p6-g0-f64","passed":true,"input":[100000000],"cotangent":[1],"actual":[1],"expected":[1]}
CASE {"label":"n1-a0-r0-i1-p6-g1-f64","passed":false,"input":[100000000],"cotangent":[0.25],"actual":[0.24999999904767284],"expected":[0.25]}
CASE {"label":"n1-a0-r0-i1-p6-g2-f64","passed":true,"input":[100000000],"cotangent":[1],"actual":[1],"expected":[1]}
CASE {"label":"n1-a0-r0-i1-p6-g3-f64","passed":true,"input":[100000000],"cotangent":[0],"actual":[0],"expected":[0]}
CASE {"label":"n1-a0-r1-i0-p0-g0-f64","passed":true,"input":[0],"cotangent":[0],"actual":[0],"expected":[0]}
CASE {"label":"n1-a0-r1-i0-p0-g1-f64","passed":true,"input":[0],"cotangent":[0],"actual":[0],"expected":[0]}
CASE {"label":"n1-a0-r1-i0-p0-g2-f64","passed":true,"input":[0],"cotangent":[0],"actual":[0],"expected":[0]}
CASE {"label":"n1-a0-r1-i0-p0-g3-f64","passed":true,"input":[0],"cotangent":[0],"actual":[0],"expected":[0]}
CASE {"label":"n1-a0-r1-i0-p1-g0-f64","passed":true,"input":[1000],"cotangent":[0],"actual":[0],"expected":[0]}
CASE {"label":"n1-a0-r1-i0-p1-g1-f64","passed":true,"input":[1000],"cotangent":[0],"actual":[0],"expected":[0]}
CASE {"label":"n1-a0-r1-i0-p1-g2-f64","passed":true,"input":[1000],"cotangent":[0],"actual":[0],"expected":[0]}
CASE {"label":"n1-a0-r1-i0-p1-g3-f64","passed":true,"input":[1000],"cotangent":[0],"actual":[0],"expected":[0]}
CASE {"label":"n1-a0-r1-i0-p2-g0-f64","passed":true,"input":[100000000],"cotangent":[0],"actual":[0],"expected":[0]}
CASE {"label":"n1-a0-r1-i0-p2-g1-f64","passed":true,"input":[100000000],"cotangent":[0],"actual":[0],"expected":[0]}
CASE {"label":"n1-a0-r1-i0-p2-g2-f64","passed":true,"input":[100000000],"cotangent":[0],"actual":[0],"expected":[0]}
CASE {"label":"n1-a0-r1-i0-p2-g3-f64","passed":true,"input":[100000000],"cotangent":[0],"actual":[0],"expected":[0]}
CASE {"label":"n1-a0-r1-i0-p3-g0-f64","passed":true,"input":[-100000000],"cotangent":[0],"actual":[0],"expected":[0]}
CASE {"label":"n1-a0-r1-i0-p3-g1-f64","passed":true,"input":[-100000000],"cotangent":[0],"actual":[0],"expected":[0]}
CASE {"label":"n1-a0-r1-i0-p3-g2-f64","passed":true,"input":[-100000000],"cotangent":[0],"actual":[0],"expected":[0]}
CASE {"label":"n1-a0-r1-i0-p3-g3-f64","passed":true,"input":[-100000000],"cotangent":[0],"actual":[0],"expected":[0]}
CASE {"label":"n1-a0-r1-i0-p4-g0-f64","passed":true,"input":[1e+20],"cotangent":[0],"actual":[0],"expected":[0]}
CASE {"label":"n1-a0-r1-i0-p4-g1-f64","passed":true,"input":[1e+20],"cotangent":[0],"actual":[0],"expected":[0]}
CASE {"label":"n1-a0-r1-i0-p4-g2-f64","passed":true,"input":[1e+20],"cotangent":[0],"actual":[0],"expected":[0]}
CASE {"label":"n1-a0-r1-i0-p4-g3-f64","passed":true,"input":[1e+20],"cotangent":[0],"actual":[0],"expected":[0]}
CASE {"label":"n1-a0-r1-i0-p5-g0-f64","passed":true,"input":[100000000],"cotangent":[0],"actual":[0],"expected":[0]}
CASE {"label":"n1-a0-r1-i0-p5-g1-f64","passed":true,"input":[100000000],"cotangent":[0],"actual":[0],"expected":[0]}
CASE {"label":"n1-a0-r1-i0-p5-g2-f64","passed":true,"input":[100000000],"cotangent":[0],"actual":[0],"expected":[0]}
CASE {"label":"n1-a0-r1-i0-p5-g3-f64","passed":true,"input":[100000000],"cotangent":[0],"actual":[0],"expected":[0]}
CASE {"label":"n1-a0-r1-i0-p6-g0-f64","passed":true,"input":[100000000],"cotangent":[0],"actual":[0],"expected":[0]}
CASE {"label":"n1-a0-r1-i0-p6-g1-f64","passed":true,"input":[100000000],"cotangent":[0],"actual":[0],"expected":[0]}
CASE {"label":"n1-a0-r1-i0-p6-g2-f64","passed":true,"input":[100000000],"cotangent":[0],"actual":[0],"expected":[0]}
CASE {"label":"n1-a0-r1-i0-p6-g3-f64","passed":true,"input":[100000000],"cotangent":[0],"actual":[0],"expected":[0]}
CASE {"label":"n1-a0-r1-i1-p0-g0-f64","passed":true,"input":[0],"cotangent":[1],"actual":[1],"expected":[1]}
CASE {"label":"n1-a0-r1-i1-p0-g1-f64","passed":true,"input":[0],"cotangent":[0.25],"actual":[0.25],"expected":[0.25]}
CASE {"label":"n1-a0-r1-i1-p0-g2-f64","passed":true,"input":[0],"cotangent":[1],"actual":[1],"expected":[1]}
CASE {"label":"n1-a0-r1-i1-p0-g3-f64","passed":true,"input":[0],"cotangent":[0],"actual":[0],"expected":[0]}
CASE {"label":"n1-a0-r1-i1-p1-g0-f64","passed":true,"input":[1000],"cotangent":[1],"actual":[1],"expected":[1]}
CASE {"label":"n1-a0-r1-i1-p1-g1-f64","passed":true,"input":[1000],"cotangent":[0.25],"actual":[0.24999999999999906],"expected":[0.25]}
CASE {"label":"n1-a0-r1-i1-p1-g2-f64","passed":true,"input":[1000],"cotangent":[1],"actual":[1],"expected":[1]}
CASE {"label":"n1-a0-r1-i1-p1-g3-f64","passed":true,"input":[1000],"cotangent":[0],"actual":[0],"expected":[0]}
CASE {"label":"n1-a0-r1-i1-p2-g0-f64","passed":true,"input":[100000000],"cotangent":[1],"actual":[1],"expected":[1]}
CASE {"label":"n1-a0-r1-i1-p2-g1-f64","passed":false,"input":[100000000],"cotangent":[0.25],"actual":[0.24999999904767284],"expected":[0.25]}
CASE {"label":"n1-a0-r1-i1-p2-g2-f64","passed":true,"input":[100000000],"cotangent":[1],"actual":[1],"expected":[1]}
CASE {"label":"n1-a0-r1-i1-p2-g3-f64","passed":true,"input":[100000000],"cotangent":[0],"actual":[0],"expected":[0]}
CASE {"label":"n1-a0-r1-i1-p3-g0-f64","passed":true,"input":[-100000000],"cotangent":[1],"actual":[1],"expected":[1]}
CASE {"label":"n1-a0-r1-i1-p3-g1-f64","passed":false,"input":[-100000000],"cotangent":[0.25],"actual":[0.24999999904767284],"expected":[0.25]}
CASE {"label":"n1-a0-r1-i1-p3-g2-f64","passed":true,"input":[-100000000],"cotangent":[1],"actual":[1],"expected":[1]}
CASE {"label":"n1-a0-r1-i1-p3-g3-f64","passed":true,"input":[-100000000],"cotangent":[0],"actual":[0],"expected":[0]}
CASE {"label":"n1-a0-r1-i1-p4-g0-f64","passed":true,"input":[1e+20],"cotangent":[1],"actual":[1],"expected":[1]}
CASE {"label":"n1-a0-r1-i1-p4-g1-f64","passed":false,"input":[1e+20],"cotangent":[0.25],"actual":[1],"expected":[0.25]}
CASE {"label":"n1-a0-r1-i1-p4-g2-f64","passed":true,"input":[1e+20],"cotangent":[1],"actual":[1],"expected":[1]}
CASE {"label":"n1-a0-r1-i1-p4-g3-f64","passed":true,"input":[1e+20],"cotangent":[0],"actual":[0],"expected":[0]}
CASE {"label":"n1-a0-r1-i1-p5-g0-f64","passed":true,"input":[100000000],"cotangent":[1],"actual":[1],"expected":[1]}
CASE {"label":"n1-a0-r1-i1-p5-g1-f64","passed":false,"input":[100000000],"cotangent":[0.25],"actual":[0.24999999904767284],"expected":[0.25]}
CASE {"label":"n1-a0-r1-i1-p5-g2-f64","passed":true,"input":[100000000],"cotangent":[1],"actual":[1],"expected":[1]}
CASE {"label":"n1-a0-r1-i1-p5-g3-f64","passed":true,"input":[100000000],"cotangent":[0],"actual":[0],"expected":[0]}
CASE {"label":"n1-a0-r1-i1-p6-g0-f64","passed":true,"input":[100000000],"cotangent":[1],"actual":[1],"expected":[1]}
CASE {"label":"n1-a0-r1-i1-p6-g1-f64","passed":false,"input":[100000000],"cotangent":[0.25],"actual":[0.24999999904767284],"expected":[0.25]}
CASE {"label":"n1-a0-r1-i1-p6-g2-f64","passed":true,"input":[100000000],"cotangent":[1],"actual":[1],"expected":[1]}
CASE {"label":"n1-a0-r1-i1-p6-g3-f64","passed":true,"input":[100000000],"cotangent":[0],"actual":[0],"expected":[0]}
CASE {"label":"n2-a0-r0-i0-p0-g0-f64","passed":true,"input":[0,0.25],"cotangent":[0,1],"actual":[1,0],"expected":[1,0]}
CASE {"label":"n2-a0-r0-i0-p0-g1-f64","passed":true,"input":[0,0.25],"cotangent":[0,-0.75],"actual":[-0.75,0],"expected":[-0.75,0]}
CASE {"label":"n2-a0-r0-i0-p0-g2-f64","passed":true,"input":[0,0.25],"cotangent":[0,1],"actual":[1,0],"expected":[1,0]}
CASE {"label":"n2-a0-r0-i0-p0-g3-f64","passed":true,"input":[0,0.25],"cotangent":[0,0],"actual":[0,0],"expected":[0,0]}
CASE {"label":"n2-a0-r0-i0-p1-g0-f64","passed":true,"input":[1000,1000.25],"cotangent":[0,1],"actual":[1,0],"expected":[1,0]}
CASE {"label":"n2-a0-r0-i0-p1-g1-f64","passed":true,"input":[1000,1000.25],"cotangent":[0,-0.75],"actual":[-0.75000000000003808,0],"expected":[-0.75,0]}
CASE {"label":"n2-a0-r0-i0-p1-g2-f64","passed":true,"input":[1000,1000.25],"cotangent":[0,1],"actual":[1,0],"expected":[1,0]}
CASE {"label":"n2-a0-r0-i0-p1-g3-f64","passed":true,"input":[1000,1000.25],"cotangent":[0,0],"actual":[0,0],"expected":[0,0]}
CASE {"label":"n2-a0-r0-i0-p2-g0-f64","passed":true,"input":[100000000,100000000.25],"cotangent":[0,1],"actual":[1,0],"expected":[1,0]}
CASE {"label":"n2-a0-r0-i0-p2-g1-f64","passed":false,"input":[100000000,100000000.25],"cotangent":[0,-0.75],"actual":[-0.75000000084271334,0],"expected":[-0.75,0]}
CASE {"label":"n2-a0-r0-i0-p2-g2-f64","passed":true,"input":[100000000,100000000.25],"cotangent":[0,1],"actual":[1,0],"expected":[1,0]}
CASE {"label":"n2-a0-r0-i0-p2-g3-f64","passed":true,"input":[100000000,100000000.25],"cotangent":[0,0],"actual":[0,0],"expected":[0,0]}
CASE {"label":"n2-a0-r0-i0-p3-g0-f64","passed":true,"input":[-100000000,-99999999.75],"cotangent":[0,1],"actual":[1,0],"expected":[1,0]}
CASE {"label":"n2-a0-r0-i0-p3-g1-f64","passed":false,"input":[-100000000,-99999999.75],"cotangent":[0,-0.75],"actual":[-0.75000000084271334,0],"expected":[-0.75,0]}
CASE {"label":"n2-a0-r0-i0-p3-g2-f64","passed":true,"input":[-100000000,-99999999.75],"cotangent":[0,1],"actual":[1,0],"expected":[1,0]}
CASE {"label":"n2-a0-r0-i0-p3-g3-f64","passed":true,"input":[-100000000,-99999999.75],"cotangent":[0,0],"actual":[0,0],"expected":[0,0]}
CASE {"label":"n2-a0-r0-i0-p4-g0-f64","passed":true,"input":[1e+20,1e+20],"cotangent":[0,1],"actual":[1,0],"expected":[1,0]}
CASE {"label":"n2-a0-r0-i0-p4-g1-f64","passed":false,"input":[1e+20,1e+20],"cotangent":[0,-0.75],"actual":[-1,0],"expected":[-0.75,0]}
CASE {"label":"n2-a0-r0-i0-p4-g2-f64","passed":true,"input":[1e+20,1e+20],"cotangent":[0,1],"actual":[1,0],"expected":[1,0]}
CASE {"label":"n2-a0-r0-i0-p4-g3-f64","passed":true,"input":[1e+20,1e+20],"cotangent":[0,0],"actual":[0,0],"expected":[0,0]}
CASE {"label":"n2-a0-r0-i0-p5-g0-f64","passed":true,"input":[0,100000000],"cotangent":[0,1],"actual":[1,0],"expected":[1,0]}
CASE {"label":"n2-a0-r0-i0-p5-g1-f64","passed":true,"input":[0,100000000],"cotangent":[0,-0.75],"actual":[-0.75,0],"expected":[-0.75,0]}
CASE {"label":"n2-a0-r0-i0-p5-g2-f64","passed":true,"input":[0,100000000],"cotangent":[0,1],"actual":[1,0],"expected":[1,0]}
CASE {"label":"n2-a0-r0-i0-p5-g3-f64","passed":true,"input":[0,100000000],"cotangent":[0,0],"actual":[0,0],"expected":[0,0]}
CASE {"label":"n2-a0-r0-i0-p6-g0-f64","passed":true,"input":[100000000,0],"cotangent":[0,1],"actual":[1,0],"expected":[1,0]}
CASE {"label":"n2-a0-r0-i0-p6-g1-f64","passed":false,"input":[100000000,0],"cotangent":[0,-0.75],"actual":[-0.75000000084271334,0],"expected":[-0.75,0]}
CASE {"label":"n2-a0-r0-i0-p6-g2-f64","passed":true,"input":[100000000,0],"cotangent":[0,1],"actual":[1,0],"expected":[1,0]}
CASE {"label":"n2-a0-r0-i0-p6-g3-f64","passed":true,"input":[100000000,0],"cotangent":[0,0],"actual":[0,0],"expected":[0,0]}
CASE {"label":"n2-a0-r0-i1-p0-g0-f64","passed":false,"input":[0,0.25],"cotangent":[1,1],"actual":[1.4378235340118408,0.56217650010513243],"expected":[1.4378234991142018,0.56217650088579807]}
CASE {"label":"n2-a0-r0-i1-p0-g1-f64","passed":false,"input":[0,0.25],"cotangent":[0.25,-0.75],"actual":[-0.078367623879664117,-0.42163237507884932],"expected":[-0.078367624335651365,-0.42163237566434852]}
CASE {"label":"n2-a0-r0-i1-p0-g2-f64","passed":false,"input":[0,0.25],"cotangent":[0,1],"actual":[0.43782349850621882,0.56217650010513243],"expected":[0.43782349911420188,0.56217650088579807]}
CASE {"label":"n2-a0-r0-i1-p0-g3-f64","passed":true,"input":[0,0.25],"cotangent":[0,0],"actual":[0,0],"expected":[0,0]}
CASE {"label":"n2-a0-r0-i1-p1-g0-f64","passed":false,"input":[1000,1000.25],"cotangent":[1,1],"actual":[1.4378235340117713,0.56217650010510067],"expected":[1.4378234991142018,0.56217650088579807]}
CASE {"label":"n2-a0-r0-i1-p1-g1-f64","passed":false,"input":[1000,1000.25],"cotangent":[0.25,-0.75],"actual":[-0.078367623879663173,-0.42163237507884688],"expected":[-0.078367624335651365,-0.42163237566434852]}
CASE {"label":"n2-a0-r0-i1-p1-g2-f64","passed":false,"input":[1000,1000.25],"cotangent":[0,1],"actual":[0.43782349850619412,0.56217650010510067],"expected":[0.43782349911420188,0.56217650088579807]}
CASE {"label":"n2-a0-r0-i1-p1-g3-f64","passed":true,"input":[1000,1000.25],"cotangent":[0,0],"actual":[0,0],"expected":[0,0]}
CASE {"label":"n2-a0-r0-i1-p2-g0-f64","passed":false,"input":[100000000,100000000.25],"cotangent":[1,1],"actual":[1.437823539980899,0.56217650256865526],"expected":[1.4378234991142018,0.56217650088579807]}
CASE {"label":"n2-a0-r0-i1-p2-g1-f64","passed":false,"input":[100000000,100000000.25],"cotangent":[0.25,-0.75],"actual":[-0.078367626639896104,-0.42163237740024506],"expected":[-0.078367624335651365,-0.42163237566434852]}
CASE {"label":"n2-a0-r0-i1-p2-g2-f64","passed":false,"input":[100000000,100000000.25],"cotangent":[0,1],"actual":[0.43782350042481233,0.56217650256865526],"expected":[0.43782349911420188,0.56217650088579807]}
CASE {"label":"n2-a0-r0-i1-p2-g3-f64","passed":true,"input":[100000000,100000000.25],"cotangent":[0,0],"actual":[0,0],"expected":[0,0]}
CASE {"label":"n2-a0-r0-i1-p3-g0-f64","passed":false,"input":[-100000000,-99999999.75],"cotangent":[1,1],"actual":[1.437823539980899,0.56217650256865526],"expected":[1.4378234991142018,0.56217650088579807]}
CASE {"label":"n2-a0-r0-i1-p3-g1-f64","passed":false,"input":[-100000000,-99999999.75],"cotangent":[0.25,-0.75],"actual":[-0.078367626639896104,-0.42163237740024506],"expected":[-0.078367624335651365,-0.42163237566434852]}
CASE {"label":"n2-a0-r0-i1-p3-g2-f64","passed":false,"input":[-100000000,-99999999.75],"cotangent":[0,1],"actual":[0.43782350042481233,0.56217650256865526],"expected":[0.43782349911420188,0.56217650088579807]}
CASE {"label":"n2-a0-r0-i1-p3-g3-f64","passed":true,"input":[-100000000,-99999999.75],"cotangent":[0,0],"actual":[0,0],"expected":[0,0]}
CASE {"label":"n2-a0-r0-i1-p4-g0-f64","passed":false,"input":[1e+20,1e+20],"cotangent":[1,1],"actual":[1,1],"expected":[1.5,0.5]}
CASE {"label":"n2-a0-r0-i1-p4-g1-f64","passed":false,"input":[1e+20,1e+20],"cotangent":[0.25,-0.75],"actual":[0,-1],"expected":[-0.125,-0.375]}
CASE {"label":"n2-a0-r0-i1-p4-g2-f64","passed":false,"input":[1e+20,1e+20],"cotangent":[0,1],"actual":[1,1],"expected":[0.5,0.5]}
CASE {"label":"n2-a0-r0-i1-p4-g3-f64","passed":true,"input":[1e+20,1e+20],"cotangent":[0,0],"actual":[0,0],"expected":[0,0]}
CASE {"label":"n2-a0-r0-i1-p5-g0-f64","passed":true,"input":[0,100000000],"cotangent":[1,1],"actual":[1,1],"expected":[1,1]}
CASE {"label":"n2-a0-r0-i1-p5-g1-f64","passed":false,"input":[0,100000000],"cotangent":[0.25,-0.75],"actual":[0.25,-0.75000000084271334],"expected":[0.25,-0.75]}
CASE {"label":"n2-a0-r0-i1-p5-g2-f64","passed":true,"input":[0,100000000],"cotangent":[0,1],"actual":[0,1],"expected":[0,1]}
CASE {"label":"n2-a0-r0-i1-p5-g3-f64","passed":true,"input":[0,100000000],"cotangent":[0,0],"actual":[0,0],"expected":[0,0]}
CASE {"label":"n2-a0-r0-i1-p6-g0-f64","passed":false,"input":[100000000,0],"cotangent":[1,1],"actual":[2.0000000038093084,0],"expected":[2,0]}
CASE {"label":"n2-a0-r0-i1-p6-g1-f64","passed":false,"input":[100000000,0],"cotangent":[0.25,-0.75],"actual":[-0.50000000179504056,0],"expected":[-0.5,0]}
CASE {"label":"n2-a0-r0-i1-p6-g2-f64","passed":true,"input":[100000000,0],"cotangent":[0,1],"actual":[1,0],"expected":[1,0]}
CASE {"label":"n2-a0-r0-i1-p6-g3-f64","passed":true,"input":[100000000,0],"cotangent":[0,0],"actual":[0,0],"expected":[0,0]}
CASE {"label":"n2-a0-r1-i0-p0-g0-f64","passed":true,"input":[0,0.25],"cotangent":[1,0],"actual":[0,1],"expected":[0,1]}
CASE {"label":"n2-a0-r1-i0-p0-g1-f64","passed":true,"input":[0,0.25],"cotangent":[0.25,0],"actual":[0,0.25],"expected":[0,0.25]}
CASE {"label":"n2-a0-r1-i0-p0-g2-f64","passed":true,"input":[0,0.25],"cotangent":[1,0],"actual":[0,1],"expected":[0,1]}
CASE {"label":"n2-a0-r1-i0-p0-g3-f64","passed":true,"input":[0,0.25],"cotangent":[0,0],"actual":[0,0],"expected":[0,0]}
CASE {"label":"n2-a0-r1-i0-p1-g0-f64","passed":true,"input":[1000,1000.25],"cotangent":[1,0],"actual":[0,1],"expected":[0,1]}
CASE {"label":"n2-a0-r1-i0-p1-g1-f64","passed":true,"input":[1000,1000.25],"cotangent":[0.25,0],"actual":[0,0.24999999999999906],"expected":[0,0.25]}
CASE {"label":"n2-a0-r1-i0-p1-g2-f64","passed":true,"input":[1000,1000.25],"cotangent":[1,0],"actual":[0,1],"expected":[0,1]}
CASE {"label":"n2-a0-r1-i0-p1-g3-f64","passed":true,"input":[1000,1000.25],"cotangent":[0,0],"actual":[0,0],"expected":[0,0]}
CASE {"label":"n2-a0-r1-i0-p2-g0-f64","passed":true,"input":[100000000,100000000.25],"cotangent":[1,0],"actual":[0,1],"expected":[0,1]}
CASE {"label":"n2-a0-r1-i0-p2-g1-f64","passed":false,"input":[100000000,100000000.25],"cotangent":[0.25,0],"actual":[0,0.24999999904767284],"expected":[0,0.25]}
CASE {"label":"n2-a0-r1-i0-p2-g2-f64","passed":true,"input":[100000000,100000000.25],"cotangent":[1,0],"actual":[0,1],"expected":[0,1]}
CASE {"label":"n2-a0-r1-i0-p2-g3-f64","passed":true,"input":[100000000,100000000.25],"cotangent":[0,0],"actual":[0,0],"expected":[0,0]}
CASE {"label":"n2-a0-r1-i0-p3-g0-f64","passed":true,"input":[-100000000,-99999999.75],"cotangent":[1,0],"actual":[0,1],"expected":[0,1]}
CASE {"label":"n2-a0-r1-i0-p3-g1-f64","passed":false,"input":[-100000000,-99999999.75],"cotangent":[0.25,0],"actual":[0,0.24999999904767284],"expected":[0,0.25]}
CASE {"label":"n2-a0-r1-i0-p3-g2-f64","passed":true,"input":[-100000000,-99999999.75],"cotangent":[1,0],"actual":[0,1],"expected":[0,1]}
CASE {"label":"n2-a0-r1-i0-p3-g3-f64","passed":true,"input":[-100000000,-99999999.75],"cotangent":[0,0],"actual":[0,0],"expected":[0,0]}
CASE {"label":"n2-a0-r1-i0-p4-g0-f64","passed":true,"input":[1e+20,1e+20],"cotangent":[1,0],"actual":[0,1],"expected":[0,1]}
CASE {"label":"n2-a0-r1-i0-p4-g1-f64","passed":false,"input":[1e+20,1e+20],"cotangent":[0.25,0],"actual":[0,1],"expected":[0,0.25]}
CASE {"label":"n2-a0-r1-i0-p4-g2-f64","passed":true,"input":[1e+20,1e+20],"cotangent":[1,0],"actual":[0,1],"expected":[0,1]}
CASE {"label":"n2-a0-r1-i0-p4-g3-f64","passed":true,"input":[1e+20,1e+20],"cotangent":[0,0],"actual":[0,0],"expected":[0,0]}
CASE {"label":"n2-a0-r1-i0-p5-g0-f64","passed":true,"input":[0,100000000],"cotangent":[1,0],"actual":[0,1],"expected":[0,1]}
CASE {"label":"n2-a0-r1-i0-p5-g1-f64","passed":false,"input":[0,100000000],"cotangent":[0.25,0],"actual":[0,0.24999999904767284],"expected":[0,0.25]}
CASE {"label":"n2-a0-r1-i0-p5-g2-f64","passed":true,"input":[0,100000000],"cotangent":[1,0],"actual":[0,1],"expected":[0,1]}
CASE {"label":"n2-a0-r1-i0-p5-g3-f64","passed":true,"input":[0,100000000],"cotangent":[0,0],"actual":[0,0],"expected":[0,0]}
CASE {"label":"n2-a0-r1-i0-p6-g0-f64","passed":true,"input":[100000000,0],"cotangent":[1,0],"actual":[0,1],"expected":[0,1]}
CASE {"label":"n2-a0-r1-i0-p6-g1-f64","passed":true,"input":[100000000,0],"cotangent":[0.25,0],"actual":[0,0.25],"expected":[0,0.25]}
CASE {"label":"n2-a0-r1-i0-p6-g2-f64","passed":true,"input":[100000000,0],"cotangent":[1,0],"actual":[0,1],"expected":[0,1]}
CASE {"label":"n2-a0-r1-i0-p6-g3-f64","passed":true,"input":[100000000,0],"cotangent":[0,0],"actual":[0,0],"expected":[0,0]}
CASE {"label":"n2-a0-r1-i1-p0-g0-f64","passed":false,"input":[0,0.25],"cotangent":[1,1],"actual":[0.43782349850621882,1.562176525592804],"expected":[0.43782349911420188,1.5621765008857982]}
CASE {"label":"n2-a0-r1-i1-p0-g1-f64","passed":false,"input":[0,0.25],"cotangent":[0.25,-0.75],"actual":[0.10945587462655473,-0.60945587497371689],"expected":[0.10945587477855047,-0.60945587477855045]}
CASE {"label":"n2-a0-r1-i1-p0-g2-f64","passed":false,"input":[0,0.25],"cotangent":[1,0],"actual":[0.43782349850621882,0.56217650010513243],"expected":[0.43782349911420188,0.56217650088579807]}
CASE {"label":"n2-a0-r1-i1-p0-g3-f64","passed":true,"input":[0,0.25],"cotangent":[0,0],"actual":[0,0],"expected":[0,0]}
CASE {"label":"n2-a0-r1-i1-p1-g0-f64","passed":false,"input":[1000,1000.25],"cotangent":[1,1],"actual":[0.43782349850619412,1.562176525592857],"expected":[0.43782349911420188,1.5621765008857982]}
CASE {"label":"n2-a0-r1-i1-p1-g1-f64","passed":false,"input":[1000,1000.25],"cotangent":[0.25,-0.75],"actual":[0.10945587462654811,-0.60945587497376341],"expected":[0.10945587477855047,-0.60945587477855045]}
CASE {"label":"n2-a0-r1-i1-p1-g2-f64","passed":false,"input":[1000,1000.25],"cotangent":[1,0],"actual":[0.43782349850619412,0.56217650010510067],"expected":[0.43782349911420188,0.56217650088579807]}
CASE {"label":"n2-a0-r1-i1-p1-g3-f64","passed":true,"input":[1000,1000.25],"cotangent":[0,0],"actual":[0,0],"expected":[0,0]}
CASE {"label":"n2-a0-r1-i1-p2-g0-f64","passed":false,"input":[100000000,100000000.25],"cotangent":[1,1],"actual":[0.43782350042481233,1.5621765275261987],"expected":[0.43782349911420188,1.5621765008857982]}
CASE {"label":"n2-a0-r1-i1-p2-g1-f64","passed":false,"input":[100000000,100000000.25],"cotangent":[0.25,-0.75],"actual":[0.10945587468925189,-0.60945587573592541],"expected":[0.10945587477855047,-0.60945587477855045]}
CASE {"label":"n2-a0-r1-i1-p2-g2-f64","passed":false,"input":[100000000,100000000.25],"cotangent":[1,0],"actual":[0.43782350042481233,0.56217650256865526],"expected":[0.43782349911420188,0.56217650088579807]}
CASE {"label":"n2-a0-r1-i1-p2-g3-f64","passed":true,"input":[100000000,100000000.25],"cotangent":[0,0],"actual":[0,0],"expected":[0,0]}
CASE {"label":"n2-a0-r1-i1-p3-g0-f64","passed":false,"input":[-100000000,-99999999.75],"cotangent":[1,1],"actual":[0.43782350042481233,1.5621765275261987],"expected":[0.43782349911420188,1.5621765008857982]}
CASE {"label":"n2-a0-r1-i1-p3-g1-f64","passed":false,"input":[-100000000,-99999999.75],"cotangent":[0.25,-0.75],"actual":[0.10945587468925189,-0.60945587573592541],"expected":[0.10945587477855047,-0.60945587477855045]}
CASE {"label":"n2-a0-r1-i1-p3-g2-f64","passed":false,"input":[-100000000,-99999999.75],"cotangent":[1,0],"actual":[0.43782350042481233,0.56217650256865526],"expected":[0.43782349911420188,0.56217650088579807]}
CASE {"label":"n2-a0-r1-i1-p3-g3-f64","passed":true,"input":[-100000000,-99999999.75],"cotangent":[0,0],"actual":[0,0],"expected":[0,0]}
CASE {"label":"n2-a0-r1-i1-p4-g0-f64","passed":false,"input":[1e+20,1e+20],"cotangent":[1,1],"actual":[1,1],"expected":[0.5,1.5]}
CASE {"label":"n2-a0-r1-i1-p4-g1-f64","passed":false,"input":[1e+20,1e+20],"cotangent":[0.25,-0.75],"actual":[1,0],"expected":[0.125,-0.625]}
CASE {"label":"n2-a0-r1-i1-p4-g2-f64","passed":false,"input":[1e+20,1e+20],"cotangent":[1,0],"actual":[1,1],"expected":[0.5,0.5]}
CASE {"label":"n2-a0-r1-i1-p4-g3-f64","passed":true,"input":[1e+20,1e+20],"cotangent":[0,0],"actual":[0,0],"expected":[0,0]}
CASE {"label":"n2-a0-r1-i1-p5-g0-f64","passed":false,"input":[0,100000000],"cotangent":[1,1],"actual":[0,2.0000000038093084],"expected":[0,2]}
CASE {"label":"n2-a0-r1-i1-p5-g1-f64","passed":false,"input":[0,100000000],"cotangent":[0.25,-0.75],"actual":[0,-0.50000000179504056],"expected":[0,-0.5]}
CASE {"label":"n2-a0-r1-i1-p5-g2-f64","passed":true,"input":[0,100000000],"cotangent":[1,0],"actual":[0,1],"expected":[0,1]}
CASE {"label":"n2-a0-r1-i1-p5-g3-f64","passed":true,"input":[0,100000000],"cotangent":[0,0],"actual":[0,0],"expected":[0,0]}
CASE {"label":"n2-a0-r1-i1-p6-g0-f64","passed":true,"input":[100000000,0],"cotangent":[1,1],"actual":[1,1],"expected":[1,1]}
CASE {"label":"n2-a0-r1-i1-p6-g1-f64","passed":false,"input":[100000000,0],"cotangent":[0.25,-0.75],"actual":[0.24999999904767284,-0.75],"expected":[0.25,-0.75]}
CASE {"label":"n2-a0-r1-i1-p6-g2-f64","passed":true,"input":[100000000,0],"cotangent":[1,0],"actual":[1,0],"expected":[1,0]}
CASE {"label":"n2-a0-r1-i1-p6-g3-f64","passed":true,"input":[100000000,0],"cotangent":[0,0],"actual":[0,0],"expected":[0,0]}
CASE {"label":"n4-a0-r0-i0-p0-g0-f64","passed":false,"input":[0,0.25,0.5,0],"cotangent":[0,1,1,1],"actual":[1.6920986771583557,0.88867232454828682,0.41922895363648549,0],"expected":[1.6920987117046675,0.88867233668563483,0.4192289516096977,0]}
CASE {"label":"n4-a0-r0-i0-p0-g1-f64","passed":false,"input":[0,0.25,0.5,0],"cotangent":[0,-0.75,0.25,-0.75],"actual":[-0.83125054978855684,-0.10432775300744232,-0.31442171522736412,0],"expected":[-0.83125053466429877,-0.104327751628428,-0.31442171370727329,0]}
CASE {"label":"n4-a0-r0-i0-p0-g2-f64","passed":false,"input":[0,0.25,0.5,0],"cotangent":[0,0,0,1],"actual":[0.25427521381977453,0.32649583737830057,0.41922895363648549,0],"expected":[0.25427521259046565,0.32649583579983671,0.4192289516096977,0]}
CASE {"label":"n4-a0-r0-i0-p0-g3-f64","passed":true,"input":[0,0.25,0.5,0],"cotangent":[0,0,0,0],"actual":[0,0,0,0],"expected":[0,0,0,0]}
CASE {"label":"n4-a0-r0-i0-p1-g0-f64","passed":false,"input":[1000,1000.25,1000.5,1000],"cotangent":[0,1,1,1],"actual":[1.6920986771582998,0.88867232454828027,0.41922895363644785,0],"expected":[1.6920987117046675,0.88867233668563483,0.4192289516096977,0]}
CASE {"label":"n4-a0-r0-i0-p1-g1-f64","passed":false,"input":[1000,1000.25,1000.5,1000],"cotangent":[0,-0.75,0.25,-0.75],"actual":[-0.83125054978856217,-0.10432775300744124,-0.31442171522735185,0],"expected":[-0.83125053466429877,-0.104327751628428,-0.31442171370727329,0]}
CASE {"label":"n4-a0-r0-i0-p1-g2-f64","passed":false,"input":[1000,1000.25,1000.5,1000],"cotangent":[0,0,0,1],"actual":[0.25427521381975171,0.32649583737827126,0.41922895363644785,0],"expected":[0.25427521259046565,0.32649583579983671,0.4192289516096977,0]}
CASE {"label":"n4-a0-r0-i0-p1-g3-f64","passed":true,"input":[1000,1000.25,1000.5,1000],"cotangent":[0,0,0,0],"actual":[0,0,0,0],"expected":[0,0,0,0]}
CASE {"label":"n4-a0-r0-i0-p2-g0-f64","passed":false,"input":[100000000,100000000.25,100000000.5,100000000],"cotangent":[0,1,1,1],"actual":[1.6920987284308877,0.88867233479326269,0.41922895333637539,0],"expected":[1.6920987117046675,0.88867233668563483,0.4192289516096977,0]}
CASE {"label":"n4-a0-r0-i0-p2-g1-f64","passed":false,"input":[100000000,100000000.25,100000000.5,100000000],"cotangent":[0,-0.75,0.25,-0.75],"actual":[-0.8312505448738281,-0.10432775302678546,-0.31442171535557134,0],"expected":[-0.83125053466429877,-0.104327751628428,-0.31442171370727329,0]}
CASE {"label":"n4-a0-r0-i0-p2-g2-f64","passed":false,"input":[100000000,100000000.25,100000000.5,100000000],"cotangent":[0,0,0,1],"actual":[0.25427521363774858,0.32649583714457459,0.41922895333637539,0],"expected":[0.25427521259046565,0.32649583579983671,0.4192289516096977,0]}
CASE {"label":"n4-a0-r0-i0-p2-g3-f64","passed":true,"input":[100000000,100000000.25,100000000.5,100000000],"cotangent":[0,0,0,0],"actual":[0,0,0,0],"expected":[0,0,0,0]}
CASE {"label":"n4-a0-r0-i0-p3-g0-f64","passed":false,"input":[-100000000,-99999999.75,-99999999.5,-100000000],"cotangent":[0,1,1,1],"actual":[1.6920987284308877,0.88867233479326269,0.41922895333637539,0],"expected":[1.6920987117046675,0.88867233668563483,0.4192289516096977,0]}
CASE {"label":"n4-a0-r0-i0-p3-g1-f64","passed":false,"input":[-100000000,-99999999.75,-99999999.5,-100000000],"cotangent":[0,-0.75,0.25,-0.75],"actual":[-0.8312505448738281,-0.10432775302678546,-0.31442171535557134,0],"expected":[-0.83125053466429877,-0.104327751628428,-0.31442171370727329,0]}
CASE {"label":"n4-a0-r0-i0-p3-g2-f64","passed":false,"input":[-100000000,-99999999.75,-99999999.5,-100000000],"cotangent":[0,0,0,1],"actual":[0.25427521363774858,0.32649583714457459,0.41922895333637539,0],"expected":[0.25427521259046565,0.32649583579983671,0.4192289516096977,0]}
CASE {"label":"n4-a0-r0-i0-p3-g3-f64","passed":true,"input":[-100000000,-99999999.75,-99999999.5,-100000000],"cotangent":[0,0,0,0],"actual":[0,0,0,0],"expected":[0,0,0,0]}
CASE {"label":"n4-a0-r0-i0-p4-g0-f64","passed":false,"input":[1e+20,1e+20,1e+20,1e+20],"cotangent":[0,1,1,1],"actual":[1,1,1,0],"expected":[1.8333333333333333,0.83333333333333326,0.33333333333333331,0]}
CASE {"label":"n4-a0-r0-i0-p4-g1-f64","passed":false,"input":[1e+20,1e+20,1e+20,1e+20],"cotangent":[0,-0.75,0.25,-0.75],"actual":[0,0,-1,0],"expected":[-0.875,-0.125,-0.25,0]}
CASE {"label":"n4-a0-r0-i0-p4-g2-f64","passed":false,"input":[1e+20,1e+20,1e+20,1e+20],"cotangent":[0,0,0,1],"actual":[1,1,1,0],"expected":[0.33333333333333331,0.33333333333333331,0.33333333333333331,0]}
CASE {"label":"n4-a0-r0-i0-p4-g3-f64","passed":true,"input":[1e+20,1e+20,1e+20,1e+20],"cotangent":[0,0,0,0],"actual":[0,0,0,0],"expected":[0,0,0,0]}
CASE {"label":"n4-a0-r0-i0-p5-g0-f64","passed":false,"input":[0,0,0,100000000],"cotangent":[0,1,1,1],"actual":[1.8333333730697632,0.8333333432674408,0.33333333333333337,0],"expected":[1.8333333333333333,0.83333333333333326,0.33333333333333331,0]}
CASE {"label":"n4-a0-r0-i0-p5-g1-f64","passed":false,"input":[0,0,0,100000000],"cotangent":[0,-0.75,0.25,-0.75],"actual":[-0.8750000074505806,-0.12500000000000003,-0.25000000000000006,0],"expected":[-0.875,-0.125,-0.25,0]}
CASE {"label":"n4-a0-r0-i0-p5-g2-f64","passed":true,"input":[0,0,0,100000000],"cotangent":[0,0,0,1],"actual":[0.33333333333333337,0.33333333333333337,0.33333333333333337,0],"expected":[0.33333333333333331,0.33333333333333331,0.33333333333333331,0]}
CASE {"label":"n4-a0-r0-i0-p5-g3-f64","passed":true,"input":[0,0,0,100000000],"cotangent":[0,0,0,0],"actual":[0,0,0,0],"expected":[0,0,0,0]}
CASE {"label":"n4-a0-r0-i0-p6-g0-f64","passed":false,"input":[100000000,0,0,0],"cotangent":[0,1,1,1],"actual":[3.0000000147987791,0,0,0],"expected":[3,0,0,0]}
CASE {"label":"n4-a0-r0-i0-p6-g1-f64","passed":false,"input":[100000000,0,0,0],"cotangent":[0,-0.75,0.25,-0.75],"actual":[-1.2500000054947353,0,0,0],"expected":[-1.25,0,0,0]}
CASE {"label":"n4-a0-r0-i0-p6-g2-f64","passed":true,"input":[100000000,0,0,0],"cotangent":[0,0,0,1],"actual":[1,0,0,0],"expected":[1,0,0,0]}
CASE {"label":"n4-a0-r0-i0-p6-g3-f64","passed":true,"input":[100000000,0,0,0],"cotangent":[0,0,0,0],"actual":[0,0,0,0],"expected":[0,0,0,0]}
CASE {"label":"n4-a0-r0-i1-p0-g0-f64","passed":false,"input":[0,0.25,0.5,0],"cotangent":[1,1,1,1],"actual":[1.8948255181312561,1.1489786913884215,0.75346894585787172,0.20272680765777001],"expected":[1.8948255216089378,1.1489787132467422,0.75346895524004964,0.20272680990427036]}
CASE {"label":"n4-a0-r0-i1-p0-g1-f64","passed":false,"input":[0,0.25,0.5,0],"cotangent":[0.25,-0.75,0.25,-0.75],"actual":[-0.16684391739009885,-0.53523819073421142,-0.14587276153575293,-0.1520451057433275],"expected":[-0.1668439286162377,-0.53523819913521986,-0.14587276482033956,-0.15204510742820276]}
CASE {"label":"n4-a0-r0-i1-p0-g2-f64","passed":false,"input":[0,0.25,0.5,0],"cotangent":[0,0,0,1],"actual":[0.20272680765777001,0.26030637367654375,0.33423999992649905,0.20272680765777001],"expected":[0.20272680990427036,0.26030637656110728,0.33424000363035195,0.20272680990427036]}
CASE {"label":"n4-a0-r0-i1-p0-g3-f64","passed":true,"input":[0,0.25,0.5,0],"cotangent":[0,0,0,0],"actual":[0,0,0,0],"expected":[0,0,0,0]}
CASE {"label":"n4-a0-r0-i1-p1-g0-f64","passed":false,"input":[1000,1000.25,1000.5,1000],"cotangent":[1,1,1,1],"actual":[1.8948255181313125,1.148978691388302,0.7534689458577889,0.20272680765776241],"expected":[1.8948255216089378,1.1489787132467422,0.75346895524004964,0.20272680990427036]}
CASE {"label":"n4-a0-r0-i1-p1-g1-f64","passed":false,"input":[1000,1000.25,1000.5,1000],"cotangent":[0.25,-0.75,0.25,-0.75],"actual":[-0.16684391739010423,-0.53523819073420342,-0.14587276153576603,-0.15204510574332952],"expected":[-0.1668439286162377,-0.53523819913521986,-0.14587276482033956,-0.15204510742820276]}
CASE {"label":"n4-a0-r0-i1-p1-g2-f64","passed":false,"input":[1000,1000.25,1000.5,1000],"cotangent":[0,0,0,1],"actual":[0.20272680765776241,0.26030637367653403,0.33423999992648651,0.20272680765776241],"expected":[0.20272680990427036,0.26030637656110728,0.33424000363035195,0.20272680990427036]}
CASE {"label":"n4-a0-r0-i1-p1-g3-f64","passed":true,"input":[1000,1000.25,1000.5,1000],"cotangent":[0,0,0,0],"actual":[0,0,0,0],"expected":[0,0,0,0]}
CASE {"label":"n4-a0-r0-i1-p2-g0-f64","passed":false,"input":[100000000,100000000.25,100000000.5,100000000],"cotangent":[1,1,1,1],"actual":[1.894825524416957,1.1489787137578813,0.75346894226368755,0.20272680878606944],"expected":[1.8948255216089378,1.1489787132467422,0.75346895524004964,0.20272680990427036]}
CASE {"label":"n4-a0-r0-i1-p2-g1-f64","passed":false,"input":[100000000,100000000.25,100000000.5,100000000],"cotangent":[0.25,-0.75,0.25,-0.75],"actual":[-0.16684392150762983,-0.53523819232773184,-0.14587276368688051,-0.15204510676039268],"expected":[-0.1668439286162377,-0.53523819913521986,-0.14587276482033956,-0.15204510742820276]}
CASE {"label":"n4-a0-r0-i1-p2-g2-f64","passed":false,"input":[100000000,100000000.25,100000000.5,100000000],"cotangent":[0,0,0,1],"actual":[0.20272680878606944,0.26030637512530891,0.33424000178675034,0.20272680878606944],"expected":[0.20272680990427036,0.26030637656110728,0.33424000363035195,0.20272680990427036]}
CASE {"label":"n4-a0-r0-i1-p2-g3-f64","passed":true,"input":[100000000,100000000.25,100000000.5,100000000],"cotangent":[0,0,0,0],"actual":[0,0,0,0],"expected":[0,0,0,0]}
CASE {"label":"n4-a0-r0-i1-p3-g0-f64","passed":false,"input":[-100000000,-99999999.75,-99999999.5,-100000000],"cotangent":[1,1,1,1],"actual":[1.894825524416957,1.1489787137578813,0.75346894226368755,0.20272680878606944],"expected":[1.8948255216089378,1.1489787132467422,0.75346895524004964,0.20272680990427036]}
CASE {"label":"n4-a0-r0-i1-p3-g1-f64","passed":false,"input":[-100000000,-99999999.75,-99999999.5,-100000000],"cotangent":[0.25,-0.75,0.25,-0.75],"actual":[-0.16684392150762983,-0.53523819232773184,-0.14587276368688051,-0.15204510676039268],"expected":[-0.1668439286162377,-0.53523819913521986,-0.14587276482033956,-0.15204510742820276]}
CASE {"label":"n4-a0-r0-i1-p3-g2-f64","passed":false,"input":[-100000000,-99999999.75,-99999999.5,-100000000],"cotangent":[0,0,0,1],"actual":[0.20272680878606944,0.26030637512530891,0.33424000178675034,0.20272680878606944],"expected":[0.20272680990427036,0.26030637656110728,0.33424000363035195,0.20272680990427036]}
CASE {"label":"n4-a0-r0-i1-p3-g3-f64","passed":true,"input":[-100000000,-99999999.75,-99999999.5,-100000000],"cotangent":[0,0,0,0],"actual":[0,0,0,0],"expected":[0,0,0,0]}
CASE {"label":"n4-a0-r0-i1-p4-g0-f64","passed":false,"input":[1e+20,1e+20,1e+20,1e+20],"cotangent":[1,1,1,1],"actual":[1,1,1,1],"expected":[2.083333333333333,1.0833333333333333,0.58333333333333326,0.25]}
CASE {"label":"n4-a0-r0-i1-p4-g1-f64","passed":false,"input":[1e+20,1e+20,1e+20,1e+20],"cotangent":[0.25,-0.75,0.25,-0.75],"actual":[0,0,0,-1],"expected":[-0.22916666666666669,-0.47916666666666669,-0.10416666666666667,-0.1875]}
CASE {"label":"n4-a0-r0-i1-p4-g2-f64","passed":false,"input":[1e+20,1e+20,1e+20,1e+20],"cotangent":[0,0,0,1],"actual":[1,1,1,1],"expected":[0.25,0.25,0.25,0.25]}
CASE {"label":"n4-a0-r0-i1-p4-g3-f64","passed":true,"input":[1e+20,1e+20,1e+20,1e+20],"cotangent":[0,0,0,0],"actual":[0,0,0,0],"expected":[0,0,0,0]}
CASE {"label":"n4-a0-r0-i1-p5-g0-f64","passed":false,"input":[0,0,0,100000000],"cotangent":[1,1,1,1],"actual":[1.8333333730697632,0.8333333432674408,0.33333333333333337,1],"expected":[1.8333333333333333,0.83333333333333326,0.33333333333333331,1]}
CASE {"label":"n4-a0-r0-i1-p5-g1-f64","passed":false,"input":[0,0,0,100000000],"cotangent":[0.25,-0.75,0.25,-0.75],"actual":[-0.041666664183139746,-0.29166666666666663,0.08333333333333337,-0.75000000084271334],"expected":[-0.041666666666666671,-0.29166666666666669,0.083333333333333329,-0.75]}
CASE {"label":"n4-a0-r0-i1-p5-g2-f64","passed":true,"input":[0,0,0,100000000],"cotangent":[0,0,0,1],"actual":[0,0,0,1],"expected":[0,0,0,1]}
CASE {"label":"n4-a0-r0-i1-p5-g3-f64","passed":true,"input":[0,0,0,100000000],"cotangent":[0,0,0,0],"actual":[0,0,0,0],"expected":[0,0,0,0]}
CASE {"label":"n4-a0-r0-i1-p6-g0-f64","passed":false,"input":[100000000,0,0,0],"cotangent":[1,1,1,1],"actual":[4.0000000748418802,0,0,0],"expected":[4,0,0,0]}
CASE {"label":"n4-a0-r0-i1-p6-g1-f64","passed":false,"input":[100000000,0,0,0],"cotangent":[0.25,-0.75,0.25,-0.75],"actual":[-1.0000000054947353,0,0,0],"expected":[-1,0,0,0]}
CASE {"label":"n4-a0-r0-i1-p6-g2-f64","passed":true,"input":[100000000,0,0,0],"cotangent":[0,0,0,1],"actual":[1,0,0,0],"expected":[1,0,0,0]}
CASE {"label":"n4-a0-r0-i1-p6-g3-f64","passed":true,"input":[100000000,0,0,0],"cotangent":[0,0,0,0],"actual":[0,0,0,0],"expected":[0,0,0,0]}
CASE {"label":"n4-a0-r1-i0-p0-g0-f64","passed":false,"input":[0,0.25,0.5,0],"cotangent":[1,1,1,0],"actual":[0,0.3264958337134552,1.0416882844548709,1.6318158507347107],"expected":[0,0.32649583579983665,1.0416882828115521,1.631815881388611]}
CASE {"label":"n4-a0-r1-i0-p0-g1-f64","passed":false,"input":[0,0.25,0.5,0],"cotangent":[0.25,-0.75,0.25,0],"actual":[0,0.081623958428363799,-0.36203725923956137,0.030413307709848236],"expected":[0,0.081623958949959163,-0.36203726049896651,0.030413301549007316]}
CASE {"label":"n4-a0-r1-i0-p0-g2-f64","passed":false,"input":[0,0.25,0.5,0],"cotangent":[1,0,0,0],"actual":[0,0.3264958337134552,0.41922894893073087,0.25427521096559008],"expected":[0,0.32649583579983665,0.41922895160969764,0.25427521259046559]}
CASE {"label":"n4-a0-r1-i0-p0-g3-f64","passed":true,"input":[0,0.25,0.5,0],"cotangent":[0,0,0,0],"actual":[0,0,0,0],"expected":[0,0,0,0]}
CASE {"label":"n4-a0-r1-i0-p1-g0-f64","passed":false,"input":[1000,1000.25,1000.5,1000],"cotangent":[1,1,1,0],"actual":[0,0.32649583371347224,1.0416882844548709,1.6318158507347176],"expected":[0,0.32649583579983665,1.0416882828115521,1.631815881388611]}
CASE {"label":"n4-a0-r1-i0-p1-g1-f64","passed":false,"input":[1000,1000.25,1000.5,1000],"cotangent":[0.25,-0.75,0.25,0],"actual":[0,0.081623958428367754,-0.36203725923959296,0.030413307709808435],"expected":[0,0.081623958949959163,-0.36203726049896651,0.030413301549007316]}
CASE {"label":"n4-a0-r1-i0-p1-g2-f64","passed":false,"input":[1000,1000.25,1000.5,1000],"cotangent":[1,0,0,0],"actual":[0,0.32649583371347224,0.41922894893075274,0.25427521096560335],"expected":[0,0.32649583579983665,0.41922895160969764,0.25427521259046559]}
CASE {"label":"n4-a0-r1-i0-p1-g3-f64","passed":true,"input":[1000,1000.25,1000.5,1000],"cotangent":[0,0,0,0],"actual":[0,0,0,0],"expected":[0,0,0,0]}
CASE {"label":"n4-a0-r1-i0-p2-g0-f64","passed":false,"input":[100000000,100000000.25,100000000.5,100000000],"cotangent":[1,1,1,0],"actual":[0,0.32649583227940754,1.0416882940877803,1.6318159067577629],"expected":[0,0.32649583579983665,1.0416882828115521,1.631815881388611]}
CASE {"label":"n4-a0-r1-i0-p2-g1-f64","passed":false,"input":[100000000,100000000.25,100000000.5,100000000],"cotangent":[0.25,-0.75,0.25,0],"actual":[0,0.081623957758921034,-0.36203726155717747,0.030413303661349811],"expected":[0,0.081623958949959163,-0.36203726049896651,0.030413301549007316]}
CASE {"label":"n4-a0-r1-i0-p2-g2-f64","passed":false,"input":[100000000,100000000.25,100000000.5,100000000],"cotangent":[1,0,0,0],"actual":[0,0.32649583227940754,0.41922894708937719,0.25427520984875263],"expected":[0,0.32649583579983665,0.41922895160969764,0.25427521259046559]}
CASE {"label":"n4-a0-r1-i0-p2-g3-f64","passed":true,"input":[100000000,100000000.25,100000000.5,100000000],"cotangent":[0,0,0,0],"actual":[0,0,0,0],"expected":[0,0,0,0]}
CASE {"label":"n4-a0-r1-i0-p3-g0-f64","passed":false,"input":[-100000000,-99999999.75,-99999999.5,-100000000],"cotangent":[1,1,1,0],"actual":[0,0.32649583227940754,1.0416882940877803,1.6318159067577629],"expected":[0,0.32649583579983665,1.0416882828115521,1.631815881388611]}
CASE {"label":"n4-a0-r1-i0-p3-g1-f64","passed":false,"input":[-100000000,-99999999.75,-99999999.5,-100000000],"cotangent":[0.25,-0.75,0.25,0],"actual":[0,0.081623957758921034,-0.36203726155717747,0.030413303661349811],"expected":[0,0.081623958949959163,-0.36203726049896651,0.030413301549007316]}
CASE {"label":"n4-a0-r1-i0-p3-g2-f64","passed":false,"input":[-100000000,-99999999.75,-99999999.5,-100000000],"cotangent":[1,0,0,0],"actual":[0,0.32649583227940754,0.41922894708937719,0.25427520984875263],"expected":[0,0.32649583579983665,0.41922895160969764,0.25427521259046559]}
CASE {"label":"n4-a0-r1-i0-p3-g3-f64","passed":true,"input":[-100000000,-99999999.75,-99999999.5,-100000000],"cotangent":[0,0,0,0],"actual":[0,0,0,0],"expected":[0,0,0,0]}
CASE {"label":"n4-a0-r1-i0-p4-g0-f64","passed":false,"input":[1e+20,1e+20,1e+20,1e+20],"cotangent":[1,1,1,0],"actual":[0,1,1,1],"expected":[0,0.33333333333333331,0.83333333333333326,1.8333333333333333]}
CASE {"label":"n4-a0-r1-i0-p4-g1-f64","passed":false,"input":[1e+20,1e+20,1e+20,1e+20],"cotangent":[0.25,-0.75,0.25,0],"actual":[0,1,0,0],"expected":[0,0.083333333333333329,-0.29166666666666669,-0.041666666666666685]}
CASE {"label":"n4-a0-r1-i0-p4-g2-f64","passed":false,"input":[1e+20,1e+20,1e+20,1e+20],"cotangent":[1,0,0,0],"actual":[0,1,1,1],"expected":[0,0.33333333333333331,0.33333333333333331,0.33333333333333331]}
CASE {"label":"n4-a0-r1-i0-p4-g3-f64","passed":true,"input":[1e+20,1e+20,1e+20,1e+20],"cotangent":[0,0,0,0],"actual":[0,0,0,0],"expected":[0,0,0,0]}
CASE {"label":"n4-a0-r1-i0-p5-g0-f64","passed":false,"input":[0,0,0,100000000],"cotangent":[1,1,1,0],"actual":[0,0,0,3.0000000147987791],"expected":[0,0,0,3]}
CASE {"label":"n4-a0-r1-i0-p5-g1-f64","passed":false,"input":[0,0,0,100000000],"cotangent":[0.25,-0.75,0.25,0],"actual":[0,0,0,-0.25000000179504051],"expected":[0,0,0,-0.25]}
CASE {"label":"n4-a0-r1-i0-p5-g2-f64","passed":true,"input":[0,0,0,100000000],"cotangent":[1,0,0,0],"actual":[0,0,0,1],"expected":[0,0,0,1]}
CASE {"label":"n4-a0-r1-i0-p5-g3-f64","passed":true,"input":[0,0,0,100000000],"cotangent":[0,0,0,0],"actual":[0,0,0,0],"expected":[0,0,0,0]}
CASE {"label":"n4-a0-r1-i0-p6-g0-f64","passed":false,"input":[100000000,0,0,0],"cotangent":[1,1,1,0],"actual":[0,0.33333333333333337,0.8333333432674408,1.8333333730697632],"expected":[0,0.33333333333333331,0.83333333333333326,1.8333333333333333]}
CASE {"label":"n4-a0-r1-i0-p6-g1-f64","passed":false,"input":[100000000,0,0,0],"cotangent":[0.25,-0.75,0.25,0],"actual":[0,0.08333333333333337,-0.29166666666666663,-0.041666664183139746],"expected":[0,0.083333333333333329,-0.29166666666666669,-0.041666666666666685]}
CASE {"label":"n4-a0-r1-i0-p6-g2-f64","passed":true,"input":[100000000,0,0,0],"cotangent":[1,0,0,0],"actual":[0,0.33333333333333337,0.33333333333333337,0.33333333333333337],"expected":[0,0.33333333333333331,0.33333333333333331,0.33333333333333331]}
CASE {"label":"n4-a0-r1-i0-p6-g3-f64","passed":true,"input":[100000000,0,0,0],"cotangent":[0,0,0,0],"actual":[0,0,0,0],"expected":[0,0,0,0]}
CASE {"label":"n4-a0-r1-i1-p0-g0-f64","passed":false,"input":[0,0.25,0.5,0],"cotangent":[1,1,1,1],"actual":[0.20272680538220531,0.58680219846736814,1.3759282581601908,1.8345426917076111],"expected":[0.20272680990427036,0.58680221236094399,1.375928286441904,1.8345426912928815]}
CASE {"label":"n4-a0-r1-i1-p0-g1-f64","passed":false,"input":[0,0.25,0.5,0],"cotangent":[0.25,-0.75,0.25,-0.75],"actual":[0.05068170134555134,-0.17979528259642613,-0.075246880977202224,-0.79563955655133944],"expected":[0.05068170247606759,-0.17979528270960066,-0.075246879999221611,-0.79563953976724522]}
CASE {"label":"n4-a0-r1-i1-p0-g2-f64","passed":false,"input":[0,0.25,0.5,0],"cotangent":[1,0,0,0],"actual":[0.20272680538220531,0.26030637075466084,0.33423999617472711,0.20272680538220531],"expected":[0.20272680990427036,0.26030637656110728,0.33424000363035195,0.20272680990427036]}
CASE {"label":"n4-a0-r1-i1-p0-g3-f64","passed":true,"input":[0,0.25,0.5,0],"cotangent":[0,0,0,0],"actual":[0,0,0,0],"expected":[0,0,0,0]}
CASE {"label":"n4-a0-r1-i1-p1-g0-f64","passed":false,"input":[1000,1000.25,1000.5,1000],"cotangent":[1,1,1,1],"actual":[0.20272680538222648,0.58680219846738702,1.3759282581602879,1.83454269170757],"expected":[0.20272680990427036,0.58680221236094399,1.375928286441904,1.8345426912928815]}
CASE {"label":"n4-a0-r1-i1-p1-g1-f64","passed":false,"input":[1000,1000.25,1000.5,1000],"cotangent":[0.25,-0.75,0.25,-0.75],"actual":[0.050681701345556433,-0.17979528259644484,-0.075246880977229119,-0.79563955655133489],"expected":[0.05068170247606759,-0.17979528270960066,-0.075246879999221611,-0.79563953976724522]}
CASE {"label":"n4-a0-r1-i1-p1-g2-f64","passed":false,"input":[1000,1000.25,1000.5,1000],"cotangent":[1,0,0,0],"actual":[0.20272680538222648,0.26030637075468804,0.33423999617476202,0.20272680538222648],"expected":[0.20272680990427036,0.26030637656110728,0.33424000363035195,0.20272680990427036]}
CASE {"label":"n4-a0-r1-i1-p1-g3-f64","passed":true,"input":[1000,1000.25,1000.5,1000],"cotangent":[0,0,0,0],"actual":[0,0,0,0],"expected":[0,0,0,0]}
CASE {"label":"n4-a0-r1-i1-p2-g0-f64","passed":false,"input":[100000000,100000000.25,100000000.5,100000000],"cotangent":[1,1,1,1],"actual":[0.2027268057652046,0.5868021935109089,1.3759282411744174,1.8345426923480681],"expected":[0.20272680990427036,0.58680221236094399,1.375928286441904,1.8345426912928815]}
CASE {"label":"n4-a0-r1-i1-p2-g1-f64","passed":false,"input":[100000000,100000000.25,100000000.5,100000000],"cotangent":[0.25,-0.75,0.25,-0.75],"actual":[0.050681701248238911,-0.17979528192098446,-0.075246879793449156,-0.79563955160467237],"expected":[0.05068170247606759,-0.17979528270960066,-0.075246879999221611,-0.79563953976724522]}
CASE {"label":"n4-a0-r1-i1-p2-g2-f64","passed":false,"input":[100000000,100000000.25,100000000.5,100000000],"cotangent":[1,0,0,0],"actual":[0.2027268057652046,0.26030637124644168,0.33423999680618621,0.2027268057652046],"expected":[0.20272680990427036,0.26030637656110728,0.33424000363035195,0.20272680990427036]}
CASE {"label":"n4-a0-r1-i1-p2-g3-f64","passed":true,"input":[100000000,100000000.25,100000000.5,100000000],"cotangent":[0,0,0,0],"actual":[0,0,0,0],"expected":[0,0,0,0]}
CASE {"label":"n4-a0-r1-i1-p3-g0-f64","passed":false,"input":[-100000000,-99999999.75,-99999999.5,-100000000],"cotangent":[1,1,1,1],"actual":[0.2027268057652046,0.5868021935109089,1.3759282411744174,1.8345426923480681],"expected":[0.20272680990427036,0.58680221236094399,1.375928286441904,1.8345426912928815]}
CASE {"label":"n4-a0-r1-i1-p3-g1-f64","passed":false,"input":[-100000000,-99999999.75,-99999999.5,-100000000],"cotangent":[0.25,-0.75,0.25,-0.75],"actual":[0.050681701248238911,-0.17979528192098446,-0.075246879793449156,-0.79563955160467237],"expected":[0.05068170247606759,-0.17979528270960066,-0.075246879999221611,-0.79563953976724522]}
CASE {"label":"n4-a0-r1-i1-p3-g2-f64","passed":false,"input":[-100000000,-99999999.75,-99999999.5,-100000000],"cotangent":[1,0,0,0],"actual":[0.2027268057652046,0.26030637124644168,0.33423999680618621,0.2027268057652046],"expected":[0.20272680990427036,0.26030637656110728,0.33424000363035195,0.20272680990427036]}
CASE {"label":"n4-a0-r1-i1-p3-g3-f64","passed":true,"input":[-100000000,-99999999.75,-99999999.5,-100000000],"cotangent":[0,0,0,0],"actual":[0,0,0,0],"expected":[0,0,0,0]}
CASE {"label":"n4-a0-r1-i1-p4-g0-f64","passed":false,"input":[1e+20,1e+20,1e+20,1e+20],"cotangent":[1,1,1,1],"actual":[1,1,1,1],"expected":[0.25,0.58333333333333326,1.0833333333333333,2.083333333333333]}
CASE {"label":"n4-a0-r1-i1-p4-g1-f64","passed":false,"input":[1e+20,1e+20,1e+20,1e+20],"cotangent":[0.25,-0.75,0.25,-0.75],"actual":[1,0,0,0],"expected":[0.0625,-0.1875,-0.0625,-0.8125]}
CASE {"label":"n4-a0-r1-i1-p4-g2-f64","passed":false,"input":[1e+20,1e+20,1e+20,1e+20],"cotangent":[1,0,0,0],"actual":[1,1,1,1],"expected":[0.25,0.25,0.25,0.25]}
CASE {"label":"n4-a0-r1-i1-p4-g3-f64","passed":true,"input":[1e+20,1e+20,1e+20,1e+20],"cotangent":[0,0,0,0],"actual":[0,0,0,0],"expected":[0,0,0,0]}
CASE {"label":"n4-a0-r1-i1-p5-g0-f64","passed":false,"input":[0,0,0,100000000],"cotangent":[1,1,1,1],"actual":[0,0,0,4.0000000748418802],"expected":[0,0,0,4]}
CASE {"label":"n4-a0-r1-i1-p5-g1-f64","passed":false,"input":[0,0,0,100000000],"cotangent":[0.25,-0.75,0.25,-0.75],"actual":[0,0,0,-1.0000000054947353],"expected":[0,0,0,-1]}
CASE {"label":"n4-a0-r1-i1-p5-g2-f64","passed":true,"input":[0,0,0,100000000],"cotangent":[1,0,0,0],"actual":[0,0,0,1],"expected":[0,0,0,1]}
CASE {"label":"n4-a0-r1-i1-p5-g3-f64","passed":true,"input":[0,0,0,100000000],"cotangent":[0,0,0,0],"actual":[0,0,0,0],"expected":[0,0,0,0]}
CASE {"label":"n4-a0-r1-i1-p6-g0-f64","passed":false,"input":[100000000,0,0,0],"cotangent":[1,1,1,1],"actual":[1,0.33333333333333337,0.8333333432674408,1.8333333730697632],"expected":[1,0.33333333333333331,0.83333333333333326,1.8333333333333333]}
CASE {"label":"n4-a0-r1-i1-p6-g1-f64","passed":false,"input":[100000000,0,0,0],"cotangent":[0.25,-0.75,0.25,-0.75],"actual":[0.24999999904767284,-0.25000000000000006,-0.12500000000000003,-0.8750000074505806],"expected":[0.25,-0.25,-0.125,-0.875]}
CASE {"label":"n4-a0-r1-i1-p6-g2-f64","passed":true,"input":[100000000,0,0,0],"cotangent":[1,0,0,0],"actual":[1,0,0,0],"expected":[1,0,0,0]}
CASE {"label":"n4-a0-r1-i1-p6-g3-f64","passed":true,"input":[100000000,0,0,0],"cotangent":[0,0,0,0],"actual":[0,0,0,0],"expected":[0,0,0,0]}
CASE {"label":"n6-a0-r0-i0-p0-g0-f64","passed":true,"input":[0,0.25,0.5,0,0.25,0.5],"cotangent":[0,0,0,1,1,1],"actual":[1,1,1,0,0,0],"expected":[1,1,1,0,0,0]}
CASE {"label":"n6-a0-r0-i0-p0-g1-f64","passed":true,"input":[0,0.25,0.5,0,0.25,0.5],"cotangent":[0,0,0,-0.75,0.25,-0.75],"actual":[-0.75,0.25,-0.75,0,0,0],"expected":[-0.75,0.25,-0.75,0,0,0]}
CASE {"label":"n6-a0-r0-i0-p0-g2-f64","passed":true,"input":[0,0.25,0.5,0,0.25,0.5],"cotangent":[0,0,0,1,1,1],"actual":[1,1,1,0,0,0],"expected":[1,1,1,0,0,0]}
CASE {"label":"n6-a0-r0-i0-p0-g3-f64","passed":true,"input":[0,0.25,0.5,0,0.25,0.5],"cotangent":[0,0,0,0,0,0],"actual":[0,0,0,0,0,0],"expected":[0,0,0,0,0,0]}
CASE {"label":"n6-a0-r0-i0-p1-g0-f64","passed":true,"input":[1000,1000.25,1000.5,1000,1000.25,1000.5],"cotangent":[0,0,0,1,1,1],"actual":[1,1,1,0,0,0],"expected":[1,1,1,0,0,0]}
CASE {"label":"n6-a0-r0-i0-p1-g1-f64","passed":true,"input":[1000,1000.25,1000.5,1000,1000.25,1000.5],"cotangent":[0,0,0,-0.75,0.25,-0.75],"actual":[-0.75000000000003808,0.24999999999999906,-0.75000000000003808,0,0,0],"expected":[-0.75,0.25,-0.75,0,0,0]}
CASE {"label":"n6-a0-r0-i0-p1-g2-f64","passed":true,"input":[1000,1000.25,1000.5,1000,1000.25,1000.5],"cotangent":[0,0,0,1,1,1],"actual":[1,1,1,0,0,0],"expected":[1,1,1,0,0,0]}
CASE {"label":"n6-a0-r0-i0-p1-g3-f64","passed":true,"input":[1000,1000.25,1000.5,1000,1000.25,1000.5],"cotangent":[0,0,0,0,0,0],"actual":[0,0,0,0,0,0],"expected":[0,0,0,0,0,0]}
CASE {"label":"n6-a0-r0-i0-p2-g0-f64","passed":true,"input":[100000000,100000000.25,100000000.5,100000000,100000000.25,100000000.5],"cotangent":[0,0,0,1,1,1],"actual":[1,1,1,0,0,0],"expected":[1,1,1,0,0,0]}
CASE {"label":"n6-a0-r0-i0-p2-g1-f64","passed":false,"input":[100000000,100000000.25,100000000.5,100000000,100000000.25,100000000.5],"cotangent":[0,0,0,-0.75,0.25,-0.75],"actual":[-0.75000000084271334,0.24999999904767284,-0.75000000084271334,0,0,0],"expected":[-0.75,0.25,-0.75,0,0,0]}
CASE {"label":"n6-a0-r0-i0-p2-g2-f64","passed":true,"input":[100000000,100000000.25,100000000.5,100000000,100000000.25,100000000.5],"cotangent":[0,0,0,1,1,1],"actual":[1,1,1,0,0,0],"expected":[1,1,1,0,0,0]}
CASE {"label":"n6-a0-r0-i0-p2-g3-f64","passed":true,"input":[100000000,100000000.25,100000000.5,100000000,100000000.25,100000000.5],"cotangent":[0,0,0,0,0,0],"actual":[0,0,0,0,0,0],"expected":[0,0,0,0,0,0]}
CASE {"label":"n6-a0-r0-i0-p3-g0-f64","passed":true,"input":[-100000000,-99999999.75,-99999999.5,-100000000,-99999999.75,-99999999.5],"cotangent":[0,0,0,1,1,1],"actual":[1,1,1,0,0,0],"expected":[1,1,1,0,0,0]}
CASE {"label":"n6-a0-r0-i0-p3-g1-f64","passed":false,"input":[-100000000,-99999999.75,-99999999.5,-100000000,-99999999.75,-99999999.5],"cotangent":[0,0,0,-0.75,0.25,-0.75],"actual":[-0.75000000084271334,0.24999999904767284,-0.75000000084271334,0,0,0],"expected":[-0.75,0.25,-0.75,0,0,0]}
CASE {"label":"n6-a0-r0-i0-p3-g2-f64","passed":true,"input":[-100000000,-99999999.75,-99999999.5,-100000000,-99999999.75,-99999999.5],"cotangent":[0,0,0,1,1,1],"actual":[1,1,1,0,0,0],"expected":[1,1,1,0,0,0]}
CASE {"label":"n6-a0-r0-i0-p3-g3-f64","passed":true,"input":[-100000000,-99999999.75,-99999999.5,-100000000,-99999999.75,-99999999.5],"cotangent":[0,0,0,0,0,0],"actual":[0,0,0,0,0,0],"expected":[0,0,0,0,0,0]}
CASE {"label":"n6-a0-r0-i0-p4-g0-f64","passed":true,"input":[1e+20,1e+20,1e+20,1e+20,1e+20,1e+20],"cotangent":[0,0,0,1,1,1],"actual":[1,1,1,0,0,0],"expected":[1,1,1,0,0,0]}
CASE {"label":"n6-a0-r0-i0-p4-g1-f64","passed":false,"input":[1e+20,1e+20,1e+20,1e+20,1e+20,1e+20],"cotangent":[0,0,0,-0.75,0.25,-0.75],"actual":[-1,1,-1,0,0,0],"expected":[-0.75,0.25,-0.75,0,0,0]}
CASE {"label":"n6-a0-r0-i0-p4-g2-f64","passed":true,"input":[1e+20,1e+20,1e+20,1e+20,1e+20,1e+20],"cotangent":[0,0,0,1,1,1],"actual":[1,1,1,0,0,0],"expected":[1,1,1,0,0,0]}
CASE {"label":"n6-a0-r0-i0-p4-g3-f64","passed":true,"input":[1e+20,1e+20,1e+20,1e+20,1e+20,1e+20],"cotangent":[0,0,0,0,0,0],"actual":[0,0,0,0,0,0],"expected":[0,0,0,0,0,0]}
CASE {"label":"n6-a0-r0-i0-p5-g0-f64","passed":true,"input":[0,0,0,100000000,100000000,100000000],"cotangent":[0,0,0,1,1,1],"actual":[1,1,1,0,0,0],"expected":[1,1,1,0,0,0]}
CASE {"label":"n6-a0-r0-i0-p5-g1-f64","passed":true,"input":[0,0,0,100000000,100000000,100000000],"cotangent":[0,0,0,-0.75,0.25,-0.75],"actual":[-0.75,0.25,-0.75,0,0,0],"expected":[-0.75,0.25,-0.75,0,0,0]}
CASE {"label":"n6-a0-r0-i0-p5-g2-f64","passed":true,"input":[0,0,0,100000000,100000000,100000000],"cotangent":[0,0,0,1,1,1],"actual":[1,1,1,0,0,0],"expected":[1,1,1,0,0,0]}
CASE {"label":"n6-a0-r0-i0-p5-g3-f64","passed":true,"input":[0,0,0,100000000,100000000,100000000],"cotangent":[0,0,0,0,0,0],"actual":[0,0,0,0,0,0],"expected":[0,0,0,0,0,0]}
CASE {"label":"n6-a0-r0-i0-p6-g0-f64","passed":true,"input":[100000000,100000000,100000000,0,0,0],"cotangent":[0,0,0,1,1,1],"actual":[1,1,1,0,0,0],"expected":[1,1,1,0,0,0]}
CASE {"label":"n6-a0-r0-i0-p6-g1-f64","passed":false,"input":[100000000,100000000,100000000,0,0,0],"cotangent":[0,0,0,-0.75,0.25,-0.75],"actual":[-0.75000000084271334,0.24999999904767284,-0.75000000084271334,0,0,0],"expected":[-0.75,0.25,-0.75,0,0,0]}
CASE {"label":"n6-a0-r0-i0-p6-g2-f64","passed":true,"input":[100000000,100000000,100000000,0,0,0],"cotangent":[0,0,0,1,1,1],"actual":[1,1,1,0,0,0],"expected":[1,1,1,0,0,0]}
CASE {"label":"n6-a0-r0-i0-p6-g3-f64","passed":true,"input":[100000000,100000000,100000000,0,0,0],"cotangent":[0,0,0,0,0,0],"actual":[0,0,0,0,0,0],"expected":[0,0,0,0,0,0]}
CASE {"label":"n6-a0-r0-i1-p0-g0-f64","passed":true,"input":[0,0.25,0.5,0,0.25,0.5],"cotangent":[1,1,1,1,1,1],"actual":[1.5,1.5,1.5,0.5,0.5,0.49999999999999994],"expected":[1.5,1.5,1.5,0.5,0.5,0.5]}
CASE {"label":"n6-a0-r0-i1-p0-g1-f64","passed":true,"input":[0,0.25,0.5,0,0.25,0.5],"cotangent":[0.25,-0.75,0.25,-0.75,0.25,-0.75],"actual":[-0.125,-0.625,-0.125,-0.375,0.12500000000000003,-0.375],"expected":[-0.125,-0.625,-0.125,-0.375,0.125,-0.375]}
CASE {"label":"n6-a0-r0-i1-p0-g2-f64","passed":true,"input":[0,0.25,0.5,0,0.25,0.5],"cotangent":[0,0,0,1,1,1],"actual":[0.5,0.5,0.49999999999999994,0.5,0.5,0.49999999999999994],"expected":[0.5,0.5,0.5,0.5,0.5,0.5]}
CASE {"label":"n6-a0-r0-i1-p0-g3-f64","passed":true,"input":[0,0.25,0.5,0,0.25,0.5],"cotangent":[0,0,0,0,0,0],"actual":[0,0,0,0,0,0],"expected":[0,0,0,0,0,0]}
CASE {"label":"n6-a0-r0-i1-p1-g0-f64","passed":true,"input":[1000,1000.25,1000.5,1000,1000.25,1000.5],"cotangent":[1,1,1,1,1,1],"actual":[1.4999999999999938,1.4999999999999938,1.4999999999999938,0.50000000000002753,0.50000000000002753,0.50000000000002753],"expected":[1.5,1.5,1.5,0.5,0.5,0.5]}
CASE {"label":"n6-a0-r0-i1-p1-g1-f64","passed":true,"input":[1000,1000.25,1000.5,1000,1000.25,1000.5],"cotangent":[0.25,-0.75,0.25,-0.75,0.25,-0.75],"actual":[-0.12500000000004058,-0.62500000000003164,-0.12500000000004058,-0.37500000000003963,0.12500000000000641,-0.37500000000003963],"expected":[-0.125,-0.625,-0.125,-0.375,0.125,-0.375]}
CASE {"label":"n6-a0-r0-i1-p1-g2-f64","passed":true,"input":[1000,1000.25,1000.5,1000,1000.25,1000.5],"cotangent":[0,0,0,1,1,1],"actual":[0.50000000000002753,0.50000000000002753,0.50000000000002753,0.50000000000002753,0.50000000000002753,0.50000000000002753],"expected":[0.5,0.5,0.5,0.5,0.5,0.5]}
CASE {"label":"n6-a0-r0-i1-p1-g3-f64","passed":true,"input":[1000,1000.25,1000.5,1000,1000.25,1000.5],"cotangent":[0,0,0,0,0,0],"actual":[0,0,0,0,0,0],"expected":[0,0,0,0,0,0]}
CASE {"label":"n6-a0-r0-i1-p2-g0-f64","passed":false,"input":[100000000,100000000.25,100000000.5,100000000,100000000.25,100000000.5],"cotangent":[1,1,1,1,1,1],"actual":[1.5000000045424082,1.5000000045424082,1.5000000045424082,0.49999999904767284,0.49999999904767284,0.49999999904767284],"expected":[1.5,1.5,1.5,0.5,0.5,0.5]}
CASE {"label":"n6-a0-r0-i1-p2-g1-f64","passed":false,"input":[100000000,100000000.25,100000000.5,100000000,100000000.25,100000000.5],"cotangent":[0.25,-0.75,0.25,-0.75,0.25,-0.75],"actual":[-0.12500000065943845,-0.62500000155695867,-0.12500000065943845,-0.37499999970711129,0.12499999928575464,-0.37499999970711129],"expected":[-0.125,-0.625,-0.125,-0.375,0.125,-0.375]}
CASE {"label":"n6-a0-r0-i1-p2-g2-f64","passed":false,"input":[100000000,100000000.25,100000000.5,100000000,100000000.25,100000000.5],"cotangent":[0,0,0,1,1,1],"actual":[0.49999999904767284,0.49999999904767284,0.49999999904767284,0.49999999904767284,0.49999999904767284,0.49999999904767284],"expected":[0.5,0.5,0.5,0.5,0.5,0.5]}
CASE {"label":"n6-a0-r0-i1-p2-g3-f64","passed":true,"input":[100000000,100000000.25,100000000.5,100000000,100000000.25,100000000.5],"cotangent":[0,0,0,0,0,0],"actual":[0,0,0,0,0,0],"expected":[0,0,0,0,0,0]}
CASE {"label":"n6-a0-r0-i1-p3-g0-f64","passed":false,"input":[-100000000,-99999999.75,-99999999.5,-100000000,-99999999.75,-99999999.5],"cotangent":[1,1,1,1,1,1],"actual":[1.5000000045424082,1.5000000045424082,1.5000000045424082,0.49999999904767284,0.49999999904767284,0.49999999904767284],"expected":[1.5,1.5,1.5,0.5,0.5,0.5]}
CASE {"label":"n6-a0-r0-i1-p3-g1-f64","passed":false,"input":[-100000000,-99999999.75,-99999999.5,-100000000,-99999999.75,-99999999.5],"cotangent":[0.25,-0.75,0.25,-0.75,0.25,-0.75],"actual":[-0.12500000065943845,-0.62500000155695867,-0.12500000065943845,-0.37499999970711129,0.12499999928575464,-0.37499999970711129],"expected":[-0.125,-0.625,-0.125,-0.375,0.125,-0.375]}
CASE {"label":"n6-a0-r0-i1-p3-g2-f64","passed":false,"input":[-100000000,-99999999.75,-99999999.5,-100000000,-99999999.75,-99999999.5],"cotangent":[0,0,0,1,1,1],"actual":[0.49999999904767284,0.49999999904767284,0.49999999904767284,0.49999999904767284,0.49999999904767284,0.49999999904767284],"expected":[0.5,0.5,0.5,0.5,0.5,0.5]}
CASE {"label":"n6-a0-r0-i1-p3-g3-f64","passed":true,"input":[-100000000,-99999999.75,-99999999.5,-100000000,-99999999.75,-99999999.5],"cotangent":[0,0,0,0,0,0],"actual":[0,0,0,0,0,0],"expected":[0,0,0,0,0,0]}
CASE {"label":"n6-a0-r0-i1-p4-g0-f64","passed":false,"input":[1e+20,1e+20,1e+20,1e+20,1e+20,1e+20],"cotangent":[1,1,1,1,1,1],"actual":[1,1,1,1,1,1],"expected":[1.5,1.5,1.5,0.5,0.5,0.5]}
CASE {"label":"n6-a0-r0-i1-p4-g1-f64","passed":false,"input":[1e+20,1e+20,1e+20,1e+20,1e+20,1e+20],"cotangent":[0.25,-0.75,0.25,-0.75,0.25,-0.75],"actual":[0,0,0,-1,1,-1],"expected":[-0.125,-0.625,-0.125,-0.375,0.125,-0.375]}
CASE {"label":"n6-a0-r0-i1-p4-g2-f64","passed":false,"input":[1e+20,1e+20,1e+20,1e+20,1e+20,1e+20],"cotangent":[0,0,0,1,1,1],"actual":[1,1,1,1,1,1],"expected":[0.5,0.5,0.5,0.5,0.5,0.5]}
CASE {"label":"n6-a0-r0-i1-p4-g3-f64","passed":true,"input":[1e+20,1e+20,1e+20,1e+20,1e+20,1e+20],"cotangent":[0,0,0,0,0,0],"actual":[0,0,0,0,0,0],"expected":[0,0,0,0,0,0]}
CASE {"label":"n6-a0-r0-i1-p5-g0-f64","passed":true,"input":[0,0,0,100000000,100000000,100000000],"cotangent":[1,1,1,1,1,1],"actual":[1,1,1,1,1,1],"expected":[1,1,1,1,1,1]}
CASE {"label":"n6-a0-r0-i1-p5-g1-f64","passed":false,"input":[0,0,0,100000000,100000000,100000000],"cotangent":[0.25,-0.75,0.25,-0.75,0.25,-0.75],"actual":[0.25,-0.75,0.25,-0.75000000084271334,0.24999999904767284,-0.75000000084271334],"expected":[0.25,-0.75,0.25,-0.75,0.25,-0.75]}
CASE {"label":"n6-a0-r0-i1-p5-g2-f64","passed":true,"input":[0,0,0,100000000,100000000,100000000],"cotangent":[0,0,0,1,1,1],"actual":[0,0,0,1,1,1],"expected":[0,0,0,1,1,1]}
CASE {"label":"n6-a0-r0-i1-p5-g3-f64","passed":true,"input":[0,0,0,100000000,100000000,100000000],"cotangent":[0,0,0,0,0,0],"actual":[0,0,0,0,0,0],"expected":[0,0,0,0,0,0]}
CASE {"label":"n6-a0-r0-i1-p6-g0-f64","passed":false,"input":[100000000,100000000,100000000,0,0,0],"cotangent":[1,1,1,1,1,1],"actual":[2.0000000038093084,2.0000000038093084,2.0000000038093084,0,0,0],"expected":[2,2,2,0,0,0]}
CASE {"label":"n6-a0-r0-i1-p6-g1-f64","passed":false,"input":[100000000,100000000,100000000,0,0,0],"cotangent":[0.25,-0.75,0.25,-0.75,0.25,-0.75],"actual":[-0.50000000179504056,-0.50000000179504056,-0.50000000179504056,0,0,0],"expected":[-0.5,-0.5,-0.5,0,0,0]}
CASE {"label":"n6-a0-r0-i1-p6-g2-f64","passed":true,"input":[100000000,100000000,100000000,0,0,0],"cotangent":[0,0,0,1,1,1],"actual":[1,1,1,0,0,0],"expected":[1,1,1,0,0,0]}
CASE {"label":"n6-a0-r0-i1-p6-g3-f64","passed":true,"input":[100000000,100000000,100000000,0,0,0],"cotangent":[0,0,0,0,0,0],"actual":[0,0,0,0,0,0],"expected":[0,0,0,0,0,0]}
CASE {"label":"n6-a0-r1-i0-p0-g0-f64","passed":true,"input":[0,0.25,0.5,0,0.25,0.5],"cotangent":[1,1,1,0,0,0],"actual":[0,0,0,1,1,1],"expected":[0,0,0,1,1,1]}
CASE {"label":"n6-a0-r1-i0-p0-g1-f64","passed":true,"input":[0,0.25,0.5,0,0.25,0.5],"cotangent":[0.25,-0.75,0.25,0,0,0],"actual":[0,0,0,0.25,-0.75,0.25],"expected":[0,0,0,0.25,-0.75,0.25]}
CASE {"label":"n6-a0-r1-i0-p0-g2-f64","passed":true,"input":[0,0.25,0.5,0,0.25,0.5],"cotangent":[1,1,1,0,0,0],"actual":[0,0,0,1,1,1],"expected":[0,0,0,1,1,1]}
CASE {"label":"n6-a0-r1-i0-p0-g3-f64","passed":true,"input":[0,0.25,0.5,0,0.25,0.5],"cotangent":[0,0,0,0,0,0],"actual":[0,0,0,0,0,0],"expected":[0,0,0,0,0,0]}
CASE {"label":"n6-a0-r1-i0-p1-g0-f64","passed":true,"input":[1000,1000.25,1000.5,1000,1000.25,1000.5],"cotangent":[1,1,1,0,0,0],"actual":[0,0,0,1,1,1],"expected":[0,0,0,1,1,1]}
CASE {"label":"n6-a0-r1-i0-p1-g1-f64","passed":true,"input":[1000,1000.25,1000.5,1000,1000.25,1000.5],"cotangent":[0.25,-0.75,0.25,0,0,0],"actual":[0,0,0,0.24999999999999906,-0.75000000000003808,0.24999999999999906],"expected":[0,0,0,0.25,-0.75,0.25]}
CASE {"label":"n6-a0-r1-i0-p1-g2-f64","passed":true,"input":[1000,1000.25,1000.5,1000,1000.25,1000.5],"cotangent":[1,1,1,0,0,0],"actual":[0,0,0,1,1,1],"expected":[0,0,0,1,1,1]}
CASE {"label":"n6-a0-r1-i0-p1-g3-f64","passed":true,"input":[1000,1000.25,1000.5,1000,1000.25,1000.5],"cotangent":[0,0,0,0,0,0],"actual":[0,0,0,0,0,0],"expected":[0,0,0,0,0,0]}
CASE {"label":"n6-a0-r1-i0-p2-g0-f64","passed":true,"input":[100000000,100000000.25,100000000.5,100000000,100000000.25,100000000.5],"cotangent":[1,1,1,0,0,0],"actual":[0,0,0,1,1,1],"expected":[0,0,0,1,1,1]}
CASE {"label":"n6-a0-r1-i0-p2-g1-f64","passed":false,"input":[100000000,100000000.25,100000000.5,100000000,100000000.25,100000000.5],"cotangent":[0.25,-0.75,0.25,0,0,0],"actual":[0,0,0,0.24999999904767284,-0.75000000084271334,0.24999999904767284],"expected":[0,0,0,0.25,-0.75,0.25]}
CASE {"label":"n6-a0-r1-i0-p2-g2-f64","passed":true,"input":[100000000,100000000.25,100000000.5,100000000,100000000.25,100000000.5],"cotangent":[1,1,1,0,0,0],"actual":[0,0,0,1,1,1],"expected":[0,0,0,1,1,1]}
CASE {"label":"n6-a0-r1-i0-p2-g3-f64","passed":true,"input":[100000000,100000000.25,100000000.5,100000000,100000000.25,100000000.5],"cotangent":[0,0,0,0,0,0],"actual":[0,0,0,0,0,0],"expected":[0,0,0,0,0,0]}
CASE {"label":"n6-a0-r1-i0-p3-g0-f64","passed":true,"input":[-100000000,-99999999.75,-99999999.5,-100000000,-99999999.75,-99999999.5],"cotangent":[1,1,1,0,0,0],"actual":[0,0,0,1,1,1],"expected":[0,0,0,1,1,1]}
CASE {"label":"n6-a0-r1-i0-p3-g1-f64","passed":false,"input":[-100000000,-99999999.75,-99999999.5,-100000000,-99999999.75,-99999999.5],"cotangent":[0.25,-0.75,0.25,0,0,0],"actual":[0,0,0,0.24999999904767284,-0.75000000084271334,0.24999999904767284],"expected":[0,0,0,0.25,-0.75,0.25]}
CASE {"label":"n6-a0-r1-i0-p3-g2-f64","passed":true,"input":[-100000000,-99999999.75,-99999999.5,-100000000,-99999999.75,-99999999.5],"cotangent":[1,1,1,0,0,0],"actual":[0,0,0,1,1,1],"expected":[0,0,0,1,1,1]}
CASE {"label":"n6-a0-r1-i0-p3-g3-f64","passed":true,"input":[-100000000,-99999999.75,-99999999.5,-100000000,-99999999.75,-99999999.5],"cotangent":[0,0,0,0,0,0],"actual":[0,0,0,0,0,0],"expected":[0,0,0,0,0,0]}
CASE {"label":"n6-a0-r1-i0-p4-g0-f64","passed":true,"input":[1e+20,1e+20,1e+20,1e+20,1e+20,1e+20],"cotangent":[1,1,1,0,0,0],"actual":[0,0,0,1,1,1],"expected":[0,0,0,1,1,1]}
CASE {"label":"n6-a0-r1-i0-p4-g1-f64","passed":false,"input":[1e+20,1e+20,1e+20,1e+20,1e+20,1e+20],"cotangent":[0.25,-0.75,0.25,0,0,0],"actual":[0,0,0,1,-1,1],"expected":[0,0,0,0.25,-0.75,0.25]}
CASE {"label":"n6-a0-r1-i0-p4-g2-f64","passed":true,"input":[1e+20,1e+20,1e+20,1e+20,1e+20,1e+20],"cotangent":[1,1,1,0,0,0],"actual":[0,0,0,1,1,1],"expected":[0,0,0,1,1,1]}
CASE {"label":"n6-a0-r1-i0-p4-g3-f64","passed":true,"input":[1e+20,1e+20,1e+20,1e+20,1e+20,1e+20],"cotangent":[0,0,0,0,0,0],"actual":[0,0,0,0,0,0],"expected":[0,0,0,0,0,0]}
CASE {"label":"n6-a0-r1-i0-p5-g0-f64","passed":true,"input":[0,0,0,100000000,100000000,100000000],"cotangent":[1,1,1,0,0,0],"actual":[0,0,0,1,1,1],"expected":[0,0,0,1,1,1]}
CASE {"label":"n6-a0-r1-i0-p5-g1-f64","passed":false,"input":[0,0,0,100000000,100000000,100000000],"cotangent":[0.25,-0.75,0.25,0,0,0],"actual":[0,0,0,0.24999999904767284,-0.75000000084271334,0.24999999904767284],"expected":[0,0,0,0.25,-0.75,0.25]}
CASE {"label":"n6-a0-r1-i0-p5-g2-f64","passed":true,"input":[0,0,0,100000000,100000000,100000000],"cotangent":[1,1,1,0,0,0],"actual":[0,0,0,1,1,1],"expected":[0,0,0,1,1,1]}
CASE {"label":"n6-a0-r1-i0-p5-g3-f64","passed":true,"input":[0,0,0,100000000,100000000,100000000],"cotangent":[0,0,0,0,0,0],"actual":[0,0,0,0,0,0],"expected":[0,0,0,0,0,0]}
CASE {"label":"n6-a0-r1-i0-p6-g0-f64","passed":true,"input":[100000000,100000000,100000000,0,0,0],"cotangent":[1,1,1,0,0,0],"actual":[0,0,0,1,1,1],"expected":[0,0,0,1,1,1]}
CASE {"label":"n6-a0-r1-i0-p6-g1-f64","passed":true,"input":[100000000,100000000,100000000,0,0,0],"cotangent":[0.25,-0.75,0.25,0,0,0],"actual":[0,0,0,0.25,-0.75,0.25],"expected":[0,0,0,0.25,-0.75,0.25]}
CASE {"label":"n6-a0-r1-i0-p6-g2-f64","passed":true,"input":[100000000,100000000,100000000,0,0,0],"cotangent":[1,1,1,0,0,0],"actual":[0,0,0,1,1,1],"expected":[0,0,0,1,1,1]}
CASE {"label":"n6-a0-r1-i0-p6-g3-f64","passed":true,"input":[100000000,100000000,100000000,0,0,0],"cotangent":[0,0,0,0,0,0],"actual":[0,0,0,0,0,0],"expected":[0,0,0,0,0,0]}
CASE {"label":"n6-a0-r1-i1-p0-g0-f64","passed":true,"input":[0,0.25,0.5,0,0.25,0.5],"cotangent":[1,1,1,1,1,1],"actual":[0.5,0.5,0.49999999999999994,1.5,1.5,1.5],"expected":[0.5,0.5,0.5,1.5,1.5,1.5]}
CASE {"label":"n6-a0-r1-i1-p0-g1-f64","passed":true,"input":[0,0.25,0.5,0,0.25,0.5],"cotangent":[0.25,-0.75,0.25,-0.75,0.25,-0.75],"actual":[0.12500000000000003,-0.375,0.12499999999999997,-0.625,-0.125,-0.625],"expected":[0.125,-0.375,0.125,-0.625,-0.125,-0.625]}
CASE {"label":"n6-a0-r1-i1-p0-g2-f64","passed":true,"input":[0,0.25,0.5,0,0.25,0.5],"cotangent":[1,1,1,0,0,0],"actual":[0.5,0.5,0.49999999999999994,0.5,0.5,0.49999999999999994],"expected":[0.5,0.5,0.5,0.5,0.5,0.5]}
CASE {"label":"n6-a0-r1-i1-p0-g3-f64","passed":true,"input":[0,0.25,0.5,0,0.25,0.5],"cotangent":[0,0,0,0,0,0],"actual":[0,0,0,0,0,0],"expected":[0,0,0,0,0,0]}
CASE {"label":"n6-a0-r1-i1-p1-g0-f64","passed":true,"input":[1000,1000.25,1000.5,1000,1000.25,1000.5],"cotangent":[1,1,1,1,1,1],"actual":[0.50000000000002753,0.50000000000002753,0.50000000000002753,1.4999999999999938,1.4999999999999938,1.4999999999999938],"expected":[0.5,0.5,0.5,1.5,1.5,1.5]}
CASE {"label":"n6-a0-r1-i1-p1-g1-f64","passed":true,"input":[1000,1000.25,1000.5,1000,1000.25,1000.5],"cotangent":[0.25,-0.75,0.25,-0.75,0.25,-0.75],"actual":[0.12500000000000641,-0.37500000000003963,0.12500000000000641,-0.62500000000003164,-0.12500000000004058,-0.62500000000003164],"expected":[0.125,-0.375,0.125,-0.625,-0.125,-0.625]}
CASE {"label":"n6-a0-r1-i1-p1-g2-f64","passed":true,"input":[1000,1000.25,1000.5,1000,1000.25,1000.5],"cotangent":[1,1,1,0,0,0],"actual":[0.50000000000002753,0.50000000000002753,0.50000000000002753,0.50000000000002753,0.50000000000002753,0.50000000000002753],"expected":[0.5,0.5,0.5,0.5,0.5,0.5]}
CASE {"label":"n6-a0-r1-i1-p1-g3-f64","passed":true,"input":[1000,1000.25,1000.5,1000,1000.25,1000.5],"cotangent":[0,0,0,0,0,0],"actual":[0,0,0,0,0,0],"expected":[0,0,0,0,0,0]}
CASE {"label":"n6-a0-r1-i1-p2-g0-f64","passed":false,"input":[100000000,100000000.25,100000000.5,100000000,100000000.25,100000000.5],"cotangent":[1,1,1,1,1,1],"actual":[0.49999999904767284,0.49999999904767284,0.49999999904767284,1.5000000045424082,1.5000000045424082,1.5000000045424082],"expected":[0.5,0.5,0.5,1.5,1.5,1.5]}
CASE {"label":"n6-a0-r1-i1-p2-g1-f64","passed":false,"input":[100000000,100000000.25,100000000.5,100000000,100000000.25,100000000.5],"cotangent":[0.25,-0.75,0.25,-0.75,0.25,-0.75],"actual":[0.12499999928575464,-0.37499999970711129,0.12499999928575464,-0.62500000155695867,-0.12500000065943845,-0.62500000155695867],"expected":[0.125,-0.375,0.125,-0.625,-0.125,-0.625]}
CASE {"label":"n6-a0-r1-i1-p2-g2-f64","passed":false,"input":[100000000,100000000.25,100000000.5,100000000,100000000.25,100000000.5],"cotangent":[1,1,1,0,0,0],"actual":[0.49999999904767284,0.49999999904767284,0.49999999904767284,0.49999999904767284,0.49999999904767284,0.49999999904767284],"expected":[0.5,0.5,0.5,0.5,0.5,0.5]}
CASE {"label":"n6-a0-r1-i1-p2-g3-f64","passed":true,"input":[100000000,100000000.25,100000000.5,100000000,100000000.25,100000000.5],"cotangent":[0,0,0,0,0,0],"actual":[0,0,0,0,0,0],"expected":[0,0,0,0,0,0]}
CASE {"label":"n6-a0-r1-i1-p3-g0-f64","passed":false,"input":[-100000000,-99999999.75,-99999999.5,-100000000,-99999999.75,-99999999.5],"cotangent":[1,1,1,1,1,1],"actual":[0.49999999904767284,0.49999999904767284,0.49999999904767284,1.5000000045424082,1.5000000045424082,1.5000000045424082],"expected":[0.5,0.5,0.5,1.5,1.5,1.5]}
CASE {"label":"n6-a0-r1-i1-p3-g1-f64","passed":false,"input":[-100000000,-99999999.75,-99999999.5,-100000000,-99999999.75,-99999999.5],"cotangent":[0.25,-0.75,0.25,-0.75,0.25,-0.75],"actual":[0.12499999928575464,-0.37499999970711129,0.12499999928575464,-0.62500000155695867,-0.12500000065943845,-0.62500000155695867],"expected":[0.125,-0.375,0.125,-0.625,-0.125,-0.625]}
CASE {"label":"n6-a0-r1-i1-p3-g2-f64","passed":false,"input":[-100000000,-99999999.75,-99999999.5,-100000000,-99999999.75,-99999999.5],"cotangent":[1,1,1,0,0,0],"actual":[0.49999999904767284,0.49999999904767284,0.49999999904767284,0.49999999904767284,0.49999999904767284,0.49999999904767284],"expected":[0.5,0.5,0.5,0.5,0.5,0.5]}
CASE {"label":"n6-a0-r1-i1-p3-g3-f64","passed":true,"input":[-100000000,-99999999.75,-99999999.5,-100000000,-99999999.75,-99999999.5],"cotangent":[0,0,0,0,0,0],"actual":[0,0,0,0,0,0],"expected":[0,0,0,0,0,0]}
CASE {"label":"n6-a0-r1-i1-p4-g0-f64","passed":false,"input":[1e+20,1e+20,1e+20,1e+20,1e+20,1e+20],"cotangent":[1,1,1,1,1,1],"actual":[1,1,1,1,1,1],"expected":[0.5,0.5,0.5,1.5,1.5,1.5]}
CASE {"label":"n6-a0-r1-i1-p4-g1-f64","passed":false,"input":[1e+20,1e+20,1e+20,1e+20,1e+20,1e+20],"cotangent":[0.25,-0.75,0.25,-0.75,0.25,-0.75],"actual":[1,-1,1,0,0,0],"expected":[0.125,-0.375,0.125,-0.625,-0.125,-0.625]}
CASE {"label":"n6-a0-r1-i1-p4-g2-f64","passed":false,"input":[1e+20,1e+20,1e+20,1e+20,1e+20,1e+20],"cotangent":[1,1,1,0,0,0],"actual":[1,1,1,1,1,1],"expected":[0.5,0.5,0.5,0.5,0.5,0.5]}
CASE {"label":"n6-a0-r1-i1-p4-g3-f64","passed":true,"input":[1e+20,1e+20,1e+20,1e+20,1e+20,1e+20],"cotangent":[0,0,0,0,0,0],"actual":[0,0,0,0,0,0],"expected":[0,0,0,0,0,0]}
CASE {"label":"n6-a0-r1-i1-p5-g0-f64","passed":false,"input":[0,0,0,100000000,100000000,100000000],"cotangent":[1,1,1,1,1,1],"actual":[0,0,0,2.0000000038093084,2.0000000038093084,2.0000000038093084],"expected":[0,0,0,2,2,2]}
CASE {"label":"n6-a0-r1-i1-p5-g1-f64","passed":false,"input":[0,0,0,100000000,100000000,100000000],"cotangent":[0.25,-0.75,0.25,-0.75,0.25,-0.75],"actual":[0,0,0,-0.50000000179504056,-0.50000000179504056,-0.50000000179504056],"expected":[0,0,0,-0.5,-0.5,-0.5]}
CASE {"label":"n6-a0-r1-i1-p5-g2-f64","passed":true,"input":[0,0,0,100000000,100000000,100000000],"cotangent":[1,1,1,0,0,0],"actual":[0,0,0,1,1,1],"expected":[0,0,0,1,1,1]}
CASE {"label":"n6-a0-r1-i1-p5-g3-f64","passed":true,"input":[0,0,0,100000000,100000000,100000000],"cotangent":[0,0,0,0,0,0],"actual":[0,0,0,0,0,0],"expected":[0,0,0,0,0,0]}
CASE {"label":"n6-a0-r1-i1-p6-g0-f64","passed":true,"input":[100000000,100000000,100000000,0,0,0],"cotangent":[1,1,1,1,1,1],"actual":[1,1,1,1,1,1],"expected":[1,1,1,1,1,1]}
CASE {"label":"n6-a0-r1-i1-p6-g1-f64","passed":false,"input":[100000000,100000000,100000000,0,0,0],"cotangent":[0.25,-0.75,0.25,-0.75,0.25,-0.75],"actual":[0.24999999904767284,-0.75000000084271334,0.24999999904767284,-0.75,0.25,-0.75],"expected":[0.25,-0.75,0.25,-0.75,0.25,-0.75]}
CASE {"label":"n6-a0-r1-i1-p6-g2-f64","passed":true,"input":[100000000,100000000,100000000,0,0,0],"cotangent":[1,1,1,0,0,0],"actual":[1,1,1,0,0,0],"expected":[1,1,1,0,0,0]}
CASE {"label":"n6-a0-r1-i1-p6-g3-f64","passed":true,"input":[100000000,100000000,100000000,0,0,0],"cotangent":[0,0,0,0,0,0],"actual":[0,0,0,0,0,0],"expected":[0,0,0,0,0,0]}
CASE {"label":"n6-a1-r0-i0-p0-g0-f64","passed":false,"input":[0,0.25,0.5,0,0.25,0.5],"cotangent":[0,1,1,0,1,1],"actual":[1.4378235340118408,0.56217650010513243,0,1.4378235340118408,0.56217650010513243,0],"expected":[1.4378234991142018,0.56217650088579807,0,1.4378234991142018,0.56217650088579807,0]}
CASE {"label":"n6-a1-r0-i0-p0-g1-f64","passed":false,"input":[0,0.25,0.5,0,0.25,0.5],"cotangent":[0,-0.75,0.25,0,0.25,-0.75],"actual":[-0.64054412537344529,0.14054412502628313,0,-0.078367623879664117,-0.42163237507884932,0],"expected":[-0.64054412522144955,0.14054412522144952,0,-0.078367624335651365,-0.42163237566434852,0]}
CASE {"label":"n6-a1-r0-i0-p0-g2-f64","passed":false,"input":[0,0.25,0.5,0,0.25,0.5],"cotangent":[0,0,1,0,0,1],"actual":[0.43782349850621882,0.56217650010513243,0,0.43782349850621882,0.56217650010513243,0],"expected":[0.43782349911420188,0.56217650088579807,0,0.43782349911420188,0.56217650088579807,0]}
CASE {"label":"n6-a1-r0-i0-p0-g3-f64","passed":true,"input":[0,0.25,0.5,0,0.25,0.5],"cotangent":[0,0,0,0,0,0],"actual":[0,0,0,0,0,0],"expected":[0,0,0,0,0,0]}
CASE {"label":"n6-a1-r0-i0-p1-g0-f64","passed":false,"input":[1000,1000.25,1000.5,1000,1000.25,1000.5],"cotangent":[0,1,1,0,1,1],"actual":[1.4378235340117713,0.56217650010510067,0,1.4378235340117713,0.56217650010510067,0],"expected":[1.4378234991142018,0.56217650088579807,0,1.4378234991142018,0.56217650088579807,0]}
CASE {"label":"n6-a1-r0-i0-p1-g1-f64","passed":false,"input":[1000,1000.25,1000.5,1000,1000.25,1000.5],"cotangent":[0,-0.75,0.25,0,0.25,-0.75],"actual":[-0.64054412537348993,0.14054412502627464,0,-0.078367623879663173,-0.42163237507884688,0],"expected":[-0.64054412522144955,0.14054412522144952,0,-0.078367624335651365,-0.42163237566434852,0]}
CASE {"label":"n6-a1-r0-i0-p1-g2-f64","passed":false,"input":[1000,1000.25,1000.5,1000,1000.25,1000.5],"cotangent":[0,0,1,0,0,1],"actual":[0.43782349850619412,0.56217650010510067,0,0.43782349850619412,0.56217650010510067,0],"expected":[0.43782349911420188,0.56217650088579807,0,0.43782349911420188,0.56217650088579807,0]}
CASE {"label":"n6-a1-r0-i0-p1-g3-f64","passed":true,"input":[1000,1000.25,1000.5,1000,1000.25,1000.5],"cotangent":[0,0,0,0,0,0],"actual":[0,0,0,0,0,0],"expected":[0,0,0,0,0,0]}
CASE {"label":"n6-a1-r0-i0-p2-g0-f64","passed":false,"input":[100000000,100000000.25,100000000.5,100000000,100000000.25,100000000.5],"cotangent":[0,1,1,0,1,1],"actual":[1.437823539980899,0.56217650256865526,0,1.437823539980899,0.56217650256865526,0],"expected":[1.4378234991142018,0.56217650088579807,0,1.4378234991142018,0.56217650088579807,0]}
CASE {"label":"n6-a1-r0-i0-p2-g1-f64","passed":false,"input":[100000000,100000000.25,100000000.5,100000000,100000000.25,100000000.5],"cotangent":[0,-0.75,0.25,0,0.25,-0.75],"actual":[-0.64054412615346146,0.14054412510678788,0,-0.078367626639896104,-0.42163237740024506,0],"expected":[-0.64054412522144955,0.14054412522144952,0,-0.078367624335651365,-0.42163237566434852,0]}
CASE {"label":"n6-a1-r0-i0-p2-g2-f64","passed":false,"input":[100000000,100000000.25,100000000.5,100000000,100000000.25,100000000.5],"cotangent":[0,0,1,0,0,1],"actual":[0.43782350042481233,0.56217650256865526,0,0.43782350042481233,0.56217650256865526,0],"expected":[0.43782349911420188,0.56217650088579807,0,0.43782349911420188,0.56217650088579807,0]}
CASE {"label":"n6-a1-r0-i0-p2-g3-f64","passed":true,"input":[100000000,100000000.25,100000000.5,100000000,100000000.25,100000000.5],"cotangent":[0,0,0,0,0,0],"actual":[0,0,0,0,0,0],"expected":[0,0,0,0,0,0]}
CASE {"label":"n6-a1-r0-i0-p3-g0-f64","passed":false,"input":[-100000000,-99999999.75,-99999999.5,-100000000,-99999999.75,-99999999.5],"cotangent":[0,1,1,0,1,1],"actual":[1.437823539980899,0.56217650256865526,0,1.437823539980899,0.56217650256865526,0],"expected":[1.4378234991142018,0.56217650088579807,0,1.4378234991142018,0.56217650088579807,0]}
CASE {"label":"n6-a1-r0-i0-p3-g1-f64","passed":false,"input":[-100000000,-99999999.75,-99999999.5,-100000000,-99999999.75,-99999999.5],"cotangent":[0,-0.75,0.25,0,0.25,-0.75],"actual":[-0.64054412615346146,0.14054412510678788,0,-0.078367626639896104,-0.42163237740024506,0],"expected":[-0.64054412522144955,0.14054412522144952,0,-0.078367624335651365,-0.42163237566434852,0]}
CASE {"label":"n6-a1-r0-i0-p3-g2-f64","passed":false,"input":[-100000000,-99999999.75,-99999999.5,-100000000,-99999999.75,-99999999.5],"cotangent":[0,0,1,0,0,1],"actual":[0.43782350042481233,0.56217650256865526,0,0.43782350042481233,0.56217650256865526,0],"expected":[0.43782349911420188,0.56217650088579807,0,0.43782349911420188,0.56217650088579807,0]}
CASE {"label":"n6-a1-r0-i0-p3-g3-f64","passed":true,"input":[-100000000,-99999999.75,-99999999.5,-100000000,-99999999.75,-99999999.5],"cotangent":[0,0,0,0,0,0],"actual":[0,0,0,0,0,0],"expected":[0,0,0,0,0,0]}
CASE {"label":"n6-a1-r0-i0-p4-g0-f64","passed":false,"input":[1e+20,1e+20,1e+20,1e+20,1e+20,1e+20],"cotangent":[0,1,1,0,1,1],"actual":[1,1,0,1,1,0],"expected":[1.5,0.5,0,1.5,0.5,0]}
CASE {"label":"n6-a1-r0-i0-p4-g1-f64","passed":false,"input":[1e+20,1e+20,1e+20,1e+20,1e+20,1e+20],"cotangent":[0,-0.75,0.25,0,0.25,-0.75],"actual":[0,1,0,0,-1,0],"expected":[-0.625,0.125,0,-0.125,-0.375,0]}
CASE {"label":"n6-a1-r0-i0-p4-g2-f64","passed":false,"input":[1e+20,1e+20,1e+20,1e+20,1e+20,1e+20],"cotangent":[0,0,1,0,0,1],"actual":[1,1,0,1,1,0],"expected":[0.5,0.5,0,0.5,0.5,0]}
CASE {"label":"n6-a1-r0-i0-p4-g3-f64","passed":true,"input":[1e+20,1e+20,1e+20,1e+20,1e+20,1e+20],"cotangent":[0,0,0,0,0,0],"actual":[0,0,0,0,0,0],"expected":[0,0,0,0,0,0]}
CASE {"label":"n6-a1-r0-i0-p5-g0-f64","passed":true,"input":[0,0,100000000,0,0,100000000],"cotangent":[0,1,1,0,1,1],"actual":[1.5,0.5,0,1.5,0.5,0],"expected":[1.5,0.5,0,1.5,0.5,0]}
CASE {"label":"n6-a1-r0-i0-p5-g1-f64","passed":true,"input":[0,0,100000000,0,0,100000000],"cotangent":[0,-0.75,0.25,0,0.25,-0.75],"actual":[-0.625,0.12500000000000003,0,-0.125,-0.375,0],"expected":[-0.625,0.125,0,-0.125,-0.375,0]}
CASE {"label":"n6-a1-r0-i0-p5-g2-f64","passed":true,"input":[0,0,100000000,0,0,100000000],"cotangent":[0,0,1,0,0,1],"actual":[0.5,0.5,0,0.5,0.5,0],"expected":[0.5,0.5,0,0.5,0.5,0]}
CASE {"label":"n6-a1-r0-i0-p5-g3-f64","passed":true,"input":[0,0,100000000,0,0,100000000],"cotangent":[0,0,0,0,0,0],"actual":[0,0,0,0,0,0],"expected":[0,0,0,0,0,0]}
CASE {"label":"n6-a1-r0-i0-p6-g0-f64","passed":false,"input":[100000000,0,0,100000000,0,0],"cotangent":[0,1,1,0,1,1],"actual":[2.0000000038093084,0,0,2.0000000038093084,0,0],"expected":[2,0,0,2,0,0]}
CASE {"label":"n6-a1-r0-i0-p6-g1-f64","passed":false,"input":[100000000,0,0,100000000,0,0],"cotangent":[0,-0.75,0.25,0,0.25,-0.75],"actual":[-0.50000000179504056,0,0,-0.50000000179504056,0,0],"expected":[-0.5,0,0,-0.5,0,0]}
CASE {"label":"n6-a1-r0-i0-p6-g2-f64","passed":true,"input":[100000000,0,0,100000000,0,0],"cotangent":[0,0,1,0,0,1],"actual":[1,0,0,1,0,0],"expected":[1,0,0,1,0,0]}
CASE {"label":"n6-a1-r0-i0-p6-g3-f64","passed":true,"input":[100000000,0,0,100000000,0,0],"cotangent":[0,0,0,0,0,0],"actual":[0,0,0,0,0,0],"expected":[0,0,0,0,0,0]}
CASE {"label":"n6-a1-r0-i1-p0-g0-f64","passed":false,"input":[0,0.25,0.5,0,0.25,0.5],"cotangent":[1,1,1,1,1,1],"actual":[1.6920986771583557,0.88867232454828682,0.41922895363648549,1.6920986771583557,0.88867232454828682,0.41922895363648549],"expected":[1.6920987117046675,0.88867233668563483,0.4192289516096977,1.6920987117046675,0.88867233668563483,0.4192289516096977]}
CASE {"label":"n6-a1-r0-i1-p0-g1-f64","passed":false,"input":[0,0.25,0.5,0,0.25,0.5],"cotangent":[0.25,-0.75,0.25,-0.75,0.25,-0.75],"actual":[-0.014798815741293547,-0.34000841573427421,0.10480723840912134,-0.83125054978855684,-0.10432775300744232,-0.31442171522736412],"expected":[-0.014798821188034952,-0.34000841671438936,0.10480723790242442,-0.83125053466429877,-0.104327751628428,-0.31442171370727329]}
CASE {"label":"n6-a1-r0-i1-p0-g2-f64","passed":false,"input":[0,0.25,0.5,0,0.25,0.5],"cotangent":[0,0,1,0,0,1],"actual":[0.25427521381977453,0.32649583737830057,0.41922895363648549,0.25427521381977453,0.32649583737830057,0.41922895363648549],"expected":[0.25427521259046565,0.32649583579983671,0.4192289516096977,0.25427521259046565,0.32649583579983671,0.4192289516096977]}
CASE {"label":"n6-a1-r0-i1-p0-g3-f64","passed":true,"input":[0,0.25,0.5,0,0.25,0.5],"cotangent":[0,0,0,0,0,0],"actual":[0,0,0,0,0,0],"expected":[0,0,0,0,0,0]}
CASE {"label":"n6-a1-r0-i1-p1-g0-f64","passed":false,"input":[1000,1000.25,1000.5,1000,1000.25,1000.5],"cotangent":[1,1,1,1,1,1],"actual":[1.6920986771582998,0.88867232454828027,0.41922895363644785,1.6920986771582998,0.88867232454828027,0.41922895363644785],"expected":[1.6920987117046675,0.88867233668563483,0.4192289516096977,1.6920987117046675,0.88867233668563483,0.4192289516096977]}
CASE {"label":"n6-a1-r0-i1-p1-g1-f64","passed":false,"input":[1000,1000.25,1000.5,1000,1000.25,1000.5],"cotangent":[0.25,-0.75,0.25,-0.75,0.25,-0.75],"actual":[-0.014798815741309201,-0.34000841573427937,0.10480723840911157,-0.83125054978856217,-0.10432775300744124,-0.31442171522735185],"expected":[-0.014798821188034952,-0.34000841671438936,0.10480723790242442,-0.83125053466429877,-0.104327751628428,-0.31442171370727329]}
CASE {"label":"n6-a1-r0-i1-p1-g2-f64","passed":false,"input":[1000,1000.25,1000.5,1000,1000.25,1000.5],"cotangent":[0,0,1,0,0,1],"actual":[0.25427521381975171,0.32649583737827126,0.41922895363644785,0.25427521381975171,0.32649583737827126,0.41922895363644785],"expected":[0.25427521259046565,0.32649583579983671,0.4192289516096977,0.25427521259046565,0.32649583579983671,0.4192289516096977]}
CASE {"label":"n6-a1-r0-i1-p1-g3-f64","passed":true,"input":[1000,1000.25,1000.5,1000,1000.25,1000.5],"cotangent":[0,0,0,0,0,0],"actual":[0,0,0,0,0,0],"expected":[0,0,0,0,0,0]}
CASE {"label":"n6-a1-r0-i1-p2-g0-f64","passed":false,"input":[100000000,100000000.25,100000000.5,100000000,100000000.25,100000000.5],"cotangent":[1,1,1,1,1,1],"actual":[1.6920987284308877,0.88867233479326269,0.41922895333637539,1.6920987284308877,0.88867233479326269,0.41922895333637539],"expected":[1.6920987117046675,0.88867233668563483,0.4192289516096977,1.6920987117046675,0.88867233668563483,0.4192289516096977]}
CASE {"label":"n6-a1-r0-i1-p2-g1-f64","passed":false,"input":[100000000,100000000.25,100000000.5,100000000,100000000.25,100000000.5],"cotangent":[0.25,-0.75,0.25,-0.75,0.25,-0.75],"actual":[-0.014798820713354088,-0.34000841842503227,0.10480723793485074,-0.8312505448738281,-0.10432775302678546,-0.31442171535557134],"expected":[-0.014798821188034952,-0.34000841671438936,0.10480723790242442,-0.83125053466429877,-0.104327751628428,-0.31442171370727329]}
CASE {"label":"n6-a1-r0-i1-p2-g2-f64","passed":false,"input":[100000000,100000000.25,100000000.5,100000000,100000000.25,100000000.5],"cotangent":[0,0,1,0,0,1],"actual":[0.25427521363774858,0.32649583714457459,0.41922895333637539,0.25427521363774858,0.32649583714457459,0.41922895333637539],"expected":[0.25427521259046565,0.32649583579983671,0.4192289516096977,0.25427521259046565,0.32649583579983671,0.4192289516096977]}
CASE {"label":"n6-a1-r0-i1-p2-g3-f64","passed":true,"input":[100000000,100000000.25,100000000.5,100000000,100000000.25,100000000.5],"cotangent":[0,0,0,0,0,0],"actual":[0,0,0,0,0,0],"expected":[0,0,0,0,0,0]}
CASE {"label":"n6-a1-r0-i1-p3-g0-f64","passed":false,"input":[-100000000,-99999999.75,-99999999.5,-100000000,-99999999.75,-99999999.5],"cotangent":[1,1,1,1,1,1],"actual":[1.6920987284308877,0.88867233479326269,0.41922895333637539,1.6920987284308877,0.88867233479326269,0.41922895333637539],"expected":[1.6920987117046675,0.88867233668563483,0.4192289516096977,1.6920987117046675,0.88867233668563483,0.4192289516096977]}
CASE {"label":"n6-a1-r0-i1-p3-g1-f64","passed":false,"input":[-100000000,-99999999.75,-99999999.5,-100000000,-99999999.75,-99999999.5],"cotangent":[0.25,-0.75,0.25,-0.75,0.25,-0.75],"actual":[-0.014798820713354088,-0.34000841842503227,0.10480723793485074,-0.8312505448738281,-0.10432775302678546,-0.31442171535557134],"expected":[-0.014798821188034952,-0.34000841671438936,0.10480723790242442,-0.83125053466429877,-0.104327751628428,-0.31442171370727329]}
CASE {"label":"n6-a1-r0-i1-p3-g2-f64","passed":false,"input":[-100000000,-99999999.75,-99999999.5,-100000000,-99999999.75,-99999999.5],"cotangent":[0,0,1,0,0,1],"actual":[0.25427521363774858,0.32649583714457459,0.41922895333637539,0.25427521363774858,0.32649583714457459,0.41922895333637539],"expected":[0.25427521259046565,0.32649583579983671,0.4192289516096977,0.25427521259046565,0.32649583579983671,0.4192289516096977]}
CASE {"label":"n6-a1-r0-i1-p3-g3-f64","passed":true,"input":[-100000000,-99999999.75,-99999999.5,-100000000,-99999999.75,-99999999.5],"cotangent":[0,0,0,0,0,0],"actual":[0,0,0,0,0,0],"expected":[0,0,0,0,0,0]}
CASE {"label":"n6-a1-r0-i1-p4-g0-f64","passed":false,"input":[1e+20,1e+20,1e+20,1e+20,1e+20,1e+20],"cotangent":[1,1,1,1,1,1],"actual":[1,1,1,1,1,1],"expected":[1.8333333333333333,0.83333333333333326,0.33333333333333331,1.8333333333333333,0.83333333333333326,0.33333333333333331]}
CASE {"label":"n6-a1-r0-i1-p4-g1-f64","passed":false,"input":[1e+20,1e+20,1e+20,1e+20,1e+20,1e+20],"cotangent":[0.25,-0.75,0.25,-0.75,0.25,-0.75],"actual":[0,0,1,0,0,-1],"expected":[-0.041666666666666671,-0.29166666666666669,0.083333333333333329,-0.875,-0.125,-0.25]}
CASE {"label":"n6-a1-r0-i1-p4-g2-f64","passed":false,"input":[1e+20,1e+20,1e+20,1e+20,1e+20,1e+20],"cotangent":[0,0,1,0,0,1],"actual":[1,1,1,1,1,1],"expected":[0.33333333333333331,0.33333333333333331,0.33333333333333331,0.33333333333333331,0.33333333333333331,0.33333333333333331]}
CASE {"label":"n6-a1-r0-i1-p4-g3-f64","passed":true,"input":[1e+20,1e+20,1e+20,1e+20,1e+20,1e+20],"cotangent":[0,0,0,0,0,0],"actual":[0,0,0,0,0,0],"expected":[0,0,0,0,0,0]}
CASE {"label":"n6-a1-r0-i1-p5-g0-f64","passed":true,"input":[0,0,100000000,0,0,100000000],"cotangent":[1,1,1,1,1,1],"actual":[1.5,0.5,1,1.5,0.5,1],"expected":[1.5,0.5,1,1.5,0.5,1]}
CASE {"label":"n6-a1-r0-i1-p5-g1-f64","passed":false,"input":[0,0,100000000,0,0,100000000],"cotangent":[0.25,-0.75,0.25,-0.75,0.25,-0.75],"actual":[-0.125,-0.375,0.24999999904767284,-0.625,0.12500000000000003,-0.75000000084271334],"expected":[-0.125,-0.375,0.25,-0.625,0.125,-0.75]}
CASE {"label":"n6-a1-r0-i1-p5-g2-f64","passed":true,"input":[0,0,100000000,0,0,100000000],"cotangent":[0,0,1,0,0,1],"actual":[0,0,1,0,0,1],"expected":[0,0,1,0,0,1]}
CASE {"label":"n6-a1-r0-i1-p5-g3-f64","passed":true,"input":[0,0,100000000,0,0,100000000],"cotangent":[0,0,0,0,0,0],"actual":[0,0,0,0,0,0],"expected":[0,0,0,0,0,0]}
CASE {"label":"n6-a1-r0-i1-p6-g0-f64","passed":false,"input":[100000000,0,0,100000000,0,0],"cotangent":[1,1,1,1,1,1],"actual":[3.0000000147987791,0,0,3.0000000147987791,0,0],"expected":[3,0,0,3,0,0]}
CASE {"label":"n6-a1-r0-i1-p6-g1-f64","passed":false,"input":[100000000,0,0,100000000,0,0],"cotangent":[0.25,-0.75,0.25,-0.75,0.25,-0.75],"actual":[-0.25000000179504051,0,0,-1.2500000054947353,0,0],"expected":[-0.25,0,0,-1.25,0,0]}
CASE {"label":"n6-a1-r0-i1-p6-g2-f64","passed":true,"input":[100000000,0,0,100000000,0,0],"cotangent":[0,0,1,0,0,1],"actual":[1,0,0,1,0,0],"expected":[1,0,0,1,0,0]}
CASE {"label":"n6-a1-r0-i1-p6-g3-f64","passed":true,"input":[100000000,0,0,100000000,0,0],"cotangent":[0,0,0,0,0,0],"actual":[0,0,0,0,0,0],"expected":[0,0,0,0,0,0]}
CASE {"label":"n6-a1-r1-i0-p0-g0-f64","passed":false,"input":[0,0.25,0.5,0,0.25,0.5],"cotangent":[1,1,0,1,1,0],"actual":[0,0.43782349850621877,1.562176525592804,0,0.43782349850621877,1.562176525592804],"expected":[0,0.43782349911420188,1.5621765008857982,0,0.43782349911420188,1.5621765008857982]}
CASE {"label":"n6-a1-r1-i0-p0-g1-f64","passed":false,"input":[0,0.25,0.5,0,0.25,0.5],"cotangent":[0.25,-0.75,0,-0.75,0.25,0],"actual":[0,0.10945587462655473,-0.60945587497371689,0,-0.32836762387966412,-0.17163237507884932],"expected":[0,0.10945587477855047,-0.60945587477855045,0,-0.32836762433565136,-0.17163237566434852]}
CASE {"label":"n6-a1-r1-i0-p0-g2-f64","passed":false,"input":[0,0.25,0.5,0,0.25,0.5],"cotangent":[1,0,0,1,0,0],"actual":[0,0.43782349850621877,0.56217650010513232,0,0.43782349850621877,0.56217650010513232],"expected":[0,0.43782349911420188,0.56217650088579807,0,0.43782349911420188,0.56217650088579807]}
CASE {"label":"n6-a1-r1-i0-p0-g3-f64","passed":true,"input":[0,0.25,0.5,0,0.25,0.5],"cotangent":[0,0,0,0,0,0],"actual":[0,0,0,0,0,0],"expected":[0,0,0,0,0,0]}
CASE {"label":"n6-a1-r1-i0-p1-g0-f64","passed":false,"input":[1000,1000.25,1000.5,1000,1000.25,1000.5],"cotangent":[1,1,0,1,1,0],"actual":[0,0.43782349850619412,1.562176525592857,0,0.43782349850619412,1.562176525592857],"expected":[0,0.43782349911420188,1.5621765008857982,0,0.43782349911420188,1.5621765008857982]}
CASE {"label":"n6-a1-r1-i0-p1-g1-f64","passed":false,"input":[1000,1000.25,1000.5,1000,1000.25,1000.5],"cotangent":[0.25,-0.75,0,-0.75,0.25,0],"actual":[0,0.10945587462654811,-0.60945587497376341,0,-0.32836762387966223,-0.17163237507884782],"expected":[0,0.10945587477855047,-0.60945587477855045,0,-0.32836762433565136,-0.17163237566434852]}
CASE {"label":"n6-a1-r1-i0-p1-g2-f64","passed":false,"input":[1000,1000.25,1000.5,1000,1000.25,1000.5],"cotangent":[1,0,0,1,0,0],"actual":[0,0.43782349850619412,0.56217650010510067,0,0.43782349850619412,0.56217650010510067],"expected":[0,0.43782349911420188,0.56217650088579807,0,0.43782349911420188,0.56217650088579807]}
CASE {"label":"n6-a1-r1-i0-p1-g3-f64","passed":true,"input":[1000,1000.25,1000.5,1000,1000.25,1000.5],"cotangent":[0,0,0,0,0,0],"actual":[0,0,0,0,0,0],"expected":[0,0,0,0,0,0]}
CASE {"label":"n6-a1-r1-i0-p2-g0-f64","passed":false,"input":[100000000,100000000.25,100000000.5,100000000,100000000.25,100000000.5],"cotangent":[1,1,0,1,1,0],"actual":[0,0.43782350042481233,1.5621765275261987,0,0.43782350042481233,1.5621765275261987],"expected":[0,0.43782349911420188,1.5621765008857982,0,0.43782349911420188,1.5621765008857982]}
CASE {"label":"n6-a1-r1-i0-p2-g1-f64","passed":false,"input":[100000000,100000000.25,100000000.5,100000000,100000000.25,100000000.5],"cotangent":[0.25,-0.75,0,-0.75,0.25,0],"actual":[0,0.10945587468925189,-0.60945587573592541,0,-0.32836762568756894,-0.17163237835257222],"expected":[0,0.10945587477855047,-0.60945587477855045,0,-0.32836762433565136,-0.17163237566434852]}
CASE {"label":"n6-a1-r1-i0-p2-g2-f64","passed":false,"input":[100000000,100000000.25,100000000.5,100000000,100000000.25,100000000.5],"cotangent":[1,0,0,1,0,0],"actual":[0,0.43782350042481233,0.56217650256865526,0,0.43782350042481233,0.56217650256865526],"expected":[0,0.43782349911420188,0.56217650088579807,0,0.43782349911420188,0.56217650088579807]}
CASE {"label":"n6-a1-r1-i0-p2-g3-f64","passed":true,"input":[100000000,100000000.25,100000000.5,100000000,100000000.25,100000000.5],"cotangent":[0,0,0,0,0,0],"actual":[0,0,0,0,0,0],"expected":[0,0,0,0,0,0]}
CASE {"label":"n6-a1-r1-i0-p3-g0-f64","passed":false,"input":[-100000000,-99999999.75,-99999999.5,-100000000,-99999999.75,-99999999.5],"cotangent":[1,1,0,1,1,0],"actual":[0,0.43782350042481233,1.5621765275261987,0,0.43782350042481233,1.5621765275261987],"expected":[0,0.43782349911420188,1.5621765008857982,0,0.43782349911420188,1.5621765008857982]}
CASE {"label":"n6-a1-r1-i0-p3-g1-f64","passed":false,"input":[-100000000,-99999999.75,-99999999.5,-100000000,-99999999.75,-99999999.5],"cotangent":[0.25,-0.75,0,-0.75,0.25,0],"actual":[0,0.10945587468925189,-0.60945587573592541,0,-0.32836762568756894,-0.17163237835257222],"expected":[0,0.10945587477855047,-0.60945587477855045,0,-0.32836762433565136,-0.17163237566434852]}
CASE {"label":"n6-a1-r1-i0-p3-g2-f64","passed":false,"input":[-100000000,-99999999.75,-99999999.5,-100000000,-99999999.75,-99999999.5],"cotangent":[1,0,0,1,0,0],"actual":[0,0.43782350042481233,0.56217650256865526,0,0.43782350042481233,0.56217650256865526],"expected":[0,0.43782349911420188,0.56217650088579807,0,0.43782349911420188,0.56217650088579807]}
CASE {"label":"n6-a1-r1-i0-p3-g3-f64","passed":true,"input":[-100000000,-99999999.75,-99999999.5,-100000000,-99999999.75,-99999999.5],"cotangent":[0,0,0,0,0,0],"actual":[0,0,0,0,0,0],"expected":[0,0,0,0,0,0]}
CASE {"label":"n6-a1-r1-i0-p4-g0-f64","passed":false,"input":[1e+20,1e+20,1e+20,1e+20,1e+20,1e+20],"cotangent":[1,1,0,1,1,0],"actual":[0,1,1,0,1,1],"expected":[0,0.5,1.5,0,0.5,1.5]}
CASE {"label":"n6-a1-r1-i0-p4-g1-f64","passed":false,"input":[1e+20,1e+20,1e+20,1e+20,1e+20,1e+20],"cotangent":[0.25,-0.75,0,-0.75,0.25,0],"actual":[0,1,0,0,-1,0],"expected":[0,0.125,-0.625,0,-0.375,-0.125]}
CASE {"label":"n6-a1-r1-i0-p4-g2-f64","passed":false,"input":[1e+20,1e+20,1e+20,1e+20,1e+20,1e+20],"cotangent":[1,0,0,1,0,0],"actual":[0,1,1,0,1,1],"expected":[0,0.5,0.5,0,0.5,0.5]}
CASE {"label":"n6-a1-r1-i0-p4-g3-f64","passed":true,"input":[1e+20,1e+20,1e+20,1e+20,1e+20,1e+20],"cotangent":[0,0,0,0,0,0],"actual":[0,0,0,0,0,0],"expected":[0,0,0,0,0,0]}
CASE {"label":"n6-a1-r1-i0-p5-g0-f64","passed":false,"input":[0,0,100000000,0,0,100000000],"cotangent":[1,1,0,1,1,0],"actual":[0,0,2.0000000038093084,0,0,2.0000000038093084],"expected":[0,0,2,0,0,2]}
CASE {"label":"n6-a1-r1-i0-p5-g1-f64","passed":false,"input":[0,0,100000000,0,0,100000000],"cotangent":[0.25,-0.75,0,-0.75,0.25,0],"actual":[0,0,-0.50000000179504056,0,0,-0.50000000179504056],"expected":[0,0,-0.5,0,0,-0.5]}
CASE {"label":"n6-a1-r1-i0-p5-g2-f64","passed":true,"input":[0,0,100000000,0,0,100000000],"cotangent":[1,0,0,1,0,0],"actual":[0,0,1,0,0,1],"expected":[0,0,1,0,0,1]}
CASE {"label":"n6-a1-r1-i0-p5-g3-f64","passed":true,"input":[0,0,100000000,0,0,100000000],"cotangent":[0,0,0,0,0,0],"actual":[0,0,0,0,0,0],"expected":[0,0,0,0,0,0]}
CASE {"label":"n6-a1-r1-i0-p6-g0-f64","passed":true,"input":[100000000,0,0,100000000,0,0],"cotangent":[1,1,0,1,1,0],"actual":[0,0.5,1.5,0,0.5,1.5],"expected":[0,0.5,1.5,0,0.5,1.5]}
CASE {"label":"n6-a1-r1-i0-p6-g1-f64","passed":true,"input":[100000000,0,0,100000000,0,0],"cotangent":[0.25,-0.75,0,-0.75,0.25,0],"actual":[0,0.12500000000000003,-0.625,0,-0.375,-0.125],"expected":[0,0.125,-0.625,0,-0.375,-0.125]}
CASE {"label":"n6-a1-r1-i0-p6-g2-f64","passed":true,"input":[100000000,0,0,100000000,0,0],"cotangent":[1,0,0,1,0,0],"actual":[0,0.5,0.5,0,0.5,0.5],"expected":[0,0.5,0.5,0,0.5,0.5]}
CASE {"label":"n6-a1-r1-i0-p6-g3-f64","passed":true,"input":[100000000,0,0,100000000,0,0],"cotangent":[0,0,0,0,0,0],"actual":[0,0,0,0,0,0],"expected":[0,0,0,0,0,0]}
CASE {"label":"n6-a1-r1-i1-p0-g0-f64","passed":false,"input":[0,0.25,0.5,0,0.25,0.5],"cotangent":[1,1,1,1,1,1],"actual":[0.2542752070840566,0.76431933816054676,1.9814054369926453,0.2542752070840566,0.76431933816054676,1.9814054369926453],"expected":[0.25427521259046565,0.76431933491403858,1.9814054524954958,0.25427521259046565,0.76431933491403858,1.9814054524954958]}
CASE {"label":"n6-a1-r1-i1-p0-g1-f64","passed":false,"input":[0,0.25,0.5,0,0.25,0.5],"cotangent":[0.25,-0.75,0.25,-0.75,0.25,-0.75],"actual":[0.06356880177101415,-0.24674366669729725,-0.066825132327727743,-0.19070640531304242,-0.13541599692054587,-0.92387760322708146],"expected":[0.063568803147616412,-0.2467436653856922,-0.066825137761924114,-0.19070640944284922,-0.13541600207132704,-0.9238775884858238]}
CASE {"label":"n6-a1-r1-i1-p0-g2-f64","passed":false,"input":[0,0.25,0.5,0,0.25,0.5],"cotangent":[1,0,0,1,0,0],"actual":[0.2542752070840566,0.32649582872946747,0.41922894253116399,0.2542752070840566,0.32649582872946747,0.41922894253116399],"expected":[0.25427521259046565,0.32649583579983671,0.4192289516096977,0.25427521259046565,0.32649583579983671,0.4192289516096977]}
CASE {"label":"n6-a1-r1-i1-p0-g3-f64","passed":true,"input":[0,0.25,0.5,0,0.25,0.5],"cotangent":[0,0,0,0,0,0],"actual":[0,0,0,0,0,0],"expected":[0,0,0,0,0,0]}
CASE {"label":"n6-a1-r1-i1-p1-g0-f64","passed":false,"input":[1000,1000.25,1000.5,1000,1000.25,1000.5],"cotangent":[1,1,1,1,1,1],"actual":[0.25427520708404489,0.76431933816052278,1.9814054369925742,0.25427520708404489,0.76431933816052278,1.9814054369925742],"expected":[0.25427521259046565,0.76431933491403858,1.9814054524954958,0.25427521259046565,0.76431933491403858,1.9814054524954958]}
CASE {"label":"n6-a1-r1-i1-p1-g1-f64","passed":false,"input":[1000,1000.25,1000.5,1000,1000.25,1000.5],"cotangent":[0.25,-0.75,0.25,-0.75,0.25,-0.75],"actual":[0.063568801771010985,-0.24674366669729941,-0.066825132327730907,-0.19070640531304334,-0.13541599692055367,-0.92387760322713119],"expected":[0.063568803147616412,-0.2467436653856922,-0.066825137761924114,-0.19070640944284922,-0.13541600207132704,-0.9238775884858238]}
CASE {"label":"n6-a1-r1-i1-p1-g2-f64","passed":false,"input":[1000,1000.25,1000.5,1000,1000.25,1000.5],"cotangent":[1,0,0,1,0,0],"actual":[0.25427520708404489,0.32649582872945249,0.41922894253114473,0.25427520708404489,0.32649582872945249,0.41922894253114473],"expected":[0.25427521259046565,0.32649583579983671,0.4192289516096977,0.25427521259046565,0.32649583579983671,0.4192289516096977]}
CASE {"label":"n6-a1-r1-i1-p1-g3-f64","passed":true,"input":[1000,1000.25,1000.5,1000,1000.25,1000.5],"cotangent":[0,0,0,0,0,0],"actual":[0,0,0,0,0,0],"expected":[0,0,0,0,0,0]}
CASE {"label":"n6-a1-r1-i1-p2-g0-f64","passed":false,"input":[100000000,100000000.25,100000000.5,100000000,100000000.25,100000000.5],"cotangent":[1,1,1,1,1,1],"actual":[0.25427520984875263,0.76431934061664164,1.9814054268928294,0.25427520984875263,0.76431934061664164,1.9814054268928294],"expected":[0.25427521259046565,0.76431933491403858,1.9814054524954958,0.25427521259046565,0.76431933491403858,1.9814054524954958]}
CASE {"label":"n6-a1-r1-i1-p2-g1-f64","passed":false,"input":[100000000,100000000.25,100000000.5,100000000,100000000.25,100000000.5],"cotangent":[0.25,-0.75,0.25,-0.75,0.25,-0.75],"actual":[0.06356880222003497,-0.24674366792864791,-0.066825134750778115,-0.19070640760084559,-0.13541599979544616,-0.923877608092327],"expected":[0.063568803147616412,-0.2467436653856922,-0.066825137761924114,-0.19070640944284922,-0.13541600207132704,-0.9238775884858238]}
CASE {"label":"n6-a1-r1-i1-p2-g2-f64","passed":false,"input":[100000000,100000000.25,100000000.5,100000000,100000000.25,100000000.5],"cotangent":[1,0,0,1,0,0],"actual":[0.25427520984875263,0.32649583227940754,0.41922894708937719,0.25427520984875263,0.32649583227940754,0.41922894708937719],"expected":[0.25427521259046565,0.32649583579983671,0.4192289516096977,0.25427521259046565,0.32649583579983671,0.4192289516096977]}
CASE {"label":"n6-a1-r1-i1-p2-g3-f64","passed":true,"input":[100000000,100000000.25,100000000.5,100000000,100000000.25,100000000.5],"cotangent":[0,0,0,0,0,0],"actual":[0,0,0,0,0,0],"expected":[0,0,0,0,0,0]}
CASE {"label":"n6-a1-r1-i1-p3-g0-f64","passed":false,"input":[-100000000,-99999999.75,-99999999.5,-100000000,-99999999.75,-99999999.5],"cotangent":[1,1,1,1,1,1],"actual":[0.25427520984875263,0.76431934061664164,1.9814054268928294,0.25427520984875263,0.76431934061664164,1.9814054268928294],"expected":[0.25427521259046565,0.76431933491403858,1.9814054524954958,0.25427521259046565,0.76431933491403858,1.9814054524954958]}
CASE {"label":"n6-a1-r1-i1-p3-g1-f64","passed":false,"input":[-100000000,-99999999.75,-99999999.5,-100000000,-99999999.75,-99999999.5],"cotangent":[0.25,-0.75,0.25,-0.75,0.25,-0.75],"actual":[0.06356880222003497,-0.24674366792864791,-0.066825134750778115,-0.19070640760084559,-0.13541599979544616,-0.923877608092327],"expected":[0.063568803147616412,-0.2467436653856922,-0.066825137761924114,-0.19070640944284922,-0.13541600207132704,-0.9238775884858238]}
CASE {"label":"n6-a1-r1-i1-p3-g2-f64","passed":false,"input":[-100000000,-99999999.75,-99999999.5,-100000000,-99999999.75,-99999999.5],"cotangent":[1,0,0,1,0,0],"actual":[0.25427520984875263,0.32649583227940754,0.41922894708937719,0.25427520984875263,0.32649583227940754,0.41922894708937719],"expected":[0.25427521259046565,0.32649583579983671,0.4192289516096977,0.25427521259046565,0.32649583579983671,0.4192289516096977]}
CASE {"label":"n6-a1-r1-i1-p3-g3-f64","passed":true,"input":[-100000000,-99999999.75,-99999999.5,-100000000,-99999999.75,-99999999.5],"cotangent":[0,0,0,0,0,0],"actual":[0,0,0,0,0,0],"expected":[0,0,0,0,0,0]}
CASE {"label":"n6-a1-r1-i1-p4-g0-f64","passed":false,"input":[1e+20,1e+20,1e+20,1e+20,1e+20,1e+20],"cotangent":[1,1,1,1,1,1],"actual":[1,1,1,1,1,1],"expected":[0.33333333333333331,0.83333333333333326,1.8333333333333333,0.33333333333333331,0.83333333333333326,1.8333333333333333]}
CASE {"label":"n6-a1-r1-i1-p4-g1-f64","passed":false,"input":[1e+20,1e+20,1e+20,1e+20,1e+20,1e+20],"cotangent":[0.25,-0.75,0.25,-0.75,0.25,-0.75],"actual":[1,0,0,-1,0,0],"expected":[0.083333333333333329,-0.29166666666666669,-0.041666666666666685,-0.25,-0.125,-0.875]}
CASE {"label":"n6-a1-r1-i1-p4-g2-f64","passed":false,"input":[1e+20,1e+20,1e+20,1e+20,1e+20,1e+20],"cotangent":[1,0,0,1,0,0],"actual":[1,1,1,1,1,1],"expected":[0.33333333333333331,0.33333333333333331,0.33333333333333331,0.33333333333333331,0.33333333333333331,0.33333333333333331]}
CASE {"label":"n6-a1-r1-i1-p4-g3-f64","passed":true,"input":[1e+20,1e+20,1e+20,1e+20,1e+20,1e+20],"cotangent":[0,0,0,0,0,0],"actual":[0,0,0,0,0,0],"expected":[0,0,0,0,0,0]}
CASE {"label":"n6-a1-r1-i1-p5-g0-f64","passed":false,"input":[0,0,100000000,0,0,100000000],"cotangent":[1,1,1,1,1,1],"actual":[0,0,3.0000000147987791,0,0,3.0000000147987791],"expected":[0,0,3,0,0,3]}
CASE {"label":"n6-a1-r1-i1-p5-g1-f64","passed":false,"input":[0,0,100000000,0,0,100000000],"cotangent":[0.25,-0.75,0.25,-0.75,0.25,-0.75],"actual":[0,0,-0.25000000179504051,0,0,-1.2500000054947353],"expected":[0,0,-0.25,0,0,-1.25]}
CASE {"label":"n6-a1-r1-i1-p5-g2-f64","passed":true,"input":[0,0,100000000,0,0,100000000],"cotangent":[1,0,0,1,0,0],"actual":[0,0,1,0,0,1],"expected":[0,0,1,0,0,1]}
CASE {"label":"n6-a1-r1-i1-p5-g3-f64","passed":true,"input":[0,0,100000000,0,0,100000000],"cotangent":[0,0,0,0,0,0],"actual":[0,0,0,0,0,0],"expected":[0,0,0,0,0,0]}
CASE {"label":"n6-a1-r1-i1-p6-g0-f64","passed":true,"input":[100000000,0,0,100000000,0,0],"cotangent":[1,1,1,1,1,1],"actual":[1,0.5,1.5,1,0.5,1.5],"expected":[1,0.5,1.5,1,0.5,1.5]}
CASE {"label":"n6-a1-r1-i1-p6-g1-f64","passed":false,"input":[100000000,0,0,100000000,0,0],"cotangent":[0.25,-0.75,0.25,-0.75,0.25,-0.75],"actual":[0.24999999904767284,-0.375,-0.125,-0.75000000084271334,0.12500000000000003,-0.625],"expected":[0.25,-0.375,-0.125,-0.75,0.125,-0.625]}
CASE {"label":"n6-a1-r1-i1-p6-g2-f64","passed":true,"input":[100000000,0,0,100000000,0,0],"cotangent":[1,0,0,1,0,0],"actual":[1,0,0,1,0,0],"expected":[1,0,0,1,0,0]}
CASE {"label":"n6-a1-r1-i1-p6-g3-f64","passed":true,"input":[100000000,0,0,100000000,0,0],"cotangent":[0,0,0,0,0,0],"actual":[0,0,0,0,0,0],"expected":[0,0,0,0,0,0]}
CASE {"label":"n6-a1-r0-i1-p4-g1-f32-strided","passed":false,"input":[1.0000000200408773e+20,1.0000000200408773e+20,1.0000000200408773e+20,1.0000000200408773e+20,1.0000000200408773e+20,1.0000000200408773e+20],"cotangent":[0.25,-0.75,0.25,-0.75,0.25,-0.75],"actual":[0,0,1,0,0,-1],"expected":[-0.041666666666666671,-0.29166666666666669,0.083333333333333329,-0.875,-0.125,-0.25]}
CASE {"label":"n6-a0-r1-i0-p4-g1-f64-strided","passed":false,"input":[1e+20,1e+20,1e+20,1e+20,1e+20,1e+20],"cotangent":[0.25,-0.75,0.25,0,0,0],"actual":[0,0,0,1,-1,1],"expected":[0,0,0,0.25,-0.75,0.25]}
SUMMARY checks=1122 failures=401
