CASE {"label":"n1-a0-r0-i0-p0-g0-f32","passed":true,"input":[0],"cotangent":[0],"actual":[0],"expected":[0]}
CASE {"label":"n1-a0-r0-i0-p0-g1-f32","passed":true,"input":[0],"cotangent":[0],"actual":[0],"expected":[0]}
CASE {"label":"n1-a0-r0-i0-p0-g2-f32","passed":true,"input":[0],"cotangent":[0],"actual":[0],"expected":[0]}
CASE {"label":"n1-a0-r0-i0-p0-g3-f32","passed":true,"input":[0],"cotangent":[0],"actual":[0],"expected":[0]}
CASE {"label":"n1-a0-r0-i0-p1-g0-f32","passed":true,"input":[1000],"cotangent":[0],"actual":[0],"expected":[0]}
CASE {"label":"n1-a0-r0-i0-p1-g1-f32","passed":true,"input":[1000],"cotangent":[0],"actual":[0],"expected":[0]}
CASE {"label":"n1-a0-r0-i0-p1-g2-f32","passed":true,"input":[1000],"cotangent":[0],"actual":[0],"expected":[0]}
CASE {"label":"n1-a0-r0-i0-p1-g3-f32","passed":true,"input":[1000],"cotangent":[0],"actual":[0],"expected":[0]}
CASE {"label":"n1-a0-r0-i0-p2-g0-f32","passed":true,"input":[100000000],"cotangent":[0],"actual":[0],"expected":[0]}
CASE {"label":"n1-a0-r0-i0-p2-g1-f32","passed":true,"input":[100000000],"cotangent":[0],"actual":[0],"expected":[0]}
CASE {"label":"n1-a0-r0-i0-p2-g2-f32","passed":true,"input":[100000000],"cotangent":[0],"actual":[0],"expected":[0]}
CASE {"label":"n1-a0-r0-i0-p2-g3-f32","passed":true,"input":[100000000],"cotangent":[0],"actual":[0],"expected":[0]}
CASE {"label":"n1-a0-r0-i0-p3-g0-f32","passed":true,"input":[-100000000],"cotangent":[0],"actual":[0],"expected":[0]}
CASE {"label":"n1-a0-r0-i0-p3-g1-f32","passed":true,"input":[-100000000],"cotangent":[0],"actual":[0],"expected":[0]}
CASE {"label":"n1-a0-r0-i0-p3-g2-f32","passed":true,"input":[-100000000],"cotangent":[0],"actual":[0],"expected":[0]}
CASE {"label":"n1-a0-r0-i0-p3-g3-f32","passed":true,"input":[-100000000],"cotangent":[0],"actual":[0],"expected":[0]}
CASE {"label":"n1-a0-r0-i0-p4-g0-f32","passed":true,"input":[1.0000000200408773e+20],"cotangent":[0],"actual":[0],"expected":[0]}
CASE {"label":"n1-a0-r0-i0-p4-g1-f32","passed":true,"input":[1.0000000200408773e+20],"cotangent":[0],"actual":[0],"expected":[0]}
CASE {"label":"n1-a0-r0-i0-p4-g2-f32","passed":true,"input":[1.0000000200408773e+20],"cotangent":[0],"actual":[0],"expected":[0]}
CASE {"label":"n1-a0-r0-i0-p4-g3-f32","passed":true,"input":[1.0000000200408773e+20],"cotangent":[0],"actual":[0],"expected":[0]}
CASE {"label":"n1-a0-r0-i0-p5-g0-f32","passed":true,"input":[100000000],"cotangent":[0],"actual":[0],"expected":[0]}
CASE {"label":"n1-a0-r0-i0-p5-g1-f32","passed":true,"input":[100000000],"cotangent":[0],"actual":[0],"expected":[0]}
CASE {"label":"n1-a0-r0-i0-p5-g2-f32","passed":true,"input":[100000000],"cotangent":[0],"actual":[0],"expected":[0]}
CASE {"label":"n1-a0-r0-i0-p5-g3-f32","passed":true,"input":[100000000],"cotangent":[0],"actual":[0],"expected":[0]}
CASE {"label":"n1-a0-r0-i0-p6-g0-f32","passed":true,"input":[100000000],"cotangent":[0],"actual":[0],"expected":[0]}
CASE {"label":"n1-a0-r0-i0-p6-g1-f32","passed":true,"input":[100000000],"cotangent":[0],"actual":[0],"expected":[0]}
CASE {"label":"n1-a0-r0-i0-p6-g2-f32","passed":true,"input":[100000000],"cotangent":[0],"actual":[0],"expected":[0]}
CASE {"label":"n1-a0-r0-i0-p6-g3-f32","passed":true,"input":[100000000],"cotangent":[0],"actual":[0],"expected":[0]}
CASE {"label":"n1-a0-r0-i1-p0-g0-f32","passed":true,"input":[0],"cotangent":[1],"actual":[1],"expected":[1]}
CASE {"label":"n1-a0-r0-i1-p0-g1-f32","passed":true,"input":[0],"cotangent":[0.25],"actual":[0.25],"expected":[0.25]}
CASE {"label":"n1-a0-r0-i1-p0-g2-f32","passed":true,"input":[0],"cotangent":[1],"actual":[1],"expected":[1]}
CASE {"label":"n1-a0-r0-i1-p0-g3-f32","passed":true,"input":[0],"cotangent":[0],"actual":[0],"expected":[0]}
CASE {"label":"n1-a0-r0-i1-p1-g0-f32","passed":true,"input":[1000],"cotangent":[1],"actual":[1],"expected":[1]}
CASE {"label":"n1-a0-r0-i1-p1-g1-f32","passed":true,"input":[1000],"cotangent":[0.25],"actual":[0.25],"expected":[0.25]}
CASE {"label":"n1-a0-r0-i1-p1-g2-f32","passed":true,"input":[1000],"cotangent":[1],"actual":[1],"expected":[1]}
CASE {"label":"n1-a0-r0-i1-p1-g3-f32","passed":true,"input":[1000],"cotangent":[0],"actual":[0],"expected":[0]}
CASE {"label":"n1-a0-r0-i1-p2-g0-f32","passed":true,"input":[100000000],"cotangent":[1],"actual":[1],"expected":[1]}
CASE {"label":"n1-a0-r0-i1-p2-g1-f32","passed":true,"input":[100000000],"cotangent":[0.25],"actual":[0.25],"expected":[0.25]}
CASE {"label":"n1-a0-r0-i1-p2-g2-f32","passed":true,"input":[100000000],"cotangent":[1],"actual":[1],"expected":[1]}
CASE {"label":"n1-a0-r0-i1-p2-g3-f32","passed":true,"input":[100000000],"cotangent":[0],"actual":[0],"expected":[0]}
CASE {"label":"n1-a0-r0-i1-p3-g0-f32","passed":true,"input":[-100000000],"cotangent":[1],"actual":[1],"expected":[1]}
CASE {"label":"n1-a0-r0-i1-p3-g1-f32","passed":true,"input":[-100000000],"cotangent":[0.25],"actual":[0.25],"expected":[0.25]}
CASE {"label":"n1-a0-r0-i1-p3-g2-f32","passed":true,"input":[-100000000],"cotangent":[1],"actual":[1],"expected":[1]}
CASE {"label":"n1-a0-r0-i1-p3-g3-f32","passed":true,"input":[-100000000],"cotangent":[0],"actual":[0],"expected":[0]}
CASE {"label":"n1-a0-r0-i1-p4-g0-f32","passed":true,"input":[1.0000000200408773e+20],"cotangent":[1],"actual":[1],"expected":[1]}
CASE {"label":"n1-a0-r0-i1-p4-g1-f32","passed":true,"input":[1.0000000200408773e+20],"cotangent":[0.25],"actual":[0.25],"expected":[0.25]}
CASE {"label":"n1-a0-r0-i1-p4-g2-f32","passed":true,"input":[1.0000000200408773e+20],"cotangent":[1],"actual":[1],"expected":[1]}
CASE {"label":"n1-a0-r0-i1-p4-g3-f32","passed":true,"input":[1.0000000200408773e+20],"cotangent":[0],"actual":[0],"expected":[0]}
CASE {"label":"n1-a0-r0-i1-p5-g0-f32","passed":true,"input":[100000000],"cotangent":[1],"actual":[1],"expected":[1]}
CASE {"label":"n1-a0-r0-i1-p5-g1-f32","passed":true,"input":[100000000],"cotangent":[0.25],"actual":[0.25],"expected":[0.25]}
CASE {"label":"n1-a0-r0-i1-p5-g2-f32","passed":true,"input":[100000000],"cotangent":[1],"actual":[1],"expected":[1]}
CASE {"label":"n1-a0-r0-i1-p5-g3-f32","passed":true,"input":[100000000],"cotangent":[0],"actual":[0],"expected":[0]}
CASE {"label":"n1-a0-r0-i1-p6-g0-f32","passed":true,"input":[100000000],"cotangent":[1],"actual":[1],"expected":[1]}
CASE {"label":"n1-a0-r0-i1-p6-g1-f32","passed":true,"input":[100000000],"cotangent":[0.25],"actual":[0.25],"expected":[0.25]}
CASE {"label":"n1-a0-r0-i1-p6-g2-f32","passed":true,"input":[100000000],"cotangent":[1],"actual":[1],"expected":[1]}
CASE {"label":"n1-a0-r0-i1-p6-g3-f32","passed":true,"input":[100000000],"cotangent":[0],"actual":[0],"expected":[0]}
CASE {"label":"n1-a0-r1-i0-p0-g0-f32","passed":true,"input":[0],"cotangent":[0],"actual":[0],"expected":[0]}
CASE {"label":"n1-a0-r1-i0-p0-g1-f32","passed":true,"input":[0],"cotangent":[0],"actual":[0],"expected":[0]}
CASE {"label":"n1-a0-r1-i0-p0-g2-f32","passed":true,"input":[0],"cotangent":[0],"actual":[0],"expected":[0]}
CASE {"label":"n1-a0-r1-i0-p0-g3-f32","passed":true,"input":[0],"cotangent":[0],"actual":[0],"expected":[0]}
CASE {"label":"n1-a0-r1-i0-p1-g0-f32","passed":true,"input":[1000],"cotangent":[0],"actual":[0],"expected":[0]}
CASE {"label":"n1-a0-r1-i0-p1-g1-f32","passed":true,"input":[1000],"cotangent":[0],"actual":[0],"expected":[0]}
CASE {"label":"n1-a0-r1-i0-p1-g2-f32","passed":true,"input":[1000],"cotangent":[0],"actual":[0],"expected":[0]}
CASE {"label":"n1-a0-r1-i0-p1-g3-f32","passed":true,"input":[1000],"cotangent":[0],"actual":[0],"expected":[0]}
CASE {"label":"n1-a0-r1-i0-p2-g0-f32","passed":true,"input":[100000000],"cotangent":[0],"actual":[0],"expected":[0]}
CASE {"label":"n1-a0-r1-i0-p2-g1-f32","passed":true,"input":[100000000],"cotangent":[0],"actual":[0],"expected":[0]}
CASE {"label":"n1-a0-r1-i0-p2-g2-f32","passed":true,"input":[100000000],"cotangent":[0],"actual":[0],"expected":[0]}
CASE {"label":"n1-a0-r1-i0-p2-g3-f32","passed":true,"input":[100000000],"cotangent":[0],"actual":[0],"expected":[0]}
CASE {"label":"n1-a0-r1-i0-p3-g0-f32","passed":true,"input":[-100000000],"cotangent":[0],"actual":[0],"expected":[0]}
CASE {"label":"n1-a0-r1-i0-p3-g1-f32","passed":true,"input":[-100000000],"cotangent":[0],"actual":[0],"expected":[0]}
CASE {"label":"n1-a0-r1-i0-p3-g2-f32","passed":true,"input":[-100000000],"cotangent":[0],"actual":[0],"expected":[0]}
CASE {"label":"n1-a0-r1-i0-p3-g3-f32","passed":true,"input":[-100000000],"cotangent":[0],"actual":[0],"expected":[0]}
CASE {"label":"n1-a0-r1-i0-p4-g0-f32","passed":true,"input":[1.0000000200408773e+20],"cotangent":[0],"actual":[0],"expected":[0]}
CASE {"label":"n1-a0-r1-i0-p4-g1-f32","passed":true,"input":[1.0000000200408773e+20],"cotangent":[0],"actual":[0],"expected":[0]}
CASE {"label":"n1-a0-r1-i0-p4-g2-f32","passed":true,"input":[1.0000000200408773e+20],"cotangent":[0],"actual":[0],"expected":[0]}
CASE {"label":"n1-a0-r1-i0-p4-g3-f32","passed":true,"input":[1.0000000200408773e+20],"cotangent":[0],"actual":[0],"expected":[0]}
CASE {"label":"n1-a0-r1-i0-p5-g0-f32","passed":true,"input":[100000000],"cotangent":[0],"actual":[0],"expected":[0]}
CASE {"label":"n1-a0-r1-i0-p5-g1-f32","passed":true,"input":[100000000],"cotangent":[0],"actual":[0],"expected":[0]}
CASE {"label":"n1-a0-r1-i0-p5-g2-f32","passed":true,"input":[100000000],"cotangent":[0],"actual":[0],"expected":[0]}
CASE {"label":"n1-a0-r1-i0-p5-g3-f32","passed":true,"input":[100000000],"cotangent":[0],"actual":[0],"expected":[0]}
CASE {"label":"n1-a0-r1-i0-p6-g0-f32","passed":true,"input":[100000000],"cotangent":[0],"actual":[0],"expected":[0]}
CASE {"label":"n1-a0-r1-i0-p6-g1-f32","passed":true,"input":[100000000],"cotangent":[0],"actual":[0],"expected":[0]}
CASE {"label":"n1-a0-r1-i0-p6-g2-f32","passed":true,"input":[100000000],"cotangent":[0],"actual":[0],"expected":[0]}
CASE {"label":"n1-a0-r1-i0-p6-g3-f32","passed":true,"input":[100000000],"cotangent":[0],"actual":[0],"expected":[0]}
CASE {"label":"n1-a0-r1-i1-p0-g0-f32","passed":true,"input":[0],"cotangent":[1],"actual":[1],"expected":[1]}
CASE {"label":"n1-a0-r1-i1-p0-g1-f32","passed":true,"input":[0],"cotangent":[0.25],"actual":[0.25],"expected":[0.25]}
CASE {"label":"n1-a0-r1-i1-p0-g2-f32","passed":true,"input":[0],"cotangent":[1],"actual":[1],"expected":[1]}
CASE {"label":"n1-a0-r1-i1-p0-g3-f32","passed":true,"input":[0],"cotangent":[0],"actual":[0],"expected":[0]}
CASE {"label":"n1-a0-r1-i1-p1-g0-f32","passed":true,"input":[1000],"cotangent":[1],"actual":[1],"expected":[1]}
CASE {"label":"n1-a0-r1-i1-p1-g1-f32","passed":true,"input":[1000],"cotangent":[0.25],"actual":[0.25],"expected":[0.25]}
CASE {"label":"n1-a0-r1-i1-p1-g2-f32","passed":true,"input":[1000],"cotangent":[1],"actual":[1],"expected":[1]}
CASE {"label":"n1-a0-r1-i1-p1-g3-f32","passed":true,"input":[1000],"cotangent":[0],"actual":[0],"expected":[0]}
CASE {"label":"n1-a0-r1-i1-p2-g0-f32","passed":true,"input":[100000000],"cotangent":[1],"actual":[1],"expected":[1]}
CASE {"label":"n1-a0-r1-i1-p2-g1-f32","passed":true,"input":[100000000],"cotangent":[0.25],"actual":[0.25],"expected":[0.25]}
CASE {"label":"n1-a0-r1-i1-p2-g2-f32","passed":true,"input":[100000000],"cotangent":[1],"actual":[1],"expected":[1]}
CASE {"label":"n1-a0-r1-i1-p2-g3-f32","passed":true,"input":[100000000],"cotangent":[0],"actual":[0],"expected":[0]}
CASE {"label":"n1-a0-r1-i1-p3-g0-f32","passed":true,"input":[-100000000],"cotangent":[1],"actual":[1],"expected":[1]}
CASE {"label":"n1-a0-r1-i1-p3-g1-f32","passed":true,"input":[-100000000],"cotangent":[0.25],"actual":[0.25],"expected":[0.25]}
CASE {"label":"n1-a0-r1-i1-p3-g2-f32","passed":true,"input":[-100000000],"cotangent":[1],"actual":[1],"expected":[1]}
CASE {"label":"n1-a0-r1-i1-p3-g3-f32","passed":true,"input":[-100000000],"cotangent":[0],"actual":[0],"expected":[0]}
CASE {"label":"n1-a0-r1-i1-p4-g0-f32","passed":true,"input":[1.0000000200408773e+20],"cotangent":[1],"actual":[1],"expected":[1]}
CASE {"label":"n1-a0-r1-i1-p4-g1-f32","passed":true,"input":[1.0000000200408773e+20],"cotangent":[0.25],"actual":[0.25],"expected":[0.25]}
CASE {"label":"n1-a0-r1-i1-p4-g2-f32","passed":true,"input":[1.0000000200408773e+20],"cotangent":[1],"actual":[1],"expected":[1]}
CASE {"label":"n1-a0-r1-i1-p4-g3-f32","passed":true,"input":[1.0000000200408773e+20],"cotangent":[0],"actual":[0],"expected":[0]}
CASE {"label":"n1-a0-r1-i1-p5-g0-f32","passed":true,"input":[100000000],"cotangent":[1],"actual":[1],"expected":[1]}
CASE {"label":"n1-a0-r1-i1-p5-g1-f32","passed":true,"input":[100000000],"cotangent":[0.25],"actual":[0.25],"expected":[0.25]}
CASE {"label":"n1-a0-r1-i1-p5-g2-f32","passed":true,"input":[100000000],"cotangent":[1],"actual":[1],"expected":[1]}
CASE {"label":"n1-a0-r1-i1-p5-g3-f32","passed":true,"input":[100000000],"cotangent":[0],"actual":[0],"expected":[0]}
CASE {"label":"n1-a0-r1-i1-p6-g0-f32","passed":true,"input":[100000000],"cotangent":[1],"actual":[1],"expected":[1]}
CASE {"label":"n1-a0-r1-i1-p6-g1-f32","passed":true,"input":[100000000],"cotangent":[0.25],"actual":[0.25],"expected":[0.25]}
CASE {"label":"n1-a0-r1-i1-p6-g2-f32","passed":true,"input":[100000000],"cotangent":[1],"actual":[1],"expected":[1]}
CASE {"label":"n1-a0-r1-i1-p6-g3-f32","passed":true,"input":[100000000],"cotangent":[0],"actual":[0],"expected":[0]}
CASE {"label":"n2-a0-r0-i0-p0-g0-f32","passed":true,"input":[0,0.25],"cotangent":[0,1],"actual":[1,0],"expected":[1,0]}
CASE {"label":"n2-a0-r0-i0-p0-g1-f32","passed":true,"input":[0,0.25],"cotangent":[0,-0.75],"actual":[-0.75,0],"expected":[-0.75,0]}
CASE {"label":"n2-a0-r0-i0-p0-g2-f32","passed":true,"input":[0,0.25],"cotangent":[0,1],"actual":[1,0],"expected":[1,0]}
CASE {"label":"n2-a0-r0-i0-p0-g3-f32","passed":true,"input":[0,0.25],"cotangent":[0,0],"actual":[0,0],"expected":[0,0]}
CASE {"label":"n2-a0-r0-i0-p1-g0-f32","passed":true,"input":[1000,1000.25],"cotangent":[0,1],"actual":[1,0],"expected":[1,0]}
CASE {"label":"n2-a0-r0-i0-p1-g1-f32","passed":true,"input":[1000,1000.25],"cotangent":[0,-0.75],"actual":[-0.75,0],"expected":[-0.75,0]}
CASE {"label":"n2-a0-r0-i0-p1-g2-f32","passed":true,"input":[1000,1000.25],"cotangent":[0,1],"actual":[1,0],"expected":[1,0]}
CASE {"label":"n2-a0-r0-i0-p1-g3-f32","passed":true,"input":[1000,1000.25],"cotangent":[0,0],"actual":[0,0],"expected":[0,0]}
CASE {"label":"n2-a0-r0-i0-p2-g0-f32","passed":true,"input":[100000000,100000000],"cotangent":[0,1],"actual":[1,0],"expected":[1,0]}
CASE {"label":"n2-a0-r0-i0-p2-g1-f32","passed":true,"input":[100000000,100000000],"cotangent":[0,-0.75],"actual":[-0.75,0],"expected":[-0.75,0]}
CASE {"label":"n2-a0-r0-i0-p2-g2-f32","passed":true,"input":[100000000,100000000],"cotangent":[0,1],"actual":[1,0],"expected":[1,0]}
CASE {"label":"n2-a0-r0-i0-p2-g3-f32","passed":true,"input":[100000000,100000000],"cotangent":[0,0],"actual":[0,0],"expected":[0,0]}
CASE {"label":"n2-a0-r0-i0-p3-g0-f32","passed":true,"input":[-100000000,-100000000],"cotangent":[0,1],"actual":[1,0],"expected":[1,0]}
CASE {"label":"n2-a0-r0-i0-p3-g1-f32","passed":true,"input":[-100000000,-100000000],"cotangent":[0,-0.75],"actual":[-0.75,0],"expected":[-0.75,0]}
CASE {"label":"n2-a0-r0-i0-p3-g2-f32","passed":true,"input":[-100000000,-100000000],"cotangent":[0,1],"actual":[1,0],"expected":[1,0]}
CASE {"label":"n2-a0-r0-i0-p3-g3-f32","passed":true,"input":[-100000000,-100000000],"cotangent":[0,0],"actual":[0,0],"expected":[0,0]}
CASE {"label":"n2-a0-r0-i0-p4-g0-f32","passed":true,"input":[1.0000000200408773e+20,1.0000000200408773e+20],"cotangent":[0,1],"actual":[1,0],"expected":[1,0]}
CASE {"label":"n2-a0-r0-i0-p4-g1-f32","passed":true,"input":[1.0000000200408773e+20,1.0000000200408773e+20],"cotangent":[0,-0.75],"actual":[-0.75,0],"expected":[-0.75,0]}
CASE {"label":"n2-a0-r0-i0-p4-g2-f32","passed":true,"input":[1.0000000200408773e+20,1.0000000200408773e+20],"cotangent":[0,1],"actual":[1,0],"expected":[1,0]}
CASE {"label":"n2-a0-r0-i0-p4-g3-f32","passed":true,"input":[1.0000000200408773e+20,1.0000000200408773e+20],"cotangent":[0,0],"actual":[0,0],"expected":[0,0]}
CASE {"label":"n2-a0-r0-i0-p5-g0-f32","passed":true,"input":[0,100000000],"cotangent":[0,1],"actual":[1,0],"expected":[1,0]}
CASE {"label":"n2-a0-r0-i0-p5-g1-f32","passed":true,"input":[0,100000000],"cotangent":[0,-0.75],"actual":[-0.75,0],"expected":[-0.75,0]}
CASE {"label":"n2-a0-r0-i0-p5-g2-f32","passed":true,"input":[0,100000000],"cotangent":[0,1],"actual":[1,0],"expected":[1,0]}
CASE {"label":"n2-a0-r0-i0-p5-g3-f32","passed":true,"input":[0,100000000],"cotangent":[0,0],"actual":[0,0],"expected":[0,0]}
CASE {"label":"n2-a0-r0-i0-p6-g0-f32","passed":true,"input":[100000000,0],"cotangent":[0,1],"actual":[1,0],"expected":[1,0]}
CASE {"label":"n2-a0-r0-i0-p6-g1-f32","passed":true,"input":[100000000,0],"cotangent":[0,-0.75],"actual":[-0.75,0],"expected":[-0.75,0]}
CASE {"label":"n2-a0-r0-i0-p6-g2-f32","passed":true,"input":[100000000,0],"cotangent":[0,1],"actual":[1,0],"expected":[1,0]}
CASE {"label":"n2-a0-r0-i0-p6-g3-f32","passed":true,"input":[100000000,0],"cotangent":[0,0],"actual":[0,0],"expected":[0,0]}
CASE {"label":"n2-a0-r0-i1-p0-g0-f32","passed":true,"input":[0,0.25],"cotangent":[1,1],"actual":[1.4378235340118408,0.56217652559280396],"expected":[1.4378234991142018,0.56217650088579807]}
CASE {"label":"n2-a0-r0-i1-p0-g1-f32","passed":true,"input":[0,0.25],"cotangent":[0.25,-0.75],"actual":[-0.078367620706558228,-0.42163240909576416],"expected":[-0.078367624335651365,-0.42163237566434852]}
CASE {"label":"n2-a0-r0-i1-p0-g2-f32","passed":true,"input":[0,0.25],"cotangent":[0,1],"actual":[0.43782350420951843,0.56217652559280396],"expected":[0.43782349911420188,0.56217650088579807]}
CASE {"label":"n2-a0-r0-i1-p0-g3-f32","passed":true,"input":[0,0.25],"cotangent":[0,0],"actual":[0,0],"expected":[0,0]}
CASE {"label":"n2-a0-r0-i1-p1-g0-f32","passed":true,"input":[1000,1000.25],"cotangent":[1,1],"actual":[1.4378235340118408,0.56217652559280396],"expected":[1.4378234991142018,0.56217650088579807]}
CASE {"label":"n2-a0-r0-i1-p1-g1-f32","passed":true,"input":[1000,1000.25],"cotangent":[0.25,-0.75],"actual":[-0.078367620706558228,-0.42163240909576416],"expected":[-0.078367624335651365,-0.42163237566434852]}
CASE {"label":"n2-a0-r0-i1-p1-g2-f32","passed":true,"input":[1000,1000.25],"cotangent":[0,1],"actual":[0.43782350420951843,0.56217652559280396],"expected":[0.43782349911420188,0.56217650088579807]}
CASE {"label":"n2-a0-r0-i1-p1-g3-f32","passed":true,"input":[1000,1000.25],"cotangent":[0,0],"actual":[0,0],"expected":[0,0]}
CASE {"label":"n2-a0-r0-i1-p2-g0-f32","passed":true,"input":[100000000,100000000],"cotangent":[1,1],"actual":[1.5,0.5],"expected":[1.5,0.5]}
CASE {"label":"n2-a0-r0-i1-p2-g1-f32","passed":true,"input":[100000000,100000000],"cotangent":[0.25,-0.75],"actual":[-0.125,-0.375],"expected":[-0.125,-0.375]}
CASE {"label":"n2-a0-r0-i1-p2-g2-f32","passed":true,"input":[100000000,100000000],"cotangent":[0,1],"actual":[0.5,0.5],"expected":[0.5,0.5]}
CASE {"label":"n2-a0-r0-i1-p2-g3-f32","passed":true,"input":[100000000,100000000],"cotangent":[0,0],"actual":[0,0],"expected":[0,0]}
CASE {"label":"n2-a0-r0-i1-p3-g0-f32","passed":true,"input":[-100000000,-100000000],"cotangent":[1,1],"actual":[1.5,0.5],"expected":[1.5,0.5]}
CASE {"label":"n2-a0-r0-i1-p3-g1-f32","passed":true,"input":[-100000000,-100000000],"cotangent":[0.25,-0.75],"actual":[-0.125,-0.375],"expected":[-0.125,-0.375]}
CASE {"label":"n2-a0-r0-i1-p3-g2-f32","passed":true,"input":[-100000000,-100000000],"cotangent":[0,1],"actual":[0.5,0.5],"expected":[0.5,0.5]}
CASE {"label":"n2-a0-r0-i1-p3-g3-f32","passed":true,"input":[-100000000,-100000000],"cotangent":[0,0],"actual":[0,0],"expected":[0,0]}
CASE {"label":"n2-a0-r0-i1-p4-g0-f32","passed":true,"input":[1.0000000200408773e+20,1.0000000200408773e+20],"cotangent":[1,1],"actual":[1.5,0.5],"expected":[1.5,0.5]}
CASE {"label":"n2-a0-r0-i1-p4-g1-f32","passed":true,"input":[1.0000000200408773e+20,1.0000000200408773e+20],"cotangent":[0.25,-0.75],"actual":[-0.125,-0.375],"expected":[-0.125,-0.375]}
CASE {"label":"n2-a0-r0-i1-p4-g2-f32","passed":true,"input":[1.0000000200408773e+20,1.0000000200408773e+20],"cotangent":[0,1],"actual":[0.5,0.5],"expected":[0.5,0.5]}
CASE {"label":"n2-a0-r0-i1-p4-g3-f32","passed":true,"input":[1.0000000200408773e+20,1.0000000200408773e+20],"cotangent":[0,0],"actual":[0,0],"expected":[0,0]}
CASE {"label":"n2-a0-r0-i1-p5-g0-f32","passed":true,"input":[0,100000000],"cotangent":[1,1],"actual":[1,1],"expected":[1,1]}
CASE {"label":"n2-a0-r0-i1-p5-g1-f32","passed":true,"input":[0,100000000],"cotangent":[0.25,-0.75],"actual":[0.25,-0.75],"expected":[0.25,-0.75]}
CASE {"label":"n2-a0-r0-i1-p5-g2-f32","passed":true,"input":[0,100000000],"cotangent":[0,1],"actual":[0,1],"expected":[0,1]}
CASE {"label":"n2-a0-r0-i1-p5-g3-f32","passed":true,"input":[0,100000000],"cotangent":[0,0],"actual":[0,0],"expected":[0,0]}
CASE {"label":"n2-a0-r0-i1-p6-g0-f32","passed":true,"input":[100000000,0],"cotangent":[1,1],"actual":[2,0],"expected":[2,0]}
CASE {"label":"n2-a0-r0-i1-p6-g1-f32","passed":true,"input":[100000000,0],"cotangent":[0.25,-0.75],"actual":[-0.5,-0],"expected":[-0.5,0]}
CASE {"label":"n2-a0-r0-i1-p6-g2-f32","passed":true,"input":[100000000,0],"cotangent":[0,1],"actual":[1,0],"expected":[1,0]}
CASE {"label":"n2-a0-r0-i1-p6-g3-f32","passed":true,"input":[100000000,0],"cotangent":[0,0],"actual":[0,0],"expected":[0,0]}
CASE {"label":"n2-a0-r1-i0-p0-g0-f32","passed":true,"input":[0,0.25],"cotangent":[1,0],"actual":[0,1],"expected":[0,1]}
CASE {"label":"n2-a0-r1-i0-p0-g1-f32","passed":true,"input":[0,0.25],"cotangent":[0.25,0],"actual":[0,0.25],"expected":[0,0.25]}
CASE {"label":"n2-a0-r1-i0-p0-g2-f32","passed":true,"input":[0,0.25],"cotangent":[1,0],"actual":[0,1],"expected":[0,1]}
CASE {"label":"n2-a0-r1-i0-p0-g3-f32","passed":true,"input":[0,0.25],"cotangent":[0,0],"actual":[0,0],"expected":[0,0]}
CASE {"label":"n2-a0-r1-i0-p1-g0-f32","passed":true,"input":[1000,1000.25],"cotangent":[1,0],"actual":[0,1],"expected":[0,1]}
CASE {"label":"n2-a0-r1-i0-p1-g1-f32","passed":true,"input":[1000,1000.25],"cotangent":[0.25,0],"actual":[0,0.25],"expected":[0,0.25]}
CASE {"label":"n2-a0-r1-i0-p1-g2-f32","passed":true,"input":[1000,1000.25],"cotangent":[1,0],"actual":[0,1],"expected":[0,1]}
CASE {"label":"n2-a0-r1-i0-p1-g3-f32","passed":true,"input":[1000,1000.25],"cotangent":[0,0],"actual":[0,0],"expected":[0,0]}
CASE {"label":"n2-a0-r1-i0-p2-g0-f32","passed":true,"input":[100000000,100000000],"cotangent":[1,0],"actual":[0,1],"expected":[0,1]}
CASE {"label":"n2-a0-r1-i0-p2-g1-f32","passed":true,"input":[100000000,100000000],"cotangent":[0.25,0],"actual":[0,0.25],"expected":[0,0.25]}
CASE {"label":"n2-a0-r1-i0-p2-g2-f32","passed":true,"input":[100000000,100000000],"cotangent":[1,0],"actual":[0,1],"expected":[0,1]}
CASE {"label":"n2-a0-r1-i0-p2-g3-f32","passed":true,"input":[100000000,100000000],"cotangent":[0,0],"actual":[0,0],"expected":[0,0]}
CASE {"label":"n2-a0-r1-i0-p3-g0-f32","passed":true,"input":[-100000000,-100000000],"cotangent":[1,0],"actual":[0,1],"expected":[0,1]}
CASE {"label":"n2-a0-r1-i0-p3-g1-f32","passed":true,"input":[-100000000,-100000000],"cotangent":[0.25,0],"actual":[0,0.25],"expected":[0,0.25]}
CASE {"label":"n2-a0-r1-i0-p3-g2-f32","passed":true,"input":[-100000000,-100000000],"cotangent":[1,0],"actual":[0,1],"expected":[0,1]}
CASE {"label":"n2-a0-r1-i0-p3-g3-f32","passed":true,"input":[-100000000,-100000000],"cotangent":[0,0],"actual":[0,0],"expected":[0,0]}
CASE {"label":"n2-a0-r1-i0-p4-g0-f32","passed":true,"input":[1.0000000200408773e+20,1.0000000200408773e+20],"cotangent":[1,0],"actual":[0,1],"expected":[0,1]}
CASE {"label":"n2-a0-r1-i0-p4-g1-f32","passed":true,"input":[1.0000000200408773e+20,1.0000000200408773e+20],"cotangent":[0.25,0],"actual":[0,0.25],"expected":[0,0.25]}
CASE {"label":"n2-a0-r1-i0-p4-g2-f32","passed":true,"input":[1.0000000200408773e+20,1.0000000200408773e+20],"cotangent":[1,0],"actual":[0,1],"expected":[0,1]}
CASE {"label":"n2-a0-r1-i0-p4-g3-f32","passed":true,"input":[1.0000000200408773e+20,1.0000000200408773e+20],"cotangent":[0,0],"actual":[0,0],"expected":[0,0]}
CASE {"label":"n2-a0-r1-i0-p5-g0-f32","passed":true,"input":[0,100000000],"cotangent":[1,0],"actual":[0,1],"expected":[0,1]}
CASE {"label":"n2-a0-r1-i0-p5-g1-f32","passed":true,"input":[0,100000000],"cotangent":[0.25,0],"actual":[0,0.25],"expected":[0,0.25]}
CASE {"label":"n2-a0-r1-i0-p5-g2-f32","passed":true,"input":[0,100000000],"cotangent":[1,0],"actual":[0,1],"expected":[0,1]}
CASE {"label":"n2-a0-r1-i0-p5-g3-f32","passed":true,"input":[0,100000000],"cotangent":[0,0],"actual":[0,0],"expected":[0,0]}
CASE {"label":"n2-a0-r1-i0-p6-g0-f32","passed":true,"input":[100000000,0],"cotangent":[1,0],"actual":[0,1],"expected":[0,1]}
CASE {"label":"n2-a0-r1-i0-p6-g1-f32","passed":true,"input":[100000000,0],"cotangent":[0.25,0],"actual":[0,0.25],"expected":[0,0.25]}
CASE {"label":"n2-a0-r1-i0-p6-g2-f32","passed":true,"input":[100000000,0],"cotangent":[1,0],"actual":[0,1],"expected":[0,1]}
CASE {"label":"n2-a0-r1-i0-p6-g3-f32","passed":true,"input":[100000000,0],"cotangent":[0,0],"actual":[0,0],"expected":[0,0]}
CASE {"label":"n2-a0-r1-i1-p0-g0-f32","passed":true,"input":[0,0.25],"cotangent":[1,1],"actual":[0.43782350420951843,1.5621764659881592],"expected":[0.43782349911420188,1.5621765008857982]}
CASE {"label":"n2-a0-r1-i1-p0-g1-f32","passed":true,"input":[0,0.25],"cotangent":[0.25,-0.75],"actual":[0.10945587605237961,-0.60945588350296021],"expected":[0.10945587477855047,-0.60945587477855045]}
CASE {"label":"n2-a0-r1-i1-p0-g2-f32","passed":true,"input":[0,0.25],"cotangent":[1,0],"actual":[0.43782350420951843,0.56217652559280396],"expected":[0.43782349911420188,0.56217650088579807]}
CASE {"label":"n2-a0-r1-i1-p0-g3-f32","passed":true,"input":[0,0.25],"cotangent":[0,0],"actual":[0,0],"expected":[0,0]}
CASE {"label":"n2-a0-r1-i1-p1-g0-f32","passed":true,"input":[1000,1000.25],"cotangent":[1,1],"actual":[0.43782350420951843,1.5621764659881592],"expected":[0.43782349911420188,1.5621765008857982]}
CASE {"label":"n2-a0-r1-i1-p1-g1-f32","passed":true,"input":[1000,1000.25],"cotangent":[0.25,-0.75],"actual":[0.10945587605237961,-0.60945588350296021],"expected":[0.10945587477855047,-0.60945587477855045]}
CASE {"label":"n2-a0-r1-i1-p1-g2-f32","passed":true,"input":[1000,1000.25],"cotangent":[1,0],"actual":[0.43782350420951843,0.56217652559280396],"expected":[0.43782349911420188,0.56217650088579807]}
CASE {"label":"n2-a0-r1-i1-p1-g3-f32","passed":true,"input":[1000,1000.25],"cotangent":[0,0],"actual":[0,0],"expected":[0,0]}
CASE {"label":"n2-a0-r1-i1-p2-g0-f32","passed":true,"input":[100000000,100000000],"cotangent":[1,1],"actual":[0.5,1.5],"expected":[0.5,1.5]}
CASE {"label":"n2-a0-r1-i1-p2-g1-f32","passed":true,"input":[100000000,100000000],"cotangent":[0.25,-0.75],"actual":[0.125,-0.625],"expected":[0.125,-0.625]}
CASE {"label":"n2-a0-r1-i1-p2-g2-f32","passed":true,"input":[100000000,100000000],"cotangent":[1,0],"actual":[0.5,0.5],"expected":[0.5,0.5]}
CASE {"label":"n2-a0-r1-i1-p2-g3-f32","passed":true,"input":[100000000,100000000],"cotangent":[0,0],"actual":[0,0],"expected":[0,0]}
CASE {"label":"n2-a0-r1-i1-p3-g0-f32","passed":true,"input":[-100000000,-100000000],"cotangent":[1,1],"actual":[0.5,1.5],"expected":[0.5,1.5]}
CASE {"label":"n2-a0-r1-i1-p3-g1-f32","passed":true,"input":[-100000000,-100000000],"cotangent":[0.25,-0.75],"actual":[0.125,-0.625],"expected":[0.125,-0.625]}
CASE {"label":"n2-a0-r1-i1-p3-g2-f32","passed":true,"input":[-100000000,-100000000],"cotangent":[1,0],"actual":[0.5,0.5],"expected":[0.5,0.5]}
CASE {"label":"n2-a0-r1-i1-p3-g3-f32","passed":true,"input":[-100000000,-100000000],"cotangent":[0,0],"actual":[0,0],"expected":[0,0]}
CASE {"label":"n2-a0-r1-i1-p4-g0-f32","passed":true,"input":[1.0000000200408773e+20,1.0000000200408773e+20],"cotangent":[1,1],"actual":[0.5,1.5],"expected":[0.5,1.5]}
CASE {"label":"n2-a0-r1-i1-p4-g1-f32","passed":true,"input":[1.0000000200408773e+20,1.0000000200408773e+20],"cotangent":[0.25,-0.75],"actual":[0.125,-0.625],"expected":[0.125,-0.625]}
CASE {"label":"n2-a0-r1-i1-p4-g2-f32","passed":true,"input":[1.0000000200408773e+20,1.0000000200408773e+20],"cotangent":[1,0],"actual":[0.5,0.5],"expected":[0.5,0.5]}
CASE {"label":"n2-a0-r1-i1-p4-g3-f32","passed":true,"input":[1.0000000200408773e+20,1.0000000200408773e+20],"cotangent":[0,0],"actual":[0,0],"expected":[0,0]}
CASE {"label":"n2-a0-r1-i1-p5-g0-f32","passed":true,"input":[0,100000000],"cotangent":[1,1],"actual":[0,2],"expected":[0,2]}
CASE {"label":"n2-a0-r1-i1-p5-g1-f32","passed":true,"input":[0,100000000],"cotangent":[0.25,-0.75],"actual":[0,-0.5],"expected":[0,-0.5]}
CASE {"label":"n2-a0-r1-i1-p5-g2-f32","passed":true,"input":[0,100000000],"cotangent":[1,0],"actual":[0,1],"expected":[0,1]}
CASE {"label":"n2-a0-r1-i1-p5-g3-f32","passed":true,"input":[0,100000000],"cotangent":[0,0],"actual":[0,0],"expected":[0,0]}
CASE {"label":"n2-a0-r1-i1-p6-g0-f32","passed":true,"input":[100000000,0],"cotangent":[1,1],"actual":[1,1],"expected":[1,1]}
CASE {"label":"n2-a0-r1-i1-p6-g1-f32","passed":true,"input":[100000000,0],"cotangent":[0.25,-0.75],"actual":[0.25,-0.75],"expected":[0.25,-0.75]}
CASE {"label":"n2-a0-r1-i1-p6-g2-f32","passed":true,"input":[100000000,0],"cotangent":[1,0],"actual":[1,0],"expected":[1,0]}
CASE {"label":"n2-a0-r1-i1-p6-g3-f32","passed":true,"input":[100000000,0],"cotangent":[0,0],"actual":[0,0],"expected":[0,0]}
CASE {"label":"n4-a0-r0-i0-p0-g0-f32","passed":true,"input":[0,0.25,0.5,0],"cotangent":[0,1,1,1],"actual":[1.6920986175537109,0.8886723518371582,0.41922897100448608,0],"expected":[1.6920987117046675,0.88867233668563483,0.4192289516096977,0]}
CASE {"label":"n4-a0-r0-i0-p0-g1-f32","passed":true,"input":[0,0.25,0.5,0],"cotangent":[0,-0.75,0.25,-0.75],"actual":[-0.83125054836273193,-0.10432775318622589,-0.31442171335220337,0],"expected":[-0.83125053466429877,-0.104327751628428,-0.31442171370727329,0]}
CASE {"label":"n4-a0-r0-i0-p0-g2-f32","passed":true,"input":[0,0.25,0.5,0],"cotangent":[0,0,0,1],"actual":[0.25427520275115967,0.32649582624435425,0.41922897100448608,0],"expected":[0.25427521259046565,0.32649583579983671,0.4192289516096977,0]}
CASE {"label":"n4-a0-r0-i0-p0-g3-f32","passed":true,"input":[0,0.25,0.5,0],"cotangent":[0,0,0,0],"actual":[0,0,0,0],"expected":[0,0,0,0]}
CASE {"label":"n4-a0-r0-i0-p1-g0-f32","passed":true,"input":[1000,1000.25,1000.5,1000],"cotangent":[0,1,1,1],"actual":[1.6920986175537109,0.8886723518371582,0.41922897100448608,0],"expected":[1.6920987117046675,0.88867233668563483,0.4192289516096977,0]}
CASE {"label":"n4-a0-r0-i0-p1-g1-f32","passed":true,"input":[1000,1000.25,1000.5,1000],"cotangent":[0,-0.75,0.25,-0.75],"actual":[-0.83125054836273193,-0.10432775318622589,-0.31442171335220337,0],"expected":[-0.83125053466429877,-0.104327751628428,-0.31442171370727329,0]}
CASE {"label":"n4-a0-r0-i0-p1-g2-f32","passed":true,"input":[1000,1000.25,1000.5,1000],"cotangent":[0,0,0,1],"actual":[0.25427520275115967,0.32649582624435425,0.41922897100448608,0],"expected":[0.25427521259046565,0.32649583579983671,0.4192289516096977,0]}
CASE {"label":"n4-a0-r0-i0-p1-g3-f32","passed":true,"input":[1000,1000.25,1000.5,1000],"cotangent":[0,0,0,0],"actual":[0,0,0,0],"expected":[0,0,0,0]}
CASE {"label":"n4-a0-r0-i0-p2-g0-f32","passed":true,"input":[100000000,100000000,100000000,100000000],"cotangent":[0,1,1,1],"actual":[1.8333333730697632,0.83333337306976318,0.3333333432674408,0],"expected":[1.8333333333333333,0.83333333333333326,0.33333333333333331,0]}
CASE {"label":"n4-a0-r0-i0-p2-g1-f32","passed":true,"input":[100000000,100000000,100000000,100000000],"cotangent":[0,-0.75,0.25,-0.75],"actual":[-0.875,-0.125,-0.25,0],"expected":[-0.875,-0.125,-0.25,0]}
CASE {"label":"n4-a0-r0-i0-p2-g2-f32","passed":true,"input":[100000000,100000000,100000000,100000000],"cotangent":[0,0,0,1],"actual":[0.3333333432674408,0.3333333432674408,0.3333333432674408,0],"expected":[0.33333333333333331,0.33333333333333331,0.33333333333333331,0]}
CASE {"label":"n4-a0-r0-i0-p2-g3-f32","passed":true,"input":[100000000,100000000,100000000,100000000],"cotangent":[0,0,0,0],"actual":[0,0,0,0],"expected":[0,0,0,0]}
CASE {"label":"n4-a0-r0-i0-p3-g0-f32","passed":true,"input":[-100000000,-100000000,-100000000,-100000000],"cotangent":[0,1,1,1],"actual":[1.8333333730697632,0.83333337306976318,0.3333333432674408,0],"expected":[1.8333333333333333,0.83333333333333326,0.33333333333333331,0]}
CASE {"label":"n4-a0-r0-i0-p3-g1-f32","passed":true,"input":[-100000000,-100000000,-100000000,-100000000],"cotangent":[0,-0.75,0.25,-0.75],"actual":[-0.875,-0.125,-0.25,0],"expected":[-0.875,-0.125,-0.25,0]}
CASE {"label":"n4-a0-r0-i0-p3-g2-f32","passed":true,"input":[-100000000,-100000000,-100000000,-100000000],"cotangent":[0,0,0,1],"actual":[0.3333333432674408,0.3333333432674408,0.3333333432674408,0],"expected":[0.33333333333333331,0.33333333333333331,0.33333333333333331,0]}
CASE {"label":"n4-a0-r0-i0-p3-g3-f32","passed":true,"input":[-100000000,-100000000,-100000000,-100000000],"cotangent":[0,0,0,0],"actual":[0,0,0,0],"expected":[0,0,0,0]}
CASE {"label":"n4-a0-r0-i0-p4-g0-f32","passed":true,"input":[1.0000000200408773e+20,1.0000000200408773e+20,1.0000000200408773e+20,1.0000000200408773e+20],"cotangent":[0,1,1,1],"actual":[1.8333333730697632,0.83333337306976318,0.3333333432674408,0],"expected":[1.8333333333333333,0.83333333333333326,0.33333333333333331,0]}
CASE {"label":"n4-a0-r0-i0-p4-g1-f32","passed":true,"input":[1.0000000200408773e+20,1.0000000200408773e+20,1.0000000200408773e+20,1.0000000200408773e+20],"cotangent":[0,-0.75,0.25,-0.75],"actual":[-0.875,-0.125,-0.25,0],"expected":[-0.875,-0.125,-0.25,0]}
CASE {"label":"n4-a0-r0-i0-p4-g2-f32","passed":true,"input":[1.0000000200408773e+20,1.0000000200408773e+20,1.0000000200408773e+20,1.0000000200408773e+20],"cotangent":[0,0,0,1],"actual":[0.3333333432674408,0.3333333432674408,0.3333333432674408,0],"expected":[0.33333333333333331,0.33333333333333331,0.33333333333333331,0]}
CASE {"label":"n4-a0-r0-i0-p4-g3-f32","passed":true,"input":[1.0000000200408773e+20,1.0000000200408773e+20,1.0000000200408773e+20,1.0000000200408773e+20],"cotangent":[0,0,0,0],"actual":[0,0,0,0],"expected":[0,0,0,0]}
CASE {"label":"n4-a0-r0-i0-p5-g0-f32","passed":true,"input":[0,0,0,100000000],"cotangent":[0,1,1,1],"actual":[1.8333333730697632,0.83333337306976318,0.3333333432674408,0],"expected":[1.8333333333333333,0.83333333333333326,0.33333333333333331,0]}
CASE {"label":"n4-a0-r0-i0-p5-g1-f32","passed":true,"input":[0,0,0,100000000],"cotangent":[0,-0.75,0.25,-0.75],"actual":[-0.875,-0.125,-0.25,0],"expected":[-0.875,-0.125,-0.25,0]}
CASE {"label":"n4-a0-r0-i0-p5-g2-f32","passed":true,"input":[0,0,0,100000000],"cotangent":[0,0,0,1],"actual":[0.3333333432674408,0.3333333432674408,0.3333333432674408,0],"expected":[0.33333333333333331,0.33333333333333331,0.33333333333333331,0]}
CASE {"label":"n4-a0-r0-i0-p5-g3-f32","passed":true,"input":[0,0,0,100000000],"cotangent":[0,0,0,0],"actual":[0,0,0,0],"expected":[0,0,0,0]}
CASE {"label":"n4-a0-r0-i0-p6-g0-f32","passed":true,"input":[100000000,0,0,0],"cotangent":[0,1,1,1],"actual":[3,0,0,0],"expected":[3,0,0,0]}
CASE {"label":"n4-a0-r0-i0-p6-g1-f32","passed":true,"input":[100000000,0,0,0],"cotangent":[0,-0.75,0.25,-0.75],"actual":[-1.25,-0,-0,0],"expected":[-1.25,0,0,0]}
CASE {"label":"n4-a0-r0-i0-p6-g2-f32","passed":true,"input":[100000000,0,0,0],"cotangent":[0,0,0,1],"actual":[1,0,0,0],"expected":[1,0,0,0]}
CASE {"label":"n4-a0-r0-i0-p6-g3-f32","passed":true,"input":[100000000,0,0,0],"cotangent":[0,0,0,0],"actual":[0,0,0,0],"expected":[0,0,0,0]}
CASE {"label":"n4-a0-r0-i1-p0-g0-f32","passed":true,"input":[0,0.25,0.5,0],"cotangent":[1,1,1,1],"actual":[1.8948254585266113,1.1489787101745605,0.75346899032592773,0.202726811170578],"expected":[1.8948255216089378,1.1489787132467422,0.75346895524004964,0.20272680990427036]}
CASE {"label":"n4-a0-r0-i1-p0-g1-f32","passed":true,"input":[0,0.25,0.5,0],"cotangent":[0.25,-0.75,0.25,-0.75],"actual":[-0.16684392094612122,-0.53523820638656616,-0.14587275683879852,-0.15204510092735291],"expected":[-0.1668439286162377,-0.53523819913521986,-0.14587276482033956,-0.15204510742820276]}
CASE {"label":"n4-a0-r0-i1-p0-g2-f32","passed":true,"input":[0,0.25,0.5,0],"cotangent":[0,0,0,1],"actual":[0.20272679626941681,0.26030635833740234,0.33424001932144165,0.202726811170578],"expected":[0.20272680990427036,0.26030637656110728,0.33424000363035195,0.20272680990427036]}
CASE {"label":"n4-a0-r0-i1-p0-g3-f32","passed":true,"input":[0,0.25,0.5,0],"cotangent":[0,0,0,0],"actual":[0,0,0,0],"expected":[0,0,0,0]}
CASE {"label":"n4-a0-r0-i1-p1-g0-f32","passed":true,"input":[1000,1000.25,1000.5,1000],"cotangent":[1,1,1,1],"actual":[1.8948254585266113,1.1489787101745605,0.75346899032592773,0.202726811170578],"expected":[1.8948255216089378,1.1489787132467422,0.75346895524004964,0.20272680990427036]}
CASE {"label":"n4-a0-r0-i1-p1-g1-f32","passed":true,"input":[1000,1000.25,1000.5,1000],"cotangent":[0.25,-0.75,0.25,-0.75],"actual":[-0.16684392094612122,-0.53523820638656616,-0.14587275683879852,-0.15204510092735291],"expected":[-0.1668439286162377,-0.53523819913521986,-0.14587276482033956,-0.15204510742820276]}
CASE {"label":"n4-a0-r0-i1-p1-g2-f32","passed":true,"input":[1000,1000.25,1000.5,1000],"cotangent":[0,0,0,1],"actual":[0.20272679626941681,0.26030635833740234,0.33424001932144165,0.202726811170578],"expected":[0.20272680990427036,0.26030637656110728,0.33424000363035195,0.20272680990427036]}
CASE {"label":"n4-a0-r0-i1-p1-g3-f32","passed":true,"input":[1000,1000.25,1000.5,1000],"cotangent":[0,0,0,0],"actual":[0,0,0,0],"expected":[0,0,0,0]}
CASE {"label":"n4-a0-r0-i1-p2-g0-f32","passed":true,"input":[100000000,100000000,100000000,100000000],"cotangent":[1,1,1,1],"actual":[2.0833334922790527,1.0833333730697632,0.58333337306976318,0.25],"expected":[2.083333333333333,1.0833333333333333,0.58333333333333326,0.25]}
CASE {"label":"n4-a0-r0-i1-p2-g1-f32","passed":true,"input":[100000000,100000000,100000000,100000000],"cotangent":[0.25,-0.75,0.25,-0.75],"actual":[-0.22916668653488159,-0.47916668653488159,-0.1041666716337204,-0.1875],"expected":[-0.22916666666666669,-0.47916666666666669,-0.10416666666666667,-0.1875]}
CASE {"label":"n4-a0-r0-i1-p2-g2-f32","passed":true,"input":[100000000,100000000,100000000,100000000],"cotangent":[0,0,0,1],"actual":[0.25,0.25,0.25,0.25],"expected":[0.25,0.25,0.25,0.25]}
CASE {"label":"n4-a0-r0-i1-p2-g3-f32","passed":true,"input":[100000000,100000000,100000000,100000000],"cotangent":[0,0,0,0],"actual":[0,0,0,0],"expected":[0,0,0,0]}
CASE {"label":"n4-a0-r0-i1-p3-g0-f32","passed":true,"input":[-100000000,-100000000,-100000000,-100000000],"cotangent":[1,1,1,1],"actual":[2.0833334922790527,1.0833333730697632,0.58333337306976318,0.25],"expected":[2.083333333333333,1.0833333333333333,0.58333333333333326,0.25]}
CASE {"label":"n4-a0-r0-i1-p3-g1-f32","passed":true,"input":[-100000000,-100000000,-100000000,-100000000],"cotangent":[0.25,-0.75,0.25,-0.75],"actual":[-0.22916668653488159,-0.47916668653488159,-0.1041666716337204,-0.1875],"expected":[-0.22916666666666669,-0.47916666666666669,-0.10416666666666667,-0.1875]}
CASE {"label":"n4-a0-r0-i1-p3-g2-f32","passed":true,"input":[-100000000,-100000000,-100000000,-100000000],"cotangent":[0,0,0,1],"actual":[0.25,0.25,0.25,0.25],"expected":[0.25,0.25,0.25,0.25]}
CASE {"label":"n4-a0-r0-i1-p3-g3-f32","passed":true,"input":[-100000000,-100000000,-100000000,-100000000],"cotangent":[0,0,0,0],"actual":[0,0,0,0],"expected":[0,0,0,0]}
CASE {"label":"n4-a0-r0-i1-p4-g0-f32","passed":true,"input":[1.0000000200408773e+20,1.0000000200408773e+20,1.0000000200408773e+20,1.0000000200408773e+20],"cotangent":[1,1,1,1],"actual":[2.0833334922790527,1.0833333730697632,0.58333337306976318,0.25],"expected":[2.083333333333333,1.0833333333333333,0.58333333333333326,0.25]}
CASE {"label":"n4-a0-r0-i1-p4-g1-f32","passed":true,"input":[1.0000000200408773e+20,1.0000000200408773e+20,1.0000000200408773e+20,1.0000000200408773e+20],"cotangent":[0.25,-0.75,0.25,-0.75],"actual":[-0.22916668653488159,-0.47916668653488159,-0.1041666716337204,-0.1875],"expected":[-0.22916666666666669,-0.47916666666666669,-0.10416666666666667,-0.1875]}
CASE {"label":"n4-a0-r0-i1-p4-g2-f32","passed":true,"input":[1.0000000200408773e+20,1.0000000200408773e+20,1.0000000200408773e+20,1.0000000200408773e+20],"cotangent":[0,0,0,1],"actual":[0.25,0.25,0.25,0.25],"expected":[0.25,0.25,0.25,0.25]}
CASE {"label":"n4-a0-r0-i1-p4-g3-f32","passed":true,"input":[1.0000000200408773e+20,1.0000000200408773e+20,1.0000000200408773e+20,1.0000000200408773e+20],"cotangent":[0,0,0,0],"actual":[0,0,0,0],"expected":[0,0,0,0]}
CASE {"label":"n4-a0-r0-i1-p5-g0-f32","passed":true,"input":[0,0,0,100000000],"cotangent":[1,1,1,1],"actual":[1.8333333730697632,0.83333337306976318,0.3333333432674408,1],"expected":[1.8333333333333333,0.83333333333333326,0.33333333333333331,1]}
CASE {"label":"n4-a0-r0-i1-p5-g1-f32","passed":true,"input":[0,0,0,100000000],"cotangent":[0.25,-0.75,0.25,-0.75],"actual":[-0.041666656732559204,-0.2916666567325592,0.083333335816860199,-0.75],"expected":[-0.041666666666666671,-0.29166666666666669,0.083333333333333329,-0.75]}
CASE {"label":"n4-a0-r0-i1-p5-g2-f32","passed":true,"input":[0,0,0,100000000],"cotangent":[0,0,0,1],"actual":[0,0,0,1],"expected":[0,0,0,1]}
CASE {"label":"n4-a0-r0-i1-p5-g3-f32","passed":true,"input":[0,0,0,100000000],"cotangent":[0,0,0,0],"actual":[0,0,0,0],"expected":[0,0,0,0]}
CASE {"label":"n4-a0-r0-i1-p6-g0-f32","passed":true,"input":[100000000,0,0,0],"cotangent":[1,1,1,1],"actual":[4,0,0,0],"expected":[4,0,0,0]}
CASE {"label":"n4-a0-r0-i1-p6-g1-f32","passed":true,"input":[100000000,0,0,0],"cotangent":[0.25,-0.75,0.25,-0.75],"actual":[-1,-0,-0,-0],"expected":[-1,0,0,0]}
CASE {"label":"n4-a0-r0-i1-p6-g2-f32","passed":true,"input":[100000000,0,0,0],"cotangent":[0,0,0,1],"actual":[1,0,0,0],"expected":[1,0,0,0]}
CASE {"label":"n4-a0-r0-i1-p6-g3-f32","passed":true,"input":[100000000,0,0,0],"cotangent":[0,0,0,0],"actual":[0,0,0,0],"expected":[0,0,0,0]}
CASE {"label":"n4-a0-r1-i0-p0-g0-f32","passed":true,"input":[0,0.25,0.5,0],"cotangent":[1,1,1,0],"actual":[0,0.32649585604667664,1.0416883230209351,1.6318159103393555],"expected":[0,0.32649583579983665,1.0416882828115521,1.631815881388611]}
CASE {"label":"n4-a0-r1-i0-p0-g1-f32","passed":true,"input":[0,0.25,0.5,0],"cotangent":[0.25,-0.75,0.25,0],"actual":[0,0.081623964011669159,-0.36203727126121521,0.03041328489780426],"expected":[0,0.081623958949959163,-0.36203726049896651,0.030413301549007316]}
CASE {"label":"n4-a0-r1-i0-p0-g2-f32","passed":true,"input":[0,0.25,0.5,0],"cotangent":[1,0,0,0],"actual":[0,0.32649585604667664,0.41922897100448608,0.25427523255348206],"expected":[0,0.32649583579983665,0.41922895160969764,0.25427521259046559]}
CASE {"label":"n4-a0-r1-i0-p0-g3-f32","passed":true,"input":[0,0.25,0.5,0],"cotangent":[0,0,0,0],"actual":[0,0,0,0],"expected":[0,0,0,0]}
CASE {"label":"n4-a0-r1-i0-p1-g0-f32","passed":true,"input":[1000,1000.25,1000.5,1000],"cotangent":[1,1,1,0],"actual":[0,0.32649585604667664,1.0416883230209351,1.6318159103393555],"expected":[0,0.32649583579983665,1.0416882828115521,1.631815881388611]}
CASE {"label":"n4-a0-r1-i0-p1-g1-f32","passed":true,"input":[1000,1000.25,1000.5,1000],"cotangent":[0.25,-0.75,0.25,0],"actual":[0,0.081623964011669159,-0.36203727126121521,0.03041328489780426],"expected":[0,0.081623958949959163,-0.36203726049896651,0.030413301549007316]}
CASE {"label":"n4-a0-r1-i0-p1-g2-f32","passed":true,"input":[1000,1000.25,1000.5,1000],"cotangent":[1,0,0,0],"actual":[0,0.32649585604667664,0.41922897100448608,0.25427523255348206],"expected":[0,0.32649583579983665,0.41922895160969764,0.25427521259046559]}
CASE {"label":"n4-a0-r1-i0-p1-g3-f32","passed":true,"input":[1000,1000.25,1000.5,1000],"cotangent":[0,0,0,0],"actual":[0,0,0,0],"expected":[0,0,0,0]}
CASE {"label":"n4-a0-r1-i0-p2-g0-f32","passed":true,"input":[100000000,100000000,100000000,100000000],"cotangent":[1,1,1,0],"actual":[0,0.3333333432674408,0.83333337306976318,1.8333333730697632],"expected":[0,0.33333333333333331,0.83333333333333326,1.8333333333333333]}
CASE {"label":"n4-a0-r1-i0-p2-g1-f32","passed":true,"input":[100000000,100000000,100000000,100000000],"cotangent":[0.25,-0.75,0.25,0],"actual":[0,0.083333335816860199,-0.2916666567325592,-0.041666656732559204],"expected":[0,0.083333333333333329,-0.29166666666666669,-0.041666666666666685]}
CASE {"label":"n4-a0-r1-i0-p2-g2-f32","passed":true,"input":[100000000,100000000,100000000,100000000],"cotangent":[1,0,0,0],"actual":[0,0.3333333432674408,0.3333333432674408,0.3333333432674408],"expected":[0,0.33333333333333331,0.33333333333333331,0.33333333333333331]}
CASE {"label":"n4-a0-r1-i0-p2-g3-f32","passed":true,"input":[100000000,100000000,100000000,100000000],"cotangent":[0,0,0,0],"actual":[0,0,0,0],"expected":[0,0,0,0]}
CASE {"label":"n4-a0-r1-i0-p3-g0-f32","passed":true,"input":[-100000000,-100000000,-100000000,-100000000],"cotangent":[1,1,1,0],"actual":[0,0.3333333432674408,0.83333337306976318,1.8333333730697632],"expected":[0,0.33333333333333331,0.83333333333333326,1.8333333333333333]}
CASE {"label":"n4-a0-r1-i0-p3-g1-f32","passed":true,"input":[-100000000,-100000000,-100000000,-100000000],"cotangent":[0.25,-0.75,0.25,0],"actual":[0,0.083333335816860199,-0.2916666567325592,-0.041666656732559204],"expected":[0,0.083333333333333329,-0.29166666666666669,-0.041666666666666685]}
CASE {"label":"n4-a0-r1-i0-p3-g2-f32","passed":true,"input":[-100000000,-100000000,-100000000,-100000000],"cotangent":[1,0,0,0],"actual":[0,0.3333333432674408,0.3333333432674408,0.3333333432674408],"expected":[0,0.33333333333333331,0.33333333333333331,0.33333333333333331]}
CASE {"label":"n4-a0-r1-i0-p3-g3-f32","passed":true,"input":[-100000000,-100000000,-100000000,-100000000],"cotangent":[0,0,0,0],"actual":[0,0,0,0],"expected":[0,0,0,0]}
CASE {"label":"n4-a0-r1-i0-p4-g0-f32","passed":true,"input":[1.0000000200408773e+20,1.0000000200408773e+20,1.0000000200408773e+20,1.0000000200408773e+20],"cotangent":[1,1,1,0],"actual":[0,0.3333333432674408,0.83333337306976318,1.8333333730697632],"expected":[0,0.33333333333333331,0.83333333333333326,1.8333333333333333]}
CASE {"label":"n4-a0-r1-i0-p4-g1-f32","passed":true,"input":[1.0000000200408773e+20,1.0000000200408773e+20,1.0000000200408773e+20,1.0000000200408773e+20],"cotangent":[0.25,-0.75,0.25,0],"actual":[0,0.083333335816860199,-0.2916666567325592,-0.041666656732559204],"expected":[0,0.083333333333333329,-0.29166666666666669,-0.041666666666666685]}
CASE {"label":"n4-a0-r1-i0-p4-g2-f32","passed":true,"input":[1.0000000200408773e+20,1.0000000200408773e+20,1.0000000200408773e+20,1.0000000200408773e+20],"cotangent":[1,0,0,0],"actual":[0,0.3333333432674408,0.3333333432674408,0.3333333432674408],"expected":[0,0.33333333333333331,0.33333333333333331,0.33333333333333331]}
CASE {"label":"n4-a0-r1-i0-p4-g3-f32","passed":true,"input":[1.0000000200408773e+20,1.0000000200408773e+20,1.0000000200408773e+20,1.0000000200408773e+20],"cotangent":[0,0,0,0],"actual":[0,0,0,0],"expected":[0,0,0,0]}
CASE {"label":"n4-a0-r1-i0-p5-g0-f32","passed":true,"input":[0,0,0,100000000],"cotangent":[1,1,1,0],"actual":[0,0,0,3],"expected":[0,0,0,3]}
CASE {"label":"n4-a0-r1-i0-p5-g1-f32","passed":true,"input":[0,0,0,100000000],"cotangent":[0.25,-0.75,0.25,0],"actual":[0,0,-0,-0.25],"expected":[0,0,0,-0.25]}
CASE {"label":"n4-a0-r1-i0-p5-g2-f32","passed":true,"input":[0,0,0,100000000],"cotangent":[1,0,0,0],"actual":[0,0,0,1],"expected":[0,0,0,1]}
CASE {"label":"n4-a0-r1-i0-p5-g3-f32","passed":true,"input":[0,0,0,100000000],"cotangent":[0,0,0,0],"actual":[0,0,0,0],"expected":[0,0,0,0]}
CASE {"label":"n4-a0-r1-i0-p6-g0-f32","passed":true,"input":[100000000,0,0,0],"cotangent":[1,1,1,0],"actual":[0,0.3333333432674408,0.83333337306976318,1.8333333730697632],"expected":[0,0.33333333333333331,0.83333333333333326,1.8333333333333333]}
CASE {"label":"n4-a0-r1-i0-p6-g1-f32","passed":true,"input":[100000000,0,0,0],"cotangent":[0.25,-0.75,0.25,0],"actual":[0,0.083333335816860199,-0.2916666567325592,-0.041666656732559204],"expected":[0,0.083333333333333329,-0.29166666666666669,-0.041666666666666685]}
CASE {"label":"n4-a0-r1-i0-p6-g2-f32","passed":true,"input":[100000000,0,0,0],"cotangent":[1,0,0,0],"actual":[0,0.3333333432674408,0.3333333432674408,0.3333333432674408],"expected":[0,0.33333333333333331,0.33333333333333331,0.33333333333333331]}
CASE {"label":"n4-a0-r1-i0-p6-g3-f32","passed":true,"input":[100000000,0,0,0],"cotangent":[0,0,0,0],"actual":[0,0,0,0],"expected":[0,0,0,0]}
CASE {"label":"n4-a0-r1-i1-p0-g0-f32","passed":true,"input":[0,0.25,0.5,0],"cotangent":[1,1,1,1],"actual":[0.202726811170578,0.58680224418640137,1.3759282827377319,1.8345427513122559],"expected":[0.20272680990427036,0.58680221236094399,1.375928286441904,1.8345426912928815]}
CASE {"label":"n4-a0-r1-i1-p0-g1-f32","passed":true,"input":[0,0.25,0.5,0],"cotangent":[0.25,-0.75,0.25,-0.75],"actual":[0.050681702792644501,-0.17979529500007629,-0.075246900320053101,-0.79563957452774048],"expected":[0.05068170247606759,-0.17979528270960066,-0.075246879999221611,-0.79563953976724522]}
CASE {"label":"n4-a0-r1-i1-p0-g2-f32","passed":true,"input":[0,0.25,0.5,0],"cotangent":[1,0,0,0],"actual":[0.202726811170578,0.26030638813972473,0.33424001932144165,0.202726811170578],"expected":[0.20272680990427036,0.26030637656110728,0.33424000363035195,0.20272680990427036]}
CASE {"label":"n4-a0-r1-i1-p0-g3-f32","passed":true,"input":[0,0.25,0.5,0],"cotangent":[0,0,0,0],"actual":[0,0,0,0],"expected":[0,0,0,0]}
CASE {"label":"n4-a0-r1-i1-p1-g0-f32","passed":true,"input":[1000,1000.25,1000.5,1000],"cotangent":[1,1,1,1],"actual":[0.202726811170578,0.58680224418640137,1.3759282827377319,1.8345427513122559],"expected":[0.20272680990427036,0.58680221236094399,1.375928286441904,1.8345426912928815]}
CASE {"label":"n4-a0-r1-i1-p1-g1-f32","passed":true,"input":[1000,1000.25,1000.5,1000],"cotangent":[0.25,-0.75,0.25,-0.75],"actual":[0.050681702792644501,-0.17979529500007629,-0.075246900320053101,-0.79563957452774048],"expected":[0.05068170247606759,-0.17979528270960066,-0.075246879999221611,-0.79563953976724522]}
CASE {"label":"n4-a0-r1-i1-p1-g2-f32","passed":true,"input":[1000,1000.25,1000.5,1000],"cotangent":[1,0,0,0],"actual":[0.202726811170578,0.26030638813972473,0.33424001932144165,0.202726811170578],"expected":[0.20272680990427036,0.26030637656110728,0.33424000363035195,0.20272680990427036]}
CASE {"label":"n4-a0-r1-i1-p1-g3-f32","passed":true,"input":[1000,1000.25,1000.5,1000],"cotangent":[0,0,0,0],"actual":[0,0,0,0],"expected":[0,0,0,0]}
CASE {"label":"n4-a0-r1-i1-p2-g0-f32","passed":true,"input":[100000000,100000000,100000000,100000000],"cotangent":[1,1,1,1],"actual":[0.25,0.58333337306976318,1.0833333730697632,2.0833334922790527],"expected":[0.25,0.58333333333333326,1.0833333333333333,2.083333333333333]}
CASE {"label":"n4-a0-r1-i1-p2-g1-f32","passed":true,"input":[100000000,100000000,100000000,100000000],"cotangent":[0.25,-0.75,0.25,-0.75],"actual":[0.0625,-0.1875,-0.0625,-0.8125],"expected":[0.0625,-0.1875,-0.0625,-0.8125]}
CASE {"label":"n4-a0-r1-i1-p2-g2-f32","passed":true,"input":[100000000,100000000,100000000,100000000],"cotangent":[1,0,0,0],"actual":[0.25,0.25,0.25,0.25],"expected":[0.25,0.25,0.25,0.25]}
CASE {"label":"n4-a0-r1-i1-p2-g3-f32","passed":true,"input":[100000000,100000000,100000000,100000000],"cotangent":[0,0,0,0],"actual":[0,0,0,0],"expected":[0,0,0,0]}
CASE {"label":"n4-a0-r1-i1-p3-g0-f32","passed":true,"input":[-100000000,-100000000,-100000000,-100000000],"cotangent":[1,1,1,1],"actual":[0.25,0.58333337306976318,1.0833333730697632,2.0833334922790527],"expected":[0.25,0.58333333333333326,1.0833333333333333,2.083333333333333]}
CASE {"label":"n4-a0-r1-i1-p3-g1-f32","passed":true,"input":[-100000000,-100000000,-100000000,-100000000],"cotangent":[0.25,-0.75,0.25,-0.75],"actual":[0.0625,-0.1875,-0.0625,-0.8125],"expected":[0.0625,-0.1875,-0.0625,-0.8125]}
CASE {"label":"n4-a0-r1-i1-p3-g2-f32","passed":true,"input":[-100000000,-100000000,-100000000,-100000000],"cotangent":[1,0,0,0],"actual":[0.25,0.25,0.25,0.25],"expected":[0.25,0.25,0.25,0.25]}
CASE {"label":"n4-a0-r1-i1-p3-g3-f32","passed":true,"input":[-100000000,-100000000,-100000000,-100000000],"cotangent":[0,0,0,0],"actual":[0,0,0,0],"expected":[0,0,0,0]}
CASE {"label":"n4-a0-r1-i1-p4-g0-f32","passed":true,"input":[1.0000000200408773e+20,1.0000000200408773e+20,1.0000000200408773e+20,1.0000000200408773e+20],"cotangent":[1,1,1,1],"actual":[0.25,0.58333337306976318,1.0833333730697632,2.0833334922790527],"expected":[0.25,0.58333333333333326,1.0833333333333333,2.083333333333333]}
CASE {"label":"n4-a0-r1-i1-p4-g1-f32","passed":true,"input":[1.0000000200408773e+20,1.0000000200408773e+20,1.0000000200408773e+20,1.0000000200408773e+20],"cotangent":[0.25,-0.75,0.25,-0.75],"actual":[0.0625,-0.1875,-0.0625,-0.8125],"expected":[0.0625,-0.1875,-0.0625,-0.8125]}
CASE {"label":"n4-a0-r1-i1-p4-g2-f32","passed":true,"input":[1.0000000200408773e+20,1.0000000200408773e+20,1.0000000200408773e+20,1.0000000200408773e+20],"cotangent":[1,0,0,0],"actual":[0.25,0.25,0.25,0.25],"expected":[0.25,0.25,0.25,0.25]}
CASE {"label":"n4-a0-r1-i1-p4-g3-f32","passed":true,"input":[1.0000000200408773e+20,1.0000000200408773e+20,1.0000000200408773e+20,1.0000000200408773e+20],"cotangent":[0,0,0,0],"actual":[0,0,0,0],"expected":[0,0,0,0]}
CASE {"label":"n4-a0-r1-i1-p5-g0-f32","passed":true,"input":[0,0,0,100000000],"cotangent":[1,1,1,1],"actual":[0,0,0,4],"expected":[0,0,0,4]}
CASE {"label":"n4-a0-r1-i1-p5-g1-f32","passed":true,"input":[0,0,0,100000000],"cotangent":[0.25,-0.75,0.25,-0.75],"actual":[0,-0,-0,-1],"expected":[0,0,0,-1]}
CASE {"label":"n4-a0-r1-i1-p5-g2-f32","passed":true,"input":[0,0,0,100000000],"cotangent":[1,0,0,0],"actual":[0,0,0,1],"expected":[0,0,0,1]}
CASE {"label":"n4-a0-r1-i1-p5-g3-f32","passed":true,"input":[0,0,0,100000000],"cotangent":[0,0,0,0],"actual":[0,0,0,0],"expected":[0,0,0,0]}
CASE {"label":"n4-a0-r1-i1-p6-g0-f32","passed":true,"input":[100000000,0,0,0],"cotangent":[1,1,1,1],"actual":[1,0.3333333432674408,0.83333337306976318,1.8333333730697632],"expected":[1,0.33333333333333331,0.83333333333333326,1.8333333333333333]}
CASE {"label":"n4-a0-r1-i1-p6-g1-f32","passed":true,"input":[100000000,0,0,0],"cotangent":[0.25,-0.75,0.25,-0.75],"actual":[0.25,-0.25,-0.125,-0.875],"expected":[0.25,-0.25,-0.125,-0.875]}
CASE {"label":"n4-a0-r1-i1-p6-g2-f32","passed":true,"input":[100000000,0,0,0],"cotangent":[1,0,0,0],"actual":[1,0,0,0],"expected":[1,0,0,0]}
CASE {"label":"n4-a0-r1-i1-p6-g3-f32","passed":true,"input":[100000000,0,0,0],"cotangent":[0,0,0,0],"actual":[0,0,0,0],"expected":[0,0,0,0]}
CASE {"label":"n6-a0-r0-i0-p0-g0-f32","passed":true,"input":[0,0.25,0.5,0,0.25,0.5],"cotangent":[0,0,0,1,1,1],"actual":[1,1,1,0,0,0],"expected":[1,1,1,0,0,0]}
CASE {"label":"n6-a0-r0-i0-p0-g1-f32","passed":true,"input":[0,0.25,0.5,0,0.25,0.5],"cotangent":[0,0,0,-0.75,0.25,-0.75],"actual":[-0.75,0.25,-0.75,0,0,0],"expected":[-0.75,0.25,-0.75,0,0,0]}
CASE {"label":"n6-a0-r0-i0-p0-g2-f32","passed":true,"input":[0,0.25,0.5,0,0.25,0.5],"cotangent":[0,0,0,1,1,1],"actual":[1,1,1,0,0,0],"expected":[1,1,1,0,0,0]}
CASE {"label":"n6-a0-r0-i0-p0-g3-f32","passed":true,"input":[0,0.25,0.5,0,0.25,0.5],"cotangent":[0,0,0,0,0,0],"actual":[0,0,0,0,0,0],"expected":[0,0,0,0,0,0]}
CASE {"label":"n6-a0-r0-i0-p1-g0-f32","passed":true,"input":[1000,1000.25,1000.5,1000,1000.25,1000.5],"cotangent":[0,0,0,1,1,1],"actual":[1,1,1,0,0,0],"expected":[1,1,1,0,0,0]}
CASE {"label":"n6-a0-r0-i0-p1-g1-f32","passed":true,"input":[1000,1000.25,1000.5,1000,1000.25,1000.5],"cotangent":[0,0,0,-0.75,0.25,-0.75],"actual":[-0.75,0.25,-0.75,0,0,0],"expected":[-0.75,0.25,-0.75,0,0,0]}
CASE {"label":"n6-a0-r0-i0-p1-g2-f32","passed":true,"input":[1000,1000.25,1000.5,1000,1000.25,1000.5],"cotangent":[0,0,0,1,1,1],"actual":[1,1,1,0,0,0],"expected":[1,1,1,0,0,0]}
CASE {"label":"n6-a0-r0-i0-p1-g3-f32","passed":true,"input":[1000,1000.25,1000.5,1000,1000.25,1000.5],"cotangent":[0,0,0,0,0,0],"actual":[0,0,0,0,0,0],"expected":[0,0,0,0,0,0]}
CASE {"label":"n6-a0-r0-i0-p2-g0-f32","passed":true,"input":[100000000,100000000,100000000,100000000,100000000,100000000],"cotangent":[0,0,0,1,1,1],"actual":[1,1,1,0,0,0],"expected":[1,1,1,0,0,0]}
CASE {"label":"n6-a0-r0-i0-p2-g1-f32","passed":true,"input":[100000000,100000000,100000000,100000000,100000000,100000000],"cotangent":[0,0,0,-0.75,0.25,-0.75],"actual":[-0.75,0.25,-0.75,0,0,0],"expected":[-0.75,0.25,-0.75,0,0,0]}
CASE {"label":"n6-a0-r0-i0-p2-g2-f32","passed":true,"input":[100000000,100000000,100000000,100000000,100000000,100000000],"cotangent":[0,0,0,1,1,1],"actual":[1,1,1,0,0,0],"expected":[1,1,1,0,0,0]}
CASE {"label":"n6-a0-r0-i0-p2-g3-f32","passed":true,"input":[100000000,100000000,100000000,100000000,100000000,100000000],"cotangent":[0,0,0,0,0,0],"actual":[0,0,0,0,0,0],"expected":[0,0,0,0,0,0]}
CASE {"label":"n6-a0-r0-i0-p3-g0-f32","passed":true,"input":[-100000000,-100000000,-100000000,-100000000,-100000000,-100000000],"cotangent":[0,0,0,1,1,1],"actual":[1,1,1,0,0,0],"expected":[1,1,1,0,0,0]}
CASE {"label":"n6-a0-r0-i0-p3-g1-f32","passed":true,"input":[-100000000,-100000000,-100000000,-100000000,-100000000,-100000000],"cotangent":[0,0,0,-0.75,0.25,-0.75],"actual":[-0.75,0.25,-0.75,0,0,0],"expected":[-0.75,0.25,-0.75,0,0,0]}
CASE {"label":"n6-a0-r0-i0-p3-g2-f32","passed":true,"input":[-100000000,-100000000,-100000000,-100000000,-100000000,-100000000],"cotangent":[0,0,0,1,1,1],"actual":[1,1,1,0,0,0],"expected":[1,1,1,0,0,0]}
CASE {"label":"n6-a0-r0-i0-p3-g3-f32","passed":true,"input":[-100000000,-100000000,-100000000,-100000000,-100000000,-100000000],"cotangent":[0,0,0,0,0,0],"actual":[0,0,0,0,0,0],"expected":[0,0,0,0,0,0]}
CASE {"label":"n6-a0-r0-i0-p4-g0-f32","passed":true,"input":[1.0000000200408773e+20,1.0000000200408773e+20,1.0000000200408773e+20,1.0000000200408773e+20,1.0000000200408773e+20,1.0000000200408773e+20],"cotangent":[0,0,0,1,1,1],"actual":[1,1,1,0,0,0],"expected":[1,1,1,0,0,0]}
CASE {"label":"n6-a0-r0-i0-p4-g1-f32","passed":true,"input":[1.0000000200408773e+20,1.0000000200408773e+20,1.0000000200408773e+20,1.0000000200408773e+20,1.0000000200408773e+20,1.0000000200408773e+20],"cotangent":[0,0,0,-0.75,0.25,-0.75],"actual":[-0.75,0.25,-0.75,0,0,0],"expected":[-0.75,0.25,-0.75,0,0,0]}
CASE {"label":"n6-a0-r0-i0-p4-g2-f32","passed":true,"input":[1.0000000200408773e+20,1.0000000200408773e+20,1.0000000200408773e+20,1.0000000200408773e+20,1.0000000200408773e+20,1.0000000200408773e+20],"cotangent":[0,0,0,1,1,1],"actual":[1,1,1,0,0,0],"expected":[1,1,1,0,0,0]}
CASE {"label":"n6-a0-r0-i0-p4-g3-f32","passed":true,"input":[1.0000000200408773e+20,1.0000000200408773e+20,1.0000000200408773e+20,1.0000000200408773e+20,1.0000000200408773e+20,1.0000000200408773e+20],"cotangent":[0,0,0,0,0,0],"actual":[0,0,0,0,0,0],"expected":[0,0,0,0,0,0]}
CASE {"label":"n6-a0-r0-i0-p5-g0-f32","passed":true,"input":[0,0,0,100000000,100000000,100000000],"cotangent":[0,0,0,1,1,1],"actual":[1,1,1,0,0,0],"expected":[1,1,1,0,0,0]}
CASE {"label":"n6-a0-r0-i0-p5-g1-f32","passed":true,"input":[0,0,0,100000000,100000000,100000000],"cotangent":[0,0,0,-0.75,0.25,-0.75],"actual":[-0.75,0.25,-0.75,0,0,0],"expected":[-0.75,0.25,-0.75,0,0,0]}
CASE {"label":"n6-a0-r0-i0-p5-g2-f32","passed":true,"input":[0,0,0,100000000,100000000,100000000],"cotangent":[0,0,0,1,1,1],"actual":[1,1,1,0,0,0],"expected":[1,1,1,0,0,0]}
CASE {"label":"n6-a0-r0-i0-p5-g3-f32","passed":true,"input":[0,0,0,100000000,100000000,100000000],"cotangent":[0,0,0,0,0,0],"actual":[0,0,0,0,0,0],"expected":[0,0,0,0,0,0]}
CASE {"label":"n6-a0-r0-i0-p6-g0-f32","passed":true,"input":[100000000,100000000,100000000,0,0,0],"cotangent":[0,0,0,1,1,1],"actual":[1,1,1,0,0,0],"expected":[1,1,1,0,0,0]}
CASE {"label":"n6-a0-r0-i0-p6-g1-f32","passed":true,"input":[100000000,100000000,100000000,0,0,0],"cotangent":[0,0,0,-0.75,0.25,-0.75],"actual":[-0.75,0.25,-0.75,0,0,0],"expected":[-0.75,0.25,-0.75,0,0,0]}
CASE {"label":"n6-a0-r0-i0-p6-g2-f32","passed":true,"input":[100000000,100000000,100000000,0,0,0],"cotangent":[0,0,0,1,1,1],"actual":[1,1,1,0,0,0],"expected":[1,1,1,0,0,0]}
CASE {"label":"n6-a0-r0-i0-p6-g3-f32","passed":true,"input":[100000000,100000000,100000000,0,0,0],"cotangent":[0,0,0,0,0,0],"actual":[0,0,0,0,0,0],"expected":[0,0,0,0,0,0]}
CASE {"label":"n6-a0-r0-i1-p0-g0-f32","passed":true,"input":[0,0.25,0.5,0,0.25,0.5],"cotangent":[1,1,1,1,1,1],"actual":[1.5,1.5,1.5,0.5,0.5,0.5],"expected":[1.5,1.5,1.5,0.5,0.5,0.5]}
CASE {"label":"n6-a0-r0-i1-p0-g1-f32","passed":true,"input":[0,0.25,0.5,0,0.25,0.5],"cotangent":[0.25,-0.75,0.25,-0.75,0.25,-0.75],"actual":[-0.125,-0.625,-0.125,-0.375,0.125,-0.375],"expected":[-0.125,-0.625,-0.125,-0.375,0.125,-0.375]}
CASE {"label":"n6-a0-r0-i1-p0-g2-f32","passed":true,"input":[0,0.25,0.5,0,0.25,0.5],"cotangent":[0,0,0,1,1,1],"actual":[0.5,0.5,0.5,0.5,0.5,0.5],"expected":[0.5,0.5,0.5,0.5,0.5,0.5]}
CASE {"label":"n6-a0-r0-i1-p0-g3-f32","passed":true,"input":[0,0.25,0.5,0,0.25,0.5],"cotangent":[0,0,0,0,0,0],"actual":[0,0,0,0,0,0],"expected":[0,0,0,0,0,0]}
CASE {"label":"n6-a0-r0-i1-p1-g0-f32","passed":true,"input":[1000,1000.25,1000.5,1000,1000.25,1000.5],"cotangent":[1,1,1,1,1,1],"actual":[1.5,1.5,1.5,0.5,0.5,0.5],"expected":[1.5,1.5,1.5,0.5,0.5,0.5]}
CASE {"label":"n6-a0-r0-i1-p1-g1-f32","passed":true,"input":[1000,1000.25,1000.5,1000,1000.25,1000.5],"cotangent":[0.25,-0.75,0.25,-0.75,0.25,-0.75],"actual":[-0.125,-0.625,-0.125,-0.375,0.125,-0.375],"expected":[-0.125,-0.625,-0.125,-0.375,0.125,-0.375]}
CASE {"label":"n6-a0-r0-i1-p1-g2-f32","passed":true,"input":[1000,1000.25,1000.5,1000,1000.25,1000.5],"cotangent":[0,0,0,1,1,1],"actual":[0.5,0.5,0.5,0.5,0.5,0.5],"expected":[0.5,0.5,0.5,0.5,0.5,0.5]}
CASE {"label":"n6-a0-r0-i1-p1-g3-f32","passed":true,"input":[1000,1000.25,1000.5,1000,1000.25,1000.5],"cotangent":[0,0,0,0,0,0],"actual":[0,0,0,0,0,0],"expected":[0,0,0,0,0,0]}
CASE {"label":"n6-a0-r0-i1-p2-g0-f32","passed":true,"input":[100000000,100000000,100000000,100000000,100000000,100000000],"cotangent":[1,1,1,1,1,1],"actual":[1.5,1.5,1.5,0.5,0.5,0.5],"expected":[1.5,1.5,1.5,0.5,0.5,0.5]}
CASE {"label":"n6-a0-r0-i1-p2-g1-f32","passed":true,"input":[100000000,100000000,100000000,100000000,100000000,100000000],"cotangent":[0.25,-0.75,0.25,-0.75,0.25,-0.75],"actual":[-0.125,-0.625,-0.125,-0.375,0.125,-0.375],"expected":[-0.125,-0.625,-0.125,-0.375,0.125,-0.375]}
CASE {"label":"n6-a0-r0-i1-p2-g2-f32","passed":true,"input":[100000000,100000000,100000000,100000000,100000000,100000000],"cotangent":[0,0,0,1,1,1],"actual":[0.5,0.5,0.5,0.5,0.5,0.5],"expected":[0.5,0.5,0.5,0.5,0.5,0.5]}
CASE {"label":"n6-a0-r0-i1-p2-g3-f32","passed":true,"input":[100000000,100000000,100000000,100000000,100000000,100000000],"cotangent":[0,0,0,0,0,0],"actual":[0,0,0,0,0,0],"expected":[0,0,0,0,0,0]}
CASE {"label":"n6-a0-r0-i1-p3-g0-f32","passed":true,"input":[-100000000,-100000000,-100000000,-100000000,-100000000,-100000000],"cotangent":[1,1,1,1,1,1],"actual":[1.5,1.5,1.5,0.5,0.5,0.5],"expected":[1.5,1.5,1.5,0.5,0.5,0.5]}
CASE {"label":"n6-a0-r0-i1-p3-g1-f32","passed":true,"input":[-100000000,-100000000,-100000000,-100000000,-100000000,-100000000],"cotangent":[0.25,-0.75,0.25,-0.75,0.25,-0.75],"actual":[-0.125,-0.625,-0.125,-0.375,0.125,-0.375],"expected":[-0.125,-0.625,-0.125,-0.375,0.125,-0.375]}
CASE {"label":"n6-a0-r0-i1-p3-g2-f32","passed":true,"input":[-100000000,-100000000,-100000000,-100000000,-100000000,-100000000],"cotangent":[0,0,0,1,1,1],"actual":[0.5,0.5,0.5,0.5,0.5,0.5],"expected":[0.5,0.5,0.5,0.5,0.5,0.5]}
CASE {"label":"n6-a0-r0-i1-p3-g3-f32","passed":true,"input":[-100000000,-100000000,-100000000,-100000000,-100000000,-100000000],"cotangent":[0,0,0,0,0,0],"actual":[0,0,0,0,0,0],"expected":[0,0,0,0,0,0]}
CASE {"label":"n6-a0-r0-i1-p4-g0-f32","passed":true,"input":[1.0000000200408773e+20,1.0000000200408773e+20,1.0000000200408773e+20,1.0000000200408773e+20,1.0000000200408773e+20,1.0000000200408773e+20],"cotangent":[1,1,1,1,1,1],"actual":[1.5,1.5,1.5,0.5,0.5,0.5],"expected":[1.5,1.5,1.5,0.5,0.5,0.5]}
CASE {"label":"n6-a0-r0-i1-p4-g1-f32","passed":true,"input":[1.0000000200408773e+20,1.0000000200408773e+20,1.0000000200408773e+20,1.0000000200408773e+20,1.0000000200408773e+20,1.0000000200408773e+20],"cotangent":[0.25,-0.75,0.25,-0.75,0.25,-0.75],"actual":[-0.125,-0.625,-0.125,-0.375,0.125,-0.375],"expected":[-0.125,-0.625,-0.125,-0.375,0.125,-0.375]}
CASE {"label":"n6-a0-r0-i1-p4-g2-f32","passed":true,"input":[1.0000000200408773e+20,1.0000000200408773e+20,1.0000000200408773e+20,1.0000000200408773e+20,1.0000000200408773e+20,1.0000000200408773e+20],"cotangent":[0,0,0,1,1,1],"actual":[0.5,0.5,0.5,0.5,0.5,0.5],"expected":[0.5,0.5,0.5,0.5,0.5,0.5]}
CASE {"label":"n6-a0-r0-i1-p4-g3-f32","passed":true,"input":[1.0000000200408773e+20,1.0000000200408773e+20,1.0000000200408773e+20,1.0000000200408773e+20,1.0000000200408773e+20,1.0000000200408773e+20],"cotangent":[0,0,0,0,0,0],"actual":[0,0,0,0,0,0],"expected":[0,0,0,0,0,0]}
CASE {"label":"n6-a0-r0-i1-p5-g0-f32","passed":true,"input":[0,0,0,100000000,100000000,100000000],"cotangent":[1,1,1,1,1,1],"actual":[1,1,1,1,1,1],"expected":[1,1,1,1,1,1]}
CASE {"label":"n6-a0-r0-i1-p5-g1-f32","passed":true,"input":[0,0,0,100000000,100000000,100000000],"cotangent":[0.25,-0.75,0.25,-0.75,0.25,-0.75],"actual":[0.25,-0.75,0.25,-0.75,0.25,-0.75],"expected":[0.25,-0.75,0.25,-0.75,0.25,-0.75]}
CASE {"label":"n6-a0-r0-i1-p5-g2-f32","passed":true,"input":[0,0,0,100000000,100000000,100000000],"cotangent":[0,0,0,1,1,1],"actual":[0,0,0,1,1,1],"expected":[0,0,0,1,1,1]}
CASE {"label":"n6-a0-r0-i1-p5-g3-f32","passed":true,"input":[0,0,0,100000000,100000000,100000000],"cotangent":[0,0,0,0,0,0],"actual":[0,0,0,0,0,0],"expected":[0,0,0,0,0,0]}
CASE {"label":"n6-a0-r0-i1-p6-g0-f32","passed":true,"input":[100000000,100000000,100000000,0,0,0],"cotangent":[1,1,1,1,1,1],"actual":[2,2,2,0,0,0],"expected":[2,2,2,0,0,0]}
CASE {"label":"n6-a0-r0-i1-p6-g1-f32","passed":true,"input":[100000000,100000000,100000000,0,0,0],"cotangent":[0.25,-0.75,0.25,-0.75,0.25,-0.75],"actual":[-0.5,-0.5,-0.5,-0,0,-0],"expected":[-0.5,-0.5,-0.5,0,0,0]}
CASE {"label":"n6-a0-r0-i1-p6-g2-f32","passed":true,"input":[100000000,100000000,100000000,0,0,0],"cotangent":[0,0,0,1,1,1],"actual":[1,1,1,0,0,0],"expected":[1,1,1,0,0,0]}
CASE {"label":"n6-a0-r0-i1-p6-g3-f32","passed":true,"input":[100000000,100000000,100000000,0,0,0],"cotangent":[0,0,0,0,0,0],"actual":[0,0,0,0,0,0],"expected":[0,0,0,0,0,0]}
CASE {"label":"n6-a0-r1-i0-p0-g0-f32","passed":true,"input":[0,0.25,0.5,0,0.25,0.5],"cotangent":[1,1,1,0,0,0],"actual":[0,0,0,1,1,1],"expected":[0,0,0,1,1,1]}
CASE {"label":"n6-a0-r1-i0-p0-g1-f32","passed":true,"input":[0,0.25,0.5,0,0.25,0.5],"cotangent":[0.25,-0.75,0.25,0,0,0],"actual":[0,0,0,0.25,-0.75,0.25],"expected":[0,0,0,0.25,-0.75,0.25]}
CASE {"label":"n6-a0-r1-i0-p0-g2-f32","passed":true,"input":[0,0.25,0.5,0,0.25,0.5],"cotangent":[1,1,1,0,0,0],"actual":[0,0,0,1,1,1],"expected":[0,0,0,1,1,1]}
CASE {"label":"n6-a0-r1-i0-p0-g3-f32","passed":true,"input":[0,0.25,0.5,0,0.25,0.5],"cotangent":[0,0,0,0,0,0],"actual":[0,0,0,0,0,0],"expected":[0,0,0,0,0,0]}
CASE {"label":"n6-a0-r1-i0-p1-g0-f32","passed":true,"input":[1000,1000.25,1000.5,1000,1000.25,1000.5],"cotangent":[1,1,1,0,0,0],"actual":[0,0,0,1,1,1],"expected":[0,0,0,1,1,1]}
CASE {"label":"n6-a0-r1-i0-p1-g1-f32","passed":true,"input":[1000,1000.25,1000.5,1000,1000.25,1000.5],"cotangent":[0.25,-0.75,0.25,0,0,0],"actual":[0,0,0,0.25,-0.75,0.25],"expected":[0,0,0,0.25,-0.75,0.25]}
CASE {"label":"n6-a0-r1-i0-p1-g2-f32","passed":true,"input":[1000,1000.25,1000.5,1000,1000.25,1000.5],"cotangent":[1,1,1,0,0,0],"actual":[0,0,0,1,1,1],"expected":[0,0,0,1,1,1]}
CASE {"label":"n6-a0-r1-i0-p1-g3-f32","passed":true,"input":[1000,1000.25,1000.5,1000,1000.25,1000.5],"cotangent":[0,0,0,0,0,0],"actual":[0,0,0,0,0,0],"expected":[0,0,0,0,0,0]}
CASE {"label":"n6-a0-r1-i0-p2-g0-f32","passed":true,"input":[100000000,100000000,100000000,100000000,100000000,100000000],"cotangent":[1,1,1,0,0,0],"actual":[0,0,0,1,1,1],"expected":[0,0,0,1,1,1]}
CASE {"label":"n6-a0-r1-i0-p2-g1-f32","passed":true,"input":[100000000,100000000,100000000,100000000,100000000,100000000],"cotangent":[0.25,-0.75,0.25,0,0,0],"actual":[0,0,0,0.25,-0.75,0.25],"expected":[0,0,0,0.25,-0.75,0.25]}
CASE {"label":"n6-a0-r1-i0-p2-g2-f32","passed":true,"input":[100000000,100000000,100000000,100000000,100000000,100000000],"cotangent":[1,1,1,0,0,0],"actual":[0,0,0,1,1,1],"expected":[0,0,0,1,1,1]}
CASE {"label":"n6-a0-r1-i0-p2-g3-f32","passed":true,"input":[100000000,100000000,100000000,100000000,100000000,100000000],"cotangent":[0,0,0,0,0,0],"actual":[0,0,0,0,0,0],"expected":[0,0,0,0,0,0]}
CASE {"label":"n6-a0-r1-i0-p3-g0-f32","passed":true,"input":[-100000000,-100000000,-100000000,-100000000,-100000000,-100000000],"cotangent":[1,1,1,0,0,0],"actual":[0,0,0,1,1,1],"expected":[0,0,0,1,1,1]}
CASE {"label":"n6-a0-r1-i0-p3-g1-f32","passed":true,"input":[-100000000,-100000000,-100000000,-100000000,-100000000,-100000000],"cotangent":[0.25,-0.75,0.25,0,0,0],"actual":[0,0,0,0.25,-0.75,0.25],"expected":[0,0,0,0.25,-0.75,0.25]}
CASE {"label":"n6-a0-r1-i0-p3-g2-f32","passed":true,"input":[-100000000,-100000000,-100000000,-100000000,-100000000,-100000000],"cotangent":[1,1,1,0,0,0],"actual":[0,0,0,1,1,1],"expected":[0,0,0,1,1,1]}
CASE {"label":"n6-a0-r1-i0-p3-g3-f32","passed":true,"input":[-100000000,-100000000,-100000000,-100000000,-100000000,-100000000],"cotangent":[0,0,0,0,0,0],"actual":[0,0,0,0,0,0],"expected":[0,0,0,0,0,0]}
CASE {"label":"n6-a0-r1-i0-p4-g0-f32","passed":true,"input":[1.0000000200408773e+20,1.0000000200408773e+20,1.0000000200408773e+20,1.0000000200408773e+20,1.0000000200408773e+20,1.0000000200408773e+20],"cotangent":[1,1,1,0,0,0],"actual":[0,0,0,1,1,1],"expected":[0,0,0,1,1,1]}
CASE {"label":"n6-a0-r1-i0-p4-g1-f32","passed":true,"input":[1.0000000200408773e+20,1.0000000200408773e+20,1.0000000200408773e+20,1.0000000200408773e+20,1.0000000200408773e+20,1.0000000200408773e+20],"cotangent":[0.25,-0.75,0.25,0,0,0],"actual":[0,0,0,0.25,-0.75,0.25],"expected":[0,0,0,0.25,-0.75,0.25]}
CASE {"label":"n6-a0-r1-i0-p4-g2-f32","passed":true,"input":[1.0000000200408773e+20,1.0000000200408773e+20,1.0000000200408773e+20,1.0000000200408773e+20,1.0000000200408773e+20,1.0000000200408773e+20],"cotangent":[1,1,1,0,0,0],"actual":[0,0,0,1,1,1],"expected":[0,0,0,1,1,1]}
CASE {"label":"n6-a0-r1-i0-p4-g3-f32","passed":true,"input":[1.0000000200408773e+20,1.0000000200408773e+20,1.0000000200408773e+20,1.0000000200408773e+20,1.0000000200408773e+20,1.0000000200408773e+20],"cotangent":[0,0,0,0,0,0],"actual":[0,0,0,0,0,0],"expected":[0,0,0,0,0,0]}
CASE {"label":"n6-a0-r1-i0-p5-g0-f32","passed":true,"input":[0,0,0,100000000,100000000,100000000],"cotangent":[1,1,1,0,0,0],"actual":[0,0,0,1,1,1],"expected":[0,0,0,1,1,1]}
CASE {"label":"n6-a0-r1-i0-p5-g1-f32","passed":true,"input":[0,0,0,100000000,100000000,100000000],"cotangent":[0.25,-0.75,0.25,0,0,0],"actual":[0,0,0,0.25,-0.75,0.25],"expected":[0,0,0,0.25,-0.75,0.25]}
CASE {"label":"n6-a0-r1-i0-p5-g2-f32","passed":true,"input":[0,0,0,100000000,100000000,100000000],"cotangent":[1,1,1,0,0,0],"actual":[0,0,0,1,1,1],"expected":[0,0,0,1,1,1]}
CASE {"label":"n6-a0-r1-i0-p5-g3-f32","passed":true,"input":[0,0,0,100000000,100000000,100000000],"cotangent":[0,0,0,0,0,0],"actual":[0,0,0,0,0,0],"expected":[0,0,0,0,0,0]}
CASE {"label":"n6-a0-r1-i0-p6-g0-f32","passed":true,"input":[100000000,100000000,100000000,0,0,0],"cotangent":[1,1,1,0,0,0],"actual":[0,0,0,1,1,1],"expected":[0,0,0,1,1,1]}
CASE {"label":"n6-a0-r1-i0-p6-g1-f32","passed":true,"input":[100000000,100000000,100000000,0,0,0],"cotangent":[0.25,-0.75,0.25,0,0,0],"actual":[0,0,0,0.25,-0.75,0.25],"expected":[0,0,0,0.25,-0.75,0.25]}
CASE {"label":"n6-a0-r1-i0-p6-g2-f32","passed":true,"input":[100000000,100000000,100000000,0,0,0],"cotangent":[1,1,1,0,0,0],"actual":[0,0,0,1,1,1],"expected":[0,0,0,1,1,1]}
CASE {"label":"n6-a0-r1-i0-p6-g3-f32","passed":true,"input":[100000000,100000000,100000000,0,0,0],"cotangent":[0,0,0,0,0,0],"actual":[0,0,0,0,0,0],"expected":[0,0,0,0,0,0]}
CASE {"label":"n6-a0-r1-i1-p0-g0-f32","passed":true,"input":[0,0.25,0.5,0,0.25,0.5],"cotangent":[1,1,1,1,1,1],"actual":[0.5,0.5,0.5,1.5,1.5,1.5],"expected":[0.5,0.5,0.5,1.5,1.5,1.5]}
CASE {"label":"n6-a0-r1-i1-p0-g1-f32","passed":true,"input":[0,0.25,0.5,0,0.25,0.5],"cotangent":[0.25,-0.75,0.25,-0.75,0.25,-0.75],"actual":[0.125,-0.375,0.125,-0.625,-0.125,-0.625],"expected":[0.125,-0.375,0.125,-0.625,-0.125,-0.625]}
CASE {"label":"n6-a0-r1-i1-p0-g2-f32","passed":true,"input":[0,0.25,0.5,0,0.25,0.5],"cotangent":[1,1,1,0,0,0],"actual":[0.5,0.5,0.5,0.5,0.5,0.5],"expected":[0.5,0.5,0.5,0.5,0.5,0.5]}
CASE {"label":"n6-a0-r1-i1-p0-g3-f32","passed":true,"input":[0,0.25,0.5,0,0.25,0.5],"cotangent":[0,0,0,0,0,0],"actual":[0,0,0,0,0,0],"expected":[0,0,0,0,0,0]}
CASE {"label":"n6-a0-r1-i1-p1-g0-f32","passed":true,"input":[1000,1000.25,1000.5,1000,1000.25,1000.5],"cotangent":[1,1,1,1,1,1],"actual":[0.5,0.5,0.5,1.5,1.5,1.5],"expected":[0.5,0.5,0.5,1.5,1.5,1.5]}
CASE {"label":"n6-a0-r1-i1-p1-g1-f32","passed":true,"input":[1000,1000.25,1000.5,1000,1000.25,1000.5],"cotangent":[0.25,-0.75,0.25,-0.75,0.25,-0.75],"actual":[0.125,-0.375,0.125,-0.625,-0.125,-0.625],"expected":[0.125,-0.375,0.125,-0.625,-0.125,-0.625]}
CASE {"label":"n6-a0-r1-i1-p1-g2-f32","passed":true,"input":[1000,1000.25,1000.5,1000,1000.25,1000.5],"cotangent":[1,1,1,0,0,0],"actual":[0.5,0.5,0.5,0.5,0.5,0.5],"expected":[0.5,0.5,0.5,0.5,0.5,0.5]}
CASE {"label":"n6-a0-r1-i1-p1-g3-f32","passed":true,"input":[1000,1000.25,1000.5,1000,1000.25,1000.5],"cotangent":[0,0,0,0,0,0],"actual":[0,0,0,0,0,0],"expected":[0,0,0,0,0,0]}
CASE {"label":"n6-a0-r1-i1-p2-g0-f32","passed":true,"input":[100000000,100000000,100000000,100000000,100000000,100000000],"cotangent":[1,1,1,1,1,1],"actual":[0.5,0.5,0.5,1.5,1.5,1.5],"expected":[0.5,0.5,0.5,1.5,1.5,1.5]}
CASE {"label":"n6-a0-r1-i1-p2-g1-f32","passed":true,"input":[100000000,100000000,100000000,100000000,100000000,100000000],"cotangent":[0.25,-0.75,0.25,-0.75,0.25,-0.75],"actual":[0.125,-0.375,0.125,-0.625,-0.125,-0.625],"expected":[0.125,-0.375,0.125,-0.625,-0.125,-0.625]}
CASE {"label":"n6-a0-r1-i1-p2-g2-f32","passed":true,"input":[100000000,100000000,100000000,100000000,100000000,100000000],"cotangent":[1,1,1,0,0,0],"actual":[0.5,0.5,0.5,0.5,0.5,0.5],"expected":[0.5,0.5,0.5,0.5,0.5,0.5]}
CASE {"label":"n6-a0-r1-i1-p2-g3-f32","passed":true,"input":[100000000,100000000,100000000,100000000,100000000,100000000],"cotangent":[0,0,0,0,0,0],"actual":[0,0,0,0,0,0],"expected":[0,0,0,0,0,0]}
CASE {"label":"n6-a0-r1-i1-p3-g0-f32","passed":true,"input":[-100000000,-100000000,-100000000,-100000000,-100000000,-100000000],"cotangent":[1,1,1,1,1,1],"actual":[0.5,0.5,0.5,1.5,1.5,1.5],"expected":[0.5,0.5,0.5,1.5,1.5,1.5]}
CASE {"label":"n6-a0-r1-i1-p3-g1-f32","passed":true,"input":[-100000000,-100000000,-100000000,-100000000,-100000000,-100000000],"cotangent":[0.25,-0.75,0.25,-0.75,0.25,-0.75],"actual":[0.125,-0.375,0.125,-0.625,-0.125,-0.625],"expected":[0.125,-0.375,0.125,-0.625,-0.125,-0.625]}
CASE {"label":"n6-a0-r1-i1-p3-g2-f32","passed":true,"input":[-100000000,-100000000,-100000000,-100000000,-100000000,-100000000],"cotangent":[1,1,1,0,0,0],"actual":[0.5,0.5,0.5,0.5,0.5,0.5],"expected":[0.5,0.5,0.5,0.5,0.5,0.5]}
CASE {"label":"n6-a0-r1-i1-p3-g3-f32","passed":true,"input":[-100000000,-100000000,-100000000,-100000000,-100000000,-100000000],"cotangent":[0,0,0,0,0,0],"actual":[0,0,0,0,0,0],"expected":[0,0,0,0,0,0]}
CASE {"label":"n6-a0-r1-i1-p4-g0-f32","passed":true,"input":[1.0000000200408773e+20,1.0000000200408773e+20,1.0000000200408773e+20,1.0000000200408773e+20,1.0000000200408773e+20,1.0000000200408773e+20],"cotangent":[1,1,1,1,1,1],"actual":[0.5,0.5,0.5,1.5,1.5,1.5],"expected":[0.5,0.5,0.5,1.5,1.5,1.5]}
CASE {"label":"n6-a0-r1-i1-p4-g1-f32","passed":true,"input":[1.0000000200408773e+20,1.0000000200408773e+20,1.0000000200408773e+20,1.0000000200408773e+20,1.0000000200408773e+20,1.0000000200408773e+20],"cotangent":[0.25,-0.75,0.25,-0.75,0.25,-0.75],"actual":[0.125,-0.375,0.125,-0.625,-0.125,-0.625],"expected":[0.125,-0.375,0.125,-0.625,-0.125,-0.625]}
CASE {"label":"n6-a0-r1-i1-p4-g2-f32","passed":true,"input":[1.0000000200408773e+20,1.0000000200408773e+20,1.0000000200408773e+20,1.0000000200408773e+20,1.0000000200408773e+20,1.0000000200408773e+20],"cotangent":[1,1,1,0,0,0],"actual":[0.5,0.5,0.5,0.5,0.5,0.5],"expected":[0.5,0.5,0.5,0.5,0.5,0.5]}
CASE {"label":"n6-a0-r1-i1-p4-g3-f32","passed":true,"input":[1.0000000200408773e+20,1.0000000200408773e+20,1.0000000200408773e+20,1.0000000200408773e+20,1.0000000200408773e+20,1.0000000200408773e+20],"cotangent":[0,0,0,0,0,0],"actual":[0,0,0,0,0,0],"expected":[0,0,0,0,0,0]}
CASE {"label":"n6-a0-r1-i1-p5-g0-f32","passed":true,"input":[0,0,0,100000000,100000000,100000000],"cotangent":[1,1,1,1,1,1],"actual":[0,0,0,2,2,2],"expected":[0,0,0,2,2,2]}
CASE {"label":"n6-a0-r1-i1-p5-g1-f32","passed":true,"input":[0,0,0,100000000,100000000,100000000],"cotangent":[0.25,-0.75,0.25,-0.75,0.25,-0.75],"actual":[0,-0,0,-0.5,-0.5,-0.5],"expected":[0,0,0,-0.5,-0.5,-0.5]}
CASE {"label":"n6-a0-r1-i1-p5-g2-f32","passed":true,"input":[0,0,0,100000000,100000000,100000000],"cotangent":[1,1,1,0,0,0],"actual":[0,0,0,1,1,1],"expected":[0,0,0,1,1,1]}
CASE {"label":"n6-a0-r1-i1-p5-g3-f32","passed":true,"input":[0,0,0,100000000,100000000,100000000],"cotangent":[0,0,0,0,0,0],"actual":[0,0,0,0,0,0],"expected":[0,0,0,0,0,0]}
CASE {"label":"n6-a0-r1-i1-p6-g0-f32","passed":true,"input":[100000000,100000000,100000000,0,0,0],"cotangent":[1,1,1,1,1,1],"actual":[1,1,1,1,1,1],"expected":[1,1,1,1,1,1]}
CASE {"label":"n6-a0-r1-i1-p6-g1-f32","passed":true,"input":[100000000,100000000,100000000,0,0,0],"cotangent":[0.25,-0.75,0.25,-0.75,0.25,-0.75],"actual":[0.25,-0.75,0.25,-0.75,0.25,-0.75],"expected":[0.25,-0.75,0.25,-0.75,0.25,-0.75]}
CASE {"label":"n6-a0-r1-i1-p6-g2-f32","passed":true,"input":[100000000,100000000,100000000,0,0,0],"cotangent":[1,1,1,0,0,0],"actual":[1,1,1,0,0,0],"expected":[1,1,1,0,0,0]}
CASE {"label":"n6-a0-r1-i1-p6-g3-f32","passed":true,"input":[100000000,100000000,100000000,0,0,0],"cotangent":[0,0,0,0,0,0],"actual":[0,0,0,0,0,0],"expected":[0,0,0,0,0,0]}
CASE {"label":"n6-a1-r0-i0-p0-g0-f32","passed":true,"input":[0,0.25,0.5,0,0.25,0.5],"cotangent":[0,1,1,0,1,1],"actual":[1.4378235340118408,0.56217652559280396,0,1.4378235340118408,0.56217652559280396,0],"expected":[1.4378234991142018,0.56217650088579807,0,1.4378234991142018,0.56217650088579807,0]}
CASE {"label":"n6-a1-r0-i0-p0-g1-f32","passed":true,"input":[0,0.25,0.5,0,0.25,0.5],"cotangent":[0,-0.75,0.25,0,0.25,-0.75],"actual":[-0.64054411649703979,0.14054413139820099,0,-0.078367620706558228,-0.42163240909576416,0],"expected":[-0.64054412522144955,0.14054412522144952,0,-0.078367624335651365,-0.42163237566434852,0]}
CASE {"label":"n6-a1-r0-i0-p0-g2-f32","passed":true,"input":[0,0.25,0.5,0,0.25,0.5],"cotangent":[0,0,1,0,0,1],"actual":[0.43782350420951843,0.56217652559280396,0,0.43782350420951843,0.56217652559280396,0],"expected":[0.43782349911420188,0.56217650088579807,0,0.43782349911420188,0.56217650088579807,0]}
CASE {"label":"n6-a1-r0-i0-p0-g3-f32","passed":true,"input":[0,0.25,0.5,0,0.25,0.5],"cotangent":[0,0,0,0,0,0],"actual":[0,0,0,0,0,0],"expected":[0,0,0,0,0,0]}
CASE {"label":"n6-a1-r0-i0-p1-g0-f32","passed":true,"input":[1000,1000.25,1000.5,1000,1000.25,1000.5],"cotangent":[0,1,1,0,1,1],"actual":[1.4378235340118408,0.56217652559280396,0,1.4378235340118408,0.56217652559280396,0],"expected":[1.4378234991142018,0.56217650088579807,0,1.4378234991142018,0.56217650088579807,0]}
CASE {"label":"n6-a1-r0-i0-p1-g1-f32","passed":true,"input":[1000,1000.25,1000.5,1000,1000.25,1000.5],"cotangent":[0,-0.75,0.25,0,0.25,-0.75],"actual":[-0.64054411649703979,0.14054413139820099,0,-0.078367620706558228,-0.42163240909576416,0],"expected":[-0.64054412522144955,0.14054412522144952,0,-0.078367624335651365,-0.42163237566434852,0]}
CASE {"label":"n6-a1-r0-i0-p1-g2-f32","passed":true,"input":[1000,1000.25,1000.5,1000,1000.25,1000.5],"cotangent":[0,0,1,0,0,1],"actual":[0.43782350420951843,0.56217652559280396,0,0.43782350420951843,0.56217652559280396,0],"expected":[0.43782349911420188,0.56217650088579807,0,0.43782349911420188,0.56217650088579807,0]}
CASE {"label":"n6-a1-r0-i0-p1-g3-f32","passed":true,"input":[1000,1000.25,1000.5,1000,1000.25,1000.5],"cotangent":[0,0,0,0,0,0],"actual":[0,0,0,0,0,0],"expected":[0,0,0,0,0,0]}
CASE {"label":"n6-a1-r0-i0-p2-g0-f32","passed":true,"input":[100000000,100000000,100000000,100000000,100000000,100000000],"cotangent":[0,1,1,0,1,1],"actual":[1.5,0.5,0,1.5,0.5,0],"expected":[1.5,0.5,0,1.5,0.5,0]}
CASE {"label":"n6-a1-r0-i0-p2-g1-f32","passed":true,"input":[100000000,100000000,100000000,100000000,100000000,100000000],"cotangent":[0,-0.75,0.25,0,0.25,-0.75],"actual":[-0.625,0.125,0,-0.125,-0.375,0],"expected":[-0.625,0.125,0,-0.125,-0.375,0]}
CASE {"label":"n6-a1-r0-i0-p2-g2-f32","passed":true,"input":[100000000,100000000,100000000,100000000,100000000,100000000],"cotangent":[0,0,1,0,0,1],"actual":[0.5,0.5,0,0.5,0.5,0],"expected":[0.5,0.5,0,0.5,0.5,0]}
CASE {"label":"n6-a1-r0-i0-p2-g3-f32","passed":true,"input":[100000000,100000000,100000000,100000000,100000000,100000000],"cotangent":[0,0,0,0,0,0],"actual":[0,0,0,0,0,0],"expected":[0,0,0,0,0,0]}
CASE {"label":"n6-a1-r0-i0-p3-g0-f32","passed":true,"input":[-100000000,-100000000,-100000000,-100000000,-100000000,-100000000],"cotangent":[0,1,1,0,1,1],"actual":[1.5,0.5,0,1.5,0.5,0],"expected":[1.5,0.5,0,1.5,0.5,0]}
CASE {"label":"n6-a1-r0-i0-p3-g1-f32","passed":true,"input":[-100000000,-100000000,-100000000,-100000000,-100000000,-100000000],"cotangent":[0,-0.75,0.25,0,0.25,-0.75],"actual":[-0.625,0.125,0,-0.125,-0.375,0],"expected":[-0.625,0.125,0,-0.125,-0.375,0]}
CASE {"label":"n6-a1-r0-i0-p3-g2-f32","passed":true,"input":[-100000000,-100000000,-100000000,-100000000,-100000000,-100000000],"cotangent":[0,0,1,0,0,1],"actual":[0.5,0.5,0,0.5,0.5,0],"expected":[0.5,0.5,0,0.5,0.5,0]}
CASE {"label":"n6-a1-r0-i0-p3-g3-f32","passed":true,"input":[-100000000,-100000000,-100000000,-100000000,-100000000,-100000000],"cotangent":[0,0,0,0,0,0],"actual":[0,0,0,0,0,0],"expected":[0,0,0,0,0,0]}
CASE {"label":"n6-a1-r0-i0-p4-g0-f32","passed":true,"input":[1.0000000200408773e+20,1.0000000200408773e+20,1.0000000200408773e+20,1.0000000200408773e+20,1.0000000200408773e+20,1.0000000200408773e+20],"cotangent":[0,1,1,0,1,1],"actual":[1.5,0.5,0,1.5,0.5,0],"expected":[1.5,0.5,0,1.5,0.5,0]}
CASE {"label":"n6-a1-r0-i0-p4-g1-f32","passed":true,"input":[1.0000000200408773e+20,1.0000000200408773e+20,1.0000000200408773e+20,1.0000000200408773e+20,1.0000000200408773e+20,1.0000000200408773e+20],"cotangent":[0,-0.75,0.25,0,0.25,-0.75],"actual":[-0.625,0.125,0,-0.125,-0.375,0],"expected":[-0.625,0.125,0,-0.125,-0.375,0]}
CASE {"label":"n6-a1-r0-i0-p4-g2-f32","passed":true,"input":[1.0000000200408773e+20,1.0000000200408773e+20,1.0000000200408773e+20,1.0000000200408773e+20,1.0000000200408773e+20,1.0000000200408773e+20],"cotangent":[0,0,1,0,0,1],"actual":[0.5,0.5,0,0.5,0.5,0],"expected":[0.5,0.5,0,0.5,0.5,0]}
CASE {"label":"n6-a1-r0-i0-p4-g3-f32","passed":true,"input":[1.0000000200408773e+20,1.0000000200408773e+20,1.0000000200408773e+20,1.0000000200408773e+20,1.0000000200408773e+20,1.0000000200408773e+20],"cotangent":[0,0,0,0,0,0],"actual":[0,0,0,0,0,0],"expected":[0,0,0,0,0,0]}
CASE {"label":"n6-a1-r0-i0-p5-g0-f32","passed":true,"input":[0,0,100000000,0,0,100000000],"cotangent":[0,1,1,0,1,1],"actual":[1.5,0.5,0,1.5,0.5,0],"expected":[1.5,0.5,0,1.5,0.5,0]}
CASE {"label":"n6-a1-r0-i0-p5-g1-f32","passed":true,"input":[0,0,100000000,0,0,100000000],"cotangent":[0,-0.75,0.25,0,0.25,-0.75],"actual":[-0.625,0.125,0,-0.125,-0.375,0],"expected":[-0.625,0.125,0,-0.125,-0.375,0]}
CASE {"label":"n6-a1-r0-i0-p5-g2-f32","passed":true,"input":[0,0,100000000,0,0,100000000],"cotangent":[0,0,1,0,0,1],"actual":[0.5,0.5,0,0.5,0.5,0],"expected":[0.5,0.5,0,0.5,0.5,0]}
CASE {"label":"n6-a1-r0-i0-p5-g3-f32","passed":true,"input":[0,0,100000000,0,0,100000000],"cotangent":[0,0,0,0,0,0],"actual":[0,0,0,0,0,0],"expected":[0,0,0,0,0,0]}
CASE {"label":"n6-a1-r0-i0-p6-g0-f32","passed":true,"input":[100000000,0,0,100000000,0,0],"cotangent":[0,1,1,0,1,1],"actual":[2,0,0,2,0,0],"expected":[2,0,0,2,0,0]}
CASE {"label":"n6-a1-r0-i0-p6-g1-f32","passed":true,"input":[100000000,0,0,100000000,0,0],"cotangent":[0,-0.75,0.25,0,0.25,-0.75],"actual":[-0.5,0,0,-0.5,-0,0],"expected":[-0.5,0,0,-0.5,0,0]}
CASE {"label":"n6-a1-r0-i0-p6-g2-f32","passed":true,"input":[100000000,0,0,100000000,0,0],"cotangent":[0,0,1,0,0,1],"actual":[1,0,0,1,0,0],"expected":[1,0,0,1,0,0]}
CASE {"label":"n6-a1-r0-i0-p6-g3-f32","passed":true,"input":[100000000,0,0,100000000,0,0],"cotangent":[0,0,0,0,0,0],"actual":[0,0,0,0,0,0],"expected":[0,0,0,0,0,0]}
CASE {"label":"n6-a1-r0-i1-p0-g0-f32","passed":true,"input":[0,0.25,0.5,0,0.25,0.5],"cotangent":[1,1,1,1,1,1],"actual":[1.6920986175537109,0.8886723518371582,0.41922897100448608,1.6920986175537109,0.8886723518371582,0.41922897100448608],"expected":[1.6920987117046675,0.88867233668563483,0.4192289516096977,1.6920987117046675,0.88867233668563483,0.4192289516096977]}
CASE {"label":"n6-a1-r0-i1-p0-g1-f32","passed":true,"input":[0,0.25,0.5,0,0.25,0.5],"cotangent":[0.25,-0.75,0.25,-0.75,0.25,-0.75],"actual":[-0.014798820018768311,-0.3400084376335144,0.10480724275112152,-0.83125054836273193,-0.10432775318622589,-0.31442171335220337],"expected":[-0.014798821188034952,-0.34000841671438936,0.10480723790242442,-0.83125053466429877,-0.104327751628428,-0.31442171370727329]}
CASE {"label":"n6-a1-r0-i1-p0-g2-f32","passed":true,"input":[0,0.25,0.5,0,0.25,0.5],"cotangent":[0,0,1,0,0,1],"actual":[0.25427520275115967,0.32649582624435425,0.41922897100448608,0.25427520275115967,0.32649582624435425,0.41922897100448608],"expected":[0.25427521259046565,0.32649583579983671,0.4192289516096977,0.25427521259046565,0.32649583579983671,0.4192289516096977]}
CASE {"label":"n6-a1-r0-i1-p0-g3-f32","passed":true,"input":[0,0.25,0.5,0,0.25,0.5],"cotangent":[0,0,0,0,0,0],"actual":[0,0,0,0,0,0],"expected":[0,0,0,0,0,0]}
CASE {"label":"n6-a1-r0-i1-p1-g0-f32","passed":true,"input":[1000,1000.25,1000.5,1000,1000.25,1000.5],"cotangent":[1,1,1,1,1,1],"actual":[1.6920986175537109,0.8886723518371582,0.41922897100448608,1.6920986175537109,0.8886723518371582,0.41922897100448608],"expected":[1.6920987117046675,0.88867233668563483,0.4192289516096977,1.6920987117046675,0.88867233668563483,0.4192289516096977]}
CASE {"label":"n6-a1-r0-i1-p1-g1-f32","passed":true,"input":[1000,1000.25,1000.5,1000,1000.25,1000.5],"cotangent":[0.25,-0.75,0.25,-0.75,0.25,-0.75],"actual":[-0.014798820018768311,-0.3400084376335144,0.10480724275112152,-0.83125054836273193,-0.10432775318622589,-0.31442171335220337],"expected":[-0.014798821188034952,-0.34000841671438936,0.10480723790242442,-0.83125053466429877,-0.104327751628428,-0.31442171370727329]}
CASE {"label":"n6-a1-r0-i1-p1-g2-f32","passed":true,"input":[1000,1000.25,1000.5,1000,1000.25,1000.5],"cotangent":[0,0,1,0,0,1],"actual":[0.25427520275115967,0.32649582624435425,0.41922897100448608,0.25427520275115967,0.32649582624435425,0.41922897100448608],"expected":[0.25427521259046565,0.32649583579983671,0.4192289516096977,0.25427521259046565,0.32649583579983671,0.4192289516096977]}
CASE {"label":"n6-a1-r0-i1-p1-g3-f32","passed":true,"input":[1000,1000.25,1000.5,1000,1000.25,1000.5],"cotangent":[0,0,0,0,0,0],"actual":[0,0,0,0,0,0],"expected":[0,0,0,0,0,0]}
CASE {"label":"n6-a1-r0-i1-p2-g0-f32","passed":true,"input":[100000000,100000000,100000000,100000000,100000000,100000000],"cotangent":[1,1,1,1,1,1],"actual":[1.8333333730697632,0.83333337306976318,0.3333333432674408,1.8333333730697632,0.83333337306976318,0.3333333432674408],"expected":[1.8333333333333333,0.83333333333333326,0.33333333333333331,1.8333333333333333,0.83333333333333326,0.33333333333333331]}
CASE {"label":"n6-a1-r0-i1-p2-g1-f32","passed":true,"input":[100000000,100000000,100000000,100000000,100000000,100000000],"cotangent":[0.25,-0.75,0.25,-0.75,0.25,-0.75],"actual":[-0.041666656732559204,-0.2916666567325592,0.083333335816860199,-0.875,-0.125,-0.25],"expected":[-0.041666666666666671,-0.29166666666666669,0.083333333333333329,-0.875,-0.125,-0.25]}
CASE {"label":"n6-a1-r0-i1-p2-g2-f32","passed":true,"input":[100000000,100000000,100000000,100000000,100000000,100000000],"cotangent":[0,0,1,0,0,1],"actual":[0.3333333432674408,0.3333333432674408,0.3333333432674408,0.3333333432674408,0.3333333432674408,0.3333333432674408],"expected":[0.33333333333333331,0.33333333333333331,0.33333333333333331,0.33333333333333331,0.33333333333333331,0.33333333333333331]}
CASE {"label":"n6-a1-r0-i1-p2-g3-f32","passed":true,"input":[100000000,100000000,100000000,100000000,100000000,100000000],"cotangent":[0,0,0,0,0,0],"actual":[0,0,0,0,0,0],"expected":[0,0,0,0,0,0]}
CASE {"label":"n6-a1-r0-i1-p3-g0-f32","passed":true,"input":[-100000000,-100000000,-100000000,-100000000,-100000000,-100000000],"cotangent":[1,1,1,1,1,1],"actual":[1.8333333730697632,0.83333337306976318,0.3333333432674408,1.8333333730697632,0.83333337306976318,0.3333333432674408],"expected":[1.8333333333333333,0.83333333333333326,0.33333333333333331,1.8333333333333333,0.83333333333333326,0.33333333333333331]}
CASE {"label":"n6-a1-r0-i1-p3-g1-f32","passed":true,"input":[-100000000,-100000000,-100000000,-100000000,-100000000,-100000000],"cotangent":[0.25,-0.75,0.25,-0.75,0.25,-0.75],"actual":[-0.041666656732559204,-0.2916666567325592,0.083333335816860199,-0.875,-0.125,-0.25],"expected":[-0.041666666666666671,-0.29166666666666669,0.083333333333333329,-0.875,-0.125,-0.25]}
CASE {"label":"n6-a1-r0-i1-p3-g2-f32","passed":true,"input":[-100000000,-100000000,-100000000,-100000000,-100000000,-100000000],"cotangent":[0,0,1,0,0,1],"actual":[0.3333333432674408,0.3333333432674408,0.3333333432674408,0.3333333432674408,0.3333333432674408,0.3333333432674408],"expected":[0.33333333333333331,0.33333333333333331,0.33333333333333331,0.33333333333333331,0.33333333333333331,0.33333333333333331]}
CASE {"label":"n6-a1-r0-i1-p3-g3-f32","passed":true,"input":[-100000000,-100000000,-100000000,-100000000,-100000000,-100000000],"cotangent":[0,0,0,0,0,0],"actual":[0,0,0,0,0,0],"expected":[0,0,0,0,0,0]}
CASE {"label":"n6-a1-r0-i1-p4-g0-f32","passed":true,"input":[1.0000000200408773e+20,1.0000000200408773e+20,1.0000000200408773e+20,1.0000000200408773e+20,1.0000000200408773e+20,1.0000000200408773e+20],"cotangent":[1,1,1,1,1,1],"actual":[1.8333333730697632,0.83333337306976318,0.3333333432674408,1.8333333730697632,0.83333337306976318,0.3333333432674408],"expected":[1.8333333333333333,0.83333333333333326,0.33333333333333331,1.8333333333333333,0.83333333333333326,0.33333333333333331]}
CASE {"label":"n6-a1-r0-i1-p4-g1-f32","passed":true,"input":[1.0000000200408773e+20,1.0000000200408773e+20,1.0000000200408773e+20,1.0000000200408773e+20,1.0000000200408773e+20,1.0000000200408773e+20],"cotangent":[0.25,-0.75,0.25,-0.75,0.25,-0.75],"actual":[-0.041666656732559204,-0.2916666567325592,0.083333335816860199,-0.875,-0.125,-0.25],"expected":[-0.041666666666666671,-0.29166666666666669,0.083333333333333329,-0.875,-0.125,-0.25]}
CASE {"label":"n6-a1-r0-i1-p4-g2-f32","passed":true,"input":[1.0000000200408773e+20,1.0000000200408773e+20,1.0000000200408773e+20,1.0000000200408773e+20,1.0000000200408773e+20,1.0000000200408773e+20],"cotangent":[0,0,1,0,0,1],"actual":[0.3333333432674408,0.3333333432674408,0.3333333432674408,0.3333333432674408,0.3333333432674408,0.3333333432674408],"expected":[0.33333333333333331,0.33333333333333331,0.33333333333333331,0.33333333333333331,0.33333333333333331,0.33333333333333331]}
CASE {"label":"n6-a1-r0-i1-p4-g3-f32","passed":true,"input":[1.0000000200408773e+20,1.0000000200408773e+20,1.0000000200408773e+20,1.0000000200408773e+20,1.0000000200408773e+20,1.0000000200408773e+20],"cotangent":[0,0,0,0,0,0],"actual":[0,0,0,0,0,0],"expected":[0,0,0,0,0,0]}
CASE {"label":"n6-a1-r0-i1-p5-g0-f32","passed":true,"input":[0,0,100000000,0,0,100000000],"cotangent":[1,1,1,1,1,1],"actual":[1.5,0.5,1,1.5,0.5,1],"expected":[1.5,0.5,1,1.5,0.5,1]}
CASE {"label":"n6-a1-r0-i1-p5-g1-f32","passed":true,"input":[0,0,100000000,0,0,100000000],"cotangent":[0.25,-0.75,0.25,-0.75,0.25,-0.75],"actual":[-0.125,-0.375,0.25,-0.625,0.125,-0.75],"expected":[-0.125,-0.375,0.25,-0.625,0.125,-0.75]}
CASE {"label":"n6-a1-r0-i1-p5-g2-f32","passed":true,"input":[0,0,100000000,0,0,100000000],"cotangent":[0,0,1,0,0,1],"actual":[0,0,1,0,0,1],"expected":[0,0,1,0,0,1]}
CASE {"label":"n6-a1-r0-i1-p5-g3-f32","passed":true,"input":[0,0,100000000,0,0,100000000],"cotangent":[0,0,0,0,0,0],"actual":[0,0,0,0,0,0],"expected":[0,0,0,0,0,0]}
CASE {"label":"n6-a1-r0-i1-p6-g0-f32","passed":true,"input":[100000000,0,0,100000000,0,0],"cotangent":[1,1,1,1,1,1],"actual":[3,0,0,3,0,0],"expected":[3,0,0,3,0,0]}
CASE {"label":"n6-a1-r0-i1-p6-g1-f32","passed":true,"input":[100000000,0,0,100000000,0,0],"cotangent":[0.25,-0.75,0.25,-0.75,0.25,-0.75],"actual":[-0.25,-0,0,-1.25,-0,-0],"expected":[-0.25,0,0,-1.25,0,0]}
CASE {"label":"n6-a1-r0-i1-p6-g2-f32","passed":true,"input":[100000000,0,0,100000000,0,0],"cotangent":[0,0,1,0,0,1],"actual":[1,0,0,1,0,0],"expected":[1,0,0,1,0,0]}
CASE {"label":"n6-a1-r0-i1-p6-g3-f32","passed":true,"input":[100000000,0,0,100000000,0,0],"cotangent":[0,0,0,0,0,0],"actual":[0,0,0,0,0,0],"expected":[0,0,0,0,0,0]}
CASE {"label":"n6-a1-r1-i0-p0-g0-f32","passed":true,"input":[0,0.25,0.5,0,0.25,0.5],"cotangent":[1,1,0,1,1,0],"actual":[0,0.43782350420951843,1.5621764659881592,0,0.43782350420951843,1.5621764659881592],"expected":[0,0.43782349911420188,1.5621765008857982,0,0.43782349911420188,1.5621765008857982]}
CASE {"label":"n6-a1-r1-i0-p0-g1-f32","passed":true,"input":[0,0.25,0.5,0,0.25,0.5],"cotangent":[0.25,-0.75,0,-0.75,0.25,0],"actual":[0,0.10945587605237961,-0.60945588350296021,0,-0.32836762070655823,-0.17163240909576416],"expected":[0,0.10945587477855047,-0.60945587477855045,0,-0.32836762433565136,-0.17163237566434852]}
CASE {"label":"n6-a1-r1-i0-p0-g2-f32","passed":true,"input":[0,0.25,0.5,0,0.25,0.5],"cotangent":[1,0,0,1,0,0],"actual":[0,0.43782350420951843,0.56217652559280396,0,0.43782350420951843,0.56217652559280396],"expected":[0,0.43782349911420188,0.56217650088579807,0,0.43782349911420188,0.56217650088579807]}
CASE {"label":"n6-a1-r1-i0-p0-g3-f32","passed":true,"input":[0,0.25,0.5,0,0.25,0.5],"cotangent":[0,0,0,0,0,0],"actual":[0,0,0,0,0,0],"expected":[0,0,0,0,0,0]}
CASE {"label":"n6-a1-r1-i0-p1-g0-f32","passed":true,"input":[1000,1000.25,1000.5,1000,1000.25,1000.5],"cotangent":[1,1,0,1,1,0],"actual":[0,0.43782350420951843,1.5621764659881592,0,0.43782350420951843,1.5621764659881592],"expected":[0,0.43782349911420188,1.5621765008857982,0,0.43782349911420188,1.5621765008857982]}
CASE {"label":"n6-a1-r1-i0-p1-g1-f32","passed":true,"input":[1000,1000.25,1000.5,1000,1000.25,1000.5],"cotangent":[0.25,-0.75,0,-0.75,0.25,0],"actual":[0,0.10945587605237961,-0.60945588350296021,0,-0.32836762070655823,-0.17163240909576416],"expected":[0,0.10945587477855047,-0.60945587477855045,0,-0.32836762433565136,-0.17163237566434852]}
CASE {"label":"n6-a1-r1-i0-p1-g2-f32","passed":true,"input":[1000,1000.25,1000.5,1000,1000.25,1000.5],"cotangent":[1,0,0,1,0,0],"actual":[0,0.43782350420951843,0.56217652559280396,0,0.43782350420951843,0.56217652559280396],"expected":[0,0.43782349911420188,0.56217650088579807,0,0.43782349911420188,0.56217650088579807]}
CASE {"label":"n6-a1-r1-i0-p1-g3-f32","passed":true,"input":[1000,1000.25,1000.5,1000,1000.25,1000.5],"cotangent":[0,0,0,0,0,0],"actual":[0,0,0,0,0,0],"expected":[0,0,0,0,0,0]}
CASE {"label":"n6-a1-r1-i0-p2-g0-f32","passed":true,"input":[100000000,100000000,100000000,100000000,100000000,100000000],"cotangent":[1,1,0,1,1,0],"actual":[0,0.5,1.5,0,0.5,1.5],"expected":[0,0.5,1.5,0,0.5,1.5]}
CASE {"label":"n6-a1-r1-i0-p2-g1-f32","passed":true,"input":[100000000,100000000,100000000,100000000,100000000,100000000],"cotangent":[0.25,-0.75,0,-0.75,0.25,0],"actual":[0,0.125,-0.625,0,-0.375,-0.125],"expected":[0,0.125,-0.625,0,-0.375,-0.125]}
CASE {"label":"n6-a1-r1-i0-p2-g2-f32","passed":true,"input":[100000000,100000000,100000000,100000000,100000000,100000000],"cotangent":[1,0,0,1,0,0],"actual":[0,0.5,0.5,0,0.5,0.5],"expected":[0,0.5,0.5,0,0.5,0.5]}
CASE {"label":"n6-a1-r1-i0-p2-g3-f32","passed":true,"input":[100000000,100000000,100000000,100000000,100000000,100000000],"cotangent":[0,0,0,0,0,0],"actual":[0,0,0,0,0,0],"expected":[0,0,0,0,0,0]}
CASE {"label":"n6-a1-r1-i0-p3-g0-f32","passed":true,"input":[-100000000,-100000000,-100000000,-100000000,-100000000,-100000000],"cotangent":[1,1,0,1,1,0],"actual":[0,0.5,1.5,0,0.5,1.5],"expected":[0,0.5,1.5,0,0.5,1.5]}
CASE {"label":"n6-a1-r1-i0-p3-g1-f32","passed":true,"input":[-100000000,-100000000,-100000000,-100000000,-100000000,-100000000],"cotangent":[0.25,-0.75,0,-0.75,0.25,0],"actual":[0,0.125,-0.625,0,-0.375,-0.125],"expected":[0,0.125,-0.625,0,-0.375,-0.125]}
CASE {"label":"n6-a1-r1-i0-p3-g2-f32","passed":true,"input":[-100000000,-100000000,-100000000,-100000000,-100000000,-100000000],"cotangent":[1,0,0,1,0,0],"actual":[0,0.5,0.5,0,0.5,0.5],"expected":[0,0.5,0.5,0,0.5,0.5]}
CASE {"label":"n6-a1-r1-i0-p3-g3-f32","passed":true,"input":[-100000000,-100000000,-100000000,-100000000,-100000000,-100000000],"cotangent":[0,0,0,0,0,0],"actual":[0,0,0,0,0,0],"expected":[0,0,0,0,0,0]}
CASE {"label":"n6-a1-r1-i0-p4-g0-f32","passed":true,"input":[1.0000000200408773e+20,1.0000000200408773e+20,1.0000000200408773e+20,1.0000000200408773e+20,1.0000000200408773e+20,1.0000000200408773e+20],"cotangent":[1,1,0,1,1,0],"actual":[0,0.5,1.5,0,0.5,1.5],"expected":[0,0.5,1.5,0,0.5,1.5]}
CASE {"label":"n6-a1-r1-i0-p4-g1-f32","passed":true,"input":[1.0000000200408773e+20,1.0000000200408773e+20,1.0000000200408773e+20,1.0000000200408773e+20,1.0000000200408773e+20,1.0000000200408773e+20],"cotangent":[0.25,-0.75,0,-0.75,0.25,0],"actual":[0,0.125,-0.625,0,-0.375,-0.125],"expected":[0,0.125,-0.625,0,-0.375,-0.125]}
CASE {"label":"n6-a1-r1-i0-p4-g2-f32","passed":true,"input":[1.0000000200408773e+20,1.0000000200408773e+20,1.0000000200408773e+20,1.0000000200408773e+20,1.0000000200408773e+20,1.0000000200408773e+20],"cotangent":[1,0,0,1,0,0],"actual":[0,0.5,0.5,0,0.5,0.5],"expected":[0,0.5,0.5,0,0.5,0.5]}
CASE {"label":"n6-a1-r1-i0-p4-g3-f32","passed":true,"input":[1.0000000200408773e+20,1.0000000200408773e+20,1.0000000200408773e+20,1.0000000200408773e+20,1.0000000200408773e+20,1.0000000200408773e+20],"cotangent":[0,0,0,0,0,0],"actual":[0,0,0,0,0,0],"expected":[0,0,0,0,0,0]}
CASE {"label":"n6-a1-r1-i0-p5-g0-f32","passed":true,"input":[0,0,100000000,0,0,100000000],"cotangent":[1,1,0,1,1,0],"actual":[0,0,2,0,0,2],"expected":[0,0,2,0,0,2]}
CASE {"label":"n6-a1-r1-i0-p5-g1-f32","passed":true,"input":[0,0,100000000,0,0,100000000],"cotangent":[0.25,-0.75,0,-0.75,0.25,0],"actual":[0,0,-0.5,0,-0,-0.5],"expected":[0,0,-0.5,0,0,-0.5]}
CASE {"label":"n6-a1-r1-i0-p5-g2-f32","passed":true,"input":[0,0,100000000,0,0,100000000],"cotangent":[1,0,0,1,0,0],"actual":[0,0,1,0,0,1],"expected":[0,0,1,0,0,1]}
CASE {"label":"n6-a1-r1-i0-p5-g3-f32","passed":true,"input":[0,0,100000000,0,0,100000000],"cotangent":[0,0,0,0,0,0],"actual":[0,0,0,0,0,0],"expected":[0,0,0,0,0,0]}
CASE {"label":"n6-a1-r1-i0-p6-g0-f32","passed":true,"input":[100000000,0,0,100000000,0,0],"cotangent":[1,1,0,1,1,0],"actual":[0,0.5,1.5,0,0.5,1.5],"expected":[0,0.5,1.5,0,0.5,1.5]}
CASE {"label":"n6-a1-r1-i0-p6-g1-f32","passed":true,"input":[100000000,0,0,100000000,0,0],"cotangent":[0.25,-0.75,0,-0.75,0.25,0],"actual":[0,0.125,-0.625,0,-0.375,-0.125],"expected":[0,0.125,-0.625,0,-0.375,-0.125]}
CASE {"label":"n6-a1-r1-i0-p6-g2-f32","passed":true,"input":[100000000,0,0,100000000,0,0],"cotangent":[1,0,0,1,0,0],"actual":[0,0.5,0.5,0,0.5,0.5],"expected":[0,0.5,0.5,0,0.5,0.5]}
CASE {"label":"n6-a1-r1-i0-p6-g3-f32","passed":true,"input":[100000000,0,0,100000000,0,0],"cotangent":[0,0,0,0,0,0],"actual":[0,0,0,0,0,0],"expected":[0,0,0,0,0,0]}
CASE {"label":"n6-a1-r1-i1-p0-g0-f32","passed":true,"input":[0,0.25,0.5,0,0.25,0.5],"cotangent":[1,1,1,1,1,1],"actual":[0.25427523255348206,0.76431936025619507,1.98140549659729,0.25427523255348206,0.76431936025619507,1.98140549659729],"expected":[0.25427521259046565,0.76431933491403858,1.9814054524954958,0.25427521259046565,0.76431933491403858,1.9814054524954958]}
CASE {"label":"n6-a1-r1-i1-p0-g1-f32","passed":true,"input":[0,0.25,0.5,0,0.25,0.5],"cotangent":[0.25,-0.75,0.25,-0.75,0.25,-0.75],"actual":[0.063568808138370514,-0.24674367904663086,-0.066825181245803833,-0.19070643186569214,-0.13541601598262787,-0.92387759685516357],"expected":[0.063568803147616412,-0.2467436653856922,-0.066825137761924114,-0.19070640944284922,-0.13541600207132704,-0.9238775884858238]}
CASE {"label":"n6-a1-r1-i1-p0-g2-f32","passed":true,"input":[0,0.25,0.5,0,0.25,0.5],"cotangent":[1,0,0,1,0,0],"actual":[0.25427523255348206,0.32649585604667664,0.41922897100448608,0.25427523255348206,0.32649585604667664,0.41922897100448608],"expected":[0.25427521259046565,0.32649583579983671,0.4192289516096977,0.25427521259046565,0.32649583579983671,0.4192289516096977]}
CASE {"label":"n6-a1-r1-i1-p0-g3-f32","passed":true,"input":[0,0.25,0.5,0,0.25,0.5],"cotangent":[0,0,0,0,0,0],"actual":[0,0,0,0,0,0],"expected":[0,0,0,0,0,0]}
CASE {"label":"n6-a1-r1-i1-p1-g0-f32","passed":true,"input":[1000,1000.25,1000.5,1000,1000.25,1000.5],"cotangent":[1,1,1,1,1,1],"actual":[0.25427523255348206,0.76431936025619507,1.98140549659729,0.25427523255348206,0.76431936025619507,1.98140549659729],"expected":[0.25427521259046565,0.76431933491403858,1.9814054524954958,0.25427521259046565,0.76431933491403858,1.9814054524954958]}
CASE {"label":"n6-a1-r1-i1-p1-g1-f32","passed":true,"input":[1000,1000.25,1000.5,1000,1000.25,1000.5],"cotangent":[0.25,-0.75,0.25,-0.75,0.25,-0.75],"actual":[0.063568808138370514,-0.24674367904663086,-0.066825181245803833,-0.19070643186569214,-0.13541601598262787,-0.92387759685516357],"expected":[0.063568803147616412,-0.2467436653856922,-0.066825137761924114,-0.19070640944284922,-0.13541600207132704,-0.9238775884858238]}
CASE {"label":"n6-a1-r1-i1-p1-g2-f32","passed":true,"input":[1000,1000.25,1000.5,1000,1000.25,1000.5],"cotangent":[1,0,0,1,0,0],"actual":[0.25427523255348206,0.32649585604667664,0.41922897100448608,0.25427523255348206,0.32649585604667664,0.41922897100448608],"expected":[0.25427521259046565,0.32649583579983671,0.4192289516096977,0.25427521259046565,0.32649583579983671,0.4192289516096977]}
CASE {"label":"n6-a1-r1-i1-p1-g3-f32","passed":true,"input":[1000,1000.25,1000.5,1000,1000.25,1000.5],"cotangent":[0,0,0,0,0,0],"actual":[0,0,0,0,0,0],"expected":[0,0,0,0,0,0]}
CASE {"label":"n6-a1-r1-i1-p2-g0-f32","passed":true,"input":[100000000,100000000,100000000,100000000,100000000,100000000],"cotangent":[1,1,1,1,1,1],"actual":[0.3333333432674408,0.83333337306976318,1.8333333730697632,0.3333333432674408,0.83333337306976318,1.8333333730697632],"expected":[0.33333333333333331,0.83333333333333326,1.8333333333333333,0.33333333333333331,0.83333333333333326,1.8333333333333333]}
CASE {"label":"n6-a1-r1-i1-p2-g1-f32","passed":true,"input":[100000000,100000000,100000000,100000000,100000000,100000000],"cotangent":[0.25,-0.75,0.25,-0.75,0.25,-0.75],"actual":[0.083333335816860199,-0.2916666567325592,-0.041666656732559204,-0.25,-0.125,-0.875],"expected":[0.083333333333333329,-0.29166666666666669,-0.041666666666666685,-0.25,-0.125,-0.875]}
CASE {"label":"n6-a1-r1-i1-p2-g2-f32","passed":true,"input":[100000000,100000000,100000000,100000000,100000000,100000000],"cotangent":[1,0,0,1,0,0],"actual":[0.3333333432674408,0.3333333432674408,0.3333333432674408,0.3333333432674408,0.3333333432674408,0.3333333432674408],"expected":[0.33333333333333331,0.33333333333333331,0.33333333333333331,0.33333333333333331,0.33333333333333331,0.33333333333333331]}
CASE {"label":"n6-a1-r1-i1-p2-g3-f32","passed":true,"input":[100000000,100000000,100000000,100000000,100000000,100000000],"cotangent":[0,0,0,0,0,0],"actual":[0,0,0,0,0,0],"expected":[0,0,0,0,0,0]}
CASE {"label":"n6-a1-r1-i1-p3-g0-f32","passed":true,"input":[-100000000,-100000000,-100000000,-100000000,-100000000,-100000000],"cotangent":[1,1,1,1,1,1],"actual":[0.3333333432674408,0.83333337306976318,1.8333333730697632,0.3333333432674408,0.83333337306976318,1.8333333730697632],"expected":[0.33333333333333331,0.83333333333333326,1.8333333333333333,0.33333333333333331,0.83333333333333326,1.8333333333333333]}
CASE {"label":"n6-a1-r1-i1-p3-g1-f32","passed":true,"input":[-100000000,-100000000,-100000000,-100000000,-100000000,-100000000],"cotangent":[0.25,-0.75,0.25,-0.75,0.25,-0.75],"actual":[0.083333335816860199,-0.2916666567325592,-0.041666656732559204,-0.25,-0.125,-0.875],"expected":[0.083333333333333329,-0.29166666666666669,-0.041666666666666685,-0.25,-0.125,-0.875]}
CASE {"label":"n6-a1-r1-i1-p3-g2-f32","passed":true,"input":[-100000000,-100000000,-100000000,-100000000,-100000000,-100000000],"cotangent":[1,0,0,1,0,0],"actual":[0.3333333432674408,0.3333333432674408,0.3333333432674408,0.3333333432674408,0.3333333432674408,0.3333333432674408],"expected":[0.33333333333333331,0.33333333333333331,0.33333333333333331,0.33333333333333331,0.33333333333333331,0.33333333333333331]}
CASE {"label":"n6-a1-r1-i1-p3-g3-f32","passed":true,"input":[-100000000,-100000000,-100000000,-100000000,-100000000,-100000000],"cotangent":[0,0,0,0,0,0],"actual":[0,0,0,0,0,0],"expected":[0,0,0,0,0,0]}
CASE {"label":"n6-a1-r1-i1-p4-g0-f32","passed":true,"input":[1.0000000200408773e+20,1.0000000200408773e+20,1.0000000200408773e+20,1.0000000200408773e+20,1.0000000200408773e+20,1.0000000200408773e+20],"cotangent":[1,1,1,1,1,1],"actual":[0.3333333432674408,0.83333337306976318,1.8333333730697632,0.3333333432674408,0.83333337306976318,1.8333333730697632],"expected":[0.33333333333333331,0.83333333333333326,1.8333333333333333,0.33333333333333331,0.83333333333333326,1.8333333333333333]}
CASE {"label":"n6-a1-r1-i1-p4-g1-f32","passed":true,"input":[1.0000000200408773e+20,1.0000000200408773e+20,1.0000000200408773e+20,1.0000000200408773e+20,1.0000000200408773e+20,1.0000000200408773e+20],"cotangent":[0.25,-0.75,0.25,-0.75,0.25,-0.75],"actual":[0.083333335816860199,-0.2916666567325592,-0.041666656732559204,-0.25,-0.125,-0.875],"expected":[0.083333333333333329,-0.29166666666666669,-0.041666666666666685,-0.25,-0.125,-0.875]}
CASE {"label":"n6-a1-r1-i1-p4-g2-f32","passed":true,"input":[1.0000000200408773e+20,1.0000000200408773e+20,1.0000000200408773e+20,1.0000000200408773e+20,1.0000000200408773e+20,1.0000000200408773e+20],"cotangent":[1,0,0,1,0,0],"actual":[0.3333333432674408,0.3333333432674408,0.3333333432674408,0.3333333432674408,0.3333333432674408,0.3333333432674408],"expected":[0.33333333333333331,0.33333333333333331,0.33333333333333331,0.33333333333333331,0.33333333333333331,0.33333333333333331]}
CASE {"label":"n6-a1-r1-i1-p4-g3-f32","passed":true,"input":[1.0000000200408773e+20,1.0000000200408773e+20,1.0000000200408773e+20,1.0000000200408773e+20,1.0000000200408773e+20,1.0000000200408773e+20],"cotangent":[0,0,0,0,0,0],"actual":[0,0,0,0,0,0],"expected":[0,0,0,0,0,0]}
CASE {"label":"n6-a1-r1-i1-p5-g0-f32","passed":true,"input":[0,0,100000000,0,0,100000000],"cotangent":[1,1,1,1,1,1],"actual":[0,0,3,0,0,3],"expected":[0,0,3,0,0,3]}
CASE {"label":"n6-a1-r1-i1-p5-g1-f32","passed":true,"input":[0,0,100000000,0,0,100000000],"cotangent":[0.25,-0.75,0.25,-0.75,0.25,-0.75],"actual":[0,-0,-0.25,-0,-0,-1.25],"expected":[0,0,-0.25,0,0,-1.25]}
CASE {"label":"n6-a1-r1-i1-p5-g2-f32","passed":true,"input":[0,0,100000000,0,0,100000000],"cotangent":[1,0,0,1,0,0],"actual":[0,0,1,0,0,1],"expected":[0,0,1,0,0,1]}
CASE {"label":"n6-a1-r1-i1-p5-g3-f32","passed":true,"input":[0,0,100000000,0,0,100000000],"cotangent":[0,0,0,0,0,0],"actual":[0,0,0,0,0,0],"expected":[0,0,0,0,0,0]}
CASE {"label":"n6-a1-r1-i1-p6-g0-f32","passed":true,"input":[100000000,0,0,100000000,0,0],"cotangent":[1,1,1,1,1,1],"actual":[1,0.5,1.5,1,0.5,1.5],"expected":[1,0.5,1.5,1,0.5,1.5]}
CASE {"label":"n6-a1-r1-i1-p6-g1-f32","passed":true,"input":[100000000,0,0,100000000,0,0],"cotangent":[0.25,-0.75,0.25,-0.75,0.25,-0.75],"actual":[0.25,-0.375,-0.125,-0.75,0.125,-0.625],"expected":[0.25,-0.375,-0.125,-0.75,0.125,-0.625]}
CASE {"label":"n6-a1-r1-i1-p6-g2-f32","passed":true,"input":[100000000,0,0,100000000,0,0],"cotangent":[1,0,0,1,0,0],"actual":[1,0,0,1,0,0],"expected":[1,0,0,1,0,0]}
CASE {"label":"n6-a1-r1-i1-p6-g3-f32","passed":true,"input":[100000000,0,0,100000000,0,0],"cotangent":[0,0,0,0,0,0],"actual":[0,0,0,0,0,0],"expected":[0,0,0,0,0,0]}
CASE {"label":"n1-a0-r0-i0-p0-g0-f64","passed":true,"input":[0],"cotangent":[0],"actual":[0],"expected":[0]}
CASE {"label":"n1-a0-r0-i0-p0-g1-f64","passed":true,"input":[0],"cotangent":[0],"actual":[0],"expected":[0]}
CASE {"label":"n1-a0-r0-i0-p0-g2-f64","passed":true,"input":[0],"cotangent":[0],"actual":[0],"expected":[0]}
CASE {"label":"n1-a0-r0-i0-p0-g3-f64","passed":true,"input":[0],"cotangent":[0],"actual":[0],"expected":[0]}
CASE {"label":"n1-a0-r0-i0-p1-g0-f64","passed":true,"input":[1000],"cotangent":[0],"actual":[0],"expected":[0]}
CASE {"label":"n1-a0-r0-i0-p1-g1-f64","passed":true,"input":[1000],"cotangent":[0],"actual":[0],"expected":[0]}
CASE {"label":"n1-a0-r0-i0-p1-g2-f64","passed":true,"input":[1000],"cotangent":[0],"actual":[0],"expected":[0]}
CASE {"label":"n1-a0-r0-i0-p1-g3-f64","passed":true,"input":[1000],"cotangent":[0],"actual":[0],"expected":[0]}
CASE {"label":"n1-a0-r0-i0-p2-g0-f64","passed":true,"input":[100000000],"cotangent":[0],"actual":[0],"expected":[0]}
CASE {"label":"n1-a0-r0-i0-p2-g1-f64","passed":true,"input":[100000000],"cotangent":[0],"actual":[0],"expected":[0]}
CASE {"label":"n1-a0-r0-i0-p2-g2-f64","passed":true,"input":[100000000],"cotangent":[0],"actual":[0],"expected":[0]}
CASE {"label":"n1-a0-r0-i0-p2-g3-f64","passed":true,"input":[100000000],"cotangent":[0],"actual":[0],"expected":[0]}
CASE {"label":"n1-a0-r0-i0-p3-g0-f64","passed":true,"input":[-100000000],"cotangent":[0],"actual":[0],"expected":[0]}
CASE {"label":"n1-a0-r0-i0-p3-g1-f64","passed":true,"input":[-100000000],"cotangent":[0],"actual":[0],"expected":[0]}
CASE {"label":"n1-a0-r0-i0-p3-g2-f64","passed":true,"input":[-100000000],"cotangent":[0],"actual":[0],"expected":[0]}
CASE {"label":"n1-a0-r0-i0-p3-g3-f64","passed":true,"input":[-100000000],"cotangent":[0],"actual":[0],"expected":[0]}
CASE {"label":"n1-a0-r0-i0-p4-g0-f64","passed":true,"input":[1e+20],"cotangent":[0],"actual":[0],"expected":[0]}
CASE {"label":"n1-a0-r0-i0-p4-g1-f64","passed":true,"input":[1e+20],"cotangent":[0],"actual":[0],"expected":[0]}
CASE {"label":"n1-a0-r0-i0-p4-g2-f64","passed":true,"input":[1e+20],"cotangent":[0],"actual":[0],"expected":[0]}
CASE {"label":"n1-a0-r0-i0-p4-g3-f64","passed":true,"input":[1e+20],"cotangent":[0],"actual":[0],"expected":[0]}
CASE {"label":"n1-a0-r0-i0-p5-g0-f64","passed":true,"input":[100000000],"cotangent":[0],"actual":[0],"expected":[0]}
CASE {"label":"n1-a0-r0-i0-p5-g1-f64","passed":true,"input":[100000000],"cotangent":[0],"actual":[0],"expected":[0]}
CASE {"label":"n1-a0-r0-i0-p5-g2-f64","passed":true,"input":[100000000],"cotangent":[0],"actual":[0],"expected":[0]}
CASE {"label":"n1-a0-r0-i0-p5-g3-f64","passed":true,"input":[100000000],"cotangent":[0],"actual":[0],"expected":[0]}
CASE {"label":"n1-a0-r0-i0-p6-g0-f64","passed":true,"input":[100000000],"cotangent":[0],"actual":[0],"expected":[0]}
CASE {"label":"n1-a0-r0-i0-p6-g1-f64","passed":true,"input":[100000000],"cotangent":[0],"actual":[0],"expected":[0]}
CASE {"label":"n1-a0-r0-i0-p6-g2-f64","passed":true,"input":[100000000],"cotangent":[0],"actual":[0],"expected":[0]}
CASE {"label":"n1-a0-r0-i0-p6-g3-f64","passed":true,"input":[100000000],"cotangent":[0],"actual":[0],"expected":[0]}
CASE {"label":"n1-a0-r0-i1-p0-g0-f64","passed":true,"input":[0],"cotangent":[1],"actual":[1],"expected":[1]}
CASE {"label":"n1-a0-r0-i1-p0-g1-f64","passed":true,"input":[0],"cotangent":[0.25],"actual":[0.25],"expected":[0.25]}
CASE {"label":"n1-a0-r0-i1-p0-g2-f64","passed":true,"input":[0],"cotangent":[1],"actual":[1],"expected":[1]}
CASE {"label":"n1-a0-r0-i1-p0-g3-f64","passed":true,"input":[0],"cotangent":[0],"actual":[0],"expected":[0]}
CASE {"label":"n1-a0-r0-i1-p1-g0-f64","passed":true,"input":[1000],"cotangent":[1],"actual":[1],"expected":[1]}
CASE {"label":"n1-a0-r0-i1-p1-g1-f64","passed":true,"input":[1000],"cotangent":[0.25],"actual":[0.25],"expected":[0.25]}
CASE {"label":"n1-a0-r0-i1-p1-g2-f64","passed":true,"input":[1000],"cotangent":[1],"actual":[1],"expected":[1]}
CASE {"label":"n1-a0-r0-i1-p1-g3-f64","passed":true,"input":[1000],"cotangent":[0],"actual":[0],"expected":[0]}
CASE {"label":"n1-a0-r0-i1-p2-g0-f64","passed":true,"input":[100000000],"cotangent":[1],"actual":[1],"expected":[1]}
CASE {"label":"n1-a0-r0-i1-p2-g1-f64","passed":true,"input":[100000000],"cotangent":[0.25],"actual":[0.25],"expected":[0.25]}
CASE {"label":"n1-a0-r0-i1-p2-g2-f64","passed":true,"input":[100000000],"cotangent":[1],"actual":[1],"expected":[1]}
CASE {"label":"n1-a0-r0-i1-p2-g3-f64","passed":true,"input":[100000000],"cotangent":[0],"actual":[0],"expected":[0]}
CASE {"label":"n1-a0-r0-i1-p3-g0-f64","passed":true,"input":[-100000000],"cotangent":[1],"actual":[1],"expected":[1]}
CASE {"label":"n1-a0-r0-i1-p3-g1-f64","passed":true,"input":[-100000000],"cotangent":[0.25],"actual":[0.25],"expected":[0.25]}
CASE {"label":"n1-a0-r0-i1-p3-g2-f64","passed":true,"input":[-100000000],"cotangent":[1],"actual":[1],"expected":[1]}
CASE {"label":"n1-a0-r0-i1-p3-g3-f64","passed":true,"input":[-100000000],"cotangent":[0],"actual":[0],"expected":[0]}
CASE {"label":"n1-a0-r0-i1-p4-g0-f64","passed":true,"input":[1e+20],"cotangent":[1],"actual":[1],"expected":[1]}
CASE {"label":"n1-a0-r0-i1-p4-g1-f64","passed":true,"input":[1e+20],"cotangent":[0.25],"actual":[0.25],"expected":[0.25]}
CASE {"label":"n1-a0-r0-i1-p4-g2-f64","passed":true,"input":[1e+20],"cotangent":[1],"actual":[1],"expected":[1]}
CASE {"label":"n1-a0-r0-i1-p4-g3-f64","passed":true,"input":[1e+20],"cotangent":[0],"actual":[0],"expected":[0]}
CASE {"label":"n1-a0-r0-i1-p5-g0-f64","passed":true,"input":[100000000],"cotangent":[1],"actual":[1],"expected":[1]}
CASE {"label":"n1-a0-r0-i1-p5-g1-f64","passed":true,"input":[100000000],"cotangent":[0.25],"actual":[0.25],"expected":[0.25]}
CASE {"label":"n1-a0-r0-i1-p5-g2-f64","passed":true,"input":[100000000],"cotangent":[1],"actual":[1],"expected":[1]}
CASE {"label":"n1-a0-r0-i1-p5-g3-f64","passed":true,"input":[100000000],"cotangent":[0],"actual":[0],"expected":[0]}
CASE {"label":"n1-a0-r0-i1-p6-g0-f64","passed":true,"input":[100000000],"cotangent":[1],"actual":[1],"expected":[1]}
CASE {"label":"n1-a0-r0-i1-p6-g1-f64","passed":true,"input":[100000000],"cotangent":[0.25],"actual":[0.25],"expected":[0.25]}
CASE {"label":"n1-a0-r0-i1-p6-g2-f64","passed":true,"input":[100000000],"cotangent":[1],"actual":[1],"expected":[1]}
CASE {"label":"n1-a0-r0-i1-p6-g3-f64","passed":true,"input":[100000000],"cotangent":[0],"actual":[0],"expected":[0]}
CASE {"label":"n1-a0-r1-i0-p0-g0-f64","passed":true,"input":[0],"cotangent":[0],"actual":[0],"expected":[0]}
CASE {"label":"n1-a0-r1-i0-p0-g1-f64","passed":true,"input":[0],"cotangent":[0],"actual":[0],"expected":[0]}
CASE {"label":"n1-a0-r1-i0-p0-g2-f64","passed":true,"input":[0],"cotangent":[0],"actual":[0],"expected":[0]}
CASE {"label":"n1-a0-r1-i0-p0-g3-f64","passed":true,"input":[0],"cotangent":[0],"actual":[0],"expected":[0]}
CASE {"label":"n1-a0-r1-i0-p1-g0-f64","passed":true,"input":[1000],"cotangent":[0],"actual":[0],"expected":[0]}
CASE {"label":"n1-a0-r1-i0-p1-g1-f64","passed":true,"input":[1000],"cotangent":[0],"actual":[0],"expected":[0]}
CASE {"label":"n1-a0-r1-i0-p1-g2-f64","passed":true,"input":[1000],"cotangent":[0],"actual":[0],"expected":[0]}
CASE {"label":"n1-a0-r1-i0-p1-g3-f64","passed":true,"input":[1000],"cotangent":[0],"actual":[0],"expected":[0]}
CASE {"label":"n1-a0-r1-i0-p2-g0-f64","passed":true,"input":[100000000],"cotangent":[0],"actual":[0],"expected":[0]}
CASE {"label":"n1-a0-r1-i0-p2-g1-f64","passed":true,"input":[100000000],"cotangent":[0],"actual":[0],"expected":[0]}
CASE {"label":"n1-a0-r1-i0-p2-g2-f64","passed":true,"input":[100000000],"cotangent":[0],"actual":[0],"expected":[0]}
CASE {"label":"n1-a0-r1-i0-p2-g3-f64","passed":true,"input":[100000000],"cotangent":[0],"actual":[0],"expected":[0]}
CASE {"label":"n1-a0-r1-i0-p3-g0-f64","passed":true,"input":[-100000000],"cotangent":[0],"actual":[0],"expected":[0]}
CASE {"label":"n1-a0-r1-i0-p3-g1-f64","passed":true,"input":[-100000000],"cotangent":[0],"actual":[0],"expected":[0]}
CASE {"label":"n1-a0-r1-i0-p3-g2-f64","passed":true,"input":[-100000000],"cotangent":[0],"actual":[0],"expected":[0]}
CASE {"label":"n1-a0-r1-i0-p3-g3-f64","passed":true,"input":[-100000000],"cotangent":[0],"actual":[0],"expected":[0]}
CASE {"label":"n1-a0-r1-i0-p4-g0-f64","passed":true,"input":[1e+20],"cotangent":[0],"actual":[0],"expected":[0]}
CASE {"label":"n1-a0-r1-i0-p4-g1-f64","passed":true,"input":[1e+20],"cotangent":[0],"actual":[0],"expected":[0]}
CASE {"label":"n1-a0-r1-i0-p4-g2-f64","passed":true,"input":[1e+20],"cotangent":[0],"actual":[0],"expected":[0]}
CASE {"label":"n1-a0-r1-i0-p4-g3-f64","passed":true,"input":[1e+20],"cotangent":[0],"actual":[0],"expected":[0]}
CASE {"label":"n1-a0-r1-i0-p5-g0-f64","passed":true,"input":[100000000],"cotangent":[0],"actual":[0],"expected":[0]}
CASE {"label":"n1-a0-r1-i0-p5-g1-f64","passed":true,"input":[100000000],"cotangent":[0],"actual":[0],"expected":[0]}
CASE {"label":"n1-a0-r1-i0-p5-g2-f64","passed":true,"input":[100000000],"cotangent":[0],"actual":[0],"expected":[0]}
CASE {"label":"n1-a0-r1-i0-p5-g3-f64","passed":true,"input":[100000000],"cotangent":[0],"actual":[0],"expected":[0]}
CASE {"label":"n1-a0-r1-i0-p6-g0-f64","passed":true,"input":[100000000],"cotangent":[0],"actual":[0],"expected":[0]}
CASE {"label":"n1-a0-r1-i0-p6-g1-f64","passed":true,"input":[100000000],"cotangent":[0],"actual":[0],"expected":[0]}
CASE {"label":"n1-a0-r1-i0-p6-g2-f64","passed":true,"input":[100000000],"cotangent":[0],"actual":[0],"expected":[0]}
CASE {"label":"n1-a0-r1-i0-p6-g3-f64","passed":true,"input":[100000000],"cotangent":[0],"actual":[0],"expected":[0]}
CASE {"label":"n1-a0-r1-i1-p0-g0-f64","passed":true,"input":[0],"cotangent":[1],"actual":[1],"expected":[1]}
CASE {"label":"n1-a0-r1-i1-p0-g1-f64","passed":true,"input":[0],"cotangent":[0.25],"actual":[0.25],"expected":[0.25]}
CASE {"label":"n1-a0-r1-i1-p0-g2-f64","passed":true,"input":[0],"cotangent":[1],"actual":[1],"expected":[1]}
CASE {"label":"n1-a0-r1-i1-p0-g3-f64","passed":true,"input":[0],"cotangent":[0],"actual":[0],"expected":[0]}
CASE {"label":"n1-a0-r1-i1-p1-g0-f64","passed":true,"input":[1000],"cotangent":[1],"actual":[1],"expected":[1]}
CASE {"label":"n1-a0-r1-i1-p1-g1-f64","passed":true,"input":[1000],"cotangent":[0.25],"actual":[0.25],"expected":[0.25]}
CASE {"label":"n1-a0-r1-i1-p1-g2-f64","passed":true,"input":[1000],"cotangent":[1],"actual":[1],"expected":[1]}
CASE {"label":"n1-a0-r1-i1-p1-g3-f64","passed":true,"input":[1000],"cotangent":[0],"actual":[0],"expected":[0]}
CASE {"label":"n1-a0-r1-i1-p2-g0-f64","passed":true,"input":[100000000],"cotangent":[1],"actual":[1],"expected":[1]}
CASE {"label":"n1-a0-r1-i1-p2-g1-f64","passed":true,"input":[100000000],"cotangent":[0.25],"actual":[0.25],"expected":[0.25]}
CASE {"label":"n1-a0-r1-i1-p2-g2-f64","passed":true,"input":[100000000],"cotangent":[1],"actual":[1],"expected":[1]}
CASE {"label":"n1-a0-r1-i1-p2-g3-f64","passed":true,"input":[100000000],"cotangent":[0],"actual":[0],"expected":[0]}
CASE {"label":"n1-a0-r1-i1-p3-g0-f64","passed":true,"input":[-100000000],"cotangent":[1],"actual":[1],"expected":[1]}
CASE {"label":"n1-a0-r1-i1-p3-g1-f64","passed":true,"input":[-100000000],"cotangent":[0.25],"actual":[0.25],"expected":[0.25]}
CASE {"label":"n1-a0-r1-i1-p3-g2-f64","passed":true,"input":[-100000000],"cotangent":[1],"actual":[1],"expected":[1]}
CASE {"label":"n1-a0-r1-i1-p3-g3-f64","passed":true,"input":[-100000000],"cotangent":[0],"actual":[0],"expected":[0]}
CASE {"label":"n1-a0-r1-i1-p4-g0-f64","passed":true,"input":[1e+20],"cotangent":[1],"actual":[1],"expected":[1]}
CASE {"label":"n1-a0-r1-i1-p4-g1-f64","passed":true,"input":[1e+20],"cotangent":[0.25],"actual":[0.25],"expected":[0.25]}
CASE {"label":"n1-a0-r1-i1-p4-g2-f64","passed":true,"input":[1e+20],"cotangent":[1],"actual":[1],"expected":[1]}
CASE {"label":"n1-a0-r1-i1-p4-g3-f64","passed":true,"input":[1e+20],"cotangent":[0],"actual":[0],"expected":[0]}
CASE {"label":"n1-a0-r1-i1-p5-g0-f64","passed":true,"input":[100000000],"cotangent":[1],"actual":[1],"expected":[1]}
CASE {"label":"n1-a0-r1-i1-p5-g1-f64","passed":true,"input":[100000000],"cotangent":[0.25],"actual":[0.25],"expected":[0.25]}
CASE {"label":"n1-a0-r1-i1-p5-g2-f64","passed":true,"input":[100000000],"cotangent":[1],"actual":[1],"expected":[1]}
CASE {"label":"n1-a0-r1-i1-p5-g3-f64","passed":true,"input":[100000000],"cotangent":[0],"actual":[0],"expected":[0]}
CASE {"label":"n1-a0-r1-i1-p6-g0-f64","passed":true,"input":[100000000],"cotangent":[1],"actual":[1],"expected":[1]}
CASE {"label":"n1-a0-r1-i1-p6-g1-f64","passed":true,"input":[100000000],"cotangent":[0.25],"actual":[0.25],"expected":[0.25]}
CASE {"label":"n1-a0-r1-i1-p6-g2-f64","passed":true,"input":[100000000],"cotangent":[1],"actual":[1],"expected":[1]}
CASE {"label":"n1-a0-r1-i1-p6-g3-f64","passed":true,"input":[100000000],"cotangent":[0],"actual":[0],"expected":[0]}
CASE {"label":"n2-a0-r0-i0-p0-g0-f64","passed":true,"input":[0,0.25],"cotangent":[0,1],"actual":[1,0],"expected":[1,0]}
CASE {"label":"n2-a0-r0-i0-p0-g1-f64","passed":true,"input":[0,0.25],"cotangent":[0,-0.75],"actual":[-0.75,0],"expected":[-0.75,0]}
CASE {"label":"n2-a0-r0-i0-p0-g2-f64","passed":true,"input":[0,0.25],"cotangent":[0,1],"actual":[1,0],"expected":[1,0]}
CASE {"label":"n2-a0-r0-i0-p0-g3-f64","passed":true,"input":[0,0.25],"cotangent":[0,0],"actual":[0,0],"expected":[0,0]}
CASE {"label":"n2-a0-r0-i0-p1-g0-f64","passed":true,"input":[1000,1000.25],"cotangent":[0,1],"actual":[1,0],"expected":[1,0]}
CASE {"label":"n2-a0-r0-i0-p1-g1-f64","passed":true,"input":[1000,1000.25],"cotangent":[0,-0.75],"actual":[-0.75,0],"expected":[-0.75,0]}
CASE {"label":"n2-a0-r0-i0-p1-g2-f64","passed":true,"input":[1000,1000.25],"cotangent":[0,1],"actual":[1,0],"expected":[1,0]}
CASE {"label":"n2-a0-r0-i0-p1-g3-f64","passed":true,"input":[1000,1000.25],"cotangent":[0,0],"actual":[0,0],"expected":[0,0]}
CASE {"label":"n2-a0-r0-i0-p2-g0-f64","passed":true,"input":[100000000,100000000.25],"cotangent":[0,1],"actual":[1,0],"expected":[1,0]}
CASE {"label":"n2-a0-r0-i0-p2-g1-f64","passed":true,"input":[100000000,100000000.25],"cotangent":[0,-0.75],"actual":[-0.75,0],"expected":[-0.75,0]}
CASE {"label":"n2-a0-r0-i0-p2-g2-f64","passed":true,"input":[100000000,100000000.25],"cotangent":[0,1],"actual":[1,0],"expected":[1,0]}
CASE {"label":"n2-a0-r0-i0-p2-g3-f64","passed":true,"input":[100000000,100000000.25],"cotangent":[0,0],"actual":[0,0],"expected":[0,0]}
CASE {"label":"n2-a0-r0-i0-p3-g0-f64","passed":true,"input":[-100000000,-99999999.75],"cotangent":[0,1],"actual":[1,0],"expected":[1,0]}
CASE {"label":"n2-a0-r0-i0-p3-g1-f64","passed":true,"input":[-100000000,-99999999.75],"cotangent":[0,-0.75],"actual":[-0.75,0],"expected":[-0.75,0]}
CASE {"label":"n2-a0-r0-i0-p3-g2-f64","passed":true,"input":[-100000000,-99999999.75],"cotangent":[0,1],"actual":[1,0],"expected":[1,0]}
CASE {"label":"n2-a0-r0-i0-p3-g3-f64","passed":true,"input":[-100000000,-99999999.75],"cotangent":[0,0],"actual":[0,0],"expected":[0,0]}
CASE {"label":"n2-a0-r0-i0-p4-g0-f64","passed":true,"input":[1e+20,1e+20],"cotangent":[0,1],"actual":[1,0],"expected":[1,0]}
CASE {"label":"n2-a0-r0-i0-p4-g1-f64","passed":true,"input":[1e+20,1e+20],"cotangent":[0,-0.75],"actual":[-0.75,0],"expected":[-0.75,0]}
CASE {"label":"n2-a0-r0-i0-p4-g2-f64","passed":true,"input":[1e+20,1e+20],"cotangent":[0,1],"actual":[1,0],"expected":[1,0]}
CASE {"label":"n2-a0-r0-i0-p4-g3-f64","passed":true,"input":[1e+20,1e+20],"cotangent":[0,0],"actual":[0,0],"expected":[0,0]}
CASE {"label":"n2-a0-r0-i0-p5-g0-f64","passed":true,"input":[0,100000000],"cotangent":[0,1],"actual":[1,0],"expected":[1,0]}
CASE {"label":"n2-a0-r0-i0-p5-g1-f64","passed":true,"input":[0,100000000],"cotangent":[0,-0.75],"actual":[-0.75,0],"expected":[-0.75,0]}
CASE {"label":"n2-a0-r0-i0-p5-g2-f64","passed":true,"input":[0,100000000],"cotangent":[0,1],"actual":[1,0],"expected":[1,0]}
CASE {"label":"n2-a0-r0-i0-p5-g3-f64","passed":true,"input":[0,100000000],"cotangent":[0,0],"actual":[0,0],"expected":[0,0]}
CASE {"label":"n2-a0-r0-i0-p6-g0-f64","passed":true,"input":[100000000,0],"cotangent":[0,1],"actual":[1,0],"expected":[1,0]}
CASE {"label":"n2-a0-r0-i0-p6-g1-f64","passed":true,"input":[100000000,0],"cotangent":[0,-0.75],"actual":[-0.75,0],"expected":[-0.75,0]}
CASE {"label":"n2-a0-r0-i0-p6-g2-f64","passed":true,"input":[100000000,0],"cotangent":[0,1],"actual":[1,0],"expected":[1,0]}
CASE {"label":"n2-a0-r0-i0-p6-g3-f64","passed":true,"input":[100000000,0],"cotangent":[0,0],"actual":[0,0],"expected":[0,0]}
CASE {"label":"n2-a0-r0-i1-p0-g0-f64","passed":true,"input":[0,0.25],"cotangent":[1,1],"actual":[1.4378234991142018,0.56217650088579807],"expected":[1.4378234991142018,0.56217650088579807]}
CASE {"label":"n2-a0-r0-i1-p0-g1-f64","passed":true,"input":[0,0.25],"cotangent":[0.25,-0.75],"actual":[-0.07836762433565142,-0.42163237566434852],"expected":[-0.078367624335651365,-0.42163237566434852]}
CASE {"label":"n2-a0-r0-i1-p0-g2-f64","passed":true,"input":[0,0.25],"cotangent":[0,1],"actual":[0.43782349911420188,0.56217650088579807],"expected":[0.43782349911420188,0.56217650088579807]}
CASE {"label":"n2-a0-r0-i1-p0-g3-f64","passed":true,"input":[0,0.25],"cotangent":[0,0],"actual":[0,0],"expected":[0,0]}
CASE {"label":"n2-a0-r0-i1-p1-g0-f64","passed":true,"input":[1000,1000.25],"cotangent":[1,1],"actual":[1.4378234991142018,0.56217650088579807],"expected":[1.4378234991142018,0.56217650088579807]}
CASE {"label":"n2-a0-r0-i1-p1-g1-f64","passed":true,"input":[1000,1000.25],"cotangent":[0.25,-0.75],"actual":[-0.07836762433565142,-0.42163237566434852],"expected":[-0.078367624335651365,-0.42163237566434852]}
CASE {"label":"n2-a0-r0-i1-p1-g2-f64","passed":true,"input":[1000,1000.25],"cotangent":[0,1],"actual":[0.43782349911420188,0.56217650088579807],"expected":[0.43782349911420188,0.56217650088579807]}
CASE {"label":"n2-a0-r0-i1-p1-g3-f64","passed":true,"input":[1000,1000.25],"cotangent":[0,0],"actual":[0,0],"expected":[0,0]}
CASE {"label":"n2-a0-r0-i1-p2-g0-f64","passed":true,"input":[100000000,100000000.25],"cotangent":[1,1],"actual":[1.4378234991142018,0.56217650088579807],"expected":[1.4378234991142018,0.56217650088579807]}
CASE {"label":"n2-a0-r0-i1-p2-g1-f64","passed":true,"input":[100000000,100000000.25],"cotangent":[0.25,-0.75],"actual":[-0.07836762433565142,-0.42163237566434852],"expected":[-0.078367624335651365,-0.42163237566434852]}
CASE {"label":"n2-a0-r0-i1-p2-g2-f64","passed":true,"input":[100000000,100000000.25],"cotangent":[0,1],"actual":[0.43782349911420188,0.56217650088579807],"expected":[0.43782349911420188,0.56217650088579807]}
CASE {"label":"n2-a0-r0-i1-p2-g3-f64","passed":true,"input":[100000000,100000000.25],"cotangent":[0,0],"actual":[0,0],"expected":[0,0]}
CASE {"label":"n2-a0-r0-i1-p3-g0-f64","passed":true,"input":[-100000000,-99999999.75],"cotangent":[1,1],"actual":[1.4378234991142018,0.56217650088579807],"expected":[1.4378234991142018,0.56217650088579807]}
CASE {"label":"n2-a0-r0-i1-p3-g1-f64","passed":true,"input":[-100000000,-99999999.75],"cotangent":[0.25,-0.75],"actual":[-0.07836762433565142,-0.42163237566434852],"expected":[-0.078367624335651365,-0.42163237566434852]}
CASE {"label":"n2-a0-r0-i1-p3-g2-f64","passed":true,"input":[-100000000,-99999999.75],"cotangent":[0,1],"actual":[0.43782349911420188,0.56217650088579807],"expected":[0.43782349911420188,0.56217650088579807]}
CASE {"label":"n2-a0-r0-i1-p3-g3-f64","passed":true,"input":[-100000000,-99999999.75],"cotangent":[0,0],"actual":[0,0],"expected":[0,0]}
CASE {"label":"n2-a0-r0-i1-p4-g0-f64","passed":true,"input":[1e+20,1e+20],"cotangent":[1,1],"actual":[1.5,0.5],"expected":[1.5,0.5]}
CASE {"label":"n2-a0-r0-i1-p4-g1-f64","passed":true,"input":[1e+20,1e+20],"cotangent":[0.25,-0.75],"actual":[-0.125,-0.375],"expected":[-0.125,-0.375]}
CASE {"label":"n2-a0-r0-i1-p4-g2-f64","passed":true,"input":[1e+20,1e+20],"cotangent":[0,1],"actual":[0.5,0.5],"expected":[0.5,0.5]}
CASE {"label":"n2-a0-r0-i1-p4-g3-f64","passed":true,"input":[1e+20,1e+20],"cotangent":[0,0],"actual":[0,0],"expected":[0,0]}
CASE {"label":"n2-a0-r0-i1-p5-g0-f64","passed":true,"input":[0,100000000],"cotangent":[1,1],"actual":[1,1],"expected":[1,1]}
CASE {"label":"n2-a0-r0-i1-p5-g1-f64","passed":true,"input":[0,100000000],"cotangent":[0.25,-0.75],"actual":[0.25,-0.75],"expected":[0.25,-0.75]}
CASE {"label":"n2-a0-r0-i1-p5-g2-f64","passed":true,"input":[0,100000000],"cotangent":[0,1],"actual":[0,1],"expected":[0,1]}
CASE {"label":"n2-a0-r0-i1-p5-g3-f64","passed":true,"input":[0,100000000],"cotangent":[0,0],"actual":[0,0],"expected":[0,0]}
CASE {"label":"n2-a0-r0-i1-p6-g0-f64","passed":true,"input":[100000000,0],"cotangent":[1,1],"actual":[2,0],"expected":[2,0]}
CASE {"label":"n2-a0-r0-i1-p6-g1-f64","passed":true,"input":[100000000,0],"cotangent":[0.25,-0.75],"actual":[-0.5,-0],"expected":[-0.5,0]}
CASE {"label":"n2-a0-r0-i1-p6-g2-f64","passed":true,"input":[100000000,0],"cotangent":[0,1],"actual":[1,0],"expected":[1,0]}
CASE {"label":"n2-a0-r0-i1-p6-g3-f64","passed":true,"input":[100000000,0],"cotangent":[0,0],"actual":[0,0],"expected":[0,0]}
CASE {"label":"n2-a0-r1-i0-p0-g0-f64","passed":true,"input":[0,0.25],"cotangent":[1,0],"actual":[0,1],"expected":[0,1]}
CASE {"label":"n2-a0-r1-i0-p0-g1-f64","passed":true,"input":[0,0.25],"cotangent":[0.25,0],"actual":[0,0.25],"expected":[0,0.25]}
CASE {"label":"n2-a0-r1-i0-p0-g2-f64","passed":true,"input":[0,0.25],"cotangent":[1,0],"actual":[0,1],"expected":[0,1]}
CASE {"label":"n2-a0-r1-i0-p0-g3-f64","passed":true,"input":[0,0.25],"cotangent":[0,0],"actual":[0,0],"expected":[0,0]}
CASE {"label":"n2-a0-r1-i0-p1-g0-f64","passed":true,"input":[1000,1000.25],"cotangent":[1,0],"actual":[0,1],"expected":[0,1]}
CASE {"label":"n2-a0-r1-i0-p1-g1-f64","passed":true,"input":[1000,1000.25],"cotangent":[0.25,0],"actual":[0,0.25],"expected":[0,0.25]}
CASE {"label":"n2-a0-r1-i0-p1-g2-f64","passed":true,"input":[1000,1000.25],"cotangent":[1,0],"actual":[0,1],"expected":[0,1]}
CASE {"label":"n2-a0-r1-i0-p1-g3-f64","passed":true,"input":[1000,1000.25],"cotangent":[0,0],"actual":[0,0],"expected":[0,0]}
CASE {"label":"n2-a0-r1-i0-p2-g0-f64","passed":true,"input":[100000000,100000000.25],"cotangent":[1,0],"actual":[0,1],"expected":[0,1]}
CASE {"label":"n2-a0-r1-i0-p2-g1-f64","passed":true,"input":[100000000,100000000.25],"cotangent":[0.25,0],"actual":[0,0.25],"expected":[0,0.25]}
CASE {"label":"n2-a0-r1-i0-p2-g2-f64","passed":true,"input":[100000000,100000000.25],"cotangent":[1,0],"actual":[0,1],"expected":[0,1]}
CASE {"label":"n2-a0-r1-i0-p2-g3-f64","passed":true,"input":[100000000,100000000.25],"cotangent":[0,0],"actual":[0,0],"expected":[0,0]}
CASE {"label":"n2-a0-r1-i0-p3-g0-f64","passed":true,"input":[-100000000,-99999999.75],"cotangent":[1,0],"actual":[0,1],"expected":[0,1]}
CASE {"label":"n2-a0-r1-i0-p3-g1-f64","passed":true,"input":[-100000000,-99999999.75],"cotangent":[0.25,0],"actual":[0,0.25],"expected":[0,0.25]}
CASE {"label":"n2-a0-r1-i0-p3-g2-f64","passed":true,"input":[-100000000,-99999999.75],"cotangent":[1,0],"actual":[0,1],"expected":[0,1]}
CASE {"label":"n2-a0-r1-i0-p3-g3-f64","passed":true,"input":[-100000000,-99999999.75],"cotangent":[0,0],"actual":[0,0],"expected":[0,0]}
CASE {"label":"n2-a0-r1-i0-p4-g0-f64","passed":true,"input":[1e+20,1e+20],"cotangent":[1,0],"actual":[0,1],"expected":[0,1]}
CASE {"label":"n2-a0-r1-i0-p4-g1-f64","passed":true,"input":[1e+20,1e+20],"cotangent":[0.25,0],"actual":[0,0.25],"expected":[0,0.25]}
CASE {"label":"n2-a0-r1-i0-p4-g2-f64","passed":true,"input":[1e+20,1e+20],"cotangent":[1,0],"actual":[0,1],"expected":[0,1]}
CASE {"label":"n2-a0-r1-i0-p4-g3-f64","passed":true,"input":[1e+20,1e+20],"cotangent":[0,0],"actual":[0,0],"expected":[0,0]}
CASE {"label":"n2-a0-r1-i0-p5-g0-f64","passed":true,"input":[0,100000000],"cotangent":[1,0],"actual":[0,1],"expected":[0,1]}
CASE {"label":"n2-a0-r1-i0-p5-g1-f64","passed":true,"input":[0,100000000],"cotangent":[0.25,0],"actual":[0,0.25],"expected":[0,0.25]}
CASE {"label":"n2-a0-r1-i0-p5-g2-f64","passed":true,"input":[0,100000000],"cotangent":[1,0],"actual":[0,1],"expected":[0,1]}
CASE {"label":"n2-a0-r1-i0-p5-g3-f64","passed":true,"input":[0,100000000],"cotangent":[0,0],"actual":[0,0],"expected":[0,0]}
CASE {"label":"n2-a0-r1-i0-p6-g0-f64","passed":true,"input":[100000000,0],"cotangent":[1,0],"actual":[0,1],"expected":[0,1]}
CASE {"label":"n2-a0-r1-i0-p6-g1-f64","passed":true,"input":[100000000,0],"cotangent":[0.25,0],"actual":[0,0.25],"expected":[0,0.25]}
CASE {"label":"n2-a0-r1-i0-p6-g2-f64","passed":true,"input":[100000000,0],"cotangent":[1,0],"actual":[0,1],"expected":[0,1]}
CASE {"label":"n2-a0-r1-i0-p6-g3-f64","passed":true,"input":[100000000,0],"cotangent":[0,0],"actual":[0,0],"expected":[0,0]}
CASE {"label":"n2-a0-r1-i1-p0-g0-f64","passed":true,"input":[0,0.25],"cotangent":[1,1],"actual":[0.43782349911420188,1.5621765008857982],"expected":[0.43782349911420188,1.5621765008857982]}
CASE {"label":"n2-a0-r1-i1-p0-g1-f64","passed":true,"input":[0,0.25],"cotangent":[0.25,-0.75],"actual":[0.10945587477855047,-0.60945587477855045],"expected":[0.10945587477855047,-0.60945587477855045]}
CASE {"label":"n2-a0-r1-i1-p0-g2-f64","passed":true,"input":[0,0.25],"cotangent":[1,0],"actual":[0.43782349911420188,0.56217650088579807],"expected":[0.43782349911420188,0.56217650088579807]}
CASE {"label":"n2-a0-r1-i1-p0-g3-f64","passed":true,"input":[0,0.25],"cotangent":[0,0],"actual":[0,0],"expected":[0,0]}
CASE {"label":"n2-a0-r1-i1-p1-g0-f64","passed":true,"input":[1000,1000.25],"cotangent":[1,1],"actual":[0.43782349911420188,1.5621765008857982],"expected":[0.43782349911420188,1.5621765008857982]}
CASE {"label":"n2-a0-r1-i1-p1-g1-f64","passed":true,"input":[1000,1000.25],"cotangent":[0.25,-0.75],"actual":[0.10945587477855047,-0.60945587477855045],"expected":[0.10945587477855047,-0.60945587477855045]}
CASE {"label":"n2-a0-r1-i1-p1-g2-f64","passed":true,"input":[1000,1000.25],"cotangent":[1,0],"actual":[0.43782349911420188,0.56217650088579807],"expected":[0.43782349911420188,0.56217650088579807]}
CASE {"label":"n2-a0-r1-i1-p1-g3-f64","passed":true,"input":[1000,1000.25],"cotangent":[0,0],"actual":[0,0],"expected":[0,0]}
CASE {"label":"n2-a0-r1-i1-p2-g0-f64","passed":true,"input":[100000000,100000000.25],"cotangent":[1,1],"actual":[0.43782349911420188,1.5621765008857982],"expected":[0.43782349911420188,1.5621765008857982]}
CASE {"label":"n2-a0-r1-i1-p2-g1-f64","passed":true,"input":[100000000,100000000.25],"cotangent":[0.25,-0.75],"actual":[0.10945587477855047,-0.60945587477855045],"expected":[0.10945587477855047,-0.60945587477855045]}
CASE {"label":"n2-a0-r1-i1-p2-g2-f64","passed":true,"input":[100000000,100000000.25],"cotangent":[1,0],"actual":[0.43782349911420188,0.56217650088579807],"expected":[0.43782349911420188,0.56217650088579807]}
CASE {"label":"n2-a0-r1-i1-p2-g3-f64","passed":true,"input":[100000000,100000000.25],"cotangent":[0,0],"actual":[0,0],"expected":[0,0]}
CASE {"label":"n2-a0-r1-i1-p3-g0-f64","passed":true,"input":[-100000000,-99999999.75],"cotangent":[1,1],"actual":[0.43782349911420188,1.5621765008857982],"expected":[0.43782349911420188,1.5621765008857982]}
CASE {"label":"n2-a0-r1-i1-p3-g1-f64","passed":true,"input":[-100000000,-99999999.75],"cotangent":[0.25,-0.75],"actual":[0.10945587477855047,-0.60945587477855045],"expected":[0.10945587477855047,-0.60945587477855045]}
CASE {"label":"n2-a0-r1-i1-p3-g2-f64","passed":true,"input":[-100000000,-99999999.75],"cotangent":[1,0],"actual":[0.43782349911420188,0.56217650088579807],"expected":[0.43782349911420188,0.56217650088579807]}
CASE {"label":"n2-a0-r1-i1-p3-g3-f64","passed":true,"input":[-100000000,-99999999.75],"cotangent":[0,0],"actual":[0,0],"expected":[0,0]}
CASE {"label":"n2-a0-r1-i1-p4-g0-f64","passed":true,"input":[1e+20,1e+20],"cotangent":[1,1],"actual":[0.5,1.5],"expected":[0.5,1.5]}
CASE {"label":"n2-a0-r1-i1-p4-g1-f64","passed":true,"input":[1e+20,1e+20],"cotangent":[0.25,-0.75],"actual":[0.125,-0.625],"expected":[0.125,-0.625]}
CASE {"label":"n2-a0-r1-i1-p4-g2-f64","passed":true,"input":[1e+20,1e+20],"cotangent":[1,0],"actual":[0.5,0.5],"expected":[0.5,0.5]}
CASE {"label":"n2-a0-r1-i1-p4-g3-f64","passed":true,"input":[1e+20,1e+20],"cotangent":[0,0],"actual":[0,0],"expected":[0,0]}
CASE {"label":"n2-a0-r1-i1-p5-g0-f64","passed":true,"input":[0,100000000],"cotangent":[1,1],"actual":[0,2],"expected":[0,2]}
CASE {"label":"n2-a0-r1-i1-p5-g1-f64","passed":true,"input":[0,100000000],"cotangent":[0.25,-0.75],"actual":[0,-0.5],"expected":[0,-0.5]}
CASE {"label":"n2-a0-r1-i1-p5-g2-f64","passed":true,"input":[0,100000000],"cotangent":[1,0],"actual":[0,1],"expected":[0,1]}
CASE {"label":"n2-a0-r1-i1-p5-g3-f64","passed":true,"input":[0,100000000],"cotangent":[0,0],"actual":[0,0],"expected":[0,0]}
CASE {"label":"n2-a0-r1-i1-p6-g0-f64","passed":true,"input":[100000000,0],"cotangent":[1,1],"actual":[1,1],"expected":[1,1]}
CASE {"label":"n2-a0-r1-i1-p6-g1-f64","passed":true,"input":[100000000,0],"cotangent":[0.25,-0.75],"actual":[0.25,-0.75],"expected":[0.25,-0.75]}
CASE {"label":"n2-a0-r1-i1-p6-g2-f64","passed":true,"input":[100000000,0],"cotangent":[1,0],"actual":[1,0],"expected":[1,0]}
CASE {"label":"n2-a0-r1-i1-p6-g3-f64","passed":true,"input":[100000000,0],"cotangent":[0,0],"actual":[0,0],"expected":[0,0]}
CASE {"label":"n4-a0-r0-i0-p0-g0-f64","passed":true,"input":[0,0.25,0.5,0],"cotangent":[0,1,1,1],"actual":[1.6920987117046675,0.88867233668563472,0.41922895160969764,0],"expected":[1.6920987117046675,0.88867233668563483,0.4192289516096977,0]}
CASE {"label":"n4-a0-r0-i0-p0-g1-f64","passed":true,"input":[0,0.25,0.5,0],"cotangent":[0,-0.75,0.25,-0.75],"actual":[-0.83125053466429866,-0.10432775162842793,-0.31442171370727323,0],"expected":[-0.83125053466429877,-0.104327751628428,-0.31442171370727329,0]}
CASE {"label":"n4-a0-r0-i0-p0-g2-f64","passed":true,"input":[0,0.25,0.5,0],"cotangent":[0,0,0,1],"actual":[0.25427521259046559,0.3264958357998366,0.41922895160969764,0],"expected":[0.25427521259046565,0.32649583579983671,0.4192289516096977,0]}
CASE {"label":"n4-a0-r0-i0-p0-g3-f64","passed":true,"input":[0,0.25,0.5,0],"cotangent":[0,0,0,0],"actual":[0,0,0,0],"expected":[0,0,0,0]}
CASE {"label":"n4-a0-r0-i0-p1-g0-f64","passed":true,"input":[1000,1000.25,1000.5,1000],"cotangent":[0,1,1,1],"actual":[1.6920987117046675,0.88867233668563472,0.41922895160969764,0],"expected":[1.6920987117046675,0.88867233668563483,0.4192289516096977,0]}
CASE {"label":"n4-a0-r0-i0-p1-g1-f64","passed":true,"input":[1000,1000.25,1000.5,1000],"cotangent":[0,-0.75,0.25,-0.75],"actual":[-0.83125053466429866,-0.10432775162842793,-0.31442171370727323,0],"expected":[-0.83125053466429877,-0.104327751628428,-0.31442171370727329,0]}
CASE {"label":"n4-a0-r0-i0-p1-g2-f64","passed":true,"input":[1000,1000.25,1000.5,1000],"cotangent":[0,0,0,1],"actual":[0.25427521259046559,0.3264958357998366,0.41922895160969764,0],"expected":[0.25427521259046565,0.32649583579983671,0.4192289516096977,0]}
CASE {"label":"n4-a0-r0-i0-p1-g3-f64","passed":true,"input":[1000,1000.25,1000.5,1000],"cotangent":[0,0,0,0],"actual":[0,0,0,0],"expected":[0,0,0,0]}
CASE {"label":"n4-a0-r0-i0-p2-g0-f64","passed":true,"input":[100000000,100000000.25,100000000.5,100000000],"cotangent":[0,1,1,1],"actual":[1.6920987117046675,0.88867233668563472,0.41922895160969764,0],"expected":[1.6920987117046675,0.88867233668563483,0.4192289516096977,0]}
CASE {"label":"n4-a0-r0-i0-p2-g1-f64","passed":true,"input":[100000000,100000000.25,100000000.5,100000000],"cotangent":[0,-0.75,0.25,-0.75],"actual":[-0.83125053466429866,-0.10432775162842793,-0.31442171370727323,0],"expected":[-0.83125053466429877,-0.104327751628428,-0.31442171370727329,0]}
CASE {"label":"n4-a0-r0-i0-p2-g2-f64","passed":true,"input":[100000000,100000000.25,100000000.5,100000000],"cotangent":[0,0,0,1],"actual":[0.25427521259046559,0.3264958357998366,0.41922895160969764,0],"expected":[0.25427521259046565,0.32649583579983671,0.4192289516096977,0]}
CASE {"label":"n4-a0-r0-i0-p2-g3-f64","passed":true,"input":[100000000,100000000.25,100000000.5,100000000],"cotangent":[0,0,0,0],"actual":[0,0,0,0],"expected":[0,0,0,0]}
CASE {"label":"n4-a0-r0-i0-p3-g0-f64","passed":true,"input":[-100000000,-99999999.75,-99999999.5,-100000000],"cotangent":[0,1,1,1],"actual":[1.6920987117046675,0.88867233668563472,0.41922895160969764,0],"expected":[1.6920987117046675,0.88867233668563483,0.4192289516096977,0]}
CASE {"label":"n4-a0-r0-i0-p3-g1-f64","passed":true,"input":[-100000000,-99999999.75,-99999999.5,-100000000],"cotangent":[0,-0.75,0.25,-0.75],"actual":[-0.83125053466429866,-0.10432775162842793,-0.31442171370727323,0],"expected":[-0.83125053466429877,-0.104327751628428,-0.31442171370727329,0]}
CASE {"label":"n4-a0-r0-i0-p3-g2-f64","passed":true,"input":[-100000000,-99999999.75,-99999999.5,-100000000],"cotangent":[0,0,0,1],"actual":[0.25427521259046559,0.3264958357998366,0.41922895160969764,0],"expected":[0.25427521259046565,0.32649583579983671,0.4192289516096977,0]}
CASE {"label":"n4-a0-r0-i0-p3-g3-f64","passed":true,"input":[-100000000,-99999999.75,-99999999.5,-100000000],"cotangent":[0,0,0,0],"actual":[0,0,0,0],"expected":[0,0,0,0]}
CASE {"label":"n4-a0-r0-i0-p4-g0-f64","passed":true,"input":[1e+20,1e+20,1e+20,1e+20],"cotangent":[0,1,1,1],"actual":[1.8333333333333333,0.83333333333333326,0.33333333333333331,0],"expected":[1.8333333333333333,0.83333333333333326,0.33333333333333331,0]}
CASE {"label":"n4-a0-r0-i0-p4-g1-f64","passed":true,"input":[1e+20,1e+20,1e+20,1e+20],"cotangent":[0,-0.75,0.25,-0.75],"actual":[-0.875,-0.125,-0.25,0],"expected":[-0.875,-0.125,-0.25,0]}
CASE {"label":"n4-a0-r0-i0-p4-g2-f64","passed":true,"input":[1e+20,1e+20,1e+20,1e+20],"cotangent":[0,0,0,1],"actual":[0.33333333333333331,0.33333333333333331,0.33333333333333331,0],"expected":[0.33333333333333331,0.33333333333333331,0.33333333333333331,0]}
CASE {"label":"n4-a0-r0-i0-p4-g3-f64","passed":true,"input":[1e+20,1e+20,1e+20,1e+20],"cotangent":[0,0,0,0],"actual":[0,0,0,0],"expected":[0,0,0,0]}
CASE {"label":"n4-a0-r0-i0-p5-g0-f64","passed":true,"input":[0,0,0,100000000],"cotangent":[0,1,1,1],"actual":[1.8333333333333333,0.83333333333333326,0.33333333333333331,0],"expected":[1.8333333333333333,0.83333333333333326,0.33333333333333331,0]}
CASE {"label":"n4-a0-r0-i0-p5-g1-f64","passed":true,"input":[0,0,0,100000000],"cotangent":[0,-0.75,0.25,-0.75],"actual":[-0.875,-0.125,-0.25,0],"expected":[-0.875,-0.125,-0.25,0]}
CASE {"label":"n4-a0-r0-i0-p5-g2-f64","passed":true,"input":[0,0,0,100000000],"cotangent":[0,0,0,1],"actual":[0.33333333333333331,0.33333333333333331,0.33333333333333331,0],"expected":[0.33333333333333331,0.33333333333333331,0.33333333333333331,0]}
CASE {"label":"n4-a0-r0-i0-p5-g3-f64","passed":true,"input":[0,0,0,100000000],"cotangent":[0,0,0,0],"actual":[0,0,0,0],"expected":[0,0,0,0]}
CASE {"label":"n4-a0-r0-i0-p6-g0-f64","passed":true,"input":[100000000,0,0,0],"cotangent":[0,1,1,1],"actual":[3,0,0,0],"expected":[3,0,0,0]}
CASE {"label":"n4-a0-r0-i0-p6-g1-f64","passed":true,"input":[100000000,0,0,0],"cotangent":[0,-0.75,0.25,-0.75],"actual":[-1.25,-0,-0,0],"expected":[-1.25,0,0,0]}
CASE {"label":"n4-a0-r0-i0-p6-g2-f64","passed":true,"input":[100000000,0,0,0],"cotangent":[0,0,0,1],"actual":[1,0,0,0],"expected":[1,0,0,0]}
CASE {"label":"n4-a0-r0-i0-p6-g3-f64","passed":true,"input":[100000000,0,0,0],"cotangent":[0,0,0,0],"actual":[0,0,0,0],"expected":[0,0,0,0]}
CASE {"label":"n4-a0-r0-i1-p0-g0-f64","passed":true,"input":[0,0.25,0.5,0],"cotangent":[1,1,1,1],"actual":[1.8948255216089378,1.1489787132467419,0.75346895524004964,0.20272680990427036],"expected":[1.8948255216089378,1.1489787132467422,0.75346895524004964,0.20272680990427036]}
CASE {"label":"n4-a0-r0-i1-p0-g1-f64","passed":true,"input":[0,0.25,0.5,0],"cotangent":[0.25,-0.75,0.25,-0.75],"actual":[-0.16684392861623781,-0.53523819913521986,-0.14587276482033953,-0.15204510742820276],"expected":[-0.1668439286162377,-0.53523819913521986,-0.14587276482033956,-0.15204510742820276]}
CASE {"label":"n4-a0-r0-i1-p0-g2-f64","passed":true,"input":[0,0.25,0.5,0],"cotangent":[0,0,0,1],"actual":[0.20272680990427036,0.26030637656110728,0.33424000363035195,0.20272680990427036],"expected":[0.20272680990427036,0.26030637656110728,0.33424000363035195,0.20272680990427036]}
CASE {"label":"n4-a0-r0-i1-p0-g3-f64","passed":true,"input":[0,0.25,0.5,0],"cotangent":[0,0,0,0],"actual":[0,0,0,0],"expected":[0,0,0,0]}
CASE {"label":"n4-a0-r0-i1-p1-g0-f64","passed":true,"input":[1000,1000.25,1000.5,1000],"cotangent":[1,1,1,1],"actual":[1.8948255216089378,1.1489787132467419,0.75346895524004964,0.20272680990427036],"expected":[1.8948255216089378,1.1489787132467422,0.75346895524004964,0.20272680990427036]}
CASE {"label":"n4-a0-r0-i1-p1-g1-f64","passed":true,"input":[1000,1000.25,1000.5,1000],"cotangent":[0.25,-0.75,0.25,-0.75],"actual":[-0.16684392861623781,-0.53523819913521986,-0.14587276482033953,-0.15204510742820276],"expected":[-0.1668439286162377,-0.53523819913521986,-0.14587276482033956,-0.15204510742820276]}
CASE {"label":"n4-a0-r0-i1-p1-g2-f64","passed":true,"input":[1000,1000.25,1000.5,1000],"cotangent":[0,0,0,1],"actual":[0.20272680990427036,0.26030637656110728,0.33424000363035195,0.20272680990427036],"expected":[0.20272680990427036,0.26030637656110728,0.33424000363035195,0.20272680990427036]}
CASE {"label":"n4-a0-r0-i1-p1-g3-f64","passed":true,"input":[1000,1000.25,1000.5,1000],"cotangent":[0,0,0,0],"actual":[0,0,0,0],"expected":[0,0,0,0]}
CASE {"label":"n4-a0-r0-i1-p2-g0-f64","passed":true,"input":[100000000,100000000.25,100000000.5,100000000],"cotangent":[1,1,1,1],"actual":[1.8948255216089378,1.1489787132467419,0.75346895524004964,0.20272680990427036],"expected":[1.8948255216089378,1.1489787132467422,0.75346895524004964,0.20272680990427036]}
CASE {"label":"n4-a0-r0-i1-p2-g1-f64","passed":true,"input":[100000000,100000000.25,100000000.5,100000000],"cotangent":[0.25,-0.75,0.25,-0.75],"actual":[-0.16684392861623781,-0.53523819913521986,-0.14587276482033953,-0.15204510742820276],"expected":[-0.1668439286162377,-0.53523819913521986,-0.14587276482033956,-0.15204510742820276]}
CASE {"label":"n4-a0-r0-i1-p2-g2-f64","passed":true,"input":[100000000,100000000.25,100000000.5,100000000],"cotangent":[0,0,0,1],"actual":[0.20272680990427036,0.26030637656110728,0.33424000363035195,0.20272680990427036],"expected":[0.20272680990427036,0.26030637656110728,0.33424000363035195,0.20272680990427036]}
CASE {"label":"n4-a0-r0-i1-p2-g3-f64","passed":true,"input":[100000000,100000000.25,100000000.5,100000000],"cotangent":[0,0,0,0],"actual":[0,0,0,0],"expected":[0,0,0,0]}
CASE {"label":"n4-a0-r0-i1-p3-g0-f64","passed":true,"input":[-100000000,-99999999.75,-99999999.5,-100000000],"cotangent":[1,1,1,1],"actual":[1.8948255216089378,1.1489787132467419,0.75346895524004964,0.20272680990427036],"expected":[1.8948255216089378,1.1489787132467422,0.75346895524004964,0.20272680990427036]}
CASE {"label":"n4-a0-r0-i1-p3-g1-f64","passed":true,"input":[-100000000,-99999999.75,-99999999.5,-100000000],"cotangent":[0.25,-0.75,0.25,-0.75],"actual":[-0.16684392861623781,-0.53523819913521986,-0.14587276482033953,-0.15204510742820276],"expected":[-0.1668439286162377,-0.53523819913521986,-0.14587276482033956,-0.15204510742820276]}
CASE {"label":"n4-a0-r0-i1-p3-g2-f64","passed":true,"input":[-100000000,-99999999.75,-99999999.5,-100000000],"cotangent":[0,0,0,1],"actual":[0.20272680990427036,0.26030637656110728,0.33424000363035195,0.20272680990427036],"expected":[0.20272680990427036,0.26030637656110728,0.33424000363035195,0.20272680990427036]}
CASE {"label":"n4-a0-r0-i1-p3-g3-f64","passed":true,"input":[-100000000,-99999999.75,-99999999.5,-100000000],"cotangent":[0,0,0,0],"actual":[0,0,0,0],"expected":[0,0,0,0]}
CASE {"label":"n4-a0-r0-i1-p4-g0-f64","passed":true,"input":[1e+20,1e+20,1e+20,1e+20],"cotangent":[1,1,1,1],"actual":[2.083333333333333,1.0833333333333333,0.58333333333333326,0.25],"expected":[2.083333333333333,1.0833333333333333,0.58333333333333326,0.25]}
CASE {"label":"n4-a0-r0-i1-p4-g1-f64","passed":true,"input":[1e+20,1e+20,1e+20,1e+20],"cotangent":[0.25,-0.75,0.25,-0.75],"actual":[-0.22916666666666663,-0.47916666666666663,-0.10416666666666666,-0.1875],"expected":[-0.22916666666666669,-0.47916666666666669,-0.10416666666666667,-0.1875]}
CASE {"label":"n4-a0-r0-i1-p4-g2-f64","passed":true,"input":[1e+20,1e+20,1e+20,1e+20],"cotangent":[0,0,0,1],"actual":[0.25,0.25,0.25,0.25],"expected":[0.25,0.25,0.25,0.25]}
CASE {"label":"n4-a0-r0-i1-p4-g3-f64","passed":true,"input":[1e+20,1e+20,1e+20,1e+20],"cotangent":[0,0,0,0],"actual":[0,0,0,0],"expected":[0,0,0,0]}
CASE {"label":"n4-a0-r0-i1-p5-g0-f64","passed":true,"input":[0,0,0,100000000],"cotangent":[1,1,1,1],"actual":[1.8333333333333333,0.83333333333333326,0.33333333333333331,1],"expected":[1.8333333333333333,0.83333333333333326,0.33333333333333331,1]}
CASE {"label":"n4-a0-r0-i1-p5-g1-f64","passed":true,"input":[0,0,0,100000000],"cotangent":[0.25,-0.75,0.25,-0.75],"actual":[-0.041666666666666685,-0.29166666666666669,0.083333333333333329,-0.75],"expected":[-0.041666666666666671,-0.29166666666666669,0.083333333333333329,-0.75]}
CASE {"label":"n4-a0-r0-i1-p5-g2-f64","passed":true,"input":[0,0,0,100000000],"cotangent":[0,0,0,1],"actual":[0,0,0,1],"expected":[0,0,0,1]}
CASE {"label":"n4-a0-r0-i1-p5-g3-f64","passed":true,"input":[0,0,0,100000000],"cotangent":[0,0,0,0],"actual":[0,0,0,0],"expected":[0,0,0,0]}
CASE {"label":"n4-a0-r0-i1-p6-g0-f64","passed":true,"input":[100000000,0,0,0],"cotangent":[1,1,1,1],"actual":[4,0,0,0],"expected":[4,0,0,0]}
CASE {"label":"n4-a0-r0-i1-p6-g1-f64","passed":true,"input":[100000000,0,0,0],"cotangent":[0.25,-0.75,0.25,-0.75],"actual":[-1,-0,-0,-0],"expected":[-1,0,0,0]}
CASE {"label":"n4-a0-r0-i1-p6-g2-f64","passed":true,"input":[100000000,0,0,0],"cotangent":[0,0,0,1],"actual":[1,0,0,0],"expected":[1,0,0,0]}
CASE {"label":"n4-a0-r0-i1-p6-g3-f64","passed":true,"input":[100000000,0,0,0],"cotangent":[0,0,0,0],"actual":[0,0,0,0],"expected":[0,0,0,0]}
CASE {"label":"n4-a0-r1-i0-p0-g0-f64","passed":true,"input":[0,0.25,0.5,0],"cotangent":[1,1,1,0],"actual":[0,0.32649583579983671,1.0416882828115523,1.631815881388611],"expected":[0,0.32649583579983665,1.0416882828115521,1.631815881388611]}
CASE {"label":"n4-a0-r1-i0-p0-g1-f64","passed":true,"input":[0,0.25,0.5,0],"cotangent":[0.25,-0.75,0.25,0],"actual":[0,0.081623958949959177,-0.36203726049896656,0.030413301549007288],"expected":[0,0.081623958949959163,-0.36203726049896651,0.030413301549007316]}
CASE {"label":"n4-a0-r1-i0-p0-g2-f64","passed":true,"input":[0,0.25,0.5,0],"cotangent":[1,0,0,0],"actual":[0,0.32649583579983671,0.41922895160969775,0.25427521259046565],"expected":[0,0.32649583579983665,0.41922895160969764,0.25427521259046559]}
CASE {"label":"n4-a0-r1-i0-p0-g3-f64","passed":true,"input":[0,0.25,0.5,0],"cotangent":[0,0,0,0],"actual":[0,0,0,0],"expected":[0,0,0,0]}
CASE {"label":"n4-a0-r1-i0-p1-g0-f64","passed":true,"input":[1000,1000.25,1000.5,1000],"cotangent":[1,1,1,0],"actual":[0,0.32649583579983671,1.0416882828115523,1.631815881388611],"expected":[0,0.32649583579983665,1.0416882828115521,1.631815881388611]}
CASE {"label":"n4-a0-r1-i0-p1-g1-f64","passed":true,"input":[1000,1000.25,1000.5,1000],"cotangent":[0.25,-0.75,0.25,0],"actual":[0,0.081623958949959177,-0.36203726049896656,0.030413301549007288],"expected":[0,0.081623958949959163,-0.36203726049896651,0.030413301549007316]}
CASE {"label":"n4-a0-r1-i0-p1-g2-f64","passed":true,"input":[1000,1000.25,1000.5,1000],"cotangent":[1,0,0,0],"actual":[0,0.32649583579983671,0.41922895160969775,0.25427521259046565],"expected":[0,0.32649583579983665,0.41922895160969764,0.25427521259046559]}
CASE {"label":"n4-a0-r1-i0-p1-g3-f64","passed":true,"input":[1000,1000.25,1000.5,1000],"cotangent":[0,0,0,0],"actual":[0,0,0,0],"expected":[0,0,0,0]}
CASE {"label":"n4-a0-r1-i0-p2-g0-f64","passed":true,"input":[100000000,100000000.25,100000000.5,100000000],"cotangent":[1,1,1,0],"actual":[0,0.32649583579983671,1.0416882828115523,1.631815881388611],"expected":[0,0.32649583579983665,1.0416882828115521,1.631815881388611]}
CASE {"label":"n4-a0-r1-i0-p2-g1-f64","passed":true,"input":[100000000,100000000.25,100000000.5,100000000],"cotangent":[0.25,-0.75,0.25,0],"actual":[0,0.081623958949959177,-0.36203726049896656,0.030413301549007288],"expected":[0,0.081623958949959163,-0.36203726049896651,0.030413301549007316]}
CASE {"label":"n4-a0-r1-i0-p2-g2-f64","passed":true,"input":[100000000,100000000.25,100000000.5,100000000],"cotangent":[1,0,0,0],"actual":[0,0.32649583579983671,0.41922895160969775,0.25427521259046565],"expected":[0,0.32649583579983665,0.41922895160969764,0.25427521259046559]}
CASE {"label":"n4-a0-r1-i0-p2-g3-f64","passed":true,"input":[100000000,100000000.25,100000000.5,100000000],"cotangent":[0,0,0,0],"actual":[0,0,0,0],"expected":[0,0,0,0]}
CASE {"label":"n4-a0-r1-i0-p3-g0-f64","passed":true,"input":[-100000000,-99999999.75,-99999999.5,-100000000],"cotangent":[1,1,1,0],"actual":[0,0.32649583579983671,1.0416882828115523,1.631815881388611],"expected":[0,0.32649583579983665,1.0416882828115521,1.631815881388611]}
CASE {"label":"n4-a0-r1-i0-p3-g1-f64","passed":true,"input":[-100000000,-99999999.75,-99999999.5,-100000000],"cotangent":[0.25,-0.75,0.25,0],"actual":[0,0.081623958949959177,-0.36203726049896656,0.030413301549007288],"expected":[0,0.081623958949959163,-0.36203726049896651,0.030413301549007316]}
CASE {"label":"n4-a0-r1-i0-p3-g2-f64","passed":true,"input":[-100000000,-99999999.75,-99999999.5,-100000000],"cotangent":[1,0,0,0],"actual":[0,0.32649583579983671,0.41922895160969775,0.25427521259046565],"expected":[0,0.32649583579983665,0.41922895160969764,0.25427521259046559]}
CASE {"label":"n4-a0-r1-i0-p3-g3-f64","passed":true,"input":[-100000000,-99999999.75,-99999999.5,-100000000],"cotangent":[0,0,0,0],"actual":[0,0,0,0],"expected":[0,0,0,0]}
CASE {"label":"n4-a0-r1-i0-p4-g0-f64","passed":true,"input":[1e+20,1e+20,1e+20,1e+20],"cotangent":[1,1,1,0],"actual":[0,0.33333333333333331,0.83333333333333326,1.8333333333333333],"expected":[0,0.33333333333333331,0.83333333333333326,1.8333333333333333]}
CASE {"label":"n4-a0-r1-i0-p4-g1-f64","passed":true,"input":[1e+20,1e+20,1e+20,1e+20],"cotangent":[0.25,-0.75,0.25,0],"actual":[0,0.083333333333333329,-0.29166666666666669,-0.041666666666666685],"expected":[0,0.083333333333333329,-0.29166666666666669,-0.041666666666666685]}
CASE {"label":"n4-a0-r1-i0-p4-g2-f64","passed":true,"input":[1e+20,1e+20,1e+20,1e+20],"cotangent":[1,0,0,0],"actual":[0,0.33333333333333331,0.33333333333333331,0.33333333333333331],"expected":[0,0.33333333333333331,0.33333333333333331,0.33333333333333331]}
CASE {"label":"n4-a0-r1-i0-p4-g3-f64","passed":true,"input":[1e+20,1e+20,1e+20,1e+20],"cotangent":[0,0,0,0],"actual":[0,0,0,0],"expected":[0,0,0,0]}
CASE {"label":"n4-a0-r1-i0-p5-g0-f64","passed":true,"input":[0,0,0,100000000],"cotangent":[1,1,1,0],"actual":[0,0,0,3],"expected":[0,0,0,3]}
CASE {"label":"n4-a0-r1-i0-p5-g1-f64","passed":true,"input":[0,0,0,100000000],"cotangent":[0.25,-0.75,0.25,0],"actual":[0,0,-0,-0.25],"expected":[0,0,0,-0.25]}
CASE {"label":"n4-a0-r1-i0-p5-g2-f64","passed":true,"input":[0,0,0,100000000],"cotangent":[1,0,0,0],"actual":[0,0,0,1],"expected":[0,0,0,1]}
CASE {"label":"n4-a0-r1-i0-p5-g3-f64","passed":true,"input":[0,0,0,100000000],"cotangent":[0,0,0,0],"actual":[0,0,0,0],"expected":[0,0,0,0]}
CASE {"label":"n4-a0-r1-i0-p6-g0-f64","passed":true,"input":[100000000,0,0,0],"cotangent":[1,1,1,0],"actual":[0,0.33333333333333331,0.83333333333333326,1.8333333333333333],"expected":[0,0.33333333333333331,0.83333333333333326,1.8333333333333333]}
CASE {"label":"n4-a0-r1-i0-p6-g1-f64","passed":true,"input":[100000000,0,0,0],"cotangent":[0.25,-0.75,0.25,0],"actual":[0,0.083333333333333329,-0.29166666666666669,-0.041666666666666685],"expected":[0,0.083333333333333329,-0.29166666666666669,-0.041666666666666685]}
CASE {"label":"n4-a0-r1-i0-p6-g2-f64","passed":true,"input":[100000000,0,0,0],"cotangent":[1,0,0,0],"actual":[0,0.33333333333333331,0.33333333333333331,0.33333333333333331],"expected":[0,0.33333333333333331,0.33333333333333331,0.33333333333333331]}
CASE {"label":"n4-a0-r1-i0-p6-g3-f64","passed":true,"input":[100000000,0,0,0],"cotangent":[0,0,0,0],"actual":[0,0,0,0],"expected":[0,0,0,0]}
CASE {"label":"n4-a0-r1-i1-p0-g0-f64","passed":true,"input":[0,0.25,0.5,0],"cotangent":[1,1,1,1],"actual":[0.20272680990427036,0.58680221236094399,1.3759282864419042,1.8345426912928815],"expected":[0.20272680990427036,0.58680221236094399,1.375928286441904,1.8345426912928815]}
CASE {"label":"n4-a0-r1-i1-p0-g1-f64","passed":true,"input":[0,0.25,0.5,0],"cotangent":[0.25,-0.75,0.25,-0.75],"actual":[0.05068170247606759,-0.17979528270960071,-0.07524687999922168,-0.79563953976724533],"expected":[0.05068170247606759,-0.17979528270960066,-0.075246879999221611,-0.79563953976724522]}
CASE {"label":"n4-a0-r1-i1-p0-g2-f64","passed":true,"input":[0,0.25,0.5,0],"cotangent":[1,0,0,0],"actual":[0.20272680990427036,0.26030637656110733,0.33424000363035195,0.20272680990427036],"expected":[0.20272680990427036,0.26030637656110728,0.33424000363035195,0.20272680990427036]}
CASE {"label":"n4-a0-r1-i1-p0-g3-f64","passed":true,"input":[0,0.25,0.5,0],"cotangent":[0,0,0,0],"actual":[0,0,0,0],"expected":[0,0,0,0]}
CASE {"label":"n4-a0-r1-i1-p1-g0-f64","passed":true,"input":[1000,1000.25,1000.5,1000],"cotangent":[1,1,1,1],"actual":[0.20272680990427036,0.58680221236094399,1.3759282864419042,1.8345426912928815],"expected":[0.20272680990427036,0.58680221236094399,1.375928286441904,1.8345426912928815]}
CASE {"label":"n4-a0-r1-i1-p1-g1-f64","passed":true,"input":[1000,1000.25,1000.5,1000],"cotangent":[0.25,-0.75,0.25,-0.75],"actual":[0.05068170247606759,-0.17979528270960071,-0.07524687999922168,-0.79563953976724533],"expected":[0.05068170247606759,-0.17979528270960066,-0.075246879999221611,-0.79563953976724522]}
CASE {"label":"n4-a0-r1-i1-p1-g2-f64","passed":true,"input":[1000,1000.25,1000.5,1000],"cotangent":[1,0,0,0],"actual":[0.20272680990427036,0.26030637656110733,0.33424000363035195,0.20272680990427036],"expected":[0.20272680990427036,0.26030637656110728,0.33424000363035195,0.20272680990427036]}
CASE {"label":"n4-a0-r1-i1-p1-g3-f64","passed":true,"input":[1000,1000.25,1000.5,1000],"cotangent":[0,0,0,0],"actual":[0,0,0,0],"expected":[0,0,0,0]}
CASE {"label":"n4-a0-r1-i1-p2-g0-f64","passed":true,"input":[100000000,100000000.25,100000000.5,100000000],"cotangent":[1,1,1,1],"actual":[0.20272680990427036,0.58680221236094399,1.3759282864419042,1.8345426912928815],"expected":[0.20272680990427036,0.58680221236094399,1.375928286441904,1.8345426912928815]}
CASE {"label":"n4-a0-r1-i1-p2-g1-f64","passed":true,"input":[100000000,100000000.25,100000000.5,100000000],"cotangent":[0.25,-0.75,0.25,-0.75],"actual":[0.05068170247606759,-0.17979528270960071,-0.07524687999922168,-0.79563953976724533],"expected":[0.05068170247606759,-0.17979528270960066,-0.075246879999221611,-0.79563953976724522]}
CASE {"label":"n4-a0-r1-i1-p2-g2-f64","passed":true,"input":[100000000,100000000.25,100000000.5,100000000],"cotangent":[1,0,0,0],"actual":[0.20272680990427036,0.26030637656110733,0.33424000363035195,0.20272680990427036],"expected":[0.20272680990427036,0.26030637656110728,0.33424000363035195,0.20272680990427036]}
CASE {"label":"n4-a0-r1-i1-p2-g3-f64","passed":true,"input":[100000000,100000000.25,100000000.5,100000000],"cotangent":[0,0,0,0],"actual":[0,0,0,0],"expected":[0,0,0,0]}
CASE {"label":"n4-a0-r1-i1-p3-g0-f64","passed":true,"input":[-100000000,-99999999.75,-99999999.5,-100000000],"cotangent":[1,1,1,1],"actual":[0.20272680990427036,0.58680221236094399,1.3759282864419042,1.8345426912928815],"expected":[0.20272680990427036,0.58680221236094399,1.375928286441904,1.8345426912928815]}
CASE {"label":"n4-a0-r1-i1-p3-g1-f64","passed":true,"input":[-100000000,-99999999.75,-99999999.5,-100000000],"cotangent":[0.25,-0.75,0.25,-0.75],"actual":[0.05068170247606759,-0.17979528270960071,-0.07524687999922168,-0.79563953976724533],"expected":[0.05068170247606759,-0.17979528270960066,-0.075246879999221611,-0.79563953976724522]}
CASE {"label":"n4-a0-r1-i1-p3-g2-f64","passed":true,"input":[-100000000,-99999999.75,-99999999.5,-100000000],"cotangent":[1,0,0,0],"actual":[0.20272680990427036,0.26030637656110733,0.33424000363035195,0.20272680990427036],"expected":[0.20272680990427036,0.26030637656110728,0.33424000363035195,0.20272680990427036]}
CASE {"label":"n4-a0-r1-i1-p3-g3-f64","passed":true,"input":[-100000000,-99999999.75,-99999999.5,-100000000],"cotangent":[0,0,0,0],"actual":[0,0,0,0],"expected":[0,0,0,0]}
CASE {"label":"n4-a0-r1-i1-p4-g0-f64","passed":true,"input":[1e+20,1e+20,1e+20,1e+20],"cotangent":[1,1,1,1],"actual":[0.25,0.58333333333333326,1.0833333333333333,2.083333333333333],"expected":[0.25,0.58333333333333326,1.0833333333333333,2.083333333333333]}
CASE {"label":"n4-a0-r1-i1-p4-g1-f64","passed":true,"input":[1e+20,1e+20,1e+20,1e+20],"cotangent":[0.25,-0.75,0.25,-0.75],"actual":[0.0625,-0.1875,-0.0625,-0.8125],"expected":[0.0625,-0.1875,-0.0625,-0.8125]}
CASE {"label":"n4-a0-r1-i1-p4-g2-f64","passed":true,"input":[1e+20,1e+20,1e+20,1e+20],"cotangent":[1,0,0,0],"actual":[0.25,0.25,0.25,0.25],"expected":[0.25,0.25,0.25,0.25]}
CASE {"label":"n4-a0-r1-i1-p4-g3-f64","passed":true,"input":[1e+20,1e+20,1e+20,1e+20],"cotangent":[0,0,0,0],"actual":[0,0,0,0],"expected":[0,0,0,0]}
CASE {"label":"n4-a0-r1-i1-p5-g0-f64","passed":true,"input":[0,0,0,100000000],"cotangent":[1,1,1,1],"actual":[0,0,0,4],"expected":[0,0,0,4]}
CASE {"label":"n4-a0-r1-i1-p5-g1-f64","passed":true,"input":[0,0,0,100000000],"cotangent":[0.25,-0.75,0.25,-0.75],"actual":[0,-0,-0,-1],"expected":[0,0,0,-1]}
CASE {"label":"n4-a0-r1-i1-p5-g2-f64","passed":true,"input":[0,0,0,100000000],"cotangent":[1,0,0,0],"actual":[0,0,0,1],"expected":[0,0,0,1]}
CASE {"label":"n4-a0-r1-i1-p5-g3-f64","passed":true,"input":[0,0,0,100000000],"cotangent":[0,0,0,0],"actual":[0,0,0,0],"expected":[0,0,0,0]}
CASE {"label":"n4-a0-r1-i1-p6-g0-f64","passed":true,"input":[100000000,0,0,0],"cotangent":[1,1,1,1],"actual":[1,0.33333333333333331,0.83333333333333326,1.8333333333333333],"expected":[1,0.33333333333333331,0.83333333333333326,1.8333333333333333]}
CASE {"label":"n4-a0-r1-i1-p6-g1-f64","passed":true,"input":[100000000,0,0,0],"cotangent":[0.25,-0.75,0.25,-0.75],"actual":[0.25,-0.25,-0.125,-0.875],"expected":[0.25,-0.25,-0.125,-0.875]}
CASE {"label":"n4-a0-r1-i1-p6-g2-f64","passed":true,"input":[100000000,0,0,0],"cotangent":[1,0,0,0],"actual":[1,0,0,0],"expected":[1,0,0,0]}
CASE {"label":"n4-a0-r1-i1-p6-g3-f64","passed":true,"input":[100000000,0,0,0],"cotangent":[0,0,0,0],"actual":[0,0,0,0],"expected":[0,0,0,0]}
CASE {"label":"n6-a0-r0-i0-p0-g0-f64","passed":true,"input":[0,0.25,0.5,0,0.25,0.5],"cotangent":[0,0,0,1,1,1],"actual":[1,1,1,0,0,0],"expected":[1,1,1,0,0,0]}
CASE {"label":"n6-a0-r0-i0-p0-g1-f64","passed":true,"input":[0,0.25,0.5,0,0.25,0.5],"cotangent":[0,0,0,-0.75,0.25,-0.75],"actual":[-0.75,0.25,-0.75,0,0,0],"expected":[-0.75,0.25,-0.75,0,0,0]}
CASE {"label":"n6-a0-r0-i0-p0-g2-f64","passed":true,"input":[0,0.25,0.5,0,0.25,0.5],"cotangent":[0,0,0,1,1,1],"actual":[1,1,1,0,0,0],"expected":[1,1,1,0,0,0]}
CASE {"label":"n6-a0-r0-i0-p0-g3-f64","passed":true,"input":[0,0.25,0.5,0,0.25,0.5],"cotangent":[0,0,0,0,0,0],"actual":[0,0,0,0,0,0],"expected":[0,0,0,0,0,0]}
CASE {"label":"n6-a0-r0-i0-p1-g0-f64","passed":true,"input":[1000,1000.25,1000.5,1000,1000.25,1000.5],"cotangent":[0,0,0,1,1,1],"actual":[1,1,1,0,0,0],"expected":[1,1,1,0,0,0]}
CASE {"label":"n6-a0-r0-i0-p1-g1-f64","passed":true,"input":[1000,1000.25,1000.5,1000,1000.25,1000.5],"cotangent":[0,0,0,-0.75,0.25,-0.75],"actual":[-0.75,0.25,-0.75,0,0,0],"expected":[-0.75,0.25,-0.75,0,0,0]}
CASE {"label":"n6-a0-r0-i0-p1-g2-f64","passed":true,"input":[1000,1000.25,1000.5,1000,1000.25,1000.5],"cotangent":[0,0,0,1,1,1],"actual":[1,1,1,0,0,0],"expected":[1,1,1,0,0,0]}
CASE {"label":"n6-a0-r0-i0-p1-g3-f64","passed":true,"input":[1000,1000.25,1000.5,1000,1000.25,1000.5],"cotangent":[0,0,0,0,0,0],"actual":[0,0,0,0,0,0],"expected":[0,0,0,0,0,0]}
CASE {"label":"n6-a0-r0-i0-p2-g0-f64","passed":true,"input":[100000000,100000000.25,100000000.5,100000000,100000000.25,100000000.5],"cotangent":[0,0,0,1,1,1],"actual":[1,1,1,0,0,0],"expected":[1,1,1,0,0,0]}
CASE {"label":"n6-a0-r0-i0-p2-g1-f64","passed":true,"input":[100000000,100000000.25,100000000.5,100000000,100000000.25,100000000.5],"cotangent":[0,0,0,-0.75,0.25,-0.75],"actual":[-0.75,0.25,-0.75,0,0,0],"expected":[-0.75,0.25,-0.75,0,0,0]}
CASE {"label":"n6-a0-r0-i0-p2-g2-f64","passed":true,"input":[100000000,100000000.25,100000000.5,100000000,100000000.25,100000000.5],"cotangent":[0,0,0,1,1,1],"actual":[1,1,1,0,0,0],"expected":[1,1,1,0,0,0]}
CASE {"label":"n6-a0-r0-i0-p2-g3-f64","passed":true,"input":[100000000,100000000.25,100000000.5,100000000,100000000.25,100000000.5],"cotangent":[0,0,0,0,0,0],"actual":[0,0,0,0,0,0],"expected":[0,0,0,0,0,0]}
CASE {"label":"n6-a0-r0-i0-p3-g0-f64","passed":true,"input":[-100000000,-99999999.75,-99999999.5,-100000000,-99999999.75,-99999999.5],"cotangent":[0,0,0,1,1,1],"actual":[1,1,1,0,0,0],"expected":[1,1,1,0,0,0]}
CASE {"label":"n6-a0-r0-i0-p3-g1-f64","passed":true,"input":[-100000000,-99999999.75,-99999999.5,-100000000,-99999999.75,-99999999.5],"cotangent":[0,0,0,-0.75,0.25,-0.75],"actual":[-0.75,0.25,-0.75,0,0,0],"expected":[-0.75,0.25,-0.75,0,0,0]}
CASE {"label":"n6-a0-r0-i0-p3-g2-f64","passed":true,"input":[-100000000,-99999999.75,-99999999.5,-100000000,-99999999.75,-99999999.5],"cotangent":[0,0,0,1,1,1],"actual":[1,1,1,0,0,0],"expected":[1,1,1,0,0,0]}
CASE {"label":"n6-a0-r0-i0-p3-g3-f64","passed":true,"input":[-100000000,-99999999.75,-99999999.5,-100000000,-99999999.75,-99999999.5],"cotangent":[0,0,0,0,0,0],"actual":[0,0,0,0,0,0],"expected":[0,0,0,0,0,0]}
CASE {"label":"n6-a0-r0-i0-p4-g0-f64","passed":true,"input":[1e+20,1e+20,1e+20,1e+20,1e+20,1e+20],"cotangent":[0,0,0,1,1,1],"actual":[1,1,1,0,0,0],"expected":[1,1,1,0,0,0]}
CASE {"label":"n6-a0-r0-i0-p4-g1-f64","passed":true,"input":[1e+20,1e+20,1e+20,1e+20,1e+20,1e+20],"cotangent":[0,0,0,-0.75,0.25,-0.75],"actual":[-0.75,0.25,-0.75,0,0,0],"expected":[-0.75,0.25,-0.75,0,0,0]}
CASE {"label":"n6-a0-r0-i0-p4-g2-f64","passed":true,"input":[1e+20,1e+20,1e+20,1e+20,1e+20,1e+20],"cotangent":[0,0,0,1,1,1],"actual":[1,1,1,0,0,0],"expected":[1,1,1,0,0,0]}
CASE {"label":"n6-a0-r0-i0-p4-g3-f64","passed":true,"input":[1e+20,1e+20,1e+20,1e+20,1e+20,1e+20],"cotangent":[0,0,0,0,0,0],"actual":[0,0,0,0,0,0],"expected":[0,0,0,0,0,0]}
CASE {"label":"n6-a0-r0-i0-p5-g0-f64","passed":true,"input":[0,0,0,100000000,100000000,100000000],"cotangent":[0,0,0,1,1,1],"actual":[1,1,1,0,0,0],"expected":[1,1,1,0,0,0]}
CASE {"label":"n6-a0-r0-i0-p5-g1-f64","passed":true,"input":[0,0,0,100000000,100000000,100000000],"cotangent":[0,0,0,-0.75,0.25,-0.75],"actual":[-0.75,0.25,-0.75,0,0,0],"expected":[-0.75,0.25,-0.75,0,0,0]}
CASE {"label":"n6-a0-r0-i0-p5-g2-f64","passed":true,"input":[0,0,0,100000000,100000000,100000000],"cotangent":[0,0,0,1,1,1],"actual":[1,1,1,0,0,0],"expected":[1,1,1,0,0,0]}
CASE {"label":"n6-a0-r0-i0-p5-g3-f64","passed":true,"input":[0,0,0,100000000,100000000,100000000],"cotangent":[0,0,0,0,0,0],"actual":[0,0,0,0,0,0],"expected":[0,0,0,0,0,0]}
CASE {"label":"n6-a0-r0-i0-p6-g0-f64","passed":true,"input":[100000000,100000000,100000000,0,0,0],"cotangent":[0,0,0,1,1,1],"actual":[1,1,1,0,0,0],"expected":[1,1,1,0,0,0]}
CASE {"label":"n6-a0-r0-i0-p6-g1-f64","passed":true,"input":[100000000,100000000,100000000,0,0,0],"cotangent":[0,0,0,-0.75,0.25,-0.75],"actual":[-0.75,0.25,-0.75,0,0,0],"expected":[-0.75,0.25,-0.75,0,0,0]}
CASE {"label":"n6-a0-r0-i0-p6-g2-f64","passed":true,"input":[100000000,100000000,100000000,0,0,0],"cotangent":[0,0,0,1,1,1],"actual":[1,1,1,0,0,0],"expected":[1,1,1,0,0,0]}
CASE {"label":"n6-a0-r0-i0-p6-g3-f64","passed":true,"input":[100000000,100000000,100000000,0,0,0],"cotangent":[0,0,0,0,0,0],"actual":[0,0,0,0,0,0],"expected":[0,0,0,0,0,0]}
CASE {"label":"n6-a0-r0-i1-p0-g0-f64","passed":true,"input":[0,0.25,0.5,0,0.25,0.5],"cotangent":[1,1,1,1,1,1],"actual":[1.5,1.5,1.5,0.5,0.5,0.5],"expected":[1.5,1.5,1.5,0.5,0.5,0.5]}
CASE {"label":"n6-a0-r0-i1-p0-g1-f64","passed":true,"input":[0,0.25,0.5,0,0.25,0.5],"cotangent":[0.25,-0.75,0.25,-0.75,0.25,-0.75],"actual":[-0.125,-0.625,-0.125,-0.375,0.125,-0.375],"expected":[-0.125,-0.625,-0.125,-0.375,0.125,-0.375]}
CASE {"label":"n6-a0-r0-i1-p0-g2-f64","passed":true,"input":[0,0.25,0.5,0,0.25,0.5],"cotangent":[0,0,0,1,1,1],"actual":[0.5,0.5,0.5,0.5,0.5,0.5],"expected":[0.5,0.5,0.5,0.5,0.5,0.5]}
CASE {"label":"n6-a0-r0-i1-p0-g3-f64","passed":true,"input":[0,0.25,0.5,0,0.25,0.5],"cotangent":[0,0,0,0,0,0],"actual":[0,0,0,0,0,0],"expected":[0,0,0,0,0,0]}
CASE {"label":"n6-a0-r0-i1-p1-g0-f64","passed":true,"input":[1000,1000.25,1000.5,1000,1000.25,1000.5],"cotangent":[1,1,1,1,1,1],"actual":[1.5,1.5,1.5,0.5,0.5,0.5],"expected":[1.5,1.5,1.5,0.5,0.5,0.5]}
CASE {"label":"n6-a0-r0-i1-p1-g1-f64","passed":true,"input":[1000,1000.25,1000.5,1000,1000.25,1000.5],"cotangent":[0.25,-0.75,0.25,-0.75,0.25,-0.75],"actual":[-0.125,-0.625,-0.125,-0.375,0.125,-0.375],"expected":[-0.125,-0.625,-0.125,-0.375,0.125,-0.375]}
CASE {"label":"n6-a0-r0-i1-p1-g2-f64","passed":true,"input":[1000,1000.25,1000.5,1000,1000.25,1000.5],"cotangent":[0,0,0,1,1,1],"actual":[0.5,0.5,0.5,0.5,0.5,0.5],"expected":[0.5,0.5,0.5,0.5,0.5,0.5]}
CASE {"label":"n6-a0-r0-i1-p1-g3-f64","passed":true,"input":[1000,1000.25,1000.5,1000,1000.25,1000.5],"cotangent":[0,0,0,0,0,0],"actual":[0,0,0,0,0,0],"expected":[0,0,0,0,0,0]}
CASE {"label":"n6-a0-r0-i1-p2-g0-f64","passed":true,"input":[100000000,100000000.25,100000000.5,100000000,100000000.25,100000000.5],"cotangent":[1,1,1,1,1,1],"actual":[1.5,1.5,1.5,0.5,0.5,0.5],"expected":[1.5,1.5,1.5,0.5,0.5,0.5]}
CASE {"label":"n6-a0-r0-i1-p2-g1-f64","passed":true,"input":[100000000,100000000.25,100000000.5,100000000,100000000.25,100000000.5],"cotangent":[0.25,-0.75,0.25,-0.75,0.25,-0.75],"actual":[-0.125,-0.625,-0.125,-0.375,0.125,-0.375],"expected":[-0.125,-0.625,-0.125,-0.375,0.125,-0.375]}
CASE {"label":"n6-a0-r0-i1-p2-g2-f64","passed":true,"input":[100000000,100000000.25,100000000.5,100000000,100000000.25,100000000.5],"cotangent":[0,0,0,1,1,1],"actual":[0.5,0.5,0.5,0.5,0.5,0.5],"expected":[0.5,0.5,0.5,0.5,0.5,0.5]}
CASE {"label":"n6-a0-r0-i1-p2-g3-f64","passed":true,"input":[100000000,100000000.25,100000000.5,100000000,100000000.25,100000000.5],"cotangent":[0,0,0,0,0,0],"actual":[0,0,0,0,0,0],"expected":[0,0,0,0,0,0]}
CASE {"label":"n6-a0-r0-i1-p3-g0-f64","passed":true,"input":[-100000000,-99999999.75,-99999999.5,-100000000,-99999999.75,-99999999.5],"cotangent":[1,1,1,1,1,1],"actual":[1.5,1.5,1.5,0.5,0.5,0.5],"expected":[1.5,1.5,1.5,0.5,0.5,0.5]}
CASE {"label":"n6-a0-r0-i1-p3-g1-f64","passed":true,"input":[-100000000,-99999999.75,-99999999.5,-100000000,-99999999.75,-99999999.5],"cotangent":[0.25,-0.75,0.25,-0.75,0.25,-0.75],"actual":[-0.125,-0.625,-0.125,-0.375,0.125,-0.375],"expected":[-0.125,-0.625,-0.125,-0.375,0.125,-0.375]}
CASE {"label":"n6-a0-r0-i1-p3-g2-f64","passed":true,"input":[-100000000,-99999999.75,-99999999.5,-100000000,-99999999.75,-99999999.5],"cotangent":[0,0,0,1,1,1],"actual":[0.5,0.5,0.5,0.5,0.5,0.5],"expected":[0.5,0.5,0.5,0.5,0.5,0.5]}
CASE {"label":"n6-a0-r0-i1-p3-g3-f64","passed":true,"input":[-100000000,-99999999.75,-99999999.5,-100000000,-99999999.75,-99999999.5],"cotangent":[0,0,0,0,0,0],"actual":[0,0,0,0,0,0],"expected":[0,0,0,0,0,0]}
CASE {"label":"n6-a0-r0-i1-p4-g0-f64","passed":true,"input":[1e+20,1e+20,1e+20,1e+20,1e+20,1e+20],"cotangent":[1,1,1,1,1,1],"actual":[1.5,1.5,1.5,0.5,0.5,0.5],"expected":[1.5,1.5,1.5,0.5,0.5,0.5]}
CASE {"label":"n6-a0-r0-i1-p4-g1-f64","passed":true,"input":[1e+20,1e+20,1e+20,1e+20,1e+20,1e+20],"cotangent":[0.25,-0.75,0.25,-0.75,0.25,-0.75],"actual":[-0.125,-0.625,-0.125,-0.375,0.125,-0.375],"expected":[-0.125,-0.625,-0.125,-0.375,0.125,-0.375]}
CASE {"label":"n6-a0-r0-i1-p4-g2-f64","passed":true,"input":[1e+20,1e+20,1e+20,1e+20,1e+20,1e+20],"cotangent":[0,0,0,1,1,1],"actual":[0.5,0.5,0.5,0.5,0.5,0.5],"expected":[0.5,0.5,0.5,0.5,0.5,0.5]}
CASE {"label":"n6-a0-r0-i1-p4-g3-f64","passed":true,"input":[1e+20,1e+20,1e+20,1e+20,1e+20,1e+20],"cotangent":[0,0,0,0,0,0],"actual":[0,0,0,0,0,0],"expected":[0,0,0,0,0,0]}
CASE {"label":"n6-a0-r0-i1-p5-g0-f64","passed":true,"input":[0,0,0,100000000,100000000,100000000],"cotangent":[1,1,1,1,1,1],"actual":[1,1,1,1,1,1],"expected":[1,1,1,1,1,1]}
CASE {"label":"n6-a0-r0-i1-p5-g1-f64","passed":true,"input":[0,0,0,100000000,100000000,100000000],"cotangent":[0.25,-0.75,0.25,-0.75,0.25,-0.75],"actual":[0.25,-0.75,0.25,-0.75,0.25,-0.75],"expected":[0.25,-0.75,0.25,-0.75,0.25,-0.75]}
CASE {"label":"n6-a0-r0-i1-p5-g2-f64","passed":true,"input":[0,0,0,100000000,100000000,100000000],"cotangent":[0,0,0,1,1,1],"actual":[0,0,0,1,1,1],"expected":[0,0,0,1,1,1]}
CASE {"label":"n6-a0-r0-i1-p5-g3-f64","passed":true,"input":[0,0,0,100000000,100000000,100000000],"cotangent":[0,0,0,0,0,0],"actual":[0,0,0,0,0,0],"expected":[0,0,0,0,0,0]}
CASE {"label":"n6-a0-r0-i1-p6-g0-f64","passed":true,"input":[100000000,100000000,100000000,0,0,0],"cotangent":[1,1,1,1,1,1],"actual":[2,2,2,0,0,0],"expected":[2,2,2,0,0,0]}
CASE {"label":"n6-a0-r0-i1-p6-g1-f64","passed":true,"input":[100000000,100000000,100000000,0,0,0],"cotangent":[0.25,-0.75,0.25,-0.75,0.25,-0.75],"actual":[-0.5,-0.5,-0.5,-0,0,-0],"expected":[-0.5,-0.5,-0.5,0,0,0]}
CASE {"label":"n6-a0-r0-i1-p6-g2-f64","passed":true,"input":[100000000,100000000,100000000,0,0,0],"cotangent":[0,0,0,1,1,1],"actual":[1,1,1,0,0,0],"expected":[1,1,1,0,0,0]}
CASE {"label":"n6-a0-r0-i1-p6-g3-f64","passed":true,"input":[100000000,100000000,100000000,0,0,0],"cotangent":[0,0,0,0,0,0],"actual":[0,0,0,0,0,0],"expected":[0,0,0,0,0,0]}
CASE {"label":"n6-a0-r1-i0-p0-g0-f64","passed":true,"input":[0,0.25,0.5,0,0.25,0.5],"cotangent":[1,1,1,0,0,0],"actual":[0,0,0,1,1,1],"expected":[0,0,0,1,1,1]}
CASE {"label":"n6-a0-r1-i0-p0-g1-f64","passed":true,"input":[0,0.25,0.5,0,0.25,0.5],"cotangent":[0.25,-0.75,0.25,0,0,0],"actual":[0,0,0,0.25,-0.75,0.25],"expected":[0,0,0,0.25,-0.75,0.25]}
CASE {"label":"n6-a0-r1-i0-p0-g2-f64","passed":true,"input":[0,0.25,0.5,0,0.25,0.5],"cotangent":[1,1,1,0,0,0],"actual":[0,0,0,1,1,1],"expected":[0,0,0,1,1,1]}
CASE {"label":"n6-a0-r1-i0-p0-g3-f64","passed":true,"input":[0,0.25,0.5,0,0.25,0.5],"cotangent":[0,0,0,0,0,0],"actual":[0,0,0,0,0,0],"expected":[0,0,0,0,0,0]}
CASE {"label":"n6-a0-r1-i0-p1-g0-f64","passed":true,"input":[1000,1000.25,1000.5,1000,1000.25,1000.5],"cotangent":[1,1,1,0,0,0],"actual":[0,0,0,1,1,1],"expected":[0,0,0,1,1,1]}
CASE {"label":"n6-a0-r1-i0-p1-g1-f64","passed":true,"input":[1000,1000.25,1000.5,1000,1000.25,1000.5],"cotangent":[0.25,-0.75,0.25,0,0,0],"actual":[0,0,0,0.25,-0.75,0.25],"expected":[0,0,0,0.25,-0.75,0.25]}
CASE {"label":"n6-a0-r1-i0-p1-g2-f64","passed":true,"input":[1000,1000.25,1000.5,1000,1000.25,1000.5],"cotangent":[1,1,1,0,0,0],"actual":[0,0,0,1,1,1],"expected":[0,0,0,1,1,1]}
CASE {"label":"n6-a0-r1-i0-p1-g3-f64","passed":true,"input":[1000,1000.25,1000.5,1000,1000.25,1000.5],"cotangent":[0,0,0,0,0,0],"actual":[0,0,0,0,0,0],"expected":[0,0,0,0,0,0]}
CASE {"label":"n6-a0-r1-i0-p2-g0-f64","passed":true,"input":[100000000,100000000.25,100000000.5,100000000,100000000.25,100000000.5],"cotangent":[1,1,1,0,0,0],"actual":[0,0,0,1,1,1],"expected":[0,0,0,1,1,1]}
CASE {"label":"n6-a0-r1-i0-p2-g1-f64","passed":true,"input":[100000000,100000000.25,100000000.5,100000000,100000000.25,100000000.5],"cotangent":[0.25,-0.75,0.25,0,0,0],"actual":[0,0,0,0.25,-0.75,0.25],"expected":[0,0,0,0.25,-0.75,0.25]}
CASE {"label":"n6-a0-r1-i0-p2-g2-f64","passed":true,"input":[100000000,100000000.25,100000000.5,100000000,100000000.25,100000000.5],"cotangent":[1,1,1,0,0,0],"actual":[0,0,0,1,1,1],"expected":[0,0,0,1,1,1]}
CASE {"label":"n6-a0-r1-i0-p2-g3-f64","passed":true,"input":[100000000,100000000.25,100000000.5,100000000,100000000.25,100000000.5],"cotangent":[0,0,0,0,0,0],"actual":[0,0,0,0,0,0],"expected":[0,0,0,0,0,0]}
CASE {"label":"n6-a0-r1-i0-p3-g0-f64","passed":true,"input":[-100000000,-99999999.75,-99999999.5,-100000000,-99999999.75,-99999999.5],"cotangent":[1,1,1,0,0,0],"actual":[0,0,0,1,1,1],"expected":[0,0,0,1,1,1]}
CASE {"label":"n6-a0-r1-i0-p3-g1-f64","passed":true,"input":[-100000000,-99999999.75,-99999999.5,-100000000,-99999999.75,-99999999.5],"cotangent":[0.25,-0.75,0.25,0,0,0],"actual":[0,0,0,0.25,-0.75,0.25],"expected":[0,0,0,0.25,-0.75,0.25]}
CASE {"label":"n6-a0-r1-i0-p3-g2-f64","passed":true,"input":[-100000000,-99999999.75,-99999999.5,-100000000,-99999999.75,-99999999.5],"cotangent":[1,1,1,0,0,0],"actual":[0,0,0,1,1,1],"expected":[0,0,0,1,1,1]}
CASE {"label":"n6-a0-r1-i0-p3-g3-f64","passed":true,"input":[-100000000,-99999999.75,-99999999.5,-100000000,-99999999.75,-99999999.5],"cotangent":[0,0,0,0,0,0],"actual":[0,0,0,0,0,0],"expected":[0,0,0,0,0,0]}
CASE {"label":"n6-a0-r1-i0-p4-g0-f64","passed":true,"input":[1e+20,1e+20,1e+20,1e+20,1e+20,1e+20],"cotangent":[1,1,1,0,0,0],"actual":[0,0,0,1,1,1],"expected":[0,0,0,1,1,1]}
CASE {"label":"n6-a0-r1-i0-p4-g1-f64","passed":true,"input":[1e+20,1e+20,1e+20,1e+20,1e+20,1e+20],"cotangent":[0.25,-0.75,0.25,0,0,0],"actual":[0,0,0,0.25,-0.75,0.25],"expected":[0,0,0,0.25,-0.75,0.25]}
CASE {"label":"n6-a0-r1-i0-p4-g2-f64","passed":true,"input":[1e+20,1e+20,1e+20,1e+20,1e+20,1e+20],"cotangent":[1,1,1,0,0,0],"actual":[0,0,0,1,1,1],"expected":[0,0,0,1,1,1]}
CASE {"label":"n6-a0-r1-i0-p4-g3-f64","passed":true,"input":[1e+20,1e+20,1e+20,1e+20,1e+20,1e+20],"cotangent":[0,0,0,0,0,0],"actual":[0,0,0,0,0,0],"expected":[0,0,0,0,0,0]}
CASE {"label":"n6-a0-r1-i0-p5-g0-f64","passed":true,"input":[0,0,0,100000000,100000000,100000000],"cotangent":[1,1,1,0,0,0],"actual":[0,0,0,1,1,1],"expected":[0,0,0,1,1,1]}
CASE {"label":"n6-a0-r1-i0-p5-g1-f64","passed":true,"input":[0,0,0,100000000,100000000,100000000],"cotangent":[0.25,-0.75,0.25,0,0,0],"actual":[0,0,0,0.25,-0.75,0.25],"expected":[0,0,0,0.25,-0.75,0.25]}
CASE {"label":"n6-a0-r1-i0-p5-g2-f64","passed":true,"input":[0,0,0,100000000,100000000,100000000],"cotangent":[1,1,1,0,0,0],"actual":[0,0,0,1,1,1],"expected":[0,0,0,1,1,1]}
CASE {"label":"n6-a0-r1-i0-p5-g3-f64","passed":true,"input":[0,0,0,100000000,100000000,100000000],"cotangent":[0,0,0,0,0,0],"actual":[0,0,0,0,0,0],"expected":[0,0,0,0,0,0]}
CASE {"label":"n6-a0-r1-i0-p6-g0-f64","passed":true,"input":[100000000,100000000,100000000,0,0,0],"cotangent":[1,1,1,0,0,0],"actual":[0,0,0,1,1,1],"expected":[0,0,0,1,1,1]}
CASE {"label":"n6-a0-r1-i0-p6-g1-f64","passed":true,"input":[100000000,100000000,100000000,0,0,0],"cotangent":[0.25,-0.75,0.25,0,0,0],"actual":[0,0,0,0.25,-0.75,0.25],"expected":[0,0,0,0.25,-0.75,0.25]}
CASE {"label":"n6-a0-r1-i0-p6-g2-f64","passed":true,"input":[100000000,100000000,100000000,0,0,0],"cotangent":[1,1,1,0,0,0],"actual":[0,0,0,1,1,1],"expected":[0,0,0,1,1,1]}
CASE {"label":"n6-a0-r1-i0-p6-g3-f64","passed":true,"input":[100000000,100000000,100000000,0,0,0],"cotangent":[0,0,0,0,0,0],"actual":[0,0,0,0,0,0],"expected":[0,0,0,0,0,0]}
CASE {"label":"n6-a0-r1-i1-p0-g0-f64","passed":true,"input":[0,0.25,0.5,0,0.25,0.5],"cotangent":[1,1,1,1,1,1],"actual":[0.5,0.5,0.5,1.5,1.5,1.5],"expected":[0.5,0.5,0.5,1.5,1.5,1.5]}
CASE {"label":"n6-a0-r1-i1-p0-g1-f64","passed":true,"input":[0,0.25,0.5,0,0.25,0.5],"cotangent":[0.25,-0.75,0.25,-0.75,0.25,-0.75],"actual":[0.125,-0.375,0.125,-0.625,-0.125,-0.625],"expected":[0.125,-0.375,0.125,-0.625,-0.125,-0.625]}
CASE {"label":"n6-a0-r1-i1-p0-g2-f64","passed":true,"input":[0,0.25,0.5,0,0.25,0.5],"cotangent":[1,1,1,0,0,0],"actual":[0.5,0.5,0.5,0.5,0.5,0.5],"expected":[0.5,0.5,0.5,0.5,0.5,0.5]}
CASE {"label":"n6-a0-r1-i1-p0-g3-f64","passed":true,"input":[0,0.25,0.5,0,0.25,0.5],"cotangent":[0,0,0,0,0,0],"actual":[0,0,0,0,0,0],"expected":[0,0,0,0,0,0]}
CASE {"label":"n6-a0-r1-i1-p1-g0-f64","passed":true,"input":[1000,1000.25,1000.5,1000,1000.25,1000.5],"cotangent":[1,1,1,1,1,1],"actual":[0.5,0.5,0.5,1.5,1.5,1.5],"expected":[0.5,0.5,0.5,1.5,1.5,1.5]}
CASE {"label":"n6-a0-r1-i1-p1-g1-f64","passed":true,"input":[1000,1000.25,1000.5,1000,1000.25,1000.5],"cotangent":[0.25,-0.75,0.25,-0.75,0.25,-0.75],"actual":[0.125,-0.375,0.125,-0.625,-0.125,-0.625],"expected":[0.125,-0.375,0.125,-0.625,-0.125,-0.625]}
CASE {"label":"n6-a0-r1-i1-p1-g2-f64","passed":true,"input":[1000,1000.25,1000.5,1000,1000.25,1000.5],"cotangent":[1,1,1,0,0,0],"actual":[0.5,0.5,0.5,0.5,0.5,0.5],"expected":[0.5,0.5,0.5,0.5,0.5,0.5]}
CASE {"label":"n6-a0-r1-i1-p1-g3-f64","passed":true,"input":[1000,1000.25,1000.5,1000,1000.25,1000.5],"cotangent":[0,0,0,0,0,0],"actual":[0,0,0,0,0,0],"expected":[0,0,0,0,0,0]}
CASE {"label":"n6-a0-r1-i1-p2-g0-f64","passed":true,"input":[100000000,100000000.25,100000000.5,100000000,100000000.25,100000000.5],"cotangent":[1,1,1,1,1,1],"actual":[0.5,0.5,0.5,1.5,1.5,1.5],"expected":[0.5,0.5,0.5,1.5,1.5,1.5]}
CASE {"label":"n6-a0-r1-i1-p2-g1-f64","passed":true,"input":[100000000,100000000.25,100000000.5,100000000,100000000.25,100000000.5],"cotangent":[0.25,-0.75,0.25,-0.75,0.25,-0.75],"actual":[0.125,-0.375,0.125,-0.625,-0.125,-0.625],"expected":[0.125,-0.375,0.125,-0.625,-0.125,-0.625]}
CASE {"label":"n6-a0-r1-i1-p2-g2-f64","passed":true,"input":[100000000,100000000.25,100000000.5,100000000,100000000.25,100000000.5],"cotangent":[1,1,1,0,0,0],"actual":[0.5,0.5,0.5,0.5,0.5,0.5],"expected":[0.5,0.5,0.5,0.5,0.5,0.5]}
CASE {"label":"n6-a0-r1-i1-p2-g3-f64","passed":true,"input":[100000000,100000000.25,100000000.5,100000000,100000000.25,100000000.5],"cotangent":[0,0,0,0,0,0],"actual":[0,0,0,0,0,0],"expected":[0,0,0,0,0,0]}
CASE {"label":"n6-a0-r1-i1-p3-g0-f64","passed":true,"input":[-100000000,-99999999.75,-99999999.5,-100000000,-99999999.75,-99999999.5],"cotangent":[1,1,1,1,1,1],"actual":[0.5,0.5,0.5,1.5,1.5,1.5],"expected":[0.5,0.5,0.5,1.5,1.5,1.5]}
CASE {"label":"n6-a0-r1-i1-p3-g1-f64","passed":true,"input":[-100000000,-99999999.75,-99999999.5,-100000000,-99999999.75,-99999999.5],"cotangent":[0.25,-0.75,0.25,-0.75,0.25,-0.75],"actual":[0.125,-0.375,0.125,-0.625,-0.125,-0.625],"expected":[0.125,-0.375,0.125,-0.625,-0.125,-0.625]}
CASE {"label":"n6-a0-r1-i1-p3-g2-f64","passed":true,"input":[-100000000,-99999999.75,-99999999.5,-100000000,-99999999.75,-99999999.5],"cotangent":[1,1,1,0,0,0],"actual":[0.5,0.5,0.5,0.5,0.5,0.5],"expected":[0.5,0.5,0.5,0.5,0.5,0.5]}
CASE {"label":"n6-a0-r1-i1-p3-g3-f64","passed":true,"input":[-100000000,-99999999.75,-99999999.5,-100000000,-99999999.75,-99999999.5],"cotangent":[0,0,0,0,0,0],"actual":[0,0,0,0,0,0],"expected":[0,0,0,0,0,0]}
CASE {"label":"n6-a0-r1-i1-p4-g0-f64","passed":true,"input":[1e+20,1e+20,1e+20,1e+20,1e+20,1e+20],"cotangent":[1,1,1,1,1,1],"actual":[0.5,0.5,0.5,1.5,1.5,1.5],"expected":[0.5,0.5,0.5,1.5,1.5,1.5]}
CASE {"label":"n6-a0-r1-i1-p4-g1-f64","passed":true,"input":[1e+20,1e+20,1e+20,1e+20,1e+20,1e+20],"cotangent":[0.25,-0.75,0.25,-0.75,0.25,-0.75],"actual":[0.125,-0.375,0.125,-0.625,-0.125,-0.625],"expected":[0.125,-0.375,0.125,-0.625,-0.125,-0.625]}
CASE {"label":"n6-a0-r1-i1-p4-g2-f64","passed":true,"input":[1e+20,1e+20,1e+20,1e+20,1e+20,1e+20],"cotangent":[1,1,1,0,0,0],"actual":[0.5,0.5,0.5,0.5,0.5,0.5],"expected":[0.5,0.5,0.5,0.5,0.5,0.5]}
CASE {"label":"n6-a0-r1-i1-p4-g3-f64","passed":true,"input":[1e+20,1e+20,1e+20,1e+20,1e+20,1e+20],"cotangent":[0,0,0,0,0,0],"actual":[0,0,0,0,0,0],"expected":[0,0,0,0,0,0]}
CASE {"label":"n6-a0-r1-i1-p5-g0-f64","passed":true,"input":[0,0,0,100000000,100000000,100000000],"cotangent":[1,1,1,1,1,1],"actual":[0,0,0,2,2,2],"expected":[0,0,0,2,2,2]}
CASE {"label":"n6-a0-r1-i1-p5-g1-f64","passed":true,"input":[0,0,0,100000000,100000000,100000000],"cotangent":[0.25,-0.75,0.25,-0.75,0.25,-0.75],"actual":[0,-0,0,-0.5,-0.5,-0.5],"expected":[0,0,0,-0.5,-0.5,-0.5]}
CASE {"label":"n6-a0-r1-i1-p5-g2-f64","passed":true,"input":[0,0,0,100000000,100000000,100000000],"cotangent":[1,1,1,0,0,0],"actual":[0,0,0,1,1,1],"expected":[0,0,0,1,1,1]}
CASE {"label":"n6-a0-r1-i1-p5-g3-f64","passed":true,"input":[0,0,0,100000000,100000000,100000000],"cotangent":[0,0,0,0,0,0],"actual":[0,0,0,0,0,0],"expected":[0,0,0,0,0,0]}
CASE {"label":"n6-a0-r1-i1-p6-g0-f64","passed":true,"input":[100000000,100000000,100000000,0,0,0],"cotangent":[1,1,1,1,1,1],"actual":[1,1,1,1,1,1],"expected":[1,1,1,1,1,1]}
CASE {"label":"n6-a0-r1-i1-p6-g1-f64","passed":true,"input":[100000000,100000000,100000000,0,0,0],"cotangent":[0.25,-0.75,0.25,-0.75,0.25,-0.75],"actual":[0.25,-0.75,0.25,-0.75,0.25,-0.75],"expected":[0.25,-0.75,0.25,-0.75,0.25,-0.75]}
CASE {"label":"n6-a0-r1-i1-p6-g2-f64","passed":true,"input":[100000000,100000000,100000000,0,0,0],"cotangent":[1,1,1,0,0,0],"actual":[1,1,1,0,0,0],"expected":[1,1,1,0,0,0]}
CASE {"label":"n6-a0-r1-i1-p6-g3-f64","passed":true,"input":[100000000,100000000,100000000,0,0,0],"cotangent":[0,0,0,0,0,0],"actual":[0,0,0,0,0,0],"expected":[0,0,0,0,0,0]}
CASE {"label":"n6-a1-r0-i0-p0-g0-f64","passed":true,"input":[0,0.25,0.5,0,0.25,0.5],"cotangent":[0,1,1,0,1,1],"actual":[1.4378234991142018,0.56217650088579807,0,1.4378234991142018,0.56217650088579807,0],"expected":[1.4378234991142018,0.56217650088579807,0,1.4378234991142018,0.56217650088579807,0]}
CASE {"label":"n6-a1-r0-i0-p0-g1-f64","passed":true,"input":[0,0.25,0.5,0,0.25,0.5],"cotangent":[0,-0.75,0.25,0,0.25,-0.75],"actual":[-0.64054412522144955,0.14054412522144952,0,-0.07836762433565142,-0.42163237566434852,0],"expected":[-0.64054412522144955,0.14054412522144952,0,-0.078367624335651365,-0.42163237566434852,0]}
CASE {"label":"n6-a1-r0-i0-p0-g2-f64","passed":true,"input":[0,0.25,0.5,0,0.25,0.5],"cotangent":[0,0,1,0,0,1],"actual":[0.43782349911420188,0.56217650088579807,0,0.43782349911420188,0.56217650088579807,0],"expected":[0.43782349911420188,0.56217650088579807,0,0.43782349911420188,0.56217650088579807,0]}
CASE {"label":"n6-a1-r0-i0-p0-g3-f64","passed":true,"input":[0,0.25,0.5,0,0.25,0.5],"cotangent":[0,0,0,0,0,0],"actual":[0,0,0,0,0,0],"expected":[0,0,0,0,0,0]}
CASE {"label":"n6-a1-r0-i0-p1-g0-f64","passed":true,"input":[1000,1000.25,1000.5,1000,1000.25,1000.5],"cotangent":[0,1,1,0,1,1],"actual":[1.4378234991142018,0.56217650088579807,0,1.4378234991142018,0.56217650088579807,0],"expected":[1.4378234991142018,0.56217650088579807,0,1.4378234991142018,0.56217650088579807,0]}
CASE {"label":"n6-a1-r0-i0-p1-g1-f64","passed":true,"input":[1000,1000.25,1000.5,1000,1000.25,1000.5],"cotangent":[0,-0.75,0.25,0,0.25,-0.75],"actual":[-0.64054412522144955,0.14054412522144952,0,-0.07836762433565142,-0.42163237566434852,0],"expected":[-0.64054412522144955,0.14054412522144952,0,-0.078367624335651365,-0.42163237566434852,0]}
CASE {"label":"n6-a1-r0-i0-p1-g2-f64","passed":true,"input":[1000,1000.25,1000.5,1000,1000.25,1000.5],"cotangent":[0,0,1,0,0,1],"actual":[0.43782349911420188,0.56217650088579807,0,0.43782349911420188,0.56217650088579807,0],"expected":[0.43782349911420188,0.56217650088579807,0,0.43782349911420188,0.56217650088579807,0]}
CASE {"label":"n6-a1-r0-i0-p1-g3-f64","passed":true,"input":[1000,1000.25,1000.5,1000,1000.25,1000.5],"cotangent":[0,0,0,0,0,0],"actual":[0,0,0,0,0,0],"expected":[0,0,0,0,0,0]}
CASE {"label":"n6-a1-r0-i0-p2-g0-f64","passed":true,"input":[100000000,100000000.25,100000000.5,100000000,100000000.25,100000000.5],"cotangent":[0,1,1,0,1,1],"actual":[1.4378234991142018,0.56217650088579807,0,1.4378234991142018,0.56217650088579807,0],"expected":[1.4378234991142018,0.56217650088579807,0,1.4378234991142018,0.56217650088579807,0]}
CASE {"label":"n6-a1-r0-i0-p2-g1-f64","passed":true,"input":[100000000,100000000.25,100000000.5,100000000,100000000.25,100000000.5],"cotangent":[0,-0.75,0.25,0,0.25,-0.75],"actual":[-0.64054412522144955,0.14054412522144952,0,-0.07836762433565142,-0.42163237566434852,0],"expected":[-0.64054412522144955,0.14054412522144952,0,-0.078367624335651365,-0.42163237566434852,0]}
CASE {"label":"n6-a1-r0-i0-p2-g2-f64","passed":true,"input":[100000000,100000000.25,100000000.5,100000000,100000000.25,100000000.5],"cotangent":[0,0,1,0,0,1],"actual":[0.43782349911420188,0.56217650088579807,0,0.43782349911420188,0.56217650088579807,0],"expected":[0.43782349911420188,0.56217650088579807,0,0.43782349911420188,0.56217650088579807,0]}
CASE {"label":"n6-a1-r0-i0-p2-g3-f64","passed":true,"input":[100000000,100000000.25,100000000.5,100000000,100000000.25,100000000.5],"cotangent":[0,0,0,0,0,0],"actual":[0,0,0,0,0,0],"expected":[0,0,0,0,0,0]}
CASE {"label":"n6-a1-r0-i0-p3-g0-f64","passed":true,"input":[-100000000,-99999999.75,-99999999.5,-100000000,-99999999.75,-99999999.5],"cotangent":[0,1,1,0,1,1],"actual":[1.4378234991142018,0.56217650088579807,0,1.4378234991142018,0.56217650088579807,0],"expected":[1.4378234991142018,0.56217650088579807,0,1.4378234991142018,0.56217650088579807,0]}
CASE {"label":"n6-a1-r0-i0-p3-g1-f64","passed":true,"input":[-100000000,-99999999.75,-99999999.5,-100000000,-99999999.75,-99999999.5],"cotangent":[0,-0.75,0.25,0,0.25,-0.75],"actual":[-0.64054412522144955,0.14054412522144952,0,-0.07836762433565142,-0.42163237566434852,0],"expected":[-0.64054412522144955,0.14054412522144952,0,-0.078367624335651365,-0.42163237566434852,0]}
CASE {"label":"n6-a1-r0-i0-p3-g2-f64","passed":true,"input":[-100000000,-99999999.75,-99999999.5,-100000000,-99999999.75,-99999999.5],"cotangent":[0,0,1,0,0,1],"actual":[0.43782349911420188,0.56217650088579807,0,0.43782349911420188,0.56217650088579807,0],"expected":[0.43782349911420188,0.56217650088579807,0,0.43782349911420188,0.56217650088579807,0]}
CASE {"label":"n6-a1-r0-i0-p3-g3-f64","passed":true,"input":[-100000000,-99999999.75,-99999999.5,-100000000,-99999999.75,-99999999.5],"cotangent":[0,0,0,0,0,0],"actual":[0,0,0,0,0,0],"expected":[0,0,0,0,0,0]}
CASE {"label":"n6-a1-r0-i0-p4-g0-f64","passed":true,"input":[1e+20,1e+20,1e+20,1e+20,1e+20,1e+20],"cotangent":[0,1,1,0,1,1],"actual":[1.5,0.5,0,1.5,0.5,0],"expected":[1.5,0.5,0,1.5,0.5,0]}
CASE {"label":"n6-a1-r0-i0-p4-g1-f64","passed":true,"input":[1e+20,1e+20,1e+20,1e+20,1e+20,1e+20],"cotangent":[0,-0.75,0.25,0,0.25,-0.75],"actual":[-0.625,0.125,0,-0.125,-0.375,0],"expected":[-0.625,0.125,0,-0.125,-0.375,0]}
CASE {"label":"n6-a1-r0-i0-p4-g2-f64","passed":true,"input":[1e+20,1e+20,1e+20,1e+20,1e+20,1e+20],"cotangent":[0,0,1,0,0,1],"actual":[0.5,0.5,0,0.5,0.5,0],"expected":[0.5,0.5,0,0.5,0.5,0]}
CASE {"label":"n6-a1-r0-i0-p4-g3-f64","passed":true,"input":[1e+20,1e+20,1e+20,1e+20,1e+20,1e+20],"cotangent":[0,0,0,0,0,0],"actual":[0,0,0,0,0,0],"expected":[0,0,0,0,0,0]}
CASE {"label":"n6-a1-r0-i0-p5-g0-f64","passed":true,"input":[0,0,100000000,0,0,100000000],"cotangent":[0,1,1,0,1,1],"actual":[1.5,0.5,0,1.5,0.5,0],"expected":[1.5,0.5,0,1.5,0.5,0]}
CASE {"label":"n6-a1-r0-i0-p5-g1-f64","passed":true,"input":[0,0,100000000,0,0,100000000],"cotangent":[0,-0.75,0.25,0,0.25,-0.75],"actual":[-0.625,0.125,0,-0.125,-0.375,0],"expected":[-0.625,0.125,0,-0.125,-0.375,0]}
CASE {"label":"n6-a1-r0-i0-p5-g2-f64","passed":true,"input":[0,0,100000000,0,0,100000000],"cotangent":[0,0,1,0,0,1],"actual":[0.5,0.5,0,0.5,0.5,0],"expected":[0.5,0.5,0,0.5,0.5,0]}
CASE {"label":"n6-a1-r0-i0-p5-g3-f64","passed":true,"input":[0,0,100000000,0,0,100000000],"cotangent":[0,0,0,0,0,0],"actual":[0,0,0,0,0,0],"expected":[0,0,0,0,0,0]}
CASE {"label":"n6-a1-r0-i0-p6-g0-f64","passed":true,"input":[100000000,0,0,100000000,0,0],"cotangent":[0,1,1,0,1,1],"actual":[2,0,0,2,0,0],"expected":[2,0,0,2,0,0]}
CASE {"label":"n6-a1-r0-i0-p6-g1-f64","passed":true,"input":[100000000,0,0,100000000,0,0],"cotangent":[0,-0.75,0.25,0,0.25,-0.75],"actual":[-0.5,0,0,-0.5,-0,0],"expected":[-0.5,0,0,-0.5,0,0]}
CASE {"label":"n6-a1-r0-i0-p6-g2-f64","passed":true,"input":[100000000,0,0,100000000,0,0],"cotangent":[0,0,1,0,0,1],"actual":[1,0,0,1,0,0],"expected":[1,0,0,1,0,0]}
CASE {"label":"n6-a1-r0-i0-p6-g3-f64","passed":true,"input":[100000000,0,0,100000000,0,0],"cotangent":[0,0,0,0,0,0],"actual":[0,0,0,0,0,0],"expected":[0,0,0,0,0,0]}
CASE {"label":"n6-a1-r0-i1-p0-g0-f64","passed":true,"input":[0,0.25,0.5,0,0.25,0.5],"cotangent":[1,1,1,1,1,1],"actual":[1.6920987117046675,0.88867233668563472,0.41922895160969764,1.6920987117046675,0.88867233668563472,0.41922895160969764],"expected":[1.6920987117046675,0.88867233668563483,0.4192289516096977,1.6920987117046675,0.88867233668563483,0.4192289516096977]}
CASE {"label":"n6-a1-r0-i1-p0-g1-f64","passed":true,"input":[0,0.25,0.5,0,0.25,0.5],"cotangent":[0.25,-0.75,0.25,-0.75,0.25,-0.75],"actual":[-0.014798821188034994,-0.34000841671438936,0.10480723790242441,-0.83125053466429866,-0.10432775162842793,-0.31442171370727323],"expected":[-0.014798821188034952,-0.34000841671438936,0.10480723790242442,-0.83125053466429877,-0.104327751628428,-0.31442171370727329]}
CASE {"label":"n6-a1-r0-i1-p0-g2-f64","passed":true,"input":[0,0.25,0.5,0,0.25,0.5],"cotangent":[0,0,1,0,0,1],"actual":[0.25427521259046559,0.3264958357998366,0.41922895160969764,0.25427521259046559,0.3264958357998366,0.41922895160969764],"expected":[0.25427521259046565,0.32649583579983671,0.4192289516096977,0.25427521259046565,0.32649583579983671,0.4192289516096977]}
CASE {"label":"n6-a1-r0-i1-p0-g3-f64","passed":true,"input":[0,0.25,0.5,0,0.25,0.5],"cotangent":[0,0,0,0,0,0],"actual":[0,0,0,0,0,0],"expected":[0,0,0,0,0,0]}
CASE {"label":"n6-a1-r0-i1-p1-g0-f64","passed":true,"input":[1000,1000.25,1000.5,1000,1000.25,1000.5],"cotangent":[1,1,1,1,1,1],"actual":[1.6920987117046675,0.88867233668563472,0.41922895160969764,1.6920987117046675,0.88867233668563472,0.41922895160969764],"expected":[1.6920987117046675,0.88867233668563483,0.4192289516096977,1.6920987117046675,0.88867233668563483,0.4192289516096977]}
CASE {"label":"n6-a1-r0-i1-p1-g1-f64","passed":true,"input":[1000,1000.25,1000.5,1000,1000.25,1000.5],"cotangent":[0.25,-0.75,0.25,-0.75,0.25,-0.75],"actual":[-0.014798821188034994,-0.34000841671438936,0.10480723790242441,-0.83125053466429866,-0.10432775162842793,-0.31442171370727323],"expected":[-0.014798821188034952,-0.34000841671438936,0.10480723790242442,-0.83125053466429877,-0.104327751628428,-0.31442171370727329]}
CASE {"label":"n6-a1-r0-i1-p1-g2-f64","passed":true,"input":[1000,1000.25,1000.5,1000,1000.25,1000.5],"cotangent":[0,0,1,0,0,1],"actual":[0.25427521259046559,0.3264958357998366,0.41922895160969764,0.25427521259046559,0.3264958357998366,0.41922895160969764],"expected":[0.25427521259046565,0.32649583579983671,0.4192289516096977,0.25427521259046565,0.32649583579983671,0.4192289516096977]}
CASE {"label":"n6-a1-r0-i1-p1-g3-f64","passed":true,"input":[1000,1000.25,1000.5,1000,1000.25,1000.5],"cotangent":[0,0,0,0,0,0],"actual":[0,0,0,0,0,0],"expected":[0,0,0,0,0,0]}
CASE {"label":"n6-a1-r0-i1-p2-g0-f64","passed":true,"input":[100000000,100000000.25,100000000.5,100000000,100000000.25,100000000.5],"cotangent":[1,1,1,1,1,1],"actual":[1.6920987117046675,0.88867233668563472,0.41922895160969764,1.6920987117046675,0.88867233668563472,0.41922895160969764],"expected":[1.6920987117046675,0.88867233668563483,0.4192289516096977,1.6920987117046675,0.88867233668563483,0.4192289516096977]}
CASE {"label":"n6-a1-r0-i1-p2-g1-f64","passed":true,"input":[100000000,100000000.25,100000000.5,100000000,100000000.25,100000000.5],"cotangent":[0.25,-0.75,0.25,-0.75,0.25,-0.75],"actual":[-0.014798821188034994,-0.34000841671438936,0.10480723790242441,-0.83125053466429866,-0.10432775162842793,-0.31442171370727323],"expected":[-0.014798821188034952,-0.34000841671438936,0.10480723790242442,-0.83125053466429877,-0.104327751628428,-0.31442171370727329]}
CASE {"label":"n6-a1-r0-i1-p2-g2-f64","passed":true,"input":[100000000,100000000.25,100000000.5,100000000,100000000.25,100000000.5],"cotangent":[0,0,1,0,0,1],"actual":[0.25427521259046559,0.3264958357998366,0.41922895160969764,0.25427521259046559,0.3264958357998366,0.41922895160969764],"expected":[0.25427521259046565,0.32649583579983671,0.4192289516096977,0.25427521259046565,0.32649583579983671,0.4192289516096977]}
CASE {"label":"n6-a1-r0-i1-p2-g3-f64","passed":true,"input":[100000000,100000000.25,100000000.5,100000000,100000000.25,100000000.5],"cotangent":[0,0,0,0,0,0],"actual":[0,0,0,0,0,0],"expected":[0,0,0,0,0,0]}
CASE {"label":"n6-a1-r0-i1-p3-g0-f64","passed":true,"input":[-100000000,-99999999.75,-99999999.5,-100000000,-99999999.75,-99999999.5],"cotangent":[1,1,1,1,1,1],"actual":[1.6920987117046675,0.88867233668563472,0.41922895160969764,1.6920987117046675,0.88867233668563472,0.41922895160969764],"expected":[1.6920987117046675,0.88867233668563483,0.4192289516096977,1.6920987117046675,0.88867233668563483,0.4192289516096977]}
CASE {"label":"n6-a1-r0-i1-p3-g1-f64","passed":true,"input":[-100000000,-99999999.75,-99999999.5,-100000000,-99999999.75,-99999999.5],"cotangent":[0.25,-0.75,0.25,-0.75,0.25,-0.75],"actual":[-0.014798821188034994,-0.34000841671438936,0.10480723790242441,-0.83125053466429866,-0.10432775162842793,-0.31442171370727323],"expected":[-0.014798821188034952,-0.34000841671438936,0.10480723790242442,-0.83125053466429877,-0.104327751628428,-0.31442171370727329]}
CASE {"label":"n6-a1-r0-i1-p3-g2-f64","passed":true,"input":[-100000000,-99999999.75,-99999999.5,-100000000,-99999999.75,-99999999.5],"cotangent":[0,0,1,0,0,1],"actual":[0.25427521259046559,0.3264958357998366,0.41922895160969764,0.25427521259046559,0.3264958357998366,0.41922895160969764],"expected":[0.25427521259046565,0.32649583579983671,0.4192289516096977,0.25427521259046565,0.32649583579983671,0.4192289516096977]}
CASE {"label":"n6-a1-r0-i1-p3-g3-f64","passed":true,"input":[-100000000,-99999999.75,-99999999.5,-100000000,-99999999.75,-99999999.5],"cotangent":[0,0,0,0,0,0],"actual":[0,0,0,0,0,0],"expected":[0,0,0,0,0,0]}
CASE {"label":"n6-a1-r0-i1-p4-g0-f64","passed":true,"input":[1e+20,1e+20,1e+20,1e+20,1e+20,1e+20],"cotangent":[1,1,1,1,1,1],"actual":[1.8333333333333333,0.83333333333333326,0.33333333333333331,1.8333333333333333,0.83333333333333326,0.33333333333333331],"expected":[1.8333333333333333,0.83333333333333326,0.33333333333333331,1.8333333333333333,0.83333333333333326,0.33333333333333331]}
CASE {"label":"n6-a1-r0-i1-p4-g1-f64","passed":true,"input":[1e+20,1e+20,1e+20,1e+20,1e+20,1e+20],"cotangent":[0.25,-0.75,0.25,-0.75,0.25,-0.75],"actual":[-0.041666666666666685,-0.29166666666666669,0.083333333333333329,-0.875,-0.125,-0.25],"expected":[-0.041666666666666671,-0.29166666666666669,0.083333333333333329,-0.875,-0.125,-0.25]}
CASE {"label":"n6-a1-r0-i1-p4-g2-f64","passed":true,"input":[1e+20,1e+20,1e+20,1e+20,1e+20,1e+20],"cotangent":[0,0,1,0,0,1],"actual":[0.33333333333333331,0.33333333333333331,0.33333333333333331,0.33333333333333331,0.33333333333333331,0.33333333333333331],"expected":[0.33333333333333331,0.33333333333333331,0.33333333333333331,0.33333333333333331,0.33333333333333331,0.33333333333333331]}
CASE {"label":"n6-a1-r0-i1-p4-g3-f64","passed":true,"input":[1e+20,1e+20,1e+20,1e+20,1e+20,1e+20],"cotangent":[0,0,0,0,0,0],"actual":[0,0,0,0,0,0],"expected":[0,0,0,0,0,0]}
CASE {"label":"n6-a1-r0-i1-p5-g0-f64","passed":true,"input":[0,0,100000000,0,0,100000000],"cotangent":[1,1,1,1,1,1],"actual":[1.5,0.5,1,1.5,0.5,1],"expected":[1.5,0.5,1,1.5,0.5,1]}
CASE {"label":"n6-a1-r0-i1-p5-g1-f64","passed":true,"input":[0,0,100000000,0,0,100000000],"cotangent":[0.25,-0.75,0.25,-0.75,0.25,-0.75],"actual":[-0.125,-0.375,0.25,-0.625,0.125,-0.75],"expected":[-0.125,-0.375,0.25,-0.625,0.125,-0.75]}
CASE {"label":"n6-a1-r0-i1-p5-g2-f64","passed":true,"input":[0,0,100000000,0,0,100000000],"cotangent":[0,0,1,0,0,1],"actual":[0,0,1,0,0,1],"expected":[0,0,1,0,0,1]}
CASE {"label":"n6-a1-r0-i1-p5-g3-f64","passed":true,"input":[0,0,100000000,0,0,100000000],"cotangent":[0,0,0,0,0,0],"actual":[0,0,0,0,0,0],"expected":[0,0,0,0,0,0]}
CASE {"label":"n6-a1-r0-i1-p6-g0-f64","passed":true,"input":[100000000,0,0,100000000,0,0],"cotangent":[1,1,1,1,1,1],"actual":[3,0,0,3,0,0],"expected":[3,0,0,3,0,0]}
CASE {"label":"n6-a1-r0-i1-p6-g1-f64","passed":true,"input":[100000000,0,0,100000000,0,0],"cotangent":[0.25,-0.75,0.25,-0.75,0.25,-0.75],"actual":[-0.25,-0,0,-1.25,-0,-0],"expected":[-0.25,0,0,-1.25,0,0]}
CASE {"label":"n6-a1-r0-i1-p6-g2-f64","passed":true,"input":[100000000,0,0,100000000,0,0],"cotangent":[0,0,1,0,0,1],"actual":[1,0,0,1,0,0],"expected":[1,0,0,1,0,0]}
CASE {"label":"n6-a1-r0-i1-p6-g3-f64","passed":true,"input":[100000000,0,0,100000000,0,0],"cotangent":[0,0,0,0,0,0],"actual":[0,0,0,0,0,0],"expected":[0,0,0,0,0,0]}
CASE {"label":"n6-a1-r1-i0-p0-g0-f64","passed":true,"input":[0,0.25,0.5,0,0.25,0.5],"cotangent":[1,1,0,1,1,0],"actual":[0,0.43782349911420188,1.5621765008857982,0,0.43782349911420188,1.5621765008857982],"expected":[0,0.43782349911420188,1.5621765008857982,0,0.43782349911420188,1.5621765008857982]}
CASE {"label":"n6-a1-r1-i0-p0-g1-f64","passed":true,"input":[0,0.25,0.5,0,0.25,0.5],"cotangent":[0.25,-0.75,0,-0.75,0.25,0],"actual":[0,0.10945587477855047,-0.60945587477855045,0,-0.32836762433565142,-0.17163237566434852],"expected":[0,0.10945587477855047,-0.60945587477855045,0,-0.32836762433565136,-0.17163237566434852]}
CASE {"label":"n6-a1-r1-i0-p0-g2-f64","passed":true,"input":[0,0.25,0.5,0,0.25,0.5],"cotangent":[1,0,0,1,0,0],"actual":[0,0.43782349911420188,0.56217650088579807,0,0.43782349911420188,0.56217650088579807],"expected":[0,0.43782349911420188,0.56217650088579807,0,0.43782349911420188,0.56217650088579807]}
CASE {"label":"n6-a1-r1-i0-p0-g3-f64","passed":true,"input":[0,0.25,0.5,0,0.25,0.5],"cotangent":[0,0,0,0,0,0],"actual":[0,0,0,0,0,0],"expected":[0,0,0,0,0,0]}
CASE {"label":"n6-a1-r1-i0-p1-g0-f64","passed":true,"input":[1000,1000.25,1000.5,1000,1000.25,1000.5],"cotangent":[1,1,0,1,1,0],"actual":[0,0.43782349911420188,1.5621765008857982,0,0.43782349911420188,1.5621765008857982],"expected":[0,0.43782349911420188,1.5621765008857982,0,0.43782349911420188,1.5621765008857982]}
CASE {"label":"n6-a1-r1-i0-p1-g1-f64","passed":true,"input":[1000,1000.25,1000.5,1000,1000.25,1000.5],"cotangent":[0.25,-0.75,0,-0.75,0.25,0],"actual":[0,0.10945587477855047,-0.60945587477855045,0,-0.32836762433565142,-0.17163237566434852],"expected":[0,0.10945587477855047,-0.60945587477855045,0,-0.32836762433565136,-0.17163237566434852]}
CASE {"label":"n6-a1-r1-i0-p1-g2-f64","passed":true,"input":[1000,1000.25,1000.5,1000,1000.25,1000.5],"cotangent":[1,0,0,1,0,0],"actual":[0,0.43782349911420188,0.56217650088579807,0,0.43782349911420188,0.56217650088579807],"expected":[0,0.43782349911420188,0.56217650088579807,0,0.43782349911420188,0.56217650088579807]}
CASE {"label":"n6-a1-r1-i0-p1-g3-f64","passed":true,"input":[1000,1000.25,1000.5,1000,1000.25,1000.5],"cotangent":[0,0,0,0,0,0],"actual":[0,0,0,0,0,0],"expected":[0,0,0,0,0,0]}
CASE {"label":"n6-a1-r1-i0-p2-g0-f64","passed":true,"input":[100000000,100000000.25,100000000.5,100000000,100000000.25,100000000.5],"cotangent":[1,1,0,1,1,0],"actual":[0,0.43782349911420188,1.5621765008857982,0,0.43782349911420188,1.5621765008857982],"expected":[0,0.43782349911420188,1.5621765008857982,0,0.43782349911420188,1.5621765008857982]}
CASE {"label":"n6-a1-r1-i0-p2-g1-f64","passed":true,"input":[100000000,100000000.25,100000000.5,100000000,100000000.25,100000000.5],"cotangent":[0.25,-0.75,0,-0.75,0.25,0],"actual":[0,0.10945587477855047,-0.60945587477855045,0,-0.32836762433565142,-0.17163237566434852],"expected":[0,0.10945587477855047,-0.60945587477855045,0,-0.32836762433565136,-0.17163237566434852]}
CASE {"label":"n6-a1-r1-i0-p2-g2-f64","passed":true,"input":[100000000,100000000.25,100000000.5,100000000,100000000.25,100000000.5],"cotangent":[1,0,0,1,0,0],"actual":[0,0.43782349911420188,0.56217650088579807,0,0.43782349911420188,0.56217650088579807],"expected":[0,0.43782349911420188,0.56217650088579807,0,0.43782349911420188,0.56217650088579807]}
CASE {"label":"n6-a1-r1-i0-p2-g3-f64","passed":true,"input":[100000000,100000000.25,100000000.5,100000000,100000000.25,100000000.5],"cotangent":[0,0,0,0,0,0],"actual":[0,0,0,0,0,0],"expected":[0,0,0,0,0,0]}
CASE {"label":"n6-a1-r1-i0-p3-g0-f64","passed":true,"input":[-100000000,-99999999.75,-99999999.5,-100000000,-99999999.75,-99999999.5],"cotangent":[1,1,0,1,1,0],"actual":[0,0.43782349911420188,1.5621765008857982,0,0.43782349911420188,1.5621765008857982],"expected":[0,0.43782349911420188,1.5621765008857982,0,0.43782349911420188,1.5621765008857982]}
CASE {"label":"n6-a1-r1-i0-p3-g1-f64","passed":true,"input":[-100000000,-99999999.75,-99999999.5,-100000000,-99999999.75,-99999999.5],"cotangent":[0.25,-0.75,0,-0.75,0.25,0],"actual":[0,0.10945587477855047,-0.60945587477855045,0,-0.32836762433565142,-0.17163237566434852],"expected":[0,0.10945587477855047,-0.60945587477855045,0,-0.32836762433565136,-0.17163237566434852]}
CASE {"label":"n6-a1-r1-i0-p3-g2-f64","passed":true,"input":[-100000000,-99999999.75,-99999999.5,-100000000,-99999999.75,-99999999.5],"cotangent":[1,0,0,1,0,0],"actual":[0,0.43782349911420188,0.56217650088579807,0,0.43782349911420188,0.56217650088579807],"expected":[0,0.43782349911420188,0.56217650088579807,0,0.43782349911420188,0.56217650088579807]}
CASE {"label":"n6-a1-r1-i0-p3-g3-f64","passed":true,"input":[-100000000,-99999999.75,-99999999.5,-100000000,-99999999.75,-99999999.5],"cotangent":[0,0,0,0,0,0],"actual":[0,0,0,0,0,0],"expected":[0,0,0,0,0,0]}
CASE {"label":"n6-a1-r1-i0-p4-g0-f64","passed":true,"input":[1e+20,1e+20,1e+20,1e+20,1e+20,1e+20],"cotangent":[1,1,0,1,1,0],"actual":[0,0.5,1.5,0,0.5,1.5],"expected":[0,0.5,1.5,0,0.5,1.5]}
CASE {"label":"n6-a1-r1-i0-p4-g1-f64","passed":true,"input":[1e+20,1e+20,1e+20,1e+20,1e+20,1e+20],"cotangent":[0.25,-0.75,0,-0.75,0.25,0],"actual":[0,0.125,-0.625,0,-0.375,-0.125],"expected":[0,0.125,-0.625,0,-0.375,-0.125]}
CASE {"label":"n6-a1-r1-i0-p4-g2-f64","passed":true,"input":[1e+20,1e+20,1e+20,1e+20,1e+20,1e+20],"cotangent":[1,0,0,1,0,0],"actual":[0,0.5,0.5,0,0.5,0.5],"expected":[0,0.5,0.5,0,0.5,0.5]}
CASE {"label":"n6-a1-r1-i0-p4-g3-f64","passed":true,"input":[1e+20,1e+20,1e+20,1e+20,1e+20,1e+20],"cotangent":[0,0,0,0,0,0],"actual":[0,0,0,0,0,0],"expected":[0,0,0,0,0,0]}
CASE {"label":"n6-a1-r1-i0-p5-g0-f64","passed":true,"input":[0,0,100000000,0,0,100000000],"cotangent":[1,1,0,1,1,0],"actual":[0,0,2,0,0,2],"expected":[0,0,2,0,0,2]}
CASE {"label":"n6-a1-r1-i0-p5-g1-f64","passed":true,"input":[0,0,100000000,0,0,100000000],"cotangent":[0.25,-0.75,0,-0.75,0.25,0],"actual":[0,0,-0.5,0,-0,-0.5],"expected":[0,0,-0.5,0,0,-0.5]}
CASE {"label":"n6-a1-r1-i0-p5-g2-f64","passed":true,"input":[0,0,100000000,0,0,100000000],"cotangent":[1,0,0,1,0,0],"actual":[0,0,1,0,0,1],"expected":[0,0,1,0,0,1]}
CASE {"label":"n6-a1-r1-i0-p5-g3-f64","passed":true,"input":[0,0,100000000,0,0,100000000],"cotangent":[0,0,0,0,0,0],"actual":[0,0,0,0,0,0],"expected":[0,0,0,0,0,0]}
CASE {"label":"n6-a1-r1-i0-p6-g0-f64","passed":true,"input":[100000000,0,0,100000000,0,0],"cotangent":[1,1,0,1,1,0],"actual":[0,0.5,1.5,0,0.5,1.5],"expected":[0,0.5,1.5,0,0.5,1.5]}
CASE {"label":"n6-a1-r1-i0-p6-g1-f64","passed":true,"input":[100000000,0,0,100000000,0,0],"cotangent":[0.25,-0.75,0,-0.75,0.25,0],"actual":[0,0.125,-0.625,0,-0.375,-0.125],"expected":[0,0.125,-0.625,0,-0.375,-0.125]}
CASE {"label":"n6-a1-r1-i0-p6-g2-f64","passed":true,"input":[100000000,0,0,100000000,0,0],"cotangent":[1,0,0,1,0,0],"actual":[0,0.5,0.5,0,0.5,0.5],"expected":[0,0.5,0.5,0,0.5,0.5]}
CASE {"label":"n6-a1-r1-i0-p6-g3-f64","passed":true,"input":[100000000,0,0,100000000,0,0],"cotangent":[0,0,0,0,0,0],"actual":[0,0,0,0,0,0],"expected":[0,0,0,0,0,0]}
CASE {"label":"n6-a1-r1-i1-p0-g0-f64","passed":true,"input":[0,0.25,0.5,0,0.25,0.5],"cotangent":[1,1,1,1,1,1],"actual":[0.25427521259046559,0.76431933491403847,1.9814054524954958,0.25427521259046559,0.76431933491403847,1.9814054524954958],"expected":[0.25427521259046565,0.76431933491403858,1.9814054524954958,0.25427521259046565,0.76431933491403858,1.9814054524954958]}
CASE {"label":"n6-a1-r1-i1-p0-g1-f64","passed":true,"input":[0,0.25,0.5,0,0.25,0.5],"cotangent":[0.25,-0.75,0.25,-0.75,0.25,-0.75],"actual":[0.063568803147616398,-0.24674366538569228,-0.066825137761924169,-0.1907064094428492,-0.13541600207132701,-0.92387758848582369],"expected":[0.063568803147616412,-0.2467436653856922,-0.066825137761924114,-0.19070640944284922,-0.13541600207132704,-0.9238775884858238]}
CASE {"label":"n6-a1-r1-i1-p0-g2-f64","passed":true,"input":[0,0.25,0.5,0,0.25,0.5],"cotangent":[1,0,0,1,0,0],"actual":[0.25427521259046559,0.3264958357998366,0.41922895160969764,0.25427521259046559,0.3264958357998366,0.41922895160969764],"expected":[0.25427521259046565,0.32649583579983671,0.4192289516096977,0.25427521259046565,0.32649583579983671,0.4192289516096977]}
CASE {"label":"n6-a1-r1-i1-p0-g3-f64","passed":true,"input":[0,0.25,0.5,0,0.25,0.5],"cotangent":[0,0,0,0,0,0],"actual":[0,0,0,0,0,0],"expected":[0,0,0,0,0,0]}
CASE {"label":"n6-a1-r1-i1-p1-g0-f64","passed":true,"input":[1000,1000.25,1000.5,1000,1000.25,1000.5],"cotangent":[1,1,1,1,1,1],"actual":[0.25427521259046559,0.76431933491403847,1.9814054524954958,0.25427521259046559,0.76431933491403847,1.9814054524954958],"expected":[0.25427521259046565,0.76431933491403858,1.9814054524954958,0.25427521259046565,0.76431933491403858,1.9814054524954958]}
CASE {"label":"n6-a1-r1-i1-p1-g1-f64","passed":true,"input":[1000,1000.25,1000.5,1000,1000.25,1000.5],"cotangent":[0.25,-0.75,0.25,-0.75,0.25,-0.75],"actual":[0.063568803147616398,-0.24674366538569228,-0.066825137761924169,-0.1907064094428492,-0.13541600207132701,-0.92387758848582369],"expected":[0.063568803147616412,-0.2467436653856922,-0.066825137761924114,-0.19070640944284922,-0.13541600207132704,-0.9238775884858238]}
CASE {"label":"n6-a1-r1-i1-p1-g2-f64","passed":true,"input":[1000,1000.25,1000.5,1000,1000.25,1000.5],"cotangent":[1,0,0,1,0,0],"actual":[0.25427521259046559,0.3264958357998366,0.41922895160969764,0.25427521259046559,0.3264958357998366,0.41922895160969764],"expected":[0.25427521259046565,0.32649583579983671,0.4192289516096977,0.25427521259046565,0.32649583579983671,0.4192289516096977]}
CASE {"label":"n6-a1-r1-i1-p1-g3-f64","passed":true,"input":[1000,1000.25,1000.5,1000,1000.25,1000.5],"cotangent":[0,0,0,0,0,0],"actual":[0,0,0,0,0,0],"expected":[0,0,0,0,0,0]}
CASE {"label":"n6-a1-r1-i1-p2-g0-f64","passed":true,"input":[100000000,100000000.25,100000000.5,100000000,100000000.25,100000000.5],"cotangent":[1,1,1,1,1,1],"actual":[0.25427521259046559,0.76431933491403847,1.9814054524954958,0.25427521259046559,0.76431933491403847,1.9814054524954958],"expected":[0.25427521259046565,0.76431933491403858,1.9814054524954958,0.25427521259046565,0.76431933491403858,1.9814054524954958]}
CASE {"label":"n6-a1-r1-i1-p2-g1-f64","passed":true,"input":[100000000,100000000.25,100000000.5,100000000,100000000.25,100000000.5],"cotangent":[0.25,-0.75,0.25,-0.75,0.25,-0.75],"actual":[0.063568803147616398,-0.24674366538569228,-0.066825137761924169,-0.1907064094428492,-0.13541600207132701,-0.92387758848582369],"expected":[0.063568803147616412,-0.2467436653856922,-0.066825137761924114,-0.19070640944284922,-0.13541600207132704,-0.9238775884858238]}
CASE {"label":"n6-a1-r1-i1-p2-g2-f64","passed":true,"input":[100000000,100000000.25,100000000.5,100000000,100000000.25,100000000.5],"cotangent":[1,0,0,1,0,0],"actual":[0.25427521259046559,0.3264958357998366,0.41922895160969764,0.25427521259046559,0.3264958357998366,0.41922895160969764],"expected":[0.25427521259046565,0.32649583579983671,0.4192289516096977,0.25427521259046565,0.32649583579983671,0.4192289516096977]}
CASE {"label":"n6-a1-r1-i1-p2-g3-f64","passed":true,"input":[100000000,100000000.25,100000000.5,100000000,100000000.25,100000000.5],"cotangent":[0,0,0,0,0,0],"actual":[0,0,0,0,0,0],"expected":[0,0,0,0,0,0]}
CASE {"label":"n6-a1-r1-i1-p3-g0-f64","passed":true,"input":[-100000000,-99999999.75,-99999999.5,-100000000,-99999999.75,-99999999.5],"cotangent":[1,1,1,1,1,1],"actual":[0.25427521259046559,0.76431933491403847,1.9814054524954958,0.25427521259046559,0.76431933491403847,1.9814054524954958],"expected":[0.25427521259046565,0.76431933491403858,1.9814054524954958,0.25427521259046565,0.76431933491403858,1.9814054524954958]}
CASE {"label":"n6-a1-r1-i1-p3-g1-f64","passed":true,"input":[-100000000,-99999999.75,-99999999.5,-100000000,-99999999.75,-99999999.5],"cotangent":[0.25,-0.75,0.25,-0.75,0.25,-0.75],"actual":[0.063568803147616398,-0.24674366538569228,-0.066825137761924169,-0.1907064094428492,-0.13541600207132701,-0.92387758848582369],"expected":[0.063568803147616412,-0.2467436653856922,-0.066825137761924114,-0.19070640944284922,-0.13541600207132704,-0.9238775884858238]}
CASE {"label":"n6-a1-r1-i1-p3-g2-f64","passed":true,"input":[-100000000,-99999999.75,-99999999.5,-100000000,-99999999.75,-99999999.5],"cotangent":[1,0,0,1,0,0],"actual":[0.25427521259046559,0.3264958357998366,0.41922895160969764,0.25427521259046559,0.3264958357998366,0.41922895160969764],"expected":[0.25427521259046565,0.32649583579983671,0.4192289516096977,0.25427521259046565,0.32649583579983671,0.4192289516096977]}
CASE {"label":"n6-a1-r1-i1-p3-g3-f64","passed":true,"input":[-100000000,-99999999.75,-99999999.5,-100000000,-99999999.75,-99999999.5],"cotangent":[0,0,0,0,0,0],"actual":[0,0,0,0,0,0],"expected":[0,0,0,0,0,0]}
CASE {"label":"n6-a1-r1-i1-p4-g0-f64","passed":true,"input":[1e+20,1e+20,1e+20,1e+20,1e+20,1e+20],"cotangent":[1,1,1,1,1,1],"actual":[0.33333333333333331,0.83333333333333326,1.8333333333333333,0.33333333333333331,0.83333333333333326,1.8333333333333333],"expected":[0.33333333333333331,0.83333333333333326,1.8333333333333333,0.33333333333333331,0.83333333333333326,1.8333333333333333]}
CASE {"label":"n6-a1-r1-i1-p4-g1-f64","passed":true,"input":[1e+20,1e+20,1e+20,1e+20,1e+20,1e+20],"cotangent":[0.25,-0.75,0.25,-0.75,0.25,-0.75],"actual":[0.083333333333333329,-0.29166666666666669,-0.041666666666666685,-0.25,-0.125,-0.875],"expected":[0.083333333333333329,-0.29166666666666669,-0.041666666666666685,-0.25,-0.125,-0.875]}
CASE {"label":"n6-a1-r1-i1-p4-g2-f64","passed":true,"input":[1e+20,1e+20,1e+20,1e+20,1e+20,1e+20],"cotangent":[1,0,0,1,0,0],"actual":[0.33333333333333331,0.33333333333333331,0.33333333333333331,0.33333333333333331,0.33333333333333331,0.33333333333333331],"expected":[0.33333333333333331,0.33333333333333331,0.33333333333333331,0.33333333333333331,0.33333333333333331,0.33333333333333331]}
CASE {"label":"n6-a1-r1-i1-p4-g3-f64","passed":true,"input":[1e+20,1e+20,1e+20,1e+20,1e+20,1e+20],"cotangent":[0,0,0,0,0,0],"actual":[0,0,0,0,0,0],"expected":[0,0,0,0,0,0]}
CASE {"label":"n6-a1-r1-i1-p5-g0-f64","passed":true,"input":[0,0,100000000,0,0,100000000],"cotangent":[1,1,1,1,1,1],"actual":[0,0,3,0,0,3],"expected":[0,0,3,0,0,3]}
CASE {"label":"n6-a1-r1-i1-p5-g1-f64","passed":true,"input":[0,0,100000000,0,0,100000000],"cotangent":[0.25,-0.75,0.25,-0.75,0.25,-0.75],"actual":[0,-0,-0.25,-0,-0,-1.25],"expected":[0,0,-0.25,0,0,-1.25]}
CASE {"label":"n6-a1-r1-i1-p5-g2-f64","passed":true,"input":[0,0,100000000,0,0,100000000],"cotangent":[1,0,0,1,0,0],"actual":[0,0,1,0,0,1],"expected":[0,0,1,0,0,1]}
CASE {"label":"n6-a1-r1-i1-p5-g3-f64","passed":true,"input":[0,0,100000000,0,0,100000000],"cotangent":[0,0,0,0,0,0],"actual":[0,0,0,0,0,0],"expected":[0,0,0,0,0,0]}
CASE {"label":"n6-a1-r1-i1-p6-g0-f64","passed":true,"input":[100000000,0,0,100000000,0,0],"cotangent":[1,1,1,1,1,1],"actual":[1,0.5,1.5,1,0.5,1.5],"expected":[1,0.5,1.5,1,0.5,1.5]}
CASE {"label":"n6-a1-r1-i1-p6-g1-f64","passed":true,"input":[100000000,0,0,100000000,0,0],"cotangent":[0.25,-0.75,0.25,-0.75,0.25,-0.75],"actual":[0.25,-0.375,-0.125,-0.75,0.125,-0.625],"expected":[0.25,-0.375,-0.125,-0.75,0.125,-0.625]}
CASE {"label":"n6-a1-r1-i1-p6-g2-f64","passed":true,"input":[100000000,0,0,100000000,0,0],"cotangent":[1,0,0,1,0,0],"actual":[1,0,0,1,0,0],"expected":[1,0,0,1,0,0]}
CASE {"label":"n6-a1-r1-i1-p6-g3-f64","passed":true,"input":[100000000,0,0,100000000,0,0],"cotangent":[0,0,0,0,0,0],"actual":[0,0,0,0,0,0],"expected":[0,0,0,0,0,0]}
CASE {"label":"n6-a1-r0-i1-p4-g1-f32-strided","passed":true,"input":[1.0000000200408773e+20,1.0000000200408773e+20,1.0000000200408773e+20,1.0000000200408773e+20,1.0000000200408773e+20,1.0000000200408773e+20],"cotangent":[0.25,-0.75,0.25,-0.75,0.25,-0.75],"actual":[-0.041666656732559204,-0.2916666567325592,0.083333335816860199,-0.875,-0.125,-0.25],"expected":[-0.041666666666666671,-0.29166666666666669,0.083333333333333329,-0.875,-0.125,-0.25]}
CASE {"label":"n6-a0-r1-i0-p4-g1-f64-strided","passed":true,"input":[1e+20,1e+20,1e+20,1e+20,1e+20,1e+20],"cotangent":[0.25,-0.75,0.25,0,0,0],"actual":[0,0,0,0.25,-0.75,0.25],"expected":[0,0,0,0.25,-0.75,0.25]}
SUMMARY checks=1122 failures=0
