CASE {"label":"n1-a0-r0-i0-p0-g0-f32","passed":true,"input":[0],"cotangent":[0],"actual":[0],"expected":[0]}
CASE {"label":"n1-a0-r0-i0-p0-g1-f32","passed":true,"input":[0],"cotangent":[0],"actual":[0],"expected":[0]}
CASE {"label":"n1-a0-r0-i0-p0-g2-f32","passed":true,"input":[0],"cotangent":[0],"actual":[0],"expected":[0]}
CASE {"label":"n1-a0-r0-i0-p0-g3-f32","passed":true,"input":[0],"cotangent":[0],"actual":[0],"expected":[0]}
CASE {"label":"n1-a0-r0-i0-p1-g0-f32","passed":true,"input":[1000],"cotangent":[0],"actual":[0],"expected":[0]}
CASE {"label":"n1-a0-r0-i0-p1-g1-f32","passed":true,"input":[1000],"cotangent":[0],"actual":[0],"expected":[0]}
CASE {"label":"n1-a0-r0-i0-p1-g2-f32","passed":true,"input":[1000],"cotangent":[0],"actual":[0],"expected":[0]}
CASE {"label":"n1-a0-r0-i0-p1-g3-f32","passed":true,"input":[1000],"cotangent":[0],"actual":[0],"expected":[0]}
CASE {"label":"n1-a0-r0-i0-p2-g0-f32","passed":true,"input":[100000000],"cotangent":[0],"actual":[0],"expected":[0]}
CASE {"label":"n1-a0-r0-i0-p2-g1-f32","passed":true,"input":[100000000],"cotangent":[0],"actual":[0],"expected":[0]}
CASE {"label":"n1-a0-r0-i0-p2-g2-f32","passed":true,"input":[100000000],"cotangent":[0],"actual":[0],"expected":[0]}
CASE {"label":"n1-a0-r0-i0-p2-g3-f32","passed":true,"input":[100000000],"cotangent":[0],"actual":[0],"expected":[0]}
CASE {"label":"n1-a0-r0-i0-p3-g0-f32","passed":true,"input":[-100000000],"cotangent":[0],"actual":[0],"expected":[0]}
CASE {"label":"n1-a0-r0-i0-p3-g1-f32","passed":true,"input":[-100000000],"cotangent":[0],"actual":[0],"expected":[0]}
CASE {"label":"n1-a0-r0-i0-p3-g2-f32","passed":true,"input":[-100000000],"cotangent":[0],"actual":[0],"expected":[0]}
CASE {"label":"n1-a0-r0-i0-p3-g3-f32","passed":true,"input":[-100000000],"cotangent":[0],"actual":[0],"expected":[0]}
CASE {"label":"n1-a0-r0-i0-p4-g0-f32","passed":true,"input":[1.0000000200408773e+20],"cotangent":[0],"actual":[0],"expected":[0]}
CASE {"label":"n1-a0-r0-i0-p4-g1-f32","passed":true,"input":[1.0000000200408773e+20],"cotangent":[0],"actual":[0],"expected":[0]}
CASE {"label":"n1-a0-r0-i0-p4-g2-f32","passed":true,"input":[1.0000000200408773e+20],"cotangent":[0],"actual":[0],"expected":[0]}
CASE {"label":"n1-a0-r0-i0-p4-g3-f32","passed":true,"input":[1.0000000200408773e+20],"cotangent":[0],"actual":[0],"expected":[0]}
CASE {"label":"n1-a0-r0-i0-p5-g0-f32","passed":true,"input":[100000000],"cotangent":[0],"actual":[0],"expected":[0]}
CASE {"label":"n1-a0-r0-i0-p5-g1-f32","passed":true,"input":[100000000],"cotangent":[0],"actual":[0],"expected":[0]}
CASE {"label":"n1-a0-r0-i0-p5-g2-f32","passed":true,"input":[100000000],"cotangent":[0],"actual":[0],"expected":[0]}
CASE {"label":"n1-a0-r0-i0-p5-g3-f32","passed":true,"input":[100000000],"cotangent":[0],"actual":[0],"expected":[0]}
CASE {"label":"n1-a0-r0-i0-p6-g0-f32","passed":true,"input":[100000000],"cotangent":[0],"actual":[0],"expected":[0]}
CASE {"label":"n1-a0-r0-i0-p6-g1-f32","passed":true,"input":[100000000],"cotangent":[0],"actual":[0],"expected":[0]}
CASE {"label":"n1-a0-r0-i0-p6-g2-f32","passed":true,"input":[100000000],"cotangent":[0],"actual":[0],"expected":[0]}
CASE {"label":"n1-a0-r0-i0-p6-g3-f32","passed":true,"input":[100000000],"cotangent":[0],"actual":[0],"expected":[0]}
CASE {"label":"n1-a0-r0-i1-p0-g0-f32","passed":true,"input":[0],"cotangent":[1],"actual":[1],"expected":[1]}
CASE {"label":"n1-a0-r0-i1-p0-g1-f32","passed":true,"input":[0],"cotangent":[0.25],"actual":[0.25],"expected":[0.25]}
CASE {"label":"n1-a0-r0-i1-p0-g2-f32","passed":true,"input":[0],"cotangent":[1],"actual":[1],"expected":[1]}
CASE {"label":"n1-a0-r0-i1-p0-g3-f32","passed":true,"input":[0],"cotangent":[0],"actual":[0],"expected":[0]}
CASE {"label":"n1-a0-r0-i1-p1-g0-f32","passed":true,"input":[1000],"cotangent":[1],"actual":[1],"expected":[1]}
CASE {"label":"n1-a0-r0-i1-p1-g1-f32","passed":true,"input":[1000],"cotangent":[0.25],"actual":[0.2500007152557373],"expected":[0.25]}
CASE {"label":"n1-a0-r0-i1-p1-g2-f32","passed":true,"input":[1000],"cotangent":[1],"actual":[1],"expected":[1]}
CASE {"label":"n1-a0-r0-i1-p1-g3-f32","passed":true,"input":[1000],"cotangent":[0],"actual":[0],"expected":[0]}
CASE {"label":"n1-a0-r0-i1-p2-g0-f32","passed":true,"input":[100000000],"cotangent":[1],"actual":[1],"expected":[1]}
CASE {"label":"n1-a0-r0-i1-p2-g1-f32","passed":false,"input":[100000000],"cotangent":[0.25],"actual":[1],"expected":[0.25]}
CASE {"label":"n1-a0-r0-i1-p2-g2-f32","passed":true,"input":[100000000],"cotangent":[1],"actual":[1],"expected":[1]}
CASE {"label":"n1-a0-r0-i1-p2-g3-f32","passed":true,"input":[100000000],"cotangent":[0],"actual":[0],"expected":[0]}
CASE {"label":"n1-a0-r0-i1-p3-g0-f32","passed":true,"input":[-100000000],"cotangent":[1],"actual":[1],"expected":[1]}
CASE {"label":"n1-a0-r0-i1-p3-g1-f32","passed":false,"input":[-100000000],"cotangent":[0.25],"actual":[1],"expected":[0.25]}
CASE {"label":"n1-a0-r0-i1-p3-g2-f32","passed":true,"input":[-100000000],"cotangent":[1],"actual":[1],"expected":[1]}
CASE {"label":"n1-a0-r0-i1-p3-g3-f32","passed":true,"input":[-100000000],"cotangent":[0],"actual":[0],"expected":[0]}
CASE {"label":"n1-a0-r0-i1-p4-g0-f32","passed":true,"input":[1.0000000200408773e+20],"cotangent":[1],"actual":[1],"expected":[1]}
CASE {"label":"n1-a0-r0-i1-p4-g1-f32","passed":false,"input":[1.0000000200408773e+20],"cotangent":[0.25],"actual":[1],"expected":[0.25]}
CASE {"label":"n1-a0-r0-i1-p4-g2-f32","passed":true,"input":[1.0000000200408773e+20],"cotangent":[1],"actual":[1],"expected":[1]}
CASE {"label":"n1-a0-r0-i1-p4-g3-f32","passed":true,"input":[1.0000000200408773e+20],"cotangent":[0],"actual":[0],"expected":[0]}
CASE {"label":"n1-a0-r0-i1-p5-g0-f32","passed":true,"input":[100000000],"cotangent":[1],"actual":[1],"expected":[1]}
CASE {"label":"n1-a0-r0-i1-p5-g1-f32","passed":false,"input":[100000000],"cotangent":[0.25],"actual":[1],"expected":[0.25]}
CASE {"label":"n1-a0-r0-i1-p5-g2-f32","passed":true,"input":[100000000],"cotangent":[1],"actual":[1],"expected":[1]}
CASE {"label":"n1-a0-r0-i1-p5-g3-f32","passed":true,"input":[100000000],"cotangent":[0],"actual":[0],"expected":[0]}
CASE {"label":"n1-a0-r0-i1-p6-g0-f32","passed":true,"input":[100000000],"cotangent":[1],"actual":[1],"expected":[1]}
CASE {"label":"n1-a0-r0-i1-p6-g1-f32","passed":false,"input":[100000000],"cotangent":[0.25],"actual":[1],"expected":[0.25]}
CASE {"label":"n1-a0-r0-i1-p6-g2-f32","passed":true,"input":[100000000],"cotangent":[1],"actual":[1],"expected":[1]}
CASE {"label":"n1-a0-r0-i1-p6-g3-f32","passed":true,"input":[100000000],"cotangent":[0],"actual":[0],"expected":[0]}
CASE {"label":"n1-a0-r1-i0-p0-g0-f32","passed":true,"input":[0],"cotangent":[0],"actual":[0],"expected":[0]}
CASE {"label":"n1-a0-r1-i0-p0-g1-f32","passed":true,"input":[0],"cotangent":[0],"actual":[0],"expected":[0]}
CASE {"label":"n1-a0-r1-i0-p0-g2-f32","passed":true,"input":[0],"cotangent":[0],"actual":[0],"expected":[0]}
CASE {"label":"n1-a0-r1-i0-p0-g3-f32","passed":true,"input":[0],"cotangent":[0],"actual":[0],"expected":[0]}
CASE {"label":"n1-a0-r1-i0-p1-g0-f32","passed":true,"input":[1000],"cotangent":[0],"actual":[0],"expected":[0]}
CASE {"label":"n1-a0-r1-i0-p1-g1-f32","passed":true,"input":[1000],"cotangent":[0],"actual":[0],"expected":[0]}
CASE {"label":"n1-a0-r1-i0-p1-g2-f32","passed":true,"input":[1000],"cotangent":[0],"actual":[0],"expected":[0]}
CASE {"label":"n1-a0-r1-i0-p1-g3-f32","passed":true,"input":[1000],"cotangent":[0],"actual":[0],"expected":[0]}
CASE {"label":"n1-a0-r1-i0-p2-g0-f32","passed":true,"input":[100000000],"cotangent":[0],"actual":[0],"expected":[0]}
CASE {"label":"n1-a0-r1-i0-p2-g1-f32","passed":true,"input":[100000000],"cotangent":[0],"actual":[0],"expected":[0]}
CASE {"label":"n1-a0-r1-i0-p2-g2-f32","passed":true,"input":[100000000],"cotangent":[0],"actual":[0],"expected":[0]}
CASE {"label":"n1-a0-r1-i0-p2-g3-f32","passed":true,"input":[100000000],"cotangent":[0],"actual":[0],"expected":[0]}
CASE {"label":"n1-a0-r1-i0-p3-g0-f32","passed":true,"input":[-100000000],"cotangent":[0],"actual":[0],"expected":[0]}
CASE {"label":"n1-a0-r1-i0-p3-g1-f32","passed":true,"input":[-100000000],"cotangent":[0],"actual":[0],"expected":[0]}
CASE {"label":"n1-a0-r1-i0-p3-g2-f32","passed":true,"input":[-100000000],"cotangent":[0],"actual":[0],"expected":[0]}
CASE {"label":"n1-a0-r1-i0-p3-g3-f32","passed":true,"input":[-100000000],"cotangent":[0],"actual":[0],"expected":[0]}
CASE {"label":"n1-a0-r1-i0-p4-g0-f32","passed":true,"input":[1.0000000200408773e+20],"cotangent":[0],"actual":[0],"expected":[0]}
CASE {"label":"n1-a0-r1-i0-p4-g1-f32","passed":true,"input":[1.0000000200408773e+20],"cotangent":[0],"actual":[0],"expected":[0]}
CASE {"label":"n1-a0-r1-i0-p4-g2-f32","passed":true,"input":[1.0000000200408773e+20],"cotangent":[0],"actual":[0],"expected":[0]}
CASE {"label":"n1-a0-r1-i0-p4-g3-f32","passed":true,"input":[1.0000000200408773e+20],"cotangent":[0],"actual":[0],"expected":[0]}
CASE {"label":"n1-a0-r1-i0-p5-g0-f32","passed":true,"input":[100000000],"cotangent":[0],"actual":[0],"expected":[0]}
CASE {"label":"n1-a0-r1-i0-p5-g1-f32","passed":true,"input":[100000000],"cotangent":[0],"actual":[0],"expected":[0]}
CASE {"label":"n1-a0-r1-i0-p5-g2-f32","passed":true,"input":[100000000],"cotangent":[0],"actual":[0],"expected":[0]}
CASE {"label":"n1-a0-r1-i0-p5-g3-f32","passed":true,"input":[100000000],"cotangent":[0],"actual":[0],"expected":[0]}
CASE {"label":"n1-a0-r1-i0-p6-g0-f32","passed":true,"input":[100000000],"cotangent":[0],"actual":[0],"expected":[0]}
CASE {"label":"n1-a0-r1-i0-p6-g1-f32","passed":true,"input":[100000000],"cotangent":[0],"actual":[0],"expected":[0]}
CASE {"label":"n1-a0-r1-i0-p6-g2-f32","passed":true,"input":[100000000],"cotangent":[0],"actual":[0],"expected":[0]}
CASE {"label":"n1-a0-r1-i0-p6-g3-f32","passed":true,"input":[100000000],"cotangent":[0],"actual":[0],"expected":[0]}
CASE {"label":"n1-a0-r1-i1-p0-g0-f32","passed":true,"input":[0],"cotangent":[1],"actual":[1],"expected":[1]}
CASE {"label":"n1-a0-r1-i1-p0-g1-f32","passed":true,"input":[0],"cotangent":[0.25],"actual":[0.25],"expected":[0.25]}
CASE {"label":"n1-a0-r1-i1-p0-g2-f32","passed":true,"input":[0],"cotangent":[1],"actual":[1],"expected":[1]}
CASE {"label":"n1-a0-r1-i1-p0-g3-f32","passed":true,"input":[0],"cotangent":[0],"actual":[0],"expected":[0]}
CASE {"label":"n1-a0-r1-i1-p1-g0-f32","passed":true,"input":[1000],"cotangent":[1],"actual":[1],"expected":[1]}
CASE {"label":"n1-a0-r1-i1-p1-g1-f32","passed":true,"input":[1000],"cotangent":[0.25],"actual":[0.2500007152557373],"expected":[0.25]}
CASE {"label":"n1-a0-r1-i1-p1-g2-f32","passed":true,"input":[1000],"cotangent":[1],"actual":[1],"expected":[1]}
CASE {"label":"n1-a0-r1-i1-p1-g3-f32","passed":true,"input":[1000],"cotangent":[0],"actual":[0],"expected":[0]}
CASE {"label":"n1-a0-r1-i1-p2-g0-f32","passed":true,"input":[100000000],"cotangent":[1],"actual":[1],"expected":[1]}
CASE {"label":"n1-a0-r1-i1-p2-g1-f32","passed":false,"input":[100000000],"cotangent":[0.25],"actual":[1],"expected":[0.25]}
CASE {"label":"n1-a0-r1-i1-p2-g2-f32","passed":true,"input":[100000000],"cotangent":[1],"actual":[1],"expected":[1]}
CASE {"label":"n1-a0-r1-i1-p2-g3-f32","passed":true,"input":[100000000],"cotangent":[0],"actual":[0],"expected":[0]}
CASE {"label":"n1-a0-r1-i1-p3-g0-f32","passed":true,"input":[-100000000],"cotangent":[1],"actual":[1],"expected":[1]}
CASE {"label":"n1-a0-r1-i1-p3-g1-f32","passed":false,"input":[-100000000],"cotangent":[0.25],"actual":[1],"expected":[0.25]}
CASE {"label":"n1-a0-r1-i1-p3-g2-f32","passed":true,"input":[-100000000],"cotangent":[1],"actual":[1],"expected":[1]}
CASE {"label":"n1-a0-r1-i1-p3-g3-f32","passed":true,"input":[-100000000],"cotangent":[0],"actual":[0],"expected":[0]}
CASE {"label":"n1-a0-r1-i1-p4-g0-f32","passed":true,"input":[1.0000000200408773e+20],"cotangent":[1],"actual":[1],"expected":[1]}
CASE {"label":"n1-a0-r1-i1-p4-g1-f32","passed":false,"input":[1.0000000200408773e+20],"cotangent":[0.25],"actual":[1],"expected":[0.25]}
CASE {"label":"n1-a0-r1-i1-p4-g2-f32","passed":true,"input":[1.0000000200408773e+20],"cotangent":[1],"actual":[1],"expected":[1]}
CASE {"label":"n1-a0-r1-i1-p4-g3-f32","passed":true,"input":[1.0000000200408773e+20],"cotangent":[0],"actual":[0],"expected":[0]}
CASE {"label":"n1-a0-r1-i1-p5-g0-f32","passed":true,"input":[100000000],"cotangent":[1],"actual":[1],"expected":[1]}
CASE {"label":"n1-a0-r1-i1-p5-g1-f32","passed":false,"input":[100000000],"cotangent":[0.25],"actual":[1],"expected":[0.25]}
CASE {"label":"n1-a0-r1-i1-p5-g2-f32","passed":true,"input":[100000000],"cotangent":[1],"actual":[1],"expected":[1]}
CASE {"label":"n1-a0-r1-i1-p5-g3-f32","passed":true,"input":[100000000],"cotangent":[0],"actual":[0],"expected":[0]}
CASE {"label":"n1-a0-r1-i1-p6-g0-f32","passed":true,"input":[100000000],"cotangent":[1],"actual":[1],"expected":[1]}
CASE {"label":"n1-a0-r1-i1-p6-g1-f32","passed":false,"input":[100000000],"cotangent":[0.25],"actual":[1],"expected":[0.25]}
CASE {"label":"n1-a0-r1-i1-p6-g2-f32","passed":true,"input":[100000000],"cotangent":[1],"actual":[1],"expected":[1]}
CASE {"label":"n1-a0-r1-i1-p6-g3-f32","passed":true,"input":[100000000],"cotangent":[0],"actual":[0],"expected":[0]}
CASE {"label":"n2-a0-r0-i0-p0-g0-f32","passed":true,"input":[0,0.25],"cotangent":[0,1],"actual":[1,0],"expected":[1,0]}
CASE {"label":"n2-a0-r0-i0-p0-g1-f32","passed":true,"input":[0,0.25],"cotangent":[0,-0.75],"actual":[-0.75,0],"expected":[-0.75,0]}
CASE {"label":"n2-a0-r0-i0-p0-g2-f32","passed":true,"input":[0,0.25],"cotangent":[0,1],"actual":[1,0],"expected":[1,0]}
CASE {"label":"n2-a0-r0-i0-p0-g3-f32","passed":true,"input":[0,0.25],"cotangent":[0,0],"actual":[0,0],"expected":[0,0]}
CASE {"label":"n2-a0-r0-i0-p1-g0-f32","passed":true,"input":[1000,1000.25],"cotangent":[0,1],"actual":[1,0],"expected":[1,0]}
CASE {"label":"n2-a0-r0-i0-p1-g1-f32","passed":true,"input":[1000,1000.25],"cotangent":[0,-0.75],"actual":[-0.75001752376556396,0],"expected":[-0.75,0]}
CASE {"label":"n2-a0-r0-i0-p1-g2-f32","passed":true,"input":[1000,1000.25],"cotangent":[0,1],"actual":[1,0],"expected":[1,0]}
CASE {"label":"n2-a0-r0-i0-p1-g3-f32","passed":true,"input":[1000,1000.25],"cotangent":[0,0],"actual":[0,0],"expected":[0,0]}
CASE {"label":"n2-a0-r0-i0-p2-g0-f32","passed":true,"input":[100000000,100000000],"cotangent":[0,1],"actual":[1,0],"expected":[1,0]}
CASE {"label":"n2-a0-r0-i0-p2-g1-f32","passed":false,"input":[100000000,100000000],"cotangent":[0,-0.75],"actual":[-1,0],"expected":[-0.75,0]}
CASE {"label":"n2-a0-r0-i0-p2-g2-f32","passed":true,"input":[100000000,100000000],"cotangent":[0,1],"actual":[1,0],"expected":[1,0]}
CASE {"label":"n2-a0-r0-i0-p2-g3-f32","passed":true,"input":[100000000,100000000],"cotangent":[0,0],"actual":[0,0],"expected":[0,0]}
CASE {"label":"n2-a0-r0-i0-p3-g0-f32","passed":true,"input":[-100000000,-100000000],"cotangent":[0,1],"actual":[1,0],"expected":[1,0]}
CASE {"label":"n2-a0-r0-i0-p3-g1-f32","passed":false,"input":[-100000000,-100000000],"cotangent":[0,-0.75],"actual":[-1,0],"expected":[-0.75,0]}
CASE {"label":"n2-a0-r0-i0-p3-g2-f32","passed":true,"input":[-100000000,-100000000],"cotangent":[0,1],"actual":[1,0],"expected":[1,0]}
CASE {"label":"n2-a0-r0-i0-p3-g3-f32","passed":true,"input":[-100000000,-100000000],"cotangent":[0,0],"actual":[0,0],"expected":[0,0]}
CASE {"label":"n2-a0-r0-i0-p4-g0-f32","passed":true,"input":[1.0000000200408773e+20,1.0000000200408773e+20],"cotangent":[0,1],"actual":[1,0],"expected":[1,0]}
CASE {"label":"n2-a0-r0-i0-p4-g1-f32","passed":false,"input":[1.0000000200408773e+20,1.0000000200408773e+20],"cotangent":[0,-0.75],"actual":[-1,0],"expected":[-0.75,0]}
CASE {"label":"n2-a0-r0-i0-p4-g2-f32","passed":true,"input":[1.0000000200408773e+20,1.0000000200408773e+20],"cotangent":[0,1],"actual":[1,0],"expected":[1,0]}
CASE {"label":"n2-a0-r0-i0-p4-g3-f32","passed":true,"input":[1.0000000200408773e+20,1.0000000200408773e+20],"cotangent":[0,0],"actual":[0,0],"expected":[0,0]}
CASE {"label":"n2-a0-r0-i0-p5-g0-f32","passed":true,"input":[0,100000000],"cotangent":[0,1],"actual":[1,0],"expected":[1,0]}
CASE {"label":"n2-a0-r0-i0-p5-g1-f32","passed":true,"input":[0,100000000],"cotangent":[0,-0.75],"actual":[-0.75,0],"expected":[-0.75,0]}
CASE {"label":"n2-a0-r0-i0-p5-g2-f32","passed":true,"input":[0,100000000],"cotangent":[0,1],"actual":[1,0],"expected":[1,0]}
CASE {"label":"n2-a0-r0-i0-p5-g3-f32","passed":true,"input":[0,100000000],"cotangent":[0,0],"actual":[0,0],"expected":[0,0]}
CASE {"label":"n2-a0-r0-i0-p6-g0-f32","passed":true,"input":[100000000,0],"cotangent":[0,1],"actual":[1,0],"expected":[1,0]}
CASE {"label":"n2-a0-r0-i0-p6-g1-f32","passed":false,"input":[100000000,0],"cotangent":[0,-0.75],"actual":[-1,0],"expected":[-0.75,0]}
CASE {"label":"n2-a0-r0-i0-p6-g2-f32","passed":true,"input":[100000000,0],"cotangent":[0,1],"actual":[1,0],"expected":[1,0]}
CASE {"label":"n2-a0-r0-i0-p6-g3-f32","passed":true,"input":[100000000,0],"cotangent":[0,0],"actual":[0,0],"expected":[0,0]}
CASE {"label":"n2-a0-r0-i1-p0-g0-f32","passed":true,"input":[0,0.25],"cotangent":[1,1],"actual":[1.4378235340118408,0.56217652559280396],"expected":[1.4378234991142018,0.56217650088579807]}
CASE {"label":"n2-a0-r0-i1-p0-g1-f32","passed":true,"input":[0,0.25],"cotangent":[0.25,-0.75],"actual":[-0.078367620706558228,-0.42163240909576416],"expected":[-0.078367624335651365,-0.42163237566434852]}
CASE {"label":"n2-a0-r0-i1-p0-g2-f32","passed":true,"input":[0,0.25],"cotangent":[0,1],"actual":[0.43782353401184082,0.56217652559280396],"expected":[0.43782349911420188,0.56217650088579807]}
CASE {"label":"n2-a0-r0-i1-p0-g3-f32","passed":true,"input":[0,0.25],"cotangent":[0,0],"actual":[0,0],"expected":[0,0]}
CASE {"label":"n2-a0-r0-i1-p1-g0-f32","passed":true,"input":[1000,1000.25],"cotangent":[1,1],"actual":[1.4378647804260254,0.56218308210372925],"expected":[1.4378234991142018,0.56217650088579807]}
CASE {"label":"n2-a0-r0-i1-p1-g1-f32","passed":true,"input":[1000,1000.25],"cotangent":[0.25,-0.75],"actual":[-0.078378438949584961,-0.42164716124534607],"expected":[-0.078367624335651365,-0.42163237566434852]}
CASE {"label":"n2-a0-r0-i1-p1-g2-f32","passed":true,"input":[1000,1000.25],"cotangent":[0,1],"actual":[0.43782863020896912,0.56218308210372925],"expected":[0.43782349911420188,0.56217650088579807]}
CASE {"label":"n2-a0-r0-i1-p1-g3-f32","passed":true,"input":[1000,1000.25],"cotangent":[0,0],"actual":[0,0],"expected":[0,0]}
CASE {"label":"n2-a0-r0-i1-p2-g0-f32","passed":false,"input":[100000000,100000000],"cotangent":[1,1],"actual":[1,1],"expected":[1.5,0.5]}
CASE {"label":"n2-a0-r0-i1-p2-g1-f32","passed":false,"input":[100000000,100000000],"cotangent":[0.25,-0.75],"actual":[0,-1],"expected":[-0.125,-0.375]}
CASE {"label":"n2-a0-r0-i1-p2-g2-f32","passed":false,"input":[100000000,100000000],"cotangent":[0,1],"actual":[1,1],"expected":[0.5,0.5]}
CASE {"label":"n2-a0-r0-i1-p2-g3-f32","passed":true,"input":[100000000,100000000],"cotangent":[0,0],"actual":[0,0],"expected":[0,0]}
CASE {"label":"n2-a0-r0-i1-p3-g0-f32","passed":false,"input":[-100000000,-100000000],"cotangent":[1,1],"actual":[1,1],"expected":[1.5,0.5]}
CASE {"label":"n2-a0-r0-i1-p3-g1-f32","passed":false,"input":[-100000000,-100000000],"cotangent":[0.25,-0.75],"actual":[0,-1],"expected":[-0.125,-0.375]}
CASE {"label":"n2-a0-r0-i1-p3-g2-f32","passed":false,"input":[-100000000,-100000000],"cotangent":[0,1],"actual":[1,1],"expected":[0.5,0.5]}
CASE {"label":"n2-a0-r0-i1-p3-g3-f32","passed":true,"input":[-100000000,-100000000],"cotangent":[0,0],"actual":[0,0],"expected":[0,0]}
CASE {"label":"n2-a0-r0-i1-p4-g0-f32","passed":false,"input":[1.0000000200408773e+20,1.0000000200408773e+20],"cotangent":[1,1],"actual":[1,1],"expected":[1.5,0.5]}
CASE {"label":"n2-a0-r0-i1-p4-g1-f32","passed":false,"input":[1.0000000200408773e+20,1.0000000200408773e+20],"cotangent":[0.25,-0.75],"actual":[0,-1],"expected":[-0.125,-0.375]}
CASE {"label":"n2-a0-r0-i1-p4-g2-f32","passed":false,"input":[1.0000000200408773e+20,1.0000000200408773e+20],"cotangent":[0,1],"actual":[1,1],"expected":[0.5,0.5]}
CASE {"label":"n2-a0-r0-i1-p4-g3-f32","passed":true,"input":[1.0000000200408773e+20,1.0000000200408773e+20],"cotangent":[0,0],"actual":[0,0],"expected":[0,0]}
CASE {"label":"n2-a0-r0-i1-p5-g0-f32","passed":true,"input":[0,100000000],"cotangent":[1,1],"actual":[1,1],"expected":[1,1]}
CASE {"label":"n2-a0-r0-i1-p5-g1-f32","passed":false,"input":[0,100000000],"cotangent":[0.25,-0.75],"actual":[0.25,-1],"expected":[0.25,-0.75]}
CASE {"label":"n2-a0-r0-i1-p5-g2-f32","passed":true,"input":[0,100000000],"cotangent":[0,1],"actual":[0,1],"expected":[0,1]}
CASE {"label":"n2-a0-r0-i1-p5-g3-f32","passed":true,"input":[0,100000000],"cotangent":[0,0],"actual":[0,0],"expected":[0,0]}
CASE {"label":"n2-a0-r0-i1-p6-g0-f32","passed":false,"input":[100000000,0],"cotangent":[1,1],"actual":[1,0],"expected":[2,0]}
CASE {"label":"n2-a0-r0-i1-p6-g1-f32","passed":false,"input":[100000000,0],"cotangent":[0.25,-0.75],"actual":[0,0],"expected":[-0.5,0]}
CASE {"label":"n2-a0-r0-i1-p6-g2-f32","passed":true,"input":[100000000,0],"cotangent":[0,1],"actual":[1,0],"expected":[1,0]}
CASE {"label":"n2-a0-r0-i1-p6-g3-f32","passed":true,"input":[100000000,0],"cotangent":[0,0],"actual":[0,0],"expected":[0,0]}
CASE {"label":"n2-a0-r1-i0-p0-g0-f32","passed":true,"input":[0,0.25],"cotangent":[1,0],"actual":[0,1],"expected":[0,1]}
CASE {"label":"n2-a0-r1-i0-p0-g1-f32","passed":true,"input":[0,0.25],"cotangent":[0.25,0],"actual":[0,0.25],"expected":[0,0.25]}
CASE {"label":"n2-a0-r1-i0-p0-g2-f32","passed":true,"input":[0,0.25],"cotangent":[1,0],"actual":[0,1],"expected":[0,1]}
CASE {"label":"n2-a0-r1-i0-p0-g3-f32","passed":true,"input":[0,0.25],"cotangent":[0,0],"actual":[0,0],"expected":[0,0]}
CASE {"label":"n2-a0-r1-i0-p1-g0-f32","passed":true,"input":[1000,1000.25],"cotangent":[1,0],"actual":[0,1],"expected":[0,1]}
CASE {"label":"n2-a0-r1-i0-p1-g1-f32","passed":true,"input":[1000,1000.25],"cotangent":[0.25,0],"actual":[0,0.2500007152557373],"expected":[0,0.25]}
CASE {"label":"n2-a0-r1-i0-p1-g2-f32","passed":true,"input":[1000,1000.25],"cotangent":[1,0],"actual":[0,1],"expected":[0,1]}
CASE {"label":"n2-a0-r1-i0-p1-g3-f32","passed":true,"input":[1000,1000.25],"cotangent":[0,0],"actual":[0,0],"expected":[0,0]}
CASE {"label":"n2-a0-r1-i0-p2-g0-f32","passed":true,"input":[100000000,100000000],"cotangent":[1,0],"actual":[0,1],"expected":[0,1]}
CASE {"label":"n2-a0-r1-i0-p2-g1-f32","passed":false,"input":[100000000,100000000],"cotangent":[0.25,0],"actual":[0,1],"expected":[0,0.25]}
CASE {"label":"n2-a0-r1-i0-p2-g2-f32","passed":true,"input":[100000000,100000000],"cotangent":[1,0],"actual":[0,1],"expected":[0,1]}
CASE {"label":"n2-a0-r1-i0-p2-g3-f32","passed":true,"input":[100000000,100000000],"cotangent":[0,0],"actual":[0,0],"expected":[0,0]}
CASE {"label":"n2-a0-r1-i0-p3-g0-f32","passed":true,"input":[-100000000,-100000000],"cotangent":[1,0],"actual":[0,1],"expected":[0,1]}
CASE {"label":"n2-a0-r1-i0-p3-g1-f32","passed":false,"input":[-100000000,-100000000],"cotangent":[0.25,0],"actual":[0,1],"expected":[0,0.25]}
CASE {"label":"n2-a0-r1-i0-p3-g2-f32","passed":true,"input":[-100000000,-100000000],"cotangent":[1,0],"actual":[0,1],"expected":[0,1]}
CASE {"label":"n2-a0-r1-i0-p3-g3-f32","passed":true,"input":[-100000000,-100000000],"cotangent":[0,0],"actual":[0,0],"expected":[0,0]}
CASE {"label":"n2-a0-r1-i0-p4-g0-f32","passed":true,"input":[1.0000000200408773e+20,1.0000000200408773e+20],"cotangent":[1,0],"actual":[0,1],"expected":[0,1]}
CASE {"label":"n2-a0-r1-i0-p4-g1-f32","passed":false,"input":[1.0000000200408773e+20,1.0000000200408773e+20],"cotangent":[0.25,0],"actual":[0,1],"expected":[0,0.25]}
CASE {"label":"n2-a0-r1-i0-p4-g2-f32","passed":true,"input":[1.0000000200408773e+20,1.0000000200408773e+20],"cotangent":[1,0],"actual":[0,1],"expected":[0,1]}
CASE {"label":"n2-a0-r1-i0-p4-g3-f32","passed":true,"input":[1.0000000200408773e+20,1.0000000200408773e+20],"cotangent":[0,0],"actual":[0,0],"expected":[0,0]}
CASE {"label":"n2-a0-r1-i0-p5-g0-f32","passed":true,"input":[0,100000000],"cotangent":[1,0],"actual":[0,1],"expected":[0,1]}
CASE {"label":"n2-a0-r1-i0-p5-g1-f32","passed":false,"input":[0,100000000],"cotangent":[0.25,0],"actual":[0,1],"expected":[0,0.25]}
CASE {"label":"n2-a0-r1-i0-p5-g2-f32","passed":true,"input":[0,100000000],"cotangent":[1,0],"actual":[0,1],"expected":[0,1]}
CASE {"label":"n2-a0-r1-i0-p5-g3-f32","passed":true,"input":[0,100000000],"cotangent":[0,0],"actual":[0,0],"expected":[0,0]}
CASE {"label":"n2-a0-r1-i0-p6-g0-f32","passed":true,"input":[100000000,0],"cotangent":[1,0],"actual":[0,1],"expected":[0,1]}
CASE {"label":"n2-a0-r1-i0-p6-g1-f32","passed":true,"input":[100000000,0],"cotangent":[0.25,0],"actual":[0,0.25],"expected":[0,0.25]}
CASE {"label":"n2-a0-r1-i0-p6-g2-f32","passed":true,"input":[100000000,0],"cotangent":[1,0],"actual":[0,1],"expected":[0,1]}
CASE {"label":"n2-a0-r1-i0-p6-g3-f32","passed":true,"input":[100000000,0],"cotangent":[0,0],"actual":[0,0],"expected":[0,0]}
CASE {"label":"n2-a0-r1-i1-p0-g0-f32","passed":true,"input":[0,0.25],"cotangent":[1,1],"actual":[0.43782353401184082,1.5621765851974487],"expected":[0.43782349911420188,1.5621765008857982]}
CASE {"label":"n2-a0-r1-i1-p0-g1-f32","passed":true,"input":[0,0.25],"cotangent":[0.25,-0.75],"actual":[0.10945588350296021,-0.60945588350296021],"expected":[0.10945587477855047,-0.60945587477855045]}
CASE {"label":"n2-a0-r1-i1-p0-g2-f32","passed":true,"input":[0,0.25],"cotangent":[1,0],"actual":[0.43782353401184082,0.56217652559280396],"expected":[0.43782349911420188,0.56217650088579807]}
CASE {"label":"n2-a0-r1-i1-p0-g3-f32","passed":true,"input":[0,0.25],"cotangent":[0,0],"actual":[0,0],"expected":[0,0]}
CASE {"label":"n2-a0-r1-i1-p1-g0-f32","passed":true,"input":[1000,1000.25],"cotangent":[1,1],"actual":[0.43782863020896912,1.5622169971466064],"expected":[0.43782349911420188,1.5621765008857982]}
CASE {"label":"n2-a0-r1-i1-p1-g1-f32","passed":true,"input":[1000,1000.25],"cotangent":[0.25,-0.75],"actual":[0.10945747047662735,-0.60947132110595703],"expected":[0.10945587477855047,-0.60945587477855045]}
CASE {"label":"n2-a0-r1-i1-p1-g2-f32","passed":true,"input":[1000,1000.25],"cotangent":[1,0],"actual":[0.43782863020896912,0.56218308210372925],"expected":[0.43782349911420188,0.56217650088579807]}
CASE {"label":"n2-a0-r1-i1-p1-g3-f32","passed":true,"input":[1000,1000.25],"cotangent":[0,0],"actual":[0,0],"expected":[0,0]}
CASE {"label":"n2-a0-r1-i1-p2-g0-f32","passed":false,"input":[100000000,100000000],"cotangent":[1,1],"actual":[1,1],"expected":[0.5,1.5]}
CASE {"label":"n2-a0-r1-i1-p2-g1-f32","passed":false,"input":[100000000,100000000],"cotangent":[0.25,-0.75],"actual":[1,0],"expected":[0.125,-0.625]}
CASE {"label":"n2-a0-r1-i1-p2-g2-f32","passed":false,"input":[100000000,100000000],"cotangent":[1,0],"actual":[1,1],"expected":[0.5,0.5]}
CASE {"label":"n2-a0-r1-i1-p2-g3-f32","passed":true,"input":[100000000,100000000],"cotangent":[0,0],"actual":[0,0],"expected":[0,0]}
CASE {"label":"n2-a0-r1-i1-p3-g0-f32","passed":false,"input":[-100000000,-100000000],"cotangent":[1,1],"actual":[1,1],"expected":[0.5,1.5]}
CASE {"label":"n2-a0-r1-i1-p3-g1-f32","passed":false,"input":[-100000000,-100000000],"cotangent":[0.25,-0.75],"actual":[1,0],"expected":[0.125,-0.625]}
CASE {"label":"n2-a0-r1-i1-p3-g2-f32","passed":false,"input":[-100000000,-100000000],"cotangent":[1,0],"actual":[1,1],"expected":[0.5,0.5]}
CASE {"label":"n2-a0-r1-i1-p3-g3-f32","passed":true,"input":[-100000000,-100000000],"cotangent":[0,0],"actual":[0,0],"expected":[0,0]}
CASE {"label":"n2-a0-r1-i1-p4-g0-f32","passed":false,"input":[1.0000000200408773e+20,1.0000000200408773e+20],"cotangent":[1,1],"actual":[1,1],"expected":[0.5,1.5]}
CASE {"label":"n2-a0-r1-i1-p4-g1-f32","passed":false,"input":[1.0000000200408773e+20,1.0000000200408773e+20],"cotangent":[0.25,-0.75],"actual":[1,0],"expected":[0.125,-0.625]}
CASE {"label":"n2-a0-r1-i1-p4-g2-f32","passed":false,"input":[1.0000000200408773e+20,1.0000000200408773e+20],"cotangent":[1,0],"actual":[1,1],"expected":[0.5,0.5]}
CASE {"label":"n2-a0-r1-i1-p4-g3-f32","passed":true,"input":[1.0000000200408773e+20,1.0000000200408773e+20],"cotangent":[0,0],"actual":[0,0],"expected":[0,0]}
CASE {"label":"n2-a0-r1-i1-p5-g0-f32","passed":false,"input":[0,100000000],"cotangent":[1,1],"actual":[0,1],"expected":[0,2]}
CASE {"label":"n2-a0-r1-i1-p5-g1-f32","passed":false,"input":[0,100000000],"cotangent":[0.25,-0.75],"actual":[0,0],"expected":[0,-0.5]}
CASE {"label":"n2-a0-r1-i1-p5-g2-f32","passed":true,"input":[0,100000000],"cotangent":[1,0],"actual":[0,1],"expected":[0,1]}
CASE {"label":"n2-a0-r1-i1-p5-g3-f32","passed":true,"input":[0,100000000],"cotangent":[0,0],"actual":[0,0],"expected":[0,0]}
CASE {"label":"n2-a0-r1-i1-p6-g0-f32","passed":true,"input":[100000000,0],"cotangent":[1,1],"actual":[1,1],"expected":[1,1]}
CASE {"label":"n2-a0-r1-i1-p6-g1-f32","passed":false,"input":[100000000,0],"cotangent":[0.25,-0.75],"actual":[1,-0.75],"expected":[0.25,-0.75]}
CASE {"label":"n2-a0-r1-i1-p6-g2-f32","passed":true,"input":[100000000,0],"cotangent":[1,0],"actual":[1,0],"expected":[1,0]}
CASE {"label":"n2-a0-r1-i1-p6-g3-f32","passed":true,"input":[100000000,0],"cotangent":[0,0],"actual":[0,0],"expected":[0,0]}
CASE {"label":"n4-a0-r0-i0-p0-g0-f32","passed":true,"input":[0,0.25,0.5,0],"cotangent":[0,1,1,1],"actual":[1.6920987367630005,0.88867241144180298,0.41922900080680847,0],"expected":[1.6920987117046675,0.88867233668563483,0.4192289516096977,0]}
CASE {"label":"n4-a0-r0-i0-p0-g1-f32","passed":true,"input":[0,0.25,0.5,0],"cotangent":[0,-0.75,0.25,-0.75],"actual":[-0.83125054836273193,-0.10432779788970947,-0.31442174315452576,0],"expected":[-0.83125053466429877,-0.104327751628428,-0.31442171370727329,0]}
CASE {"label":"n4-a0-r0-i0-p0-g2-f32","passed":true,"input":[0,0.25,0.5,0],"cotangent":[0,0,0,1],"actual":[0.25427523255348206,0.32649585604667664,0.41922900080680847,0],"expected":[0.25427521259046565,0.32649583579983671,0.4192289516096977,0]}
CASE {"label":"n4-a0-r0-i0-p0-g3-f32","passed":true,"input":[0,0.25,0.5,0],"cotangent":[0,0,0,0],"actual":[0,0,0,0],"expected":[0,0,0,0]}
CASE {"label":"n4-a0-r0-i0-p1-g0-f32","passed":true,"input":[1000,1000.25,1000.5,1000],"cotangent":[0,1,1,1],"actual":[1.6920485496520996,0.88865876197814941,0.4192349910736084,0],"expected":[1.6920987117046675,0.88867233668563483,0.4192289516096977,0]}
CASE {"label":"n4-a0-r0-i0-p1-g1-f32","passed":true,"input":[1000,1000.25,1000.5,1000],"cotangent":[0,-0.75,0.25,-0.75],"actual":[-0.83127528429031372,-0.10433496534824371,-0.31443357467651367,0],"expected":[-0.83125053466429877,-0.104327751628428,-0.31442171370727329,0]}
CASE {"label":"n4-a0-r0-i0-p1-g2-f32","passed":true,"input":[1000,1000.25,1000.5,1000],"cotangent":[0,0,0,1],"actual":[0.25427886843681335,0.3265005350112915,0.4192349910736084,0],"expected":[0.25427521259046565,0.32649583579983671,0.4192289516096977,0]}
CASE {"label":"n4-a0-r0-i0-p1-g3-f32","passed":true,"input":[1000,1000.25,1000.5,1000],"cotangent":[0,0,0,0],"actual":[0,0,0,0],"expected":[0,0,0,0]}
CASE {"label":"n4-a0-r0-i0-p2-g0-f32","passed":false,"input":[100000000,100000000,100000000,100000000],"cotangent":[0,1,1,1],"actual":[1,1,1,0],"expected":[1.8333333333333333,0.83333333333333326,0.33333333333333331,0]}
CASE {"label":"n4-a0-r0-i0-p2-g1-f32","passed":false,"input":[100000000,100000000,100000000,100000000],"cotangent":[0,-0.75,0.25,-0.75],"actual":[0,0,-1,0],"expected":[-0.875,-0.125,-0.25,0]}
CASE {"label":"n4-a0-r0-i0-p2-g2-f32","passed":false,"input":[100000000,100000000,100000000,100000000],"cotangent":[0,0,0,1],"actual":[1,1,1,0],"expected":[0.33333333333333331,0.33333333333333331,0.33333333333333331,0]}
CASE {"label":"n4-a0-r0-i0-p2-g3-f32","passed":true,"input":[100000000,100000000,100000000,100000000],"cotangent":[0,0,0,0],"actual":[0,0,0,0],"expected":[0,0,0,0]}
CASE {"label":"n4-a0-r0-i0-p3-g0-f32","passed":false,"input":[-100000000,-100000000,-100000000,-100000000],"cotangent":[0,1,1,1],"actual":[1,1,1,0],"expected":[1.8333333333333333,0.83333333333333326,0.33333333333333331,0]}
CASE {"label":"n4-a0-r0-i0-p3-g1-f32","passed":false,"input":[-100000000,-100000000,-100000000,-100000000],"cotangent":[0,-0.75,0.25,-0.75],"actual":[0,0,-1,0],"expected":[-0.875,-0.125,-0.25,0]}
CASE {"label":"n4-a0-r0-i0-p3-g2-f32","passed":false,"input":[-100000000,-100000000,-100000000,-100000000],"cotangent":[0,0,0,1],"actual":[1,1,1,0],"expected":[0.33333333333333331,0.33333333333333331,0.33333333333333331,0]}
CASE {"label":"n4-a0-r0-i0-p3-g3-f32","passed":true,"input":[-100000000,-100000000,-100000000,-100000000],"cotangent":[0,0,0,0],"actual":[0,0,0,0],"expected":[0,0,0,0]}
CASE {"label":"n4-a0-r0-i0-p4-g0-f32","passed":false,"input":[1.0000000200408773e+20,1.0000000200408773e+20,1.0000000200408773e+20,1.0000000200408773e+20],"cotangent":[0,1,1,1],"actual":[1,1,1,0],"expected":[1.8333333333333333,0.83333333333333326,0.33333333333333331,0]}
CASE {"label":"n4-a0-r0-i0-p4-g1-f32","passed":false,"input":[1.0000000200408773e+20,1.0000000200408773e+20,1.0000000200408773e+20,1.0000000200408773e+20],"cotangent":[0,-0.75,0.25,-0.75],"actual":[0,0,-1,0],"expected":[-0.875,-0.125,-0.25,0]}
CASE {"label":"n4-a0-r0-i0-p4-g2-f32","passed":false,"input":[1.0000000200408773e+20,1.0000000200408773e+20,1.0000000200408773e+20,1.0000000200408773e+20],"cotangent":[0,0,0,1],"actual":[1,1,1,0],"expected":[0.33333333333333331,0.33333333333333331,0.33333333333333331,0]}
CASE {"label":"n4-a0-r0-i0-p4-g3-f32","passed":true,"input":[1.0000000200408773e+20,1.0000000200408773e+20,1.0000000200408773e+20,1.0000000200408773e+20],"cotangent":[0,0,0,0],"actual":[0,0,0,0],"expected":[0,0,0,0]}
CASE {"label":"n4-a0-r0-i0-p5-g0-f32","passed":true,"input":[0,0,0,100000000],"cotangent":[0,1,1,1],"actual":[1.8333332538604736,0.83333331346511841,0.3333333432674408,0],"expected":[1.8333333333333333,0.83333333333333326,0.33333333333333331,0]}
CASE {"label":"n4-a0-r0-i0-p5-g1-f32","passed":true,"input":[0,0,0,100000000],"cotangent":[0,-0.75,0.25,-0.75],"actual":[-0.875,-0.125,-0.25,0],"expected":[-0.875,-0.125,-0.25,0]}
CASE {"label":"n4-a0-r0-i0-p5-g2-f32","passed":true,"input":[0,0,0,100000000],"cotangent":[0,0,0,1],"actual":[0.3333333432674408,0.3333333432674408,0.3333333432674408,0],"expected":[0.33333333333333331,0.33333333333333331,0.33333333333333331,0]}
CASE {"label":"n4-a0-r0-i0-p5-g3-f32","passed":true,"input":[0,0,0,100000000],"cotangent":[0,0,0,0],"actual":[0,0,0,0],"expected":[0,0,0,0]}
CASE {"label":"n4-a0-r0-i0-p6-g0-f32","passed":false,"input":[100000000,0,0,0],"cotangent":[0,1,1,1],"actual":[1,0,0,0],"expected":[3,0,0,0]}
CASE {"label":"n4-a0-r0-i0-p6-g1-f32","passed":false,"input":[100000000,0,0,0],"cotangent":[0,-0.75,0.25,-0.75],"actual":[0,0,0,0],"expected":[-1.25,0,0,0]}
CASE {"label":"n4-a0-r0-i0-p6-g2-f32","passed":true,"input":[100000000,0,0,0],"cotangent":[0,0,0,1],"actual":[1,0,0,0],"expected":[1,0,0,0]}
CASE {"label":"n4-a0-r0-i0-p6-g3-f32","passed":true,"input":[100000000,0,0,0],"cotangent":[0,0,0,0],"actual":[0,0,0,0],"expected":[0,0,0,0]}
CASE {"label":"n4-a0-r0-i1-p0-g0-f32","passed":true,"input":[0,0.25,0.5,0],"cotangent":[1,1,1,1],"actual":[1.8948255777359009,1.1489787101745605,0.75346899032592773,0.2027268260717392],"expected":[1.8948255216089378,1.1489787132467422,0.75346895524004964,0.20272680990427036]}
CASE {"label":"n4-a0-r0-i1-p0-g1-f32","passed":true,"input":[0,0.25,0.5,0],"cotangent":[0.25,-0.75,0.25,-0.75],"actual":[-0.16684398055076599,-0.53523826599121094,-0.14587278664112091,-0.15204513072967529],"expected":[-0.1668439286162377,-0.53523819913521986,-0.14587276482033956,-0.15204510742820276]}
CASE {"label":"n4-a0-r0-i1-p0-g2-f32","passed":true,"input":[0,0.25,0.5,0],"cotangent":[0,0,0,1],"actual":[0.2027268260717392,0.26030641794204712,0.33424004912376404,0.2027268260717392],"expected":[0.20272680990427036,0.26030637656110728,0.33424000363035195,0.20272680990427036]}
CASE {"label":"n4-a0-r0-i1-p0-g3-f32","passed":true,"input":[0,0.25,0.5,0],"cotangent":[0,0,0,0],"actual":[0,0,0,0],"expected":[0,0,0,0]}
CASE {"label":"n4-a0-r0-i1-p1-g0-f32","passed":true,"input":[1000,1000.25,1000.5,1000],"cotangent":[1,1,1,1],"actual":[1.8947731256484985,1.1489574909210205,0.75345873832702637,0.20272877812385559],"expected":[1.8948255216089378,1.1489787132467422,0.75346895524004964,0.20272680990427036]}
CASE {"label":"n4-a0-r0-i1-p1-g1-f32","passed":true,"input":[1000,1000.25,1000.5,1000],"cotangent":[0.25,-0.75,0.25,-0.75],"actual":[-0.16684949398040771,-0.53524696826934814,-0.14587926864624023,-0.15205013751983643],"expected":[-0.1668439286162377,-0.53523819913521986,-0.14587276482033956,-0.15204510742820276]}
CASE {"label":"n4-a0-r0-i1-p1-g2-f32","passed":true,"input":[1000,1000.25,1000.5,1000],"cotangent":[0,0,0,1],"actual":[0.20272877812385559,0.26030892133712769,0.33424323797225952,0.20272877812385559],"expected":[0.20272680990427036,0.26030637656110728,0.33424000363035195,0.20272680990427036]}
CASE {"label":"n4-a0-r0-i1-p1-g3-f32","passed":true,"input":[1000,1000.25,1000.5,1000],"cotangent":[0,0,0,0],"actual":[0,0,0,0],"expected":[0,0,0,0]}
CASE {"label":"n4-a0-r0-i1-p2-g0-f32","passed":false,"input":[100000000,100000000,100000000,100000000],"cotangent":[1,1,1,1],"actual":[1,1,1,1],"expected":[2.083333333333333,1.0833333333333333,0.58333333333333326,0.25]}
CASE {"label":"n4-a0-r0-i1-p2-g1-f32","passed":false,"input":[100000000,100000000,100000000,100000000],"cotangent":[0.25,-0.75,0.25,-0.75],"actual":[0,0,0,-1],"expected":[-0.22916666666666669,-0.47916666666666669,-0.10416666666666667,-0.1875]}
CASE {"label":"n4-a0-r0-i1-p2-g2-f32","passed":false,"input":[100000000,100000000,100000000,100000000],"cotangent":[0,0,0,1],"actual":[1,1,1,1],"expected":[0.25,0.25,0.25,0.25]}
CASE {"label":"n4-a0-r0-i1-p2-g3-f32","passed":true,"input":[100000000,100000000,100000000,100000000],"cotangent":[0,0,0,0],"actual":[0,0,0,0],"expected":[0,0,0,0]}
CASE {"label":"n4-a0-r0-i1-p3-g0-f32","passed":false,"input":[-100000000,-100000000,-100000000,-100000000],"cotangent":[1,1,1,1],"actual":[1,1,1,1],"expected":[2.083333333333333,1.0833333333333333,0.58333333333333326,0.25]}
CASE {"label":"n4-a0-r0-i1-p3-g1-f32","passed":false,"input":[-100000000,-100000000,-100000000,-100000000],"cotangent":[0.25,-0.75,0.25,-0.75],"actual":[0,0,0,-1],"expected":[-0.22916666666666669,-0.47916666666666669,-0.10416666666666667,-0.1875]}
CASE {"label":"n4-a0-r0-i1-p3-g2-f32","passed":false,"input":[-100000000,-100000000,-100000000,-100000000],"cotangent":[0,0,0,1],"actual":[1,1,1,1],"expected":[0.25,0.25,0.25,0.25]}
CASE {"label":"n4-a0-r0-i1-p3-g3-f32","passed":true,"input":[-100000000,-100000000,-100000000,-100000000],"cotangent":[0,0,0,0],"actual":[0,0,0,0],"expected":[0,0,0,0]}
CASE {"label":"n4-a0-r0-i1-p4-g0-f32","passed":false,"input":[1.0000000200408773e+20,1.0000000200408773e+20,1.0000000200408773e+20,1.0000000200408773e+20],"cotangent":[1,1,1,1],"actual":[1,1,1,1],"expected":[2.083333333333333,1.0833333333333333,0.58333333333333326,0.25]}
CASE {"label":"n4-a0-r0-i1-p4-g1-f32","passed":false,"input":[1.0000000200408773e+20,1.0000000200408773e+20,1.0000000200408773e+20,1.0000000200408773e+20],"cotangent":[0.25,-0.75,0.25,-0.75],"actual":[0,0,0,-1],"expected":[-0.22916666666666669,-0.47916666666666669,-0.10416666666666667,-0.1875]}
CASE {"label":"n4-a0-r0-i1-p4-g2-f32","passed":false,"input":[1.0000000200408773e+20,1.0000000200408773e+20,1.0000000200408773e+20,1.0000000200408773e+20],"cotangent":[0,0,0,1],"actual":[1,1,1,1],"expected":[0.25,0.25,0.25,0.25]}
CASE {"label":"n4-a0-r0-i1-p4-g3-f32","passed":true,"input":[1.0000000200408773e+20,1.0000000200408773e+20,1.0000000200408773e+20,1.0000000200408773e+20],"cotangent":[0,0,0,0],"actual":[0,0,0,0],"expected":[0,0,0,0]}
CASE {"label":"n4-a0-r0-i1-p5-g0-f32","passed":true,"input":[0,0,0,100000000],"cotangent":[1,1,1,1],"actual":[1.8333332538604736,0.83333331346511841,0.3333333432674408,1],"expected":[1.8333333333333333,0.83333333333333326,0.33333333333333331,1]}
CASE {"label":"n4-a0-r0-i1-p5-g1-f32","passed":false,"input":[0,0,0,100000000],"cotangent":[0.25,-0.75,0.25,-0.75],"actual":[-0.041666656732559204,-0.2916666567325592,0.083333343267440796,-1],"expected":[-0.041666666666666671,-0.29166666666666669,0.083333333333333329,-0.75]}
CASE {"label":"n4-a0-r0-i1-p5-g2-f32","passed":true,"input":[0,0,0,100000000],"cotangent":[0,0,0,1],"actual":[0,0,0,1],"expected":[0,0,0,1]}
CASE {"label":"n4-a0-r0-i1-p5-g3-f32","passed":true,"input":[0,0,0,100000000],"cotangent":[0,0,0,0],"actual":[0,0,0,0],"expected":[0,0,0,0]}
CASE {"label":"n4-a0-r0-i1-p6-g0-f32","passed":false,"input":[100000000,0,0,0],"cotangent":[1,1,1,1],"actual":[1,0,0,0],"expected":[4,0,0,0]}
CASE {"label":"n4-a0-r0-i1-p6-g1-f32","passed":false,"input":[100000000,0,0,0],"cotangent":[0.25,-0.75,0.25,-0.75],"actual":[0,0,0,0],"expected":[-1,0,0,0]}
CASE {"label":"n4-a0-r0-i1-p6-g2-f32","passed":true,"input":[100000000,0,0,0],"cotangent":[0,0,0,1],"actual":[1,0,0,0],"expected":[1,0,0,0]}
CASE {"label":"n4-a0-r0-i1-p6-g3-f32","passed":true,"input":[100000000,0,0,0],"cotangent":[0,0,0,0],"actual":[0,0,0,0],"expected":[0,0,0,0]}
CASE {"label":"n4-a0-r1-i0-p0-g0-f32","passed":true,"input":[0,0.25,0.5,0],"cotangent":[1,1,1,0],"actual":[0,0.32649585604667664,1.0416883230209351,1.6318159103393555],"expected":[0,0.32649583579983665,1.0416882828115521,1.631815881388611]}
CASE {"label":"n4-a0-r1-i0-p0-g1-f32","passed":true,"input":[0,0.25,0.5,0],"cotangent":[0.25,-0.75,0.25,0],"actual":[0,0.081623964011669159,-0.36203724145889282,0.030413299798965454],"expected":[0,0.081623958949959163,-0.36203726049896651,0.030413301549007316]}
CASE {"label":"n4-a0-r1-i0-p0-g2-f32","passed":true,"input":[0,0.25,0.5,0],"cotangent":[1,0,0,0],"actual":[0,0.32649585604667664,0.41922900080680847,0.25427523255348206],"expected":[0,0.32649583579983665,0.41922895160969764,0.25427521259046559]}
CASE {"label":"n4-a0-r1-i0-p0-g3-f32","passed":true,"input":[0,0.25,0.5,0],"cotangent":[0,0,0,0],"actual":[0,0,0,0],"expected":[0,0,0,0]}
CASE {"label":"n4-a0-r1-i0-p1-g0-f32","passed":true,"input":[1000,1000.25,1000.5,1000],"cotangent":[1,1,1,0],"actual":[0,0.3265005350112915,1.0416775941848755,1.6318022012710571],"expected":[0,0.32649583579983665,1.0416882828115521,1.631815881388611]}
CASE {"label":"n4-a0-r1-i0-p1-g1-f32","passed":true,"input":[1000,1000.25,1000.5,1000],"cotangent":[0.25,-0.75,0.25,0],"actual":[0,0.081625364720821381,-0.3620542585849762,0.030404239892959595],"expected":[0,0.081623958949959163,-0.36203726049896651,0.030413301549007316]}
CASE {"label":"n4-a0-r1-i0-p1-g2-f32","passed":true,"input":[1000,1000.25,1000.5,1000],"cotangent":[1,0,0,0],"actual":[0,0.3265005350112915,0.4192349910736084,0.25427886843681335],"expected":[0,0.32649583579983665,0.41922895160969764,0.25427521259046559]}
CASE {"label":"n4-a0-r1-i0-p1-g3-f32","passed":true,"input":[1000,1000.25,1000.5,1000],"cotangent":[0,0,0,0],"actual":[0,0,0,0],"expected":[0,0,0,0]}
CASE {"label":"n4-a0-r1-i0-p2-g0-f32","passed":false,"input":[100000000,100000000,100000000,100000000],"cotangent":[1,1,1,0],"actual":[0,1,1,1],"expected":[0,0.33333333333333331,0.83333333333333326,1.8333333333333333]}
CASE {"label":"n4-a0-r1-i0-p2-g1-f32","passed":false,"input":[100000000,100000000,100000000,100000000],"cotangent":[0.25,-0.75,0.25,0],"actual":[0,1,0,0],"expected":[0,0.083333333333333329,-0.29166666666666669,-0.041666666666666685]}
CASE {"label":"n4-a0-r1-i0-p2-g2-f32","passed":false,"input":[100000000,100000000,100000000,100000000],"cotangent":[1,0,0,0],"actual":[0,1,1,1],"expected":[0,0.33333333333333331,0.33333333333333331,0.33333333333333331]}
CASE {"label":"n4-a0-r1-i0-p2-g3-f32","passed":true,"input":[100000000,100000000,100000000,100000000],"cotangent":[0,0,0,0],"actual":[0,0,0,0],"expected":[0,0,0,0]}
CASE {"label":"n4-a0-r1-i0-p3-g0-f32","passed":false,"input":[-100000000,-100000000,-100000000,-100000000],"cotangent":[1,1,1,0],"actual":[0,1,1,1],"expected":[0,0.33333333333333331,0.83333333333333326,1.8333333333333333]}
CASE {"label":"n4-a0-r1-i0-p3-g1-f32","passed":false,"input":[-100000000,-100000000,-100000000,-100000000],"cotangent":[0.25,-0.75,0.25,0],"actual":[0,1,0,0],"expected":[0,0.083333333333333329,-0.29166666666666669,-0.041666666666666685]}
CASE {"label":"n4-a0-r1-i0-p3-g2-f32","passed":false,"input":[-100000000,-100000000,-100000000,-100000000],"cotangent":[1,0,0,0],"actual":[0,1,1,1],"expected":[0,0.33333333333333331,0.33333333333333331,0.33333333333333331]}
CASE {"label":"n4-a0-r1-i0-p3-g3-f32","passed":true,"input":[-100000000,-100000000,-100000000,-100000000],"cotangent":[0,0,0,0],"actual":[0,0,0,0],"expected":[0,0,0,0]}
CASE {"label":"n4-a0-r1-i0-p4-g0-f32","passed":false,"input":[1.0000000200408773e+20,1.0000000200408773e+20,1.0000000200408773e+20,1.0000000200408773e+20],"cotangent":[1,1,1,0],"actual":[0,1,1,1],"expected":[0,0.33333333333333331,0.83333333333333326,1.8333333333333333]}
CASE {"label":"n4-a0-r1-i0-p4-g1-f32","passed":false,"input":[1.0000000200408773e+20,1.0000000200408773e+20,1.0000000200408773e+20,1.0000000200408773e+20],"cotangent":[0.25,-0.75,0.25,0],"actual":[0,1,0,0],"expected":[0,0.083333333333333329,-0.29166666666666669,-0.041666666666666685]}
CASE {"label":"n4-a0-r1-i0-p4-g2-f32","passed":false,"input":[1.0000000200408773e+20,1.0000000200408773e+20,1.0000000200408773e+20,1.0000000200408773e+20],"cotangent":[1,0,0,0],"actual":[0,1,1,1],"expected":[0,0.33333333333333331,0.33333333333333331,0.33333333333333331]}
CASE {"label":"n4-a0-r1-i0-p4-g3-f32","passed":true,"input":[1.0000000200408773e+20,1.0000000200408773e+20,1.0000000200408773e+20,1.0000000200408773e+20],"cotangent":[0,0,0,0],"actual":[0,0,0,0],"expected":[0,0,0,0]}
CASE {"label":"n4-a0-r1-i0-p5-g0-f32","passed":false,"input":[0,0,0,100000000],"cotangent":[1,1,1,0],"actual":[0,0,0,1],"expected":[0,0,0,3]}
CASE {"label":"n4-a0-r1-i0-p5-g1-f32","passed":false,"input":[0,0,0,100000000],"cotangent":[0.25,-0.75,0.25,0],"actual":[0,0,0,0],"expected":[0,0,0,-0.25]}
CASE {"label":"n4-a0-r1-i0-p5-g2-f32","passed":true,"input":[0,0,0,100000000],"cotangent":[1,0,0,0],"actual":[0,0,0,1],"expected":[0,0,0,1]}
CASE {"label":"n4-a0-r1-i0-p5-g3-f32","passed":true,"input":[0,0,0,100000000],"cotangent":[0,0,0,0],"actual":[0,0,0,0],"expected":[0,0,0,0]}
CASE {"label":"n4-a0-r1-i0-p6-g0-f32","passed":true,"input":[100000000,0,0,0],"cotangent":[1,1,1,0],"actual":[0,0.3333333432674408,0.83333331346511841,1.8333332538604736],"expected":[0,0.33333333333333331,0.83333333333333326,1.8333333333333333]}
CASE {"label":"n4-a0-r1-i0-p6-g1-f32","passed":true,"input":[100000000,0,0,0],"cotangent":[0.25,-0.75,0.25,0],"actual":[0,0.083333343267440796,-0.2916666567325592,-0.041666656732559204],"expected":[0,0.083333333333333329,-0.29166666666666669,-0.041666666666666685]}
CASE {"label":"n4-a0-r1-i0-p6-g2-f32","passed":true,"input":[100000000,0,0,0],"cotangent":[1,0,0,0],"actual":[0,0.3333333432674408,0.3333333432674408,0.3333333432674408],"expected":[0,0.33333333333333331,0.33333333333333331,0.33333333333333331]}
CASE {"label":"n4-a0-r1-i0-p6-g3-f32","passed":true,"input":[100000000,0,0,0],"cotangent":[0,0,0,0],"actual":[0,0,0,0],"expected":[0,0,0,0]}
CASE {"label":"n4-a0-r1-i1-p0-g0-f32","passed":true,"input":[0,0.25,0.5,0],"cotangent":[1,1,1,1],"actual":[0.2027268260717392,0.58680224418640137,1.3759282827377319,1.8345427513122559],"expected":[0.20272680990427036,0.58680221236094399,1.375928286441904,1.8345426912928815]}
CASE {"label":"n4-a0-r1-i1-p0-g1-f32","passed":true,"input":[0,0.25,0.5,0],"cotangent":[0.25,-0.75,0.25,-0.75],"actual":[0.050681706517934799,-0.17979530990123749,-0.075246885418891907,-0.7956395149230957],"expected":[0.05068170247606759,-0.17979528270960066,-0.075246879999221611,-0.79563953976724522]}
CASE {"label":"n4-a0-r1-i1-p0-g2-f32","passed":true,"input":[0,0.25,0.5,0],"cotangent":[1,0,0,0],"actual":[0.2027268260717392,0.26030641794204712,0.33424004912376404,0.2027268260717392],"expected":[0.20272680990427036,0.26030637656110728,0.33424000363035195,0.20272680990427036]}
CASE {"label":"n4-a0-r1-i1-p0-g3-f32","passed":true,"input":[0,0.25,0.5,0],"cotangent":[0,0,0,0],"actual":[0,0,0,0],"expected":[0,0,0,0]}
CASE {"label":"n4-a0-r1-i1-p1-g0-f32","passed":true,"input":[1000,1000.25,1000.5,1000],"cotangent":[1,1,1,1],"actual":[0.20272877812385559,0.58679425716400146,1.3759615421295166,1.8345725536346436],"expected":[0.20272680990427036,0.58680221236094399,1.375928286441904,1.8345426912928815]}
CASE {"label":"n4-a0-r1-i1-p1-g1-f32","passed":true,"input":[1000,1000.25,1000.5,1000],"cotangent":[0.25,-0.75,0.25,-0.75],"actual":[0.050682343542575836,-0.17980372905731201,-0.075254321098327637,-0.79566323757171631],"expected":[0.05068170247606759,-0.17979528270960066,-0.075246879999221611,-0.79563953976724522]}
CASE {"label":"n4-a0-r1-i1-p1-g2-f32","passed":true,"input":[1000,1000.25,1000.5,1000],"cotangent":[1,0,0,0],"actual":[0.20272877812385559,0.26030892133712769,0.33424323797225952,0.20272877812385559],"expected":[0.20272680990427036,0.26030637656110728,0.33424000363035195,0.20272680990427036]}
CASE {"label":"n4-a0-r1-i1-p1-g3-f32","passed":true,"input":[1000,1000.25,1000.5,1000],"cotangent":[0,0,0,0],"actual":[0,0,0,0],"expected":[0,0,0,0]}
CASE {"label":"n4-a0-r1-i1-p2-g0-f32","passed":false,"input":[100000000,100000000,100000000,100000000],"cotangent":[1,1,1,1],"actual":[1,1,1,1],"expected":[0.25,0.58333333333333326,1.0833333333333333,2.083333333333333]}
CASE {"label":"n4-a0-r1-i1-p2-g1-f32","passed":false,"input":[100000000,100000000,100000000,100000000],"cotangent":[0.25,-0.75,0.25,-0.75],"actual":[1,0,0,0],"expected":[0.0625,-0.1875,-0.0625,-0.8125]}
CASE {"label":"n4-a0-r1-i1-p2-g2-f32","passed":false,"input":[100000000,100000000,100000000,100000000],"cotangent":[1,0,0,0],"actual":[1,1,1,1],"expected":[0.25,0.25,0.25,0.25]}
CASE {"label":"n4-a0-r1-i1-p2-g3-f32","passed":true,"input":[100000000,100000000,100000000,100000000],"cotangent":[0,0,0,0],"actual":[0,0,0,0],"expected":[0,0,0,0]}
CASE {"label":"n4-a0-r1-i1-p3-g0-f32","passed":false,"input":[-100000000,-100000000,-100000000,-100000000],"cotangent":[1,1,1,1],"actual":[1,1,1,1],"expected":[0.25,0.58333333333333326,1.0833333333333333,2.083333333333333]}
CASE {"label":"n4-a0-r1-i1-p3-g1-f32","passed":false,"input":[-100000000,-100000000,-100000000,-100000000],"cotangent":[0.25,-0.75,0.25,-0.75],"actual":[1,0,0,0],"expected":[0.0625,-0.1875,-0.0625,-0.8125]}
CASE {"label":"n4-a0-r1-i1-p3-g2-f32","passed":false,"input":[-100000000,-100000000,-100000000,-100000000],"cotangent":[1,0,0,0],"actual":[1,1,1,1],"expected":[0.25,0.25,0.25,0.25]}
CASE {"label":"n4-a0-r1-i1-p3-g3-f32","passed":true,"input":[-100000000,-100000000,-100000000,-100000000],"cotangent":[0,0,0,0],"actual":[0,0,0,0],"expected":[0,0,0,0]}
CASE {"label":"n4-a0-r1-i1-p4-g0-f32","passed":false,"input":[1.0000000200408773e+20,1.0000000200408773e+20,1.0000000200408773e+20,1.0000000200408773e+20],"cotangent":[1,1,1,1],"actual":[1,1,1,1],"expected":[0.25,0.58333333333333326,1.0833333333333333,2.083333333333333]}
CASE {"label":"n4-a0-r1-i1-p4-g1-f32","passed":false,"input":[1.0000000200408773e+20,1.0000000200408773e+20,1.0000000200408773e+20,1.0000000200408773e+20],"cotangent":[0.25,-0.75,0.25,-0.75],"actual":[1,0,0,0],"expected":[0.0625,-0.1875,-0.0625,-0.8125]}
CASE {"label":"n4-a0-r1-i1-p4-g2-f32","passed":false,"input":[1.0000000200408773e+20,1.0000000200408773e+20,1.0000000200408773e+20,1.0000000200408773e+20],"cotangent":[1,0,0,0],"actual":[1,1,1,1],"expected":[0.25,0.25,0.25,0.25]}
CASE {"label":"n4-a0-r1-i1-p4-g3-f32","passed":true,"input":[1.0000000200408773e+20,1.0000000200408773e+20,1.0000000200408773e+20,1.0000000200408773e+20],"cotangent":[0,0,0,0],"actual":[0,0,0,0],"expected":[0,0,0,0]}
CASE {"label":"n4-a0-r1-i1-p5-g0-f32","passed":false,"input":[0,0,0,100000000],"cotangent":[1,1,1,1],"actual":[0,0,0,1],"expected":[0,0,0,4]}
CASE {"label":"n4-a0-r1-i1-p5-g1-f32","passed":false,"input":[0,0,0,100000000],"cotangent":[0.25,-0.75,0.25,-0.75],"actual":[0,0,0,0],"expected":[0,0,0,-1]}
CASE {"label":"n4-a0-r1-i1-p5-g2-f32","passed":true,"input":[0,0,0,100000000],"cotangent":[1,0,0,0],"actual":[0,0,0,1],"expected":[0,0,0,1]}
CASE {"label":"n4-a0-r1-i1-p5-g3-f32","passed":true,"input":[0,0,0,100000000],"cotangent":[0,0,0,0],"actual":[0,0,0,0],"expected":[0,0,0,0]}
CASE {"label":"n4-a0-r1-i1-p6-g0-f32","passed":true,"input":[100000000,0,0,0],"cotangent":[1,1,1,1],"actual":[1,0.3333333432674408,0.83333331346511841,1.8333332538604736],"expected":[1,0.33333333333333331,0.83333333333333326,1.8333333333333333]}
CASE {"label":"n4-a0-r1-i1-p6-g1-f32","passed":false,"input":[100000000,0,0,0],"cotangent":[0.25,-0.75,0.25,-0.75],"actual":[1,-0.25,-0.125,-0.875],"expected":[0.25,-0.25,-0.125,-0.875]}
CASE {"label":"n4-a0-r1-i1-p6-g2-f32","passed":true,"input":[100000000,0,0,0],"cotangent":[1,0,0,0],"actual":[1,0,0,0],"expected":[1,0,0,0]}
CASE {"label":"n4-a0-r1-i1-p6-g3-f32","passed":true,"input":[100000000,0,0,0],"cotangent":[0,0,0,0],"actual":[0,0,0,0],"expected":[0,0,0,0]}
CASE {"label":"n6-a0-r0-i0-p0-g0-f32","passed":true,"input":[0,0.25,0.5,0,0.25,0.5],"cotangent":[0,0,0,1,1,1],"actual":[1,1,1,0,0,0],"expected":[1,1,1,0,0,0]}
CASE {"label":"n6-a0-r0-i0-p0-g1-f32","passed":true,"input":[0,0.25,0.5,0,0.25,0.5],"cotangent":[0,0,0,-0.75,0.25,-0.75],"actual":[-0.75,0.25,-0.75,0,0,0],"expected":[-0.75,0.25,-0.75,0,0,0]}
CASE {"label":"n6-a0-r0-i0-p0-g2-f32","passed":true,"input":[0,0.25,0.5,0,0.25,0.5],"cotangent":[0,0,0,1,1,1],"actual":[1,1,1,0,0,0],"expected":[1,1,1,0,0,0]}
CASE {"label":"n6-a0-r0-i0-p0-g3-f32","passed":true,"input":[0,0.25,0.5,0,0.25,0.5],"cotangent":[0,0,0,0,0,0],"actual":[0,0,0,0,0,0],"expected":[0,0,0,0,0,0]}
CASE {"label":"n6-a0-r0-i0-p1-g0-f32","passed":true,"input":[1000,1000.25,1000.5,1000,1000.25,1000.5],"cotangent":[0,0,0,1,1,1],"actual":[1,1,1,0,0,0],"expected":[1,1,1,0,0,0]}
CASE {"label":"n6-a0-r0-i0-p1-g1-f32","passed":true,"input":[1000,1000.25,1000.5,1000,1000.25,1000.5],"cotangent":[0,0,0,-0.75,0.25,-0.75],"actual":[-0.75001752376556396,0.2500007152557373,-0.75001752376556396,0,0,0],"expected":[-0.75,0.25,-0.75,0,0,0]}
CASE {"label":"n6-a0-r0-i0-p1-g2-f32","passed":true,"input":[1000,1000.25,1000.5,1000,1000.25,1000.5],"cotangent":[0,0,0,1,1,1],"actual":[1,1,1,0,0,0],"expected":[1,1,1,0,0,0]}
CASE {"label":"n6-a0-r0-i0-p1-g3-f32","passed":true,"input":[1000,1000.25,1000.5,1000,1000.25,1000.5],"cotangent":[0,0,0,0,0,0],"actual":[0,0,0,0,0,0],"expected":[0,0,0,0,0,0]}
CASE {"label":"n6-a0-r0-i0-p2-g0-f32","passed":true,"input":[100000000,100000000,100000000,100000000,100000000,100000000],"cotangent":[0,0,0,1,1,1],"actual":[1,1,1,0,0,0],"expected":[1,1,1,0,0,0]}
CASE {"label":"n6-a0-r0-i0-p2-g1-f32","passed":false,"input":[100000000,100000000,100000000,100000000,100000000,100000000],"cotangent":[0,0,0,-0.75,0.25,-0.75],"actual":[-1,1,-1,0,0,0],"expected":[-0.75,0.25,-0.75,0,0,0]}
CASE {"label":"n6-a0-r0-i0-p2-g2-f32","passed":true,"input":[100000000,100000000,100000000,100000000,100000000,100000000],"cotangent":[0,0,0,1,1,1],"actual":[1,1,1,0,0,0],"expected":[1,1,1,0,0,0]}
CASE {"label":"n6-a0-r0-i0-p2-g3-f32","passed":true,"input":[100000000,100000000,100000000,100000000,100000000,100000000],"cotangent":[0,0,0,0,0,0],"actual":[0,0,0,0,0,0],"expected":[0,0,0,0,0,0]}
CASE {"label":"n6-a0-r0-i0-p3-g0-f32","passed":true,"input":[-100000000,-100000000,-100000000,-100000000,-100000000,-100000000],"cotangent":[0,0,0,1,1,1],"actual":[1,1,1,0,0,0],"expected":[1,1,1,0,0,0]}
CASE {"label":"n6-a0-r0-i0-p3-g1-f32","passed":false,"input":[-100000000,-100000000,-100000000,-100000000,-100000000,-100000000],"cotangent":[0,0,0,-0.75,0.25,-0.75],"actual":[-1,1,-1,0,0,0],"expected":[-0.75,0.25,-0.75,0,0,0]}
CASE {"label":"n6-a0-r0-i0-p3-g2-f32","passed":true,"input":[-100000000,-100000000,-100000000,-100000000,-100000000,-100000000],"cotangent":[0,0,0,1,1,1],"actual":[1,1,1,0,0,0],"expected":[1,1,1,0,0,0]}
CASE {"label":"n6-a0-r0-i0-p3-g3-f32","passed":true,"input":[-100000000,-100000000,-100000000,-100000000,-100000000,-100000000],"cotangent":[0,0,0,0,0,0],"actual":[0,0,0,0,0,0],"expected":[0,0,0,0,0,0]}
CASE {"label":"n6-a0-r0-i0-p4-g0-f32","passed":true,"input":[1.0000000200408773e+20,1.0000000200408773e+20,1.0000000200408773e+20,1.0000000200408773e+20,1.0000000200408773e+20,1.0000000200408773e+20],"cotangent":[0,0,0,1,1,1],"actual":[1,1,1,0,0,0],"expected":[1,1,1,0,0,0]}
CASE {"label":"n6-a0-r0-i0-p4-g1-f32","passed":false,"input":[1.0000000200408773e+20,1.0000000200408773e+20,1.0000000200408773e+20,1.0000000200408773e+20,1.0000000200408773e+20,1.0000000200408773e+20],"cotangent":[0,0,0,-0.75,0.25,-0.75],"actual":[-1,1,-1,0,0,0],"expected":[-0.75,0.25,-0.75,0,0,0]}
CASE {"label":"n6-a0-r0-i0-p4-g2-f32","passed":true,"input":[1.0000000200408773e+20,1.0000000200408773e+20,1.0000000200408773e+20,1.0000000200408773e+20,1.0000000200408773e+20,1.0000000200408773e+20],"cotangent":[0,0,0,1,1,1],"actual":[1,1,1,0,0,0],"expected":[1,1,1,0,0,0]}
CASE {"label":"n6-a0-r0-i0-p4-g3-f32","passed":true,"input":[1.0000000200408773e+20,1.0000000200408773e+20,1.0000000200408773e+20,1.0000000200408773e+20,1.0000000200408773e+20,1.0000000200408773e+20],"cotangent":[0,0,0,0,0,0],"actual":[0,0,0,0,0,0],"expected":[0,0,0,0,0,0]}
CASE {"label":"n6-a0-r0-i0-p5-g0-f32","passed":true,"input":[0,0,0,100000000,100000000,100000000],"cotangent":[0,0,0,1,1,1],"actual":[1,1,1,0,0,0],"expected":[1,1,1,0,0,0]}
CASE {"label":"n6-a0-r0-i0-p5-g1-f32","passed":true,"input":[0,0,0,100000000,100000000,100000000],"cotangent":[0,0,0,-0.75,0.25,-0.75],"actual":[-0.75,0.25,-0.75,0,0,0],"expected":[-0.75,0.25,-0.75,0,0,0]}
CASE {"label":"n6-a0-r0-i0-p5-g2-f32","passed":true,"input":[0,0,0,100000000,100000000,100000000],"cotangent":[0,0,0,1,1,1],"actual":[1,1,1,0,0,0],"expected":[1,1,1,0,0,0]}
CASE {"label":"n6-a0-r0-i0-p5-g3-f32","passed":true,"input":[0,0,0,100000000,100000000,100000000],"cotangent":[0,0,0,0,0,0],"actual":[0,0,0,0,0,0],"expected":[0,0,0,0,0,0]}
CASE {"label":"n6-a0-r0-i0-p6-g0-f32","passed":true,"input":[100000000,100000000,100000000,0,0,0],"cotangent":[0,0,0,1,1,1],"actual":[1,1,1,0,0,0],"expected":[1,1,1,0,0,0]}
CASE {"label":"n6-a0-r0-i0-p6-g1-f32","passed":false,"input":[100000000,100000000,100000000,0,0,0],"cotangent":[0,0,0,-0.75,0.25,-0.75],"actual":[-1,1,-1,0,0,0],"expected":[-0.75,0.25,-0.75,0,0,0]}
CASE {"label":"n6-a0-r0-i0-p6-g2-f32","passed":true,"input":[100000000,100000000,100000000,0,0,0],"cotangent":[0,0,0,1,1,1],"actual":[1,1,1,0,0,0],"expected":[1,1,1,0,0,0]}
CASE {"label":"n6-a0-r0-i0-p6-g3-f32","passed":true,"input":[100000000,100000000,100000000,0,0,0],"cotangent":[0,0,0,0,0,0],"actual":[0,0,0,0,0,0],"expected":[0,0,0,0,0,0]}
CASE {"label":"n6-a0-r0-i1-p0-g0-f32","passed":true,"input":[0,0.25,0.5,0,0.25,0.5],"cotangent":[1,1,1,1,1,1],"actual":[1.5,1.5,1.5,0.5,0.5,0.5],"expected":[1.5,1.5,1.5,0.5,0.5,0.5]}
CASE {"label":"n6-a0-r0-i1-p0-g1-f32","passed":true,"input":[0,0.25,0.5,0,0.25,0.5],"cotangent":[0.25,-0.75,0.25,-0.75,0.25,-0.75],"actual":[-0.125,-0.625,-0.125,-0.375,0.125,-0.375],"expected":[-0.125,-0.625,-0.125,-0.375,0.125,-0.375]}
CASE {"label":"n6-a0-r0-i1-p0-g2-f32","passed":true,"input":[0,0.25,0.5,0,0.25,0.5],"cotangent":[0,0,0,1,1,1],"actual":[0.5,0.5,0.5,0.5,0.5,0.5],"expected":[0.5,0.5,0.5,0.5,0.5,0.5]}
CASE {"label":"n6-a0-r0-i1-p0-g3-f32","passed":true,"input":[0,0.25,0.5,0,0.25,0.5],"cotangent":[0,0,0,0,0,0],"actual":[0,0,0,0,0,0],"expected":[0,0,0,0,0,0]}
CASE {"label":"n6-a0-r0-i1-p1-g0-f32","passed":true,"input":[1000,1000.25,1000.5,1000,1000.25,1000.5],"cotangent":[1,1,1,1,1,1],"actual":[1.4999871253967285,1.4999871253967285,1.4999871253967285,0.4999854564666748,0.4999854564666748,0.4999854564666748],"expected":[1.5,1.5,1.5,0.5,0.5,0.5]}
CASE {"label":"n6-a0-r0-i1-p1-g1-f32","passed":true,"input":[1000,1000.25,1000.5,1000,1000.25,1000.5],"cotangent":[0.25,-0.75,0.25,-0.75,0.25,-0.75],"actual":[-0.12499713897705078,-0.62502080202102661,-0.12499713897705078,-0.37499785423278809,0.12499671429395676,-0.37499785423278809],"expected":[-0.125,-0.625,-0.125,-0.375,0.125,-0.375]}
CASE {"label":"n6-a0-r0-i1-p1-g2-f32","passed":true,"input":[1000,1000.25,1000.5,1000,1000.25,1000.5],"cotangent":[0,0,0,1,1,1],"actual":[0.4999854564666748,0.4999854564666748,0.4999854564666748,0.4999854564666748,0.4999854564666748,0.4999854564666748],"expected":[0.5,0.5,0.5,0.5,0.5,0.5]}
CASE {"label":"n6-a0-r0-i1-p1-g3-f32","passed":true,"input":[1000,1000.25,1000.5,1000,1000.25,1000.5],"cotangent":[0,0,0,0,0,0],"actual":[0,0,0,0,0,0],"expected":[0,0,0,0,0,0]}
CASE {"label":"n6-a0-r0-i1-p2-g0-f32","passed":false,"input":[100000000,100000000,100000000,100000000,100000000,100000000],"cotangent":[1,1,1,1,1,1],"actual":[1,1,1,1,1,1],"expected":[1.5,1.5,1.5,0.5,0.5,0.5]}
CASE {"label":"n6-a0-r0-i1-p2-g1-f32","passed":false,"input":[100000000,100000000,100000000,100000000,100000000,100000000],"cotangent":[0.25,-0.75,0.25,-0.75,0.25,-0.75],"actual":[0,0,0,-1,1,-1],"expected":[-0.125,-0.625,-0.125,-0.375,0.125,-0.375]}
CASE {"label":"n6-a0-r0-i1-p2-g2-f32","passed":false,"input":[100000000,100000000,100000000,100000000,100000000,100000000],"cotangent":[0,0,0,1,1,1],"actual":[1,1,1,1,1,1],"expected":[0.5,0.5,0.5,0.5,0.5,0.5]}
CASE {"label":"n6-a0-r0-i1-p2-g3-f32","passed":true,"input":[100000000,100000000,100000000,100000000,100000000,100000000],"cotangent":[0,0,0,0,0,0],"actual":[0,0,0,0,0,0],"expected":[0,0,0,0,0,0]}
CASE {"label":"n6-a0-r0-i1-p3-g0-f32","passed":false,"input":[-100000000,-100000000,-100000000,-100000000,-100000000,-100000000],"cotangent":[1,1,1,1,1,1],"actual":[1,1,1,1,1,1],"expected":[1.5,1.5,1.5,0.5,0.5,0.5]}
CASE {"label":"n6-a0-r0-i1-p3-g1-f32","passed":false,"input":[-100000000,-100000000,-100000000,-100000000,-100000000,-100000000],"cotangent":[0.25,-0.75,0.25,-0.75,0.25,-0.75],"actual":[0,0,0,-1,1,-1],"expected":[-0.125,-0.625,-0.125,-0.375,0.125,-0.375]}
CASE {"label":"n6-a0-r0-i1-p3-g2-f32","passed":false,"input":[-100000000,-100000000,-100000000,-100000000,-100000000,-100000000],"cotangent":[0,0,0,1,1,1],"actual":[1,1,1,1,1,1],"expected":[0.5,0.5,0.5,0.5,0.5,0.5]}
CASE {"label":"n6-a0-r0-i1-p3-g3-f32","passed":true,"input":[-100000000,-100000000,-100000000,-100000000,-100000000,-100000000],"cotangent":[0,0,0,0,0,0],"actual":[0,0,0,0,0,0],"expected":[0,0,0,0,0,0]}
CASE {"label":"n6-a0-r0-i1-p4-g0-f32","passed":false,"input":[1.0000000200408773e+20,1.0000000200408773e+20,1.0000000200408773e+20,1.0000000200408773e+20,1.0000000200408773e+20,1.0000000200408773e+20],"cotangent":[1,1,1,1,1,1],"actual":[1,1,1,1,1,1],"expected":[1.5,1.5,1.5,0.5,0.5,0.5]}
CASE {"label":"n6-a0-r0-i1-p4-g1-f32","passed":false,"input":[1.0000000200408773e+20,1.0000000200408773e+20,1.0000000200408773e+20,1.0000000200408773e+20,1.0000000200408773e+20,1.0000000200408773e+20],"cotangent":[0.25,-0.75,0.25,-0.75,0.25,-0.75],"actual":[0,0,0,-1,1,-1],"expected":[-0.125,-0.625,-0.125,-0.375,0.125,-0.375]}
CASE {"label":"n6-a0-r0-i1-p4-g2-f32","passed":false,"input":[1.0000000200408773e+20,1.0000000200408773e+20,1.0000000200408773e+20,1.0000000200408773e+20,1.0000000200408773e+20,1.0000000200408773e+20],"cotangent":[0,0,0,1,1,1],"actual":[1,1,1,1,1,1],"expected":[0.5,0.5,0.5,0.5,0.5,0.5]}
CASE {"label":"n6-a0-r0-i1-p4-g3-f32","passed":true,"input":[1.0000000200408773e+20,1.0000000200408773e+20,1.0000000200408773e+20,1.0000000200408773e+20,1.0000000200408773e+20,1.0000000200408773e+20],"cotangent":[0,0,0,0,0,0],"actual":[0,0,0,0,0,0],"expected":[0,0,0,0,0,0]}
CASE {"label":"n6-a0-r0-i1-p5-g0-f32","passed":true,"input":[0,0,0,100000000,100000000,100000000],"cotangent":[1,1,1,1,1,1],"actual":[1,1,1,1,1,1],"expected":[1,1,1,1,1,1]}
CASE {"label":"n6-a0-r0-i1-p5-g1-f32","passed":false,"input":[0,0,0,100000000,100000000,100000000],"cotangent":[0.25,-0.75,0.25,-0.75,0.25,-0.75],"actual":[0.25,-0.75,0.25,-1,1,-1],"expected":[0.25,-0.75,0.25,-0.75,0.25,-0.75]}
CASE {"label":"n6-a0-r0-i1-p5-g2-f32","passed":true,"input":[0,0,0,100000000,100000000,100000000],"cotangent":[0,0,0,1,1,1],"actual":[0,0,0,1,1,1],"expected":[0,0,0,1,1,1]}
CASE {"label":"n6-a0-r0-i1-p5-g3-f32","passed":true,"input":[0,0,0,100000000,100000000,100000000],"cotangent":[0,0,0,0,0,0],"actual":[0,0,0,0,0,0],"expected":[0,0,0,0,0,0]}
CASE {"label":"n6-a0-r0-i1-p6-g0-f32","passed":false,"input":[100000000,100000000,100000000,0,0,0],"cotangent":[1,1,1,1,1,1],"actual":[1,1,1,0,0,0],"expected":[2,2,2,0,0,0]}
CASE {"label":"n6-a0-r0-i1-p6-g1-f32","passed":false,"input":[100000000,100000000,100000000,0,0,0],"cotangent":[0.25,-0.75,0.25,-0.75,0.25,-0.75],"actual":[0,0,0,0,0,0],"expected":[-0.5,-0.5,-0.5,0,0,0]}
CASE {"label":"n6-a0-r0-i1-p6-g2-f32","passed":true,"input":[100000000,100000000,100000000,0,0,0],"cotangent":[0,0,0,1,1,1],"actual":[1,1,1,0,0,0],"expected":[1,1,1,0,0,0]}
CASE {"label":"n6-a0-r0-i1-p6-g3-f32","passed":true,"input":[100000000,100000000,100000000,0,0,0],"cotangent":[0,0,0,0,0,0],"actual":[0,0,0,0,0,0],"expected":[0,0,0,0,0,0]}
CASE {"label":"n6-a0-r1-i0-p0-g0-f32","passed":true,"input":[0,0.25,0.5,0,0.25,0.5],"cotangent":[1,1,1,0,0,0],"actual":[0,0,0,1,1,1],"expected":[0,0,0,1,1,1]}
CASE {"label":"n6-a0-r1-i0-p0-g1-f32","passed":true,"input":[0,0.25,0.5,0,0.25,0.5],"cotangent":[0.25,-0.75,0.25,0,0,0],"actual":[0,0,0,0.25,-0.75,0.25],"expected":[0,0,0,0.25,-0.75,0.25]}
CASE {"label":"n6-a0-r1-i0-p0-g2-f32","passed":true,"input":[0,0.25,0.5,0,0.25,0.5],"cotangent":[1,1,1,0,0,0],"actual":[0,0,0,1,1,1],"expected":[0,0,0,1,1,1]}
CASE {"label":"n6-a0-r1-i0-p0-g3-f32","passed":true,"input":[0,0.25,0.5,0,0.25,0.5],"cotangent":[0,0,0,0,0,0],"actual":[0,0,0,0,0,0],"expected":[0,0,0,0,0,0]}
CASE {"label":"n6-a0-r1-i0-p1-g0-f32","passed":true,"input":[1000,1000.25,1000.5,1000,1000.25,1000.5],"cotangent":[1,1,1,0,0,0],"actual":[0,0,0,1,1,1],"expected":[0,0,0,1,1,1]}
CASE {"label":"n6-a0-r1-i0-p1-g1-f32","passed":true,"input":[1000,1000.25,1000.5,1000,1000.25,1000.5],"cotangent":[0.25,-0.75,0.25,0,0,0],"actual":[0,0,0,0.2500007152557373,-0.75001752376556396,0.2500007152557373],"expected":[0,0,0,0.25,-0.75,0.25]}
CASE {"label":"n6-a0-r1-i0-p1-g2-f32","passed":true,"input":[1000,1000.25,1000.5,1000,1000.25,1000.5],"cotangent":[1,1,1,0,0,0],"actual":[0,0,0,1,1,1],"expected":[0,0,0,1,1,1]}
CASE {"label":"n6-a0-r1-i0-p1-g3-f32","passed":true,"input":[1000,1000.25,1000.5,1000,1000.25,1000.5],"cotangent":[0,0,0,0,0,0],"actual":[0,0,0,0,0,0],"expected":[0,0,0,0,0,0]}
CASE {"label":"n6-a0-r1-i0-p2-g0-f32","passed":true,"input":[100000000,100000000,100000000,100000000,100000000,100000000],"cotangent":[1,1,1,0,0,0],"actual":[0,0,0,1,1,1],"expected":[0,0,0,1,1,1]}
CASE {"label":"n6-a0-r1-i0-p2-g1-f32","passed":false,"input":[100000000,100000000,100000000,100000000,100000000,100000000],"cotangent":[0.25,-0.75,0.25,0,0,0],"actual":[0,0,0,1,-1,1],"expected":[0,0,0,0.25,-0.75,0.25]}
CASE {"label":"n6-a0-r1-i0-p2-g2-f32","passed":true,"input":[100000000,100000000,100000000,100000000,100000000,100000000],"cotangent":[1,1,1,0,0,0],"actual":[0,0,0,1,1,1],"expected":[0,0,0,1,1,1]}
CASE {"label":"n6-a0-r1-i0-p2-g3-f32","passed":true,"input":[100000000,100000000,100000000,100000000,100000000,100000000],"cotangent":[0,0,0,0,0,0],"actual":[0,0,0,0,0,0],"expected":[0,0,0,0,0,0]}
CASE {"label":"n6-a0-r1-i0-p3-g0-f32","passed":true,"input":[-100000000,-100000000,-100000000,-100000000,-100000000,-100000000],"cotangent":[1,1,1,0,0,0],"actual":[0,0,0,1,1,1],"expected":[0,0,0,1,1,1]}
CASE {"label":"n6-a0-r1-i0-p3-g1-f32","passed":false,"input":[-100000000,-100000000,-100000000,-100000000,-100000000,-100000000],"cotangent":[0.25,-0.75,0.25,0,0,0],"actual":[0,0,0,1,-1,1],"expected":[0,0,0,0.25,-0.75,0.25]}
CASE {"label":"n6-a0-r1-i0-p3-g2-f32","passed":true,"input":[-100000000,-100000000,-100000000,-100000000,-100000000,-100000000],"cotangent":[1,1,1,0,0,0],"actual":[0,0,0,1,1,1],"expected":[0,0,0,1,1,1]}
CASE {"label":"n6-a0-r1-i0-p3-g3-f32","passed":true,"input":[-100000000,-100000000,-100000000,-100000000,-100000000,-100000000],"cotangent":[0,0,0,0,0,0],"actual":[0,0,0,0,0,0],"expected":[0,0,0,0,0,0]}
CASE {"label":"n6-a0-r1-i0-p4-g0-f32","passed":true,"input":[1.0000000200408773e+20,1.0000000200408773e+20,1.0000000200408773e+20,1.0000000200408773e+20,1.0000000200408773e+20,1.0000000200408773e+20],"cotangent":[1,1,1,0,0,0],"actual":[0,0,0,1,1,1],"expected":[0,0,0,1,1,1]}
CASE {"label":"n6-a0-r1-i0-p4-g1-f32","passed":false,"input":[1.0000000200408773e+20,1.0000000200408773e+20,1.0000000200408773e+20,1.0000000200408773e+20,1.0000000200408773e+20,1.0000000200408773e+20],"cotangent":[0.25,-0.75,0.25,0,0,0],"actual":[0,0,0,1,-1,1],"expected":[0,0,0,0.25,-0.75,0.25]}
CASE {"label":"n6-a0-r1-i0-p4-g2-f32","passed":true,"input":[1.0000000200408773e+20,1.0000000200408773e+20,1.0000000200408773e+20,1.0000000200408773e+20,1.0000000200408773e+20,1.0000000200408773e+20],"cotangent":[1,1,1,0,0,0],"actual":[0,0,0,1,1,1],"expected":[0,0,0,1,1,1]}
CASE {"label":"n6-a0-r1-i0-p4-g3-f32","passed":true,"input":[1.0000000200408773e+20,1.0000000200408773e+20,1.0000000200408773e+20,1.0000000200408773e+20,1.0000000200408773e+20,1.0000000200408773e+20],"cotangent":[0,0,0,0,0,0],"actual":[0,0,0,0,0,0],"expected":[0,0,0,0,0,0]}
CASE {"label":"n6-a0-r1-i0-p5-g0-f32","passed":true,"input":[0,0,0,100000000,100000000,100000000],"cotangent":[1,1,1,0,0,0],"actual":[0,0,0,1,1,1],"expected":[0,0,0,1,1,1]}
CASE {"label":"n6-a0-r1-i0-p5-g1-f32","passed":false,"input":[0,0,0,100000000,100000000,100000000],"cotangent":[0.25,-0.75,0.25,0,0,0],"actual":[0,0,0,1,-1,1],"expected":[0,0,0,0.25,-0.75,0.25]}
CASE {"label":"n6-a0-r1-i0-p5-g2-f32","passed":true,"input":[0,0,0,100000000,100000000,100000000],"cotangent":[1,1,1,0,0,0],"actual":[0,0,0,1,1,1],"expected":[0,0,0,1,1,1]}
CASE {"label":"n6-a0-r1-i0-p5-g3-f32","passed":true,"input":[0,0,0,100000000,100000000,100000000],"cotangent":[0,0,0,0,0,0],"actual":[0,0,0,0,0,0],"expected":[0,0,0,0,0,0]}
CASE {"label":"n6-a0-r1-i0-p6-g0-f32","passed":true,"input":[100000000,100000000,100000000,0,0,0],"cotangent":[1,1,1,0,0,0],"actual":[0,0,0,1,1,1],"expected":[0,0,0,1,1,1]}
CASE {"label":"n6-a0-r1-i0-p6-g1-f32","passed":true,"input":[100000000,100000000,100000000,0,0,0],"cotangent":[0.25,-0.75,0.25,0,0,0],"actual":[0,0,0,0.25,-0.75,0.25],"expected":[0,0,0,0.25,-0.75,0.25]}
CASE {"label":"n6-a0-r1-i0-p6-g2-f32","passed":true,"input":[100000000,100000000,100000000,0,0,0],"cotangent":[1,1,1,0,0,0],"actual":[0,0,0,1,1,1],"expected":[0,0,0,1,1,1]}
CASE {"label":"n6-a0-r1-i0-p6-g3-f32","passed":true,"input":[100000000,100000000,100000000,0,0,0],"cotangent":[0,0,0,0,0,0],"actual":[0,0,0,0,0,0],"expected":[0,0,0,0,0,0]}
CASE {"label":"n6-a0-r1-i1-p0-g0-f32","passed":true,"input":[0,0.25,0.5,0,0.25,0.5],"cotangent":[1,1,1,1,1,1],"actual":[0.5,0.5,0.5,1.5,1.5,1.5],"expected":[0.5,0.5,0.5,1.5,1.5,1.5]}
CASE {"label":"n6-a0-r1-i1-p0-g1-f32","passed":true,"input":[0,0.25,0.5,0,0.25,0.5],"cotangent":[0.25,-0.75,0.25,-0.75,0.25,-0.75],"actual":[0.125,-0.375,0.125,-0.625,-0.125,-0.625],"expected":[0.125,-0.375,0.125,-0.625,-0.125,-0.625]}
CASE {"label":"n6-a0-r1-i1-p0-g2-f32","passed":true,"input":[0,0.25,0.5,0,0.25,0.5],"cotangent":[1,1,1,0,0,0],"actual":[0.5,0.5,0.5,0.5,0.5,0.5],"expected":[0.5,0.5,0.5,0.5,0.5,0.5]}
CASE {"label":"n6-a0-r1-i1-p0-g3-f32","passed":true,"input":[0,0.25,0.5,0,0.25,0.5],"cotangent":[0,0,0,0,0,0],"actual":[0,0,0,0,0,0],"expected":[0,0,0,0,0,0]}
CASE {"label":"n6-a0-r1-i1-p1-g0-f32","passed":true,"input":[1000,1000.25,1000.5,1000,1000.25,1000.5],"cotangent":[1,1,1,1,1,1],"actual":[0.4999854564666748,0.4999854564666748,0.4999854564666748,1.4999871253967285,1.4999871253967285,1.4999871253967285],"expected":[0.5,0.5,0.5,1.5,1.5,1.5]}
CASE {"label":"n6-a0-r1-i1-p1-g1-f32","passed":true,"input":[1000,1000.25,1000.5,1000,1000.25,1000.5],"cotangent":[0.25,-0.75,0.25,-0.75,0.25,-0.75],"actual":[0.12499671429395676,-0.37499785423278809,0.12499671429395676,-0.62502080202102661,-0.12499713897705078,-0.62502080202102661],"expected":[0.125,-0.375,0.125,-0.625,-0.125,-0.625]}
CASE {"label":"n6-a0-r1-i1-p1-g2-f32","passed":true,"input":[1000,1000.25,1000.5,1000,1000.25,1000.5],"cotangent":[1,1,1,0,0,0],"actual":[0.4999854564666748,0.4999854564666748,0.4999854564666748,0.4999854564666748,0.4999854564666748,0.4999854564666748],"expected":[0.5,0.5,0.5,0.5,0.5,0.5]}
CASE {"label":"n6-a0-r1-i1-p1-g3-f32","passed":true,"input":[1000,1000.25,1000.5,1000,1000.25,1000.5],"cotangent":[0,0,0,0,0,0],"actual":[0,0,0,0,0,0],"expected":[0,0,0,0,0,0]}
CASE {"label":"n6-a0-r1-i1-p2-g0-f32","passed":false,"input":[100000000,100000000,100000000,100000000,100000000,100000000],"cotangent":[1,1,1,1,1,1],"actual":[1,1,1,1,1,1],"expected":[0.5,0.5,0.5,1.5,1.5,1.5]}
CASE {"label":"n6-a0-r1-i1-p2-g1-f32","passed":false,"input":[100000000,100000000,100000000,100000000,100000000,100000000],"cotangent":[0.25,-0.75,0.25,-0.75,0.25,-0.75],"actual":[1,-1,1,0,0,0],"expected":[0.125,-0.375,0.125,-0.625,-0.125,-0.625]}
CASE {"label":"n6-a0-r1-i1-p2-g2-f32","passed":false,"input":[100000000,100000000,100000000,100000000,100000000,100000000],"cotangent":[1,1,1,0,0,0],"actual":[1,1,1,1,1,1],"expected":[0.5,0.5,0.5,0.5,0.5,0.5]}
CASE {"label":"n6-a0-r1-i1-p2-g3-f32","passed":true,"input":[100000000,100000000,100000000,100000000,100000000,100000000],"cotangent":[0,0,0,0,0,0],"actual":[0,0,0,0,0,0],"expected":[0,0,0,0,0,0]}
CASE {"label":"n6-a0-r1-i1-p3-g0-f32","passed":false,"input":[-100000000,-100000000,-100000000,-100000000,-100000000,-100000000],"cotangent":[1,1,1,1,1,1],"actual":[1,1,1,1,1,1],"expected":[0.5,0.5,0.5,1.5,1.5,1.5]}
CASE {"label":"n6-a0-r1-i1-p3-g1-f32","passed":false,"input":[-100000000,-100000000,-100000000,-100000000,-100000000,-100000000],"cotangent":[0.25,-0.75,0.25,-0.75,0.25,-0.75],"actual":[1,-1,1,0,0,0],"expected":[0.125,-0.375,0.125,-0.625,-0.125,-0.625]}
CASE {"label":"n6-a0-r1-i1-p3-g2-f32","passed":false,"input":[-100000000,-100000000,-100000000,-100000000,-100000000,-100000000],"cotangent":[1,1,1,0,0,0],"actual":[1,1,1,1,1,1],"expected":[0.5,0.5,0.5,0.5,0.5,0.5]}
CASE {"label":"n6-a0-r1-i1-p3-g3-f32","passed":true,"input":[-100000000,-100000000,-100000000,-100000000,-100000000,-100000000],"cotangent":[0,0,0,0,0,0],"actual":[0,0,0,0,0,0],"expected":[0,0,0,0,0,0]}
CASE {"label":"n6-a0-r1-i1-p4-g0-f32","passed":false,"input":[1.0000000200408773e+20,1.0000000200408773e+20,1.0000000200408773e+20,1.0000000200408773e+20,1.0000000200408773e+20,1.0000000200408773e+20],"cotangent":[1,1,1,1,1,1],"actual":[1,1,1,1,1,1],"expected":[0.5,0.5,0.5,1.5,1.5,1.5]}
CASE {"label":"n6-a0-r1-i1-p4-g1-f32","passed":false,"input":[1.0000000200408773e+20,1.0000000200408773e+20,1.0000000200408773e+20,1.0000000200408773e+20,1.0000000200408773e+20,1.0000000200408773e+20],"cotangent":[0.25,-0.75,0.25,-0.75,0.25,-0.75],"actual":[1,-1,1,0,0,0],"expected":[0.125,-0.375,0.125,-0.625,-0.125,-0.625]}
CASE {"label":"n6-a0-r1-i1-p4-g2-f32","passed":false,"input":[1.0000000200408773e+20,1.0000000200408773e+20,1.0000000200408773e+20,1.0000000200408773e+20,1.0000000200408773e+20,1.0000000200408773e+20],"cotangent":[1,1,1,0,0,0],"actual":[1,1,1,1,1,1],"expected":[0.5,0.5,0.5,0.5,0.5,0.5]}
CASE {"label":"n6-a0-r1-i1-p4-g3-f32","passed":true,"input":[1.0000000200408773e+20,1.0000000200408773e+20,1.0000000200408773e+20,1.0000000200408773e+20,1.0000000200408773e+20,1.0000000200408773e+20],"cotangent":[0,0,0,0,0,0],"actual":[0,0,0,0,0,0],"expected":[0,0,0,0,0,0]}
CASE {"label":"n6-a0-r1-i1-p5-g0-f32","passed":false,"input":[0,0,0,100000000,100000000,100000000],"cotangent":[1,1,1,1,1,1],"actual":[0,0,0,1,1,1],"expected":[0,0,0,2,2,2]}
CASE {"label":"n6-a0-r1-i1-p5-g1-f32","passed":false,"input":[0,0,0,100000000,100000000,100000000],"cotangent":[0.25,-0.75,0.25,-0.75,0.25,-0.75],"actual":[0,0,0,0,0,0],"expected":[0,0,0,-0.5,-0.5,-0.5]}
CASE {"label":"n6-a0-r1-i1-p5-g2-f32","passed":true,"input":[0,0,0,100000000,100000000,100000000],"cotangent":[1,1,1,0,0,0],"actual":[0,0,0,1,1,1],"expected":[0,0,0,1,1,1]}
CASE {"label":"n6-a0-r1-i1-p5-g3-f32","passed":true,"input":[0,0,0,100000000,100000000,100000000],"cotangent":[0,0,0,0,0,0],"actual":[0,0,0,0,0,0],"expected":[0,0,0,0,0,0]}
CASE {"label":"n6-a0-r1-i1-p6-g0-f32","passed":true,"input":[100000000,100000000,100000000,0,0,0],"cotangent":[1,1,1,1,1,1],"actual":[1,1,1,1,1,1],"expected":[1,1,1,1,1,1]}
CASE {"label":"n6-a0-r1-i1-p6-g1-f32","passed":false,"input":[100000000,100000000,100000000,0,0,0],"cotangent":[0.25,-0.75,0.25,-0.75,0.25,-0.75],"actual":[1,-1,1,-0.75,0.25,-0.75],"expected":[0.25,-0.75,0.25,-0.75,0.25,-0.75]}
CASE {"label":"n6-a0-r1-i1-p6-g2-f32","passed":true,"input":[100000000,100000000,100000000,0,0,0],"cotangent":[1,1,1,0,0,0],"actual":[1,1,1,0,0,0],"expected":[1,1,1,0,0,0]}
CASE {"label":"n6-a0-r1-i1-p6-g3-f32","passed":true,"input":[100000000,100000000,100000000,0,0,0],"cotangent":[0,0,0,0,0,0],"actual":[0,0,0,0,0,0],"expected":[0,0,0,0,0,0]}
CASE {"label":"n6-a1-r0-i0-p0-g0-f32","passed":true,"input":[0,0.25,0.5,0,0.25,0.5],"cotangent":[0,1,1,0,1,1],"actual":[1.4378235340118408,0.56217652559280396,0,1.4378235340118408,0.56217652559280396,0],"expected":[1.4378234991142018,0.56217650088579807,0,1.4378234991142018,0.56217650088579807,0]}
CASE {"label":"n6-a1-r0-i0-p0-g1-f32","passed":true,"input":[0,0.25,0.5,0,0.25,0.5],"cotangent":[0,-0.75,0.25,0,0.25,-0.75],"actual":[-0.64054411649703979,0.14054411649703979,0,-0.078367620706558228,-0.42163240909576416,0],"expected":[-0.64054412522144955,0.14054412522144952,0,-0.078367624335651365,-0.42163237566434852,0]}
CASE {"label":"n6-a1-r0-i0-p0-g2-f32","passed":true,"input":[0,0.25,0.5,0,0.25,0.5],"cotangent":[0,0,1,0,0,1],"actual":[0.43782353401184082,0.56217652559280396,0,0.43782353401184082,0.56217652559280396,0],"expected":[0.43782349911420188,0.56217650088579807,0,0.43782349911420188,0.56217650088579807,0]}
CASE {"label":"n6-a1-r0-i0-p0-g3-f32","passed":true,"input":[0,0.25,0.5,0,0.25,0.5],"cotangent":[0,0,0,0,0,0],"actual":[0,0,0,0,0,0],"expected":[0,0,0,0,0,0]}
CASE {"label":"n6-a1-r0-i0-p1-g0-f32","passed":true,"input":[1000,1000.25,1000.5,1000,1000.25,1000.5],"cotangent":[0,1,1,0,1,1],"actual":[1.4378647804260254,0.56218308210372925,0,1.4378647804260254,0.56218308210372925,0],"expected":[1.4378234991142018,0.56217650088579807,0,1.4378234991142018,0.56217650088579807,0]}
CASE {"label":"n6-a1-r0-i0-p1-g1-f32","passed":true,"input":[1000,1000.25,1000.5,1000,1000.25,1000.5],"cotangent":[0,-0.75,0.25,0,0.25,-0.75],"actual":[-0.64056003093719482,0.14054617285728455,0,-0.078378438949584961,-0.42164716124534607,0],"expected":[-0.64054412522144955,0.14054412522144952,0,-0.078367624335651365,-0.42163237566434852,0]}
CASE {"label":"n6-a1-r0-i0-p1-g2-f32","passed":true,"input":[1000,1000.25,1000.5,1000,1000.25,1000.5],"cotangent":[0,0,1,0,0,1],"actual":[0.43782863020896912,0.56218308210372925,0,0.43782863020896912,0.56218308210372925,0],"expected":[0.43782349911420188,0.56217650088579807,0,0.43782349911420188,0.56217650088579807,0]}
CASE {"label":"n6-a1-r0-i0-p1-g3-f32","passed":true,"input":[1000,1000.25,1000.5,1000,1000.25,1000.5],"cotangent":[0,0,0,0,0,0],"actual":[0,0,0,0,0,0],"expected":[0,0,0,0,0,0]}
CASE {"label":"n6-a1-r0-i0-p2-g0-f32","passed":false,"input":[100000000,100000000,100000000,100000000,100000000,100000000],"cotangent":[0,1,1,0,1,1],"actual":[1,1,0,1,1,0],"expected":[1.5,0.5,0,1.5,0.5,0]}
CASE {"label":"n6-a1-r0-i0-p2-g1-f32","passed":false,"input":[100000000,100000000,100000000,100000000,100000000,100000000],"cotangent":[0,-0.75,0.25,0,0.25,-0.75],"actual":[0,1,0,0,-1,0],"expected":[-0.625,0.125,0,-0.125,-0.375,0]}
CASE {"label":"n6-a1-r0-i0-p2-g2-f32","passed":false,"input":[100000000,100000000,100000000,100000000,100000000,100000000],"cotangent":[0,0,1,0,0,1],"actual":[1,1,0,1,1,0],"expected":[0.5,0.5,0,0.5,0.5,0]}
CASE {"label":"n6-a1-r0-i0-p2-g3-f32","passed":true,"input":[100000000,100000000,100000000,100000000,100000000,100000000],"cotangent":[0,0,0,0,0,0],"actual":[0,0,0,0,0,0],"expected":[0,0,0,0,0,0]}
CASE {"label":"n6-a1-r0-i0-p3-g0-f32","passed":false,"input":[-100000000,-100000000,-100000000,-100000000,-100000000,-100000000],"cotangent":[0,1,1,0,1,1],"actual":[1,1,0,1,1,0],"expected":[1.5,0.5,0,1.5,0.5,0]}
CASE {"label":"n6-a1-r0-i0-p3-g1-f32","passed":false,"input":[-100000000,-100000000,-100000000,-100000000,-100000000,-100000000],"cotangent":[0,-0.75,0.25,0,0.25,-0.75],"actual":[0,1,0,0,-1,0],"expected":[-0.625,0.125,0,-0.125,-0.375,0]}
CASE {"label":"n6-a1-r0-i0-p3-g2-f32","passed":false,"input":[-100000000,-100000000,-100000000,-100000000,-100000000,-100000000],"cotangent":[0,0,1,0,0,1],"actual":[1,1,0,1,1,0],"expected":[0.5,0.5,0,0.5,0.5,0]}
CASE {"label":"n6-a1-r0-i0-p3-g3-f32","passed":true,"input":[-100000000,-100000000,-100000000,-100000000,-100000000,-100000000],"cotangent":[0,0,0,0,0,0],"actual":[0,0,0,0,0,0],"expected":[0,0,0,0,0,0]}
CASE {"label":"n6-a1-r0-i0-p4-g0-f32","passed":false,"input":[1.0000000200408773e+20,1.0000000200408773e+20,1.0000000200408773e+20,1.0000000200408773e+20,1.0000000200408773e+20,1.0000000200408773e+20],"cotangent":[0,1,1,0,1,1],"actual":[1,1,0,1,1,0],"expected":[1.5,0.5,0,1.5,0.5,0]}
CASE {"label":"n6-a1-r0-i0-p4-g1-f32","passed":false,"input":[1.0000000200408773e+20,1.0000000200408773e+20,1.0000000200408773e+20,1.0000000200408773e+20,1.0000000200408773e+20,1.0000000200408773e+20],"cotangent":[0,-0.75,0.25,0,0.25,-0.75],"actual":[0,1,0,0,-1,0],"expected":[-0.625,0.125,0,-0.125,-0.375,0]}
CASE {"label":"n6-a1-r0-i0-p4-g2-f32","passed":false,"input":[1.0000000200408773e+20,1.0000000200408773e+20,1.0000000200408773e+20,1.0000000200408773e+20,1.0000000200408773e+20,1.0000000200408773e+20],"cotangent":[0,0,1,0,0,1],"actual":[1,1,0,1,1,0],"expected":[0.5,0.5,0,0.5,0.5,0]}
CASE {"label":"n6-a1-r0-i0-p4-g3-f32","passed":true,"input":[1.0000000200408773e+20,1.0000000200408773e+20,1.0000000200408773e+20,1.0000000200408773e+20,1.0000000200408773e+20,1.0000000200408773e+20],"cotangent":[0,0,0,0,0,0],"actual":[0,0,0,0,0,0],"expected":[0,0,0,0,0,0]}
CASE {"label":"n6-a1-r0-i0-p5-g0-f32","passed":true,"input":[0,0,100000000,0,0,100000000],"cotangent":[0,1,1,0,1,1],"actual":[1.5,0.5,0,1.5,0.5,0],"expected":[1.5,0.5,0,1.5,0.5,0]}
CASE {"label":"n6-a1-r0-i0-p5-g1-f32","passed":true,"input":[0,0,100000000,0,0,100000000],"cotangent":[0,-0.75,0.25,0,0.25,-0.75],"actual":[-0.625,0.125,0,-0.125,-0.375,0],"expected":[-0.625,0.125,0,-0.125,-0.375,0]}
CASE {"label":"n6-a1-r0-i0-p5-g2-f32","passed":true,"input":[0,0,100000000,0,0,100000000],"cotangent":[0,0,1,0,0,1],"actual":[0.5,0.5,0,0.5,0.5,0],"expected":[0.5,0.5,0,0.5,0.5,0]}
CASE {"label":"n6-a1-r0-i0-p5-g3-f32","passed":true,"input":[0,0,100000000,0,0,100000000],"cotangent":[0,0,0,0,0,0],"actual":[0,0,0,0,0,0],"expected":[0,0,0,0,0,0]}
CASE {"label":"n6-a1-r0-i0-p6-g0-f32","passed":false,"input":[100000000,0,0,100000000,0,0],"cotangent":[0,1,1,0,1,1],"actual":[1,0,0,1,0,0],"expected":[2,0,0,2,0,0]}
CASE {"label":"n6-a1-r0-i0-p6-g1-f32","passed":false,"input":[100000000,0,0,100000000,0,0],"cotangent":[0,-0.75,0.25,0,0.25,-0.75],"actual":[0,0,0,0,0,0],"expected":[-0.5,0,0,-0.5,0,0]}
CASE {"label":"n6-a1-r0-i0-p6-g2-f32","passed":true,"input":[100000000,0,0,100000000,0,0],"cotangent":[0,0,1,0,0,1],"actual":[1,0,0,1,0,0],"expected":[1,0,0,1,0,0]}
CASE {"label":"n6-a1-r0-i0-p6-g3-f32","passed":true,"input":[100000000,0,0,100000000,0,0],"cotangent":[0,0,0,0,0,0],"actual":[0,0,0,0,0,0],"expected":[0,0,0,0,0,0]}
CASE {"label":"n6-a1-r0-i1-p0-g0-f32","passed":true,"input":[0,0.25,0.5,0,0.25,0.5],"cotangent":[1,1,1,1,1,1],"actual":[1.6920987367630005,0.88867241144180298,0.41922900080680847,1.6920987367630005,0.88867241144180298,0.41922900080680847],"expected":[1.6920987117046675,0.88867233668563483,0.4192289516096977,1.6920987117046675,0.88867233668563483,0.4192289516096977]}
CASE {"label":"n6-a1-r0-i1-p0-g1-f32","passed":true,"input":[0,0.25,0.5,0,0.25,0.5],"cotangent":[0.25,-0.75,0.25,-0.75,0.25,-0.75],"actual":[-0.014798820018768311,-0.3400084376335144,0.10480724275112152,-0.83125054836273193,-0.10432779788970947,-0.31442174315452576],"expected":[-0.014798821188034952,-0.34000841671438936,0.10480723790242442,-0.83125053466429877,-0.104327751628428,-0.31442171370727329]}
CASE {"label":"n6-a1-r0-i1-p0-g2-f32","passed":true,"input":[0,0.25,0.5,0,0.25,0.5],"cotangent":[0,0,1,0,0,1],"actual":[0.25427523255348206,0.32649585604667664,0.41922900080680847,0.25427523255348206,0.32649585604667664,0.41922900080680847],"expected":[0.25427521259046565,0.32649583579983671,0.4192289516096977,0.25427521259046565,0.32649583579983671,0.4192289516096977]}
CASE {"label":"n6-a1-r0-i1-p0-g3-f32","passed":true,"input":[0,0.25,0.5,0,0.25,0.5],"cotangent":[0,0,0,0,0,0],"actual":[0,0,0,0,0,0],"expected":[0,0,0,0,0,0]}
CASE {"label":"n6-a1-r0-i1-p1-g0-f32","passed":true,"input":[1000,1000.25,1000.5,1000,1000.25,1000.5],"cotangent":[1,1,1,1,1,1],"actual":[1.6920485496520996,0.88865876197814941,0.4192349910736084,1.6920485496520996,0.88865876197814941,0.4192349910736084],"expected":[1.6920987117046675,0.88867233668563483,0.4192289516096977,1.6920987117046675,0.88867233668563483,0.4192289516096977]}
CASE {"label":"n6-a1-r0-i1-p1-g1-f32","passed":true,"input":[1000,1000.25,1000.5,1000,1000.25,1000.5],"cotangent":[0.25,-0.75,0.25,-0.75,0.25,-0.75],"actual":[-0.014807999134063721,-0.34002178907394409,0.10480903834104538,-0.83127528429031372,-0.10433496534824371,-0.31443357467651367],"expected":[-0.014798821188034952,-0.34000841671438936,0.10480723790242442,-0.83125053466429877,-0.104327751628428,-0.31442171370727329]}
CASE {"label":"n6-a1-r0-i1-p1-g2-f32","passed":true,"input":[1000,1000.25,1000.5,1000,1000.25,1000.5],"cotangent":[0,0,1,0,0,1],"actual":[0.25427886843681335,0.3265005350112915,0.4192349910736084,0.25427886843681335,0.3265005350112915,0.4192349910736084],"expected":[0.25427521259046565,0.32649583579983671,0.4192289516096977,0.25427521259046565,0.32649583579983671,0.4192289516096977]}
CASE {"label":"n6-a1-r0-i1-p1-g3-f32","passed":true,"input":[1000,1000.25,1000.5,1000,1000.25,1000.5],"cotangent":[0,0,0,0,0,0],"actual":[0,0,0,0,0,0],"expected":[0,0,0,0,0,0]}
CASE {"label":"n6-a1-r0-i1-p2-g0-f32","passed":false,"input":[100000000,100000000,100000000,100000000,100000000,100000000],"cotangent":[1,1,1,1,1,1],"actual":[1,1,1,1,1,1],"expected":[1.8333333333333333,0.83333333333333326,0.33333333333333331,1.8333333333333333,0.83333333333333326,0.33333333333333331]}
CASE {"label":"n6-a1-r0-i1-p2-g1-f32","passed":false,"input":[100000000,100000000,100000000,100000000,100000000,100000000],"cotangent":[0.25,-0.75,0.25,-0.75,0.25,-0.75],"actual":[0,0,1,0,0,-1],"expected":[-0.041666666666666671,-0.29166666666666669,0.083333333333333329,-0.875,-0.125,-0.25]}
CASE {"label":"n6-a1-r0-i1-p2-g2-f32","passed":false,"input":[100000000,100000000,100000000,100000000,100000000,100000000],"cotangent":[0,0,1,0,0,1],"actual":[1,1,1,1,1,1],"expected":[0.33333333333333331,0.33333333333333331,0.33333333333333331,0.33333333333333331,0.33333333333333331,0.33333333333333331]}
CASE {"label":"n6-a1-r0-i1-p2-g3-f32","passed":true,"input":[100000000,100000000,100000000,100000000,100000000,100000000],"cotangent":[0,0,0,0,0,0],"actual":[0,0,0,0,0,0],"expected":[0,0,0,0,0,0]}
CASE {"label":"n6-a1-r0-i1-p3-g0-f32","passed":false,"input":[-100000000,-100000000,-100000000,-100000000,-100000000,-100000000],"cotangent":[1,1,1,1,1,1],"actual":[1,1,1,1,1,1],"expected":[1.8333333333333333,0.83333333333333326,0.33333333333333331,1.8333333333333333,0.83333333333333326,0.33333333333333331]}
CASE {"label":"n6-a1-r0-i1-p3-g1-f32","passed":false,"input":[-100000000,-100000000,-100000000,-100000000,-100000000,-100000000],"cotangent":[0.25,-0.75,0.25,-0.75,0.25,-0.75],"actual":[0,0,1,0,0,-1],"expected":[-0.041666666666666671,-0.29166666666666669,0.083333333333333329,-0.875,-0.125,-0.25]}
CASE {"label":"n6-a1-r0-i1-p3-g2-f32","passed":false,"input":[-100000000,-100000000,-100000000,-100000000,-100000000,-100000000],"cotangent":[0,0,1,0,0,1],"actual":[1,1,1,1,1,1],"expected":[0.33333333333333331,0.33333333333333331,0.33333333333333331,0.33333333333333331,0.33333333333333331,0.33333333333333331]}
CASE {"label":"n6-a1-r0-i1-p3-g3-f32","passed":true,"input":[-100000000,-100000000,-100000000,-100000000,-100000000,-100000000],"cotangent":[0,0,0,0,0,0],"actual":[0,0,0,0,0,0],"expected":[0,0,0,0,0,0]}
CASE {"label":"n6-a1-r0-i1-p4-g0-f32","passed":false,"input":[1.0000000200408773e+20,1.0000000200408773e+20,1.0000000200408773e+20,1.0000000200408773e+20,1.0000000200408773e+20,1.0000000200408773e+20],"cotangent":[1,1,1,1,1,1],"actual":[1,1,1,1,1,1],"expected":[1.8333333333333333,0.83333333333333326,0.33333333333333331,1.8333333333333333,0.83333333333333326,0.33333333333333331]}
CASE {"label":"n6-a1-r0-i1-p4-g1-f32","passed":false,"input":[1.0000000200408773e+20,1.0000000200408773e+20,1.0000000200408773e+20,1.0000000200408773e+20,1.0000000200408773e+20,1.0000000200408773e+20],"cotangent":[0.25,-0.75,0.25,-0.75,0.25,-0.75],"actual":[0,0,1,0,0,-1],"expected":[-0.041666666666666671,-0.29166666666666669,0.083333333333333329,-0.875,-0.125,-0.25]}
CASE {"label":"n6-a1-r0-i1-p4-g2-f32","passed":false,"input":[1.0000000200408773e+20,1.0000000200408773e+20,1.0000000200408773e+20,1.0000000200408773e+20,1.0000000200408773e+20,1.0000000200408773e+20],"cotangent":[0,0,1,0,0,1],"actual":[1,1,1,1,1,1],"expected":[0.33333333333333331,0.33333333333333331,0.33333333333333331,0.33333333333333331,0.33333333333333331,0.33333333333333331]}
CASE {"label":"n6-a1-r0-i1-p4-g3-f32","passed":true,"input":[1.0000000200408773e+20,1.0000000200408773e+20,1.0000000200408773e+20,1.0000000200408773e+20,1.0000000200408773e+20,1.0000000200408773e+20],"cotangent":[0,0,0,0,0,0],"actual":[0,0,0,0,0,0],"expected":[0,0,0,0,0,0]}
CASE {"label":"n6-a1-r0-i1-p5-g0-f32","passed":true,"input":[0,0,100000000,0,0,100000000],"cotangent":[1,1,1,1,1,1],"actual":[1.5,0.5,1,1.5,0.5,1],"expected":[1.5,0.5,1,1.5,0.5,1]}
CASE {"label":"n6-a1-r0-i1-p5-g1-f32","passed":false,"input":[0,0,100000000,0,0,100000000],"cotangent":[0.25,-0.75,0.25,-0.75,0.25,-0.75],"actual":[-0.125,-0.375,1,-0.625,0.125,-1],"expected":[-0.125,-0.375,0.25,-0.625,0.125,-0.75]}
CASE {"label":"n6-a1-r0-i1-p5-g2-f32","passed":true,"input":[0,0,100000000,0,0,100000000],"cotangent":[0,0,1,0,0,1],"actual":[0,0,1,0,0,1],"expected":[0,0,1,0,0,1]}
CASE {"label":"n6-a1-r0-i1-p5-g3-f32","passed":true,"input":[0,0,100000000,0,0,100000000],"cotangent":[0,0,0,0,0,0],"actual":[0,0,0,0,0,0],"expected":[0,0,0,0,0,0]}
CASE {"label":"n6-a1-r0-i1-p6-g0-f32","passed":false,"input":[100000000,0,0,100000000,0,0],"cotangent":[1,1,1,1,1,1],"actual":[1,0,0,1,0,0],"expected":[3,0,0,3,0,0]}
CASE {"label":"n6-a1-r0-i1-p6-g1-f32","passed":false,"input":[100000000,0,0,100000000,0,0],"cotangent":[0.25,-0.75,0.25,-0.75,0.25,-0.75],"actual":[0,0,0,0,0,0],"expected":[-0.25,0,0,-1.25,0,0]}
CASE {"label":"n6-a1-r0-i1-p6-g2-f32","passed":true,"input":[100000000,0,0,100000000,0,0],"cotangent":[0,0,1,0,0,1],"actual":[1,0,0,1,0,0],"expected":[1,0,0,1,0,0]}
CASE {"label":"n6-a1-r0-i1-p6-g3-f32","passed":true,"input":[100000000,0,0,100000000,0,0],"cotangent":[0,0,0,0,0,0],"actual":[0,0,0,0,0,0],"expected":[0,0,0,0,0,0]}
CASE {"label":"n6-a1-r1-i0-p0-g0-f32","passed":true,"input":[0,0.25,0.5,0,0.25,0.5],"cotangent":[1,1,0,1,1,0],"actual":[0,0.43782353401184082,1.5621765851974487,0,0.43782353401184082,1.5621765851974487],"expected":[0,0.43782349911420188,1.5621765008857982,0,0.43782349911420188,1.5621765008857982]}
CASE {"label":"n6-a1-r1-i0-p0-g1-f32","passed":true,"input":[0,0.25,0.5,0,0.25,0.5],"cotangent":[0.25,-0.75,0,-0.75,0.25,0],"actual":[0,0.10945588350296021,-0.60945588350296021,0,-0.32836762070655823,-0.17163240909576416],"expected":[0,0.10945587477855047,-0.60945587477855045,0,-0.32836762433565136,-0.17163237566434852]}
CASE {"label":"n6-a1-r1-i0-p0-g2-f32","passed":true,"input":[0,0.25,0.5,0,0.25,0.5],"cotangent":[1,0,0,1,0,0],"actual":[0,0.43782353401184082,0.56217652559280396,0,0.43782353401184082,0.56217652559280396],"expected":[0,0.43782349911420188,0.56217650088579807,0,0.43782349911420188,0.56217650088579807]}
CASE {"label":"n6-a1-r1-i0-p0-g3-f32","passed":true,"input":[0,0.25,0.5,0,0.25,0.5],"cotangent":[0,0,0,0,0,0],"actual":[0,0,0,0,0,0],"expected":[0,0,0,0,0,0]}
CASE {"label":"n6-a1-r1-i0-p1-g0-f32","passed":true,"input":[1000,1000.25,1000.5,1000,1000.25,1000.5],"cotangent":[1,1,0,1,1,0],"actual":[0,0.43782863020896912,1.5622169971466064,0,0.43782863020896912,1.5622169971466064],"expected":[0,0.43782349911420188,1.5621765008857982,0,0.43782349911420188,1.5621765008857982]}
CASE {"label":"n6-a1-r1-i0-p1-g1-f32","passed":true,"input":[1000,1000.25,1000.5,1000,1000.25,1000.5],"cotangent":[0.25,-0.75,0,-0.75,0.25,0],"actual":[0,0.10945747047662735,-0.60947132110595703,0,-0.32837915420532227,-0.17164644598960876],"expected":[0,0.10945587477855047,-0.60945587477855045,0,-0.32836762433565136,-0.17163237566434852]}
CASE {"label":"n6-a1-r1-i0-p1-g2-f32","passed":true,"input":[1000,1000.25,1000.5,1000,1000.25,1000.5],"cotangent":[1,0,0,1,0,0],"actual":[0,0.43782863020896912,0.56218308210372925,0,0.43782863020896912,0.56218308210372925],"expected":[0,0.43782349911420188,0.56217650088579807,0,0.43782349911420188,0.56217650088579807]}
CASE {"label":"n6-a1-r1-i0-p1-g3-f32","passed":true,"input":[1000,1000.25,1000.5,1000,1000.25,1000.5],"cotangent":[0,0,0,0,0,0],"actual":[0,0,0,0,0,0],"expected":[0,0,0,0,0,0]}
CASE {"label":"n6-a1-r1-i0-p2-g0-f32","passed":false,"input":[100000000,100000000,100000000,100000000,100000000,100000000],"cotangent":[1,1,0,1,1,0],"actual":[0,1,1,0,1,1],"expected":[0,0.5,1.5,0,0.5,1.5]}
CASE {"label":"n6-a1-r1-i0-p2-g1-f32","passed":false,"input":[100000000,100000000,100000000,100000000,100000000,100000000],"cotangent":[0.25,-0.75,0,-0.75,0.25,0],"actual":[0,1,0,0,-1,0],"expected":[0,0.125,-0.625,0,-0.375,-0.125]}
CASE {"label":"n6-a1-r1-i0-p2-g2-f32","passed":false,"input":[100000000,100000000,100000000,100000000,100000000,100000000],"cotangent":[1,0,0,1,0,0],"actual":[0,1,1,0,1,1],"expected":[0,0.5,0.5,0,0.5,0.5]}
CASE {"label":"n6-a1-r1-i0-p2-g3-f32","passed":true,"input":[100000000,100000000,100000000,100000000,100000000,100000000],"cotangent":[0,0,0,0,0,0],"actual":[0,0,0,0,0,0],"expected":[0,0,0,0,0,0]}
CASE {"label":"n6-a1-r1-i0-p3-g0-f32","passed":false,"input":[-100000000,-100000000,-100000000,-100000000,-100000000,-100000000],"cotangent":[1,1,0,1,1,0],"actual":[0,1,1,0,1,1],"expected":[0,0.5,1.5,0,0.5,1.5]}
CASE {"label":"n6-a1-r1-i0-p3-g1-f32","passed":false,"input":[-100000000,-100000000,-100000000,-100000000,-100000000,-100000000],"cotangent":[0.25,-0.75,0,-0.75,0.25,0],"actual":[0,1,0,0,-1,0],"expected":[0,0.125,-0.625,0,-0.375,-0.125]}
CASE {"label":"n6-a1-r1-i0-p3-g2-f32","passed":false,"input":[-100000000,-100000000,-100000000,-100000000,-100000000,-100000000],"cotangent":[1,0,0,1,0,0],"actual":[0,1,1,0,1,1],"expected":[0,0.5,0.5,0,0.5,0.5]}
CASE {"label":"n6-a1-r1-i0-p3-g3-f32","passed":true,"input":[-100000000,-100000000,-100000000,-100000000,-100000000,-100000000],"cotangent":[0,0,0,0,0,0],"actual":[0,0,0,0,0,0],"expected":[0,0,0,0,0,0]}
CASE {"label":"n6-a1-r1-i0-p4-g0-f32","passed":false,"input":[1.0000000200408773e+20,1.0000000200408773e+20,1.0000000200408773e+20,1.0000000200408773e+20,1.0000000200408773e+20,1.0000000200408773e+20],"cotangent":[1,1,0,1,1,0],"actual":[0,1,1,0,1,1],"expected":[0,0.5,1.5,0,0.5,1.5]}
CASE {"label":"n6-a1-r1-i0-p4-g1-f32","passed":false,"input":[1.0000000200408773e+20,1.0000000200408773e+20,1.0000000200408773e+20,1.0000000200408773e+20,1.0000000200408773e+20,1.0000000200408773e+20],"cotangent":[0.25,-0.75,0,-0.75,0.25,0],"actual":[0,1,0,0,-1,0],"expected":[0,0.125,-0.625,0,-0.375,-0.125]}
CASE {"label":"n6-a1-r1-i0-p4-g2-f32","passed":false,"input":[1.0000000200408773e+20,1.0000000200408773e+20,1.0000000200408773e+20,1.0000000200408773e+20,1.0000000200408773e+20,1.0000000200408773e+20],"cotangent":[1,0,0,1,0,0],"actual":[0,1,1,0,1,1],"expected":[0,0.5,0.5,0,0.5,0.5]}
CASE {"label":"n6-a1-r1-i0-p4-g3-f32","passed":true,"input":[1.0000000200408773e+20,1.0000000200408773e+20,1.0000000200408773e+20,1.0000000200408773e+20,1.0000000200408773e+20,1.0000000200408773e+20],"cotangent":[0,0,0,0,0,0],"actual":[0,0,0,0,0,0],"expected":[0,0,0,0,0,0]}
CASE {"label":"n6-a1-r1-i0-p5-g0-f32","passed":false,"input":[0,0,100000000,0,0,100000000],"cotangent":[1,1,0,1,1,0],"actual":[0,0,1,0,0,1],"expected":[0,0,2,0,0,2]}
CASE {"label":"n6-a1-r1-i0-p5-g1-f32","passed":false,"input":[0,0,100000000,0,0,100000000],"cotangent":[0.25,-0.75,0,-0.75,0.25,0],"actual":[0,0,0,0,0,0],"expected":[0,0,-0.5,0,0,-0.5]}
CASE {"label":"n6-a1-r1-i0-p5-g2-f32","passed":true,"input":[0,0,100000000,0,0,100000000],"cotangent":[1,0,0,1,0,0],"actual":[0,0,1,0,0,1],"expected":[0,0,1,0,0,1]}
CASE {"label":"n6-a1-r1-i0-p5-g3-f32","passed":true,"input":[0,0,100000000,0,0,100000000],"cotangent":[0,0,0,0,0,0],"actual":[0,0,0,0,0,0],"expected":[0,0,0,0,0,0]}
CASE {"label":"n6-a1-r1-i0-p6-g0-f32","passed":true,"input":[100000000,0,0,100000000,0,0],"cotangent":[1,1,0,1,1,0],"actual":[0,0.5,1.5,0,0.5,1.5],"expected":[0,0.5,1.5,0,0.5,1.5]}
CASE {"label":"n6-a1-r1-i0-p6-g1-f32","passed":true,"input":[100000000,0,0,100000000,0,0],"cotangent":[0.25,-0.75,0,-0.75,0.25,0],"actual":[0,0.125,-0.625,0,-0.375,-0.125],"expected":[0,0.125,-0.625,0,-0.375,-0.125]}
CASE {"label":"n6-a1-r1-i0-p6-g2-f32","passed":true,"input":[100000000,0,0,100000000,0,0],"cotangent":[1,0,0,1,0,0],"actual":[0,0.5,0.5,0,0.5,0.5],"expected":[0,0.5,0.5,0,0.5,0.5]}
CASE {"label":"n6-a1-r1-i0-p6-g3-f32","passed":true,"input":[100000000,0,0,100000000,0,0],"cotangent":[0,0,0,0,0,0],"actual":[0,0,0,0,0,0],"expected":[0,0,0,0,0,0]}
CASE {"label":"n6-a1-r1-i1-p0-g0-f32","passed":true,"input":[0,0.25,0.5,0,0.25,0.5],"cotangent":[1,1,1,1,1,1],"actual":[0.25427523255348206,0.76431936025619507,1.9814053773880005,0.25427523255348206,0.76431936025619507,1.9814053773880005],"expected":[0.25427521259046565,0.76431933491403858,1.9814054524954958,0.25427521259046565,0.76431933491403858,1.9814054524954958]}
CASE {"label":"n6-a1-r1-i1-p0-g1-f32","passed":true,"input":[0,0.25,0.5,0,0.25,0.5],"cotangent":[0.25,-0.75,0.25,-0.75,0.25,-0.75],"actual":[0.063568815588951111,-0.24674364924430847,-0.066825151443481445,-0.19070641696453094,-0.13541603088378906,-0.92387765645980835],"expected":[0.063568803147616412,-0.2467436653856922,-0.066825137761924114,-0.19070640944284922,-0.13541600207132704,-0.9238775884858238]}
CASE {"label":"n6-a1-r1-i1-p0-g2-f32","passed":true,"input":[0,0.25,0.5,0,0.25,0.5],"cotangent":[1,0,0,1,0,0],"actual":[0.25427523255348206,0.32649585604667664,0.41922900080680847,0.25427523255348206,0.32649585604667664,0.41922900080680847],"expected":[0.25427521259046565,0.32649583579983671,0.4192289516096977,0.25427521259046565,0.32649583579983671,0.4192289516096977]}
CASE {"label":"n6-a1-r1-i1-p0-g3-f32","passed":true,"input":[0,0.25,0.5,0,0.25,0.5],"cotangent":[0,0,0,0,0,0],"actual":[0,0,0,0,0,0],"expected":[0,0,0,0,0,0]}
CASE {"label":"n6-a1-r1-i1-p1-g0-f32","passed":false,"input":[1000,1000.25,1000.5,1000,1000.25,1000.5],"cotangent":[1,1,1,1,1,1],"actual":[0.25427886843681335,0.76434367895126343,1.9814678430557251,0.25427886843681335,0.76434367895126343,1.9814678430557251],"expected":[0.25427521259046565,0.76431933491403858,1.9814054524954958,0.25427521259046565,0.76431933491403858,1.9814054524954958]}
CASE {"label":"n6-a1-r1-i1-p1-g1-f32","passed":true,"input":[1000,1000.25,1000.5,1000,1000.25,1000.5],"cotangent":[0.25,-0.75,0.25,-0.75,0.25,-0.75],"actual":[0.063569903373718262,-0.24675378203392029,-0.066844582557678223,-0.19071359932422638,-0.13542366027832031,-0.92388331890106201],"expected":[0.063568803147616412,-0.2467436653856922,-0.066825137761924114,-0.19070640944284922,-0.13541600207132704,-0.9238775884858238]}
CASE {"label":"n6-a1-r1-i1-p1-g2-f32","passed":true,"input":[1000,1000.25,1000.5,1000,1000.25,1000.5],"cotangent":[1,0,0,1,0,0],"actual":[0.25427886843681335,0.3265005350112915,0.4192349910736084,0.25427886843681335,0.3265005350112915,0.4192349910736084],"expected":[0.25427521259046565,0.32649583579983671,0.4192289516096977,0.25427521259046565,0.32649583579983671,0.4192289516096977]}
CASE {"label":"n6-a1-r1-i1-p1-g3-f32","passed":true,"input":[1000,1000.25,1000.5,1000,1000.25,1000.5],"cotangent":[0,0,0,0,0,0],"actual":[0,0,0,0,0,0],"expected":[0,0,0,0,0,0]}
CASE {"label":"n6-a1-r1-i1-p2-g0-f32","passed":false,"input":[100000000,100000000,100000000,100000000,100000000,100000000],"cotangent":[1,1,1,1,1,1],"actual":[1,1,1,1,1,1],"expected":[0.33333333333333331,0.83333333333333326,1.8333333333333333,0.33333333333333331,0.83333333333333326,1.8333333333333333]}
CASE {"label":"n6-a1-r1-i1-p2-g1-f32","passed":false,"input":[100000000,100000000,100000000,100000000,100000000,100000000],"cotangent":[0.25,-0.75,0.25,-0.75,0.25,-0.75],"actual":[1,0,0,-1,0,0],"expected":[0.083333333333333329,-0.29166666666666669,-0.041666666666666685,-0.25,-0.125,-0.875]}
CASE {"label":"n6-a1-r1-i1-p2-g2-f32","passed":false,"input":[100000000,100000000,100000000,100000000,100000000,100000000],"cotangent":[1,0,0,1,0,0],"actual":[1,1,1,1,1,1],"expected":[0.33333333333333331,0.33333333333333331,0.33333333333333331,0.33333333333333331,0.33333333333333331,0.33333333333333331]}
CASE {"label":"n6-a1-r1-i1-p2-g3-f32","passed":true,"input":[100000000,100000000,100000000,100000000,100000000,100000000],"cotangent":[0,0,0,0,0,0],"actual":[0,0,0,0,0,0],"expected":[0,0,0,0,0,0]}
CASE {"label":"n6-a1-r1-i1-p3-g0-f32","passed":false,"input":[-100000000,-100000000,-100000000,-100000000,-100000000,-100000000],"cotangent":[1,1,1,1,1,1],"actual":[1,1,1,1,1,1],"expected":[0.33333333333333331,0.83333333333333326,1.8333333333333333,0.33333333333333331,0.83333333333333326,1.8333333333333333]}
CASE {"label":"n6-a1-r1-i1-p3-g1-f32","passed":false,"input":[-100000000,-100000000,-100000000,-100000000,-100000000,-100000000],"cotangent":[0.25,-0.75,0.25,-0.75,0.25,-0.75],"actual":[1,0,0,-1,0,0],"expected":[0.083333333333333329,-0.29166666666666669,-0.041666666666666685,-0.25,-0.125,-0.875]}
CASE {"label":"n6-a1-r1-i1-p3-g2-f32","passed":false,"input":[-100000000,-100000000,-100000000,-100000000,-100000000,-100000000],"cotangent":[1,0,0,1,0,0],"actual":[1,1,1,1,1,1],"expected":[0.33333333333333331,0.33333333333333331,0.33333333333333331,0.33333333333333331,0.33333333333333331,0.33333333333333331]}
CASE {"label":"n6-a1-r1-i1-p3-g3-f32","passed":true,"input":[-100000000,-100000000,-100000000,-100000000,-100000000,-100000000],"cotangent":[0,0,0,0,0,0],"actual":[0,0,0,0,0,0],"expected":[0,0,0,0,0,0]}
CASE {"label":"n6-a1-r1-i1-p4-g0-f32","passed":false,"input":[1.0000000200408773e+20,1.0000000200408773e+20,1.0000000200408773e+20,1.0000000200408773e+20,1.0000000200408773e+20,1.0000000200408773e+20],"cotangent":[1,1,1,1,1,1],"actual":[1,1,1,1,1,1],"expected":[0.33333333333333331,0.83333333333333326,1.8333333333333333,0.33333333333333331,0.83333333333333326,1.8333333333333333]}
CASE {"label":"n6-a1-r1-i1-p4-g1-f32","passed":false,"input":[1.0000000200408773e+20,1.0000000200408773e+20,1.0000000200408773e+20,1.0000000200408773e+20,1.0000000200408773e+20,1.0000000200408773e+20],"cotangent":[0.25,-0.75,0.25,-0.75,0.25,-0.75],"actual":[1,0,0,-1,0,0],"expected":[0.083333333333333329,-0.29166666666666669,-0.041666666666666685,-0.25,-0.125,-0.875]}
CASE {"label":"n6-a1-r1-i1-p4-g2-f32","passed":false,"input":[1.0000000200408773e+20,1.0000000200408773e+20,1.0000000200408773e+20,1.0000000200408773e+20,1.0000000200408773e+20,1.0000000200408773e+20],"cotangent":[1,0,0,1,0,0],"actual":[1,1,1,1,1,1],"expected":[0.33333333333333331,0.33333333333333331,0.33333333333333331,0.33333333333333331,0.33333333333333331,0.33333333333333331]}
CASE {"label":"n6-a1-r1-i1-p4-g3-f32","passed":true,"input":[1.0000000200408773e+20,1.0000000200408773e+20,1.0000000200408773e+20,1.0000000200408773e+20,1.0000000200408773e+20,1.0000000200408773e+20],"cotangent":[0,0,0,0,0,0],"actual":[0,0,0,0,0,0],"expected":[0,0,0,0,0,0]}
CASE {"label":"n6-a1-r1-i1-p5-g0-f32","passed":false,"input":[0,0,100000000,0,0,100000000],"cotangent":[1,1,1,1,1,1],"actual":[0,0,1,0,0,1],"expected":[0,0,3,0,0,3]}
CASE {"label":"n6-a1-r1-i1-p5-g1-f32","passed":false,"input":[0,0,100000000,0,0,100000000],"cotangent":[0.25,-0.75,0.25,-0.75,0.25,-0.75],"actual":[0,0,0,0,0,0],"expected":[0,0,-0.25,0,0,-1.25]}
CASE {"label":"n6-a1-r1-i1-p5-g2-f32","passed":true,"input":[0,0,100000000,0,0,100000000],"cotangent":[1,0,0,1,0,0],"actual":[0,0,1,0,0,1],"expected":[0,0,1,0,0,1]}
CASE {"label":"n6-a1-r1-i1-p5-g3-f32","passed":true,"input":[0,0,100000000,0,0,100000000],"cotangent":[0,0,0,0,0,0],"actual":[0,0,0,0,0,0],"expected":[0,0,0,0,0,0]}
CASE {"label":"n6-a1-r1-i1-p6-g0-f32","passed":true,"input":[100000000,0,0,100000000,0,0],"cotangent":[1,1,1,1,1,1],"actual":[1,0.5,1.5,1,0.5,1.5],"expected":[1,0.5,1.5,1,0.5,1.5]}
CASE {"label":"n6-a1-r1-i1-p6-g1-f32","passed":false,"input":[100000000,0,0,100000000,0,0],"cotangent":[0.25,-0.75,0.25,-0.75,0.25,-0.75],"actual":[1,-0.375,-0.125,-1,0.125,-0.625],"expected":[0.25,-0.375,-0.125,-0.75,0.125,-0.625]}
CASE {"label":"n6-a1-r1-i1-p6-g2-f32","passed":true,"input":[100000000,0,0,100000000,0,0],"cotangent":[1,0,0,1,0,0],"actual":[1,0,0,1,0,0],"expected":[1,0,0,1,0,0]}
CASE {"label":"n6-a1-r1-i1-p6-g3-f32","passed":true,"input":[100000000,0,0,100000000,0,0],"cotangent":[0,0,0,0,0,0],"actual":[0,0,0,0,0,0],"expected":[0,0,0,0,0,0]}
CASE {"label":"n1-a0-r0-i0-p0-g0-f64","passed":true,"input":[0],"cotangent":[0],"actual":[0],"expected":[0]}
CASE {"label":"n1-a0-r0-i0-p0-g1-f64","passed":true,"input":[0],"cotangent":[0],"actual":[0],"expected":[0]}
CASE {"label":"n1-a0-r0-i0-p0-g2-f64","passed":true,"input":[0],"cotangent":[0],"actual":[0],"expected":[0]}
CASE {"label":"n1-a0-r0-i0-p0-g3-f64","passed":true,"input":[0],"cotangent":[0],"actual":[0],"expected":[0]}
CASE {"label":"n1-a0-r0-i0-p1-g0-f64","passed":true,"input":[1000],"cotangent":[0],"actual":[0],"expected":[0]}
CASE {"label":"n1-a0-r0-i0-p1-g1-f64","passed":true,"input":[1000],"cotangent":[0],"actual":[0],"expected":[0]}
CASE {"label":"n1-a0-r0-i0-p1-g2-f64","passed":true,"input":[1000],"cotangent":[0],"actual":[0],"expected":[0]}
CASE {"label":"n1-a0-r0-i0-p1-g3-f64","passed":true,"input":[1000],"cotangent":[0],"actual":[0],"expected":[0]}
CASE {"label":"n1-a0-r0-i0-p2-g0-f64","passed":true,"input":[100000000],"cotangent":[0],"actual":[0],"expected":[0]}
CASE {"label":"n1-a0-r0-i0-p2-g1-f64","passed":true,"input":[100000000],"cotangent":[0],"actual":[0],"expected":[0]}
CASE {"label":"n1-a0-r0-i0-p2-g2-f64","passed":true,"input":[100000000],"cotangent":[0],"actual":[0],"expected":[0]}
CASE {"label":"n1-a0-r0-i0-p2-g3-f64","passed":true,"input":[100000000],"cotangent":[0],"actual":[0],"expected":[0]}
CASE {"label":"n1-a0-r0-i0-p3-g0-f64","passed":true,"input":[-100000000],"cotangent":[0],"actual":[0],"expected":[0]}
CASE {"label":"n1-a0-r0-i0-p3-g1-f64","passed":true,"input":[-100000000],"cotangent":[0],"actual":[0],"expected":[0]}
CASE {"label":"n1-a0-r0-i0-p3-g2-f64","passed":true,"input":[-100000000],"cotangent":[0],"actual":[0],"expected":[0]}
CASE {"label":"n1-a0-r0-i0-p3-g3-f64","passed":true,"input":[-100000000],"cotangent":[0],"actual":[0],"expected":[0]}
CASE {"label":"n1-a0-r0-i0-p4-g0-f64","passed":true,"input":[1e+20],"cotangent":[0],"actual":[0],"expected":[0]}
CASE {"label":"n1-a0-r0-i0-p4-g1-f64","passed":true,"input":[1e+20],"cotangent":[0],"actual":[0],"expected":[0]}
CASE {"label":"n1-a0-r0-i0-p4-g2-f64","passed":true,"input":[1e+20],"cotangent":[0],"actual":[0],"expected":[0]}
CASE {"label":"n1-a0-r0-i0-p4-g3-f64","passed":true,"input":[1e+20],"cotangent":[0],"actual":[0],"expected":[0]}
CASE {"label":"n1-a0-r0-i0-p5-g0-f64","passed":true,"input":[100000000],"cotangent":[0],"actual":[0],"expected":[0]}
CASE {"label":"n1-a0-r0-i0-p5-g1-f64","passed":true,"input":[100000000],"cotangent":[0],"actual":[0],"expected":[0]}
CASE {"label":"n1-a0-r0-i0-p5-g2-f64","passed":true,"input":[100000000],"cotangent":[0],"actual":[0],"expected":[0]}
CASE {"label":"n1-a0-r0-i0-p5-g3-f64","passed":true,"input":[100000000],"cotangent":[0],"actual":[0],"expected":[0]}
CASE {"label":"n1-a0-r0-i0-p6-g0-f64","passed":true,"input":[100000000],"cotangent":[0],"actual":[0],"expected":[0]}
CASE {"label":"n1-a0-r0-i0-p6-g1-f64","passed":true,"input":[100000000],"cotangent":[0],"actual":[0],"expected":[0]}
CASE {"label":"n1-a0-r0-i0-p6-g2-f64","passed":true,"input":[100000000],"cotangent":[0],"actual":[0],"expected":[0]}
CASE {"label":"n1-a0-r0-i0-p6-g3-f64","passed":true,"input":[100000000],"cotangent":[0],"actual":[0],"expected":[0]}
CASE {"label":"n1-a0-r0-i1-p0-g0-f64","passed":true,"input":[0],"cotangent":[1],"actual":[1],"expected":[1]}
CASE {"label":"n1-a0-r0-i1-p0-g1-f64","passed":true,"input":[0],"cotangent":[0.25],"actual":[0.25],"expected":[0.25]}
CASE {"label":"n1-a0-r0-i1-p0-g2-f64","passed":true,"input":[0],"cotangent":[1],"actual":[1],"expected":[1]}
CASE {"label":"n1-a0-r0-i1-p0-g3-f64","passed":true,"input":[0],"cotangent":[0],"actual":[0],"expected":[0]}
CASE {"label":"n1-a0-r0-i1-p1-g0-f64","passed":true,"input":[1000],"cotangent":[1],"actual":[1],"expected":[1]}
CASE {"label":"n1-a0-r0-i1-p1-g1-f64","passed":true,"input":[1000],"cotangent":[0.25],"actual":[0.25],"expected":[0.25]}
CASE {"label":"n1-a0-r0-i1-p1-g2-f64","passed":true,"input":[1000],"cotangent":[1],"actual":[1],"expected":[1]}
CASE {"label":"n1-a0-r0-i1-p1-g3-f64","passed":true,"input":[1000],"cotangent":[0],"actual":[0],"expected":[0]}
CASE {"label":"n1-a0-r0-i1-p2-g0-f64","passed":true,"input":[100000000],"cotangent":[1],"actual":[1],"expected":[1]}
CASE {"label":"n1-a0-r0-i1-p2-g1-f64","passed":true,"input":[100000000],"cotangent":[0.25],"actual":[0.25],"expected":[0.25]}
CASE {"label":"n1-a0-r0-i1-p2-g2-f64","passed":true,"input":[100000000],"cotangent":[1],"actual":[1],"expected":[1]}
CASE {"label":"n1-a0-r0-i1-p2-g3-f64","passed":true,"input":[100000000],"cotangent":[0],"actual":[0],"expected":[0]}
CASE {"label":"n1-a0-r0-i1-p3-g0-f64","passed":true,"input":[-100000000],"cotangent":[1],"actual":[1],"expected":[1]}
CASE {"label":"n1-a0-r0-i1-p3-g1-f64","passed":true,"input":[-100000000],"cotangent":[0.25],"actual":[0.25],"expected":[0.25]}
CASE {"label":"n1-a0-r0-i1-p3-g2-f64","passed":true,"input":[-100000000],"cotangent":[1],"actual":[1],"expected":[1]}
CASE {"label":"n1-a0-r0-i1-p3-g3-f64","passed":true,"input":[-100000000],"cotangent":[0],"actual":[0],"expected":[0]}
CASE {"label":"n1-a0-r0-i1-p4-g0-f64","passed":true,"input":[1e+20],"cotangent":[1],"actual":[1],"expected":[1]}
CASE {"label":"n1-a0-r0-i1-p4-g1-f64","passed":false,"input":[1e+20],"cotangent":[0.25],"actual":[1],"expected":[0.25]}
CASE {"label":"n1-a0-r0-i1-p4-g2-f64","passed":true,"input":[1e+20],"cotangent":[1],"actual":[1],"expected":[1]}
CASE {"label":"n1-a0-r0-i1-p4-g3-f64","passed":true,"input":[1e+20],"cotangent":[0],"actual":[0],"expected":[0]}
CASE {"label":"n1-a0-r0-i1-p5-g0-f64","passed":true,"input":[100000000],"cotangent":[1],"actual":[1],"expected":[1]}
CASE {"label":"n1-a0-r0-i1-p5-g1-f64","passed":true,"input":[100000000],"cotangent":[0.25],"actual":[0.25],"expected":[0.25]}
CASE {"label":"n1-a0-r0-i1-p5-g2-f64","passed":true,"input":[100000000],"cotangent":[1],"actual":[1],"expected":[1]}
CASE {"label":"n1-a0-r0-i1-p5-g3-f64","passed":true,"input":[100000000],"cotangent":[0],"actual":[0],"expected":[0]}
CASE {"label":"n1-a0-r0-i1-p6-g0-f64","passed":true,"input":[100000000],"cotangent":[1],"actual":[1],"expected":[1]}
CASE {"label":"n1-a0-r0-i1-p6-g1-f64","passed":true,"input":[100000000],"cotangent":[0.25],"actual":[0.25],"expected":[0.25]}
CASE {"label":"n1-a0-r0-i1-p6-g2-f64","passed":true,"input":[100000000],"cotangent":[1],"actual":[1],"expected":[1]}
CASE {"label":"n1-a0-r0-i1-p6-g3-f64","passed":true,"input":[100000000],"cotangent":[0],"actual":[0],"expected":[0]}
CASE {"label":"n1-a0-r1-i0-p0-g0-f64","passed":true,"input":[0],"cotangent":[0],"actual":[0],"expected":[0]}
CASE {"label":"n1-a0-r1-i0-p0-g1-f64","passed":true,"input":[0],"cotangent":[0],"actual":[0],"expected":[0]}
CASE {"label":"n1-a0-r1-i0-p0-g2-f64","passed":true,"input":[0],"cotangent":[0],"actual":[0],"expected":[0]}
CASE {"label":"n1-a0-r1-i0-p0-g3-f64","passed":true,"input":[0],"cotangent":[0],"actual":[0],"expected":[0]}
CASE {"label":"n1-a0-r1-i0-p1-g0-f64","passed":true,"input":[1000],"cotangent":[0],"actual":[0],"expected":[0]}
CASE {"label":"n1-a0-r1-i0-p1-g1-f64","passed":true,"input":[1000],"cotangent":[0],"actual":[0],"expected":[0]}
CASE {"label":"n1-a0-r1-i0-p1-g2-f64","passed":true,"input":[1000],"cotangent":[0],"actual":[0],"expected":[0]}
CASE {"label":"n1-a0-r1-i0-p1-g3-f64","passed":true,"input":[1000],"cotangent":[0],"actual":[0],"expected":[0]}
CASE {"label":"n1-a0-r1-i0-p2-g0-f64","passed":true,"input":[100000000],"cotangent":[0],"actual":[0],"expected":[0]}
CASE {"label":"n1-a0-r1-i0-p2-g1-f64","passed":true,"input":[100000000],"cotangent":[0],"actual":[0],"expected":[0]}
CASE {"label":"n1-a0-r1-i0-p2-g2-f64","passed":true,"input":[100000000],"cotangent":[0],"actual":[0],"expected":[0]}
CASE {"label":"n1-a0-r1-i0-p2-g3-f64","passed":true,"input":[100000000],"cotangent":[0],"actual":[0],"expected":[0]}
CASE {"label":"n1-a0-r1-i0-p3-g0-f64","passed":true,"input":[-100000000],"cotangent":[0],"actual":[0],"expected":[0]}
CASE {"label":"n1-a0-r1-i0-p3-g1-f64","passed":true,"input":[-100000000],"cotangent":[0],"actual":[0],"expected":[0]}
CASE {"label":"n1-a0-r1-i0-p3-g2-f64","passed":true,"input":[-100000000],"cotangent":[0],"actual":[0],"expected":[0]}
CASE {"label":"n1-a0-r1-i0-p3-g3-f64","passed":true,"input":[-100000000],"cotangent":[0],"actual":[0],"expected":[0]}
CASE {"label":"n1-a0-r1-i0-p4-g0-f64","passed":true,"input":[1e+20],"cotangent":[0],"actual":[0],"expected":[0]}
CASE {"label":"n1-a0-r1-i0-p4-g1-f64","passed":true,"input":[1e+20],"cotangent":[0],"actual":[0],"expected":[0]}
CASE {"label":"n1-a0-r1-i0-p4-g2-f64","passed":true,"input":[1e+20],"cotangent":[0],"actual":[0],"expected":[0]}
CASE {"label":"n1-a0-r1-i0-p4-g3-f64","passed":true,"input":[1e+20],"cotangent":[0],"actual":[0],"expected":[0]}
CASE {"label":"n1-a0-r1-i0-p5-g0-f64","passed":true,"input":[100000000],"cotangent":[0],"actual":[0],"expected":[0]}
CASE {"label":"n1-a0-r1-i0-p5-g1-f64","passed":true,"input":[100000000],"cotangent":[0],"actual":[0],"expected":[0]}
CASE {"label":"n1-a0-r1-i0-p5-g2-f64","passed":true,"input":[100000000],"cotangent":[0],"actual":[0],"expected":[0]}
CASE {"label":"n1-a0-r1-i0-p5-g3-f64","passed":true,"input":[100000000],"cotangent":[0],"actual":[0],"expected":[0]}
CASE {"label":"n1-a0-r1-i0-p6-g0-f64","passed":true,"input":[100000000],"cotangent":[0],"actual":[0],"expected":[0]}
CASE {"label":"n1-a0-r1-i0-p6-g1-f64","passed":true,"input":[100000000],"cotangent":[0],"actual":[0],"expected":[0]}
CASE {"label":"n1-a0-r1-i0-p6-g2-f64","passed":true,"input":[100000000],"cotangent":[0],"actual":[0],"expected":[0]}
CASE {"label":"n1-a0-r1-i0-p6-g3-f64","passed":true,"input":[100000000],"cotangent":[0],"actual":[0],"expected":[0]}
CASE {"label":"n1-a0-r1-i1-p0-g0-f64","passed":true,"input":[0],"cotangent":[1],"actual":[1],"expected":[1]}
CASE {"label":"n1-a0-r1-i1-p0-g1-f64","passed":true,"input":[0],"cotangent":[0.25],"actual":[0.25],"expected":[0.25]}
CASE {"label":"n1-a0-r1-i1-p0-g2-f64","passed":true,"input":[0],"cotangent":[1],"actual":[1],"expected":[1]}
CASE {"label":"n1-a0-r1-i1-p0-g3-f64","passed":true,"input":[0],"cotangent":[0],"actual":[0],"expected":[0]}
CASE {"label":"n1-a0-r1-i1-p1-g0-f64","passed":true,"input":[1000],"cotangent":[1],"actual":[1],"expected":[1]}
CASE {"label":"n1-a0-r1-i1-p1-g1-f64","passed":true,"input":[1000],"cotangent":[0.25],"actual":[0.25],"expected":[0.25]}
CASE {"label":"n1-a0-r1-i1-p1-g2-f64","passed":true,"input":[1000],"cotangent":[1],"actual":[1],"expected":[1]}
CASE {"label":"n1-a0-r1-i1-p1-g3-f64","passed":true,"input":[1000],"cotangent":[0],"actual":[0],"expected":[0]}
CASE {"label":"n1-a0-r1-i1-p2-g0-f64","passed":true,"input":[100000000],"cotangent":[1],"actual":[1],"expected":[1]}
CASE {"label":"n1-a0-r1-i1-p2-g1-f64","passed":true,"input":[100000000],"cotangent":[0.25],"actual":[0.25],"expected":[0.25]}
CASE {"label":"n1-a0-r1-i1-p2-g2-f64","passed":true,"input":[100000000],"cotangent":[1],"actual":[1],"expected":[1]}
CASE {"label":"n1-a0-r1-i1-p2-g3-f64","passed":true,"input":[100000000],"cotangent":[0],"actual":[0],"expected":[0]}
CASE {"label":"n1-a0-r1-i1-p3-g0-f64","passed":true,"input":[-100000000],"cotangent":[1],"actual":[1],"expected":[1]}
CASE {"label":"n1-a0-r1-i1-p3-g1-f64","passed":true,"input":[-100000000],"cotangent":[0.25],"actual":[0.25],"expected":[0.25]}
CASE {"label":"n1-a0-r1-i1-p3-g2-f64","passed":true,"input":[-100000000],"cotangent":[1],"actual":[1],"expected":[1]}
CASE {"label":"n1-a0-r1-i1-p3-g3-f64","passed":true,"input":[-100000000],"cotangent":[0],"actual":[0],"expected":[0]}
CASE {"label":"n1-a0-r1-i1-p4-g0-f64","passed":true,"input":[1e+20],"cotangent":[1],"actual":[1],"expected":[1]}
CASE {"label":"n1-a0-r1-i1-p4-g1-f64","passed":false,"input":[1e+20],"cotangent":[0.25],"actual":[1],"expected":[0.25]}
CASE {"label":"n1-a0-r1-i1-p4-g2-f64","passed":true,"input":[1e+20],"cotangent":[1],"actual":[1],"expected":[1]}
CASE {"label":"n1-a0-r1-i1-p4-g3-f64","passed":true,"input":[1e+20],"cotangent":[0],"actual":[0],"expected":[0]}
CASE {"label":"n1-a0-r1-i1-p5-g0-f64","passed":true,"input":[100000000],"cotangent":[1],"actual":[1],"expected":[1]}
CASE {"label":"n1-a0-r1-i1-p5-g1-f64","passed":true,"input":[100000000],"cotangent":[0.25],"actual":[0.25],"expected":[0.25]}
CASE {"label":"n1-a0-r1-i1-p5-g2-f64","passed":true,"input":[100000000],"cotangent":[1],"actual":[1],"expected":[1]}
CASE {"label":"n1-a0-r1-i1-p5-g3-f64","passed":true,"input":[100000000],"cotangent":[0],"actual":[0],"expected":[0]}
CASE {"label":"n1-a0-r1-i1-p6-g0-f64","passed":true,"input":[100000000],"cotangent":[1],"actual":[1],"expected":[1]}
CASE {"label":"n1-a0-r1-i1-p6-g1-f64","passed":true,"input":[100000000],"cotangent":[0.25],"actual":[0.25],"expected":[0.25]}
CASE {"label":"n1-a0-r1-i1-p6-g2-f64","passed":true,"input":[100000000],"cotangent":[1],"actual":[1],"expected":[1]}
CASE {"label":"n1-a0-r1-i1-p6-g3-f64","passed":true,"input":[100000000],"cotangent":[0],"actual":[0],"expected":[0]}
CASE {"label":"n2-a0-r0-i0-p0-g0-f64","passed":true,"input":[0,0.25],"cotangent":[0,1],"actual":[1,0],"expected":[1,0]}
CASE {"label":"n2-a0-r0-i0-p0-g1-f64","passed":true,"input":[0,0.25],"cotangent":[0,-0.75],"actual":[-0.75,0],"expected":[-0.75,0]}
CASE {"label":"n2-a0-r0-i0-p0-g2-f64","passed":true,"input":[0,0.25],"cotangent":[0,1],"actual":[1,0],"expected":[1,0]}
CASE {"label":"n2-a0-r0-i0-p0-g3-f64","passed":true,"input":[0,0.25],"cotangent":[0,0],"actual":[0,0],"expected":[0,0]}
CASE {"label":"n2-a0-r0-i0-p1-g0-f64","passed":true,"input":[1000,1000.25],"cotangent":[0,1],"actual":[1,0],"expected":[1,0]}
CASE {"label":"n2-a0-r0-i0-p1-g1-f64","passed":true,"input":[1000,1000.25],"cotangent":[0,-0.75],"actual":[-0.75,0],"expected":[-0.75,0]}
CASE {"label":"n2-a0-r0-i0-p1-g2-f64","passed":true,"input":[1000,1000.25],"cotangent":[0,1],"actual":[1,0],"expected":[1,0]}
CASE {"label":"n2-a0-r0-i0-p1-g3-f64","passed":true,"input":[1000,1000.25],"cotangent":[0,0],"actual":[0,0],"expected":[0,0]}
CASE {"label":"n2-a0-r0-i0-p2-g0-f64","passed":true,"input":[100000000,100000000.25],"cotangent":[0,1],"actual":[1,0],"expected":[1,0]}
CASE {"label":"n2-a0-r0-i0-p2-g1-f64","passed":true,"input":[100000000,100000000.25],"cotangent":[0,-0.75],"actual":[-0.75,0],"expected":[-0.75,0]}
CASE {"label":"n2-a0-r0-i0-p2-g2-f64","passed":true,"input":[100000000,100000000.25],"cotangent":[0,1],"actual":[1,0],"expected":[1,0]}
CASE {"label":"n2-a0-r0-i0-p2-g3-f64","passed":true,"input":[100000000,100000000.25],"cotangent":[0,0],"actual":[0,0],"expected":[0,0]}
CASE {"label":"n2-a0-r0-i0-p3-g0-f64","passed":true,"input":[-100000000,-99999999.75],"cotangent":[0,1],"actual":[1,0],"expected":[1,0]}
CASE {"label":"n2-a0-r0-i0-p3-g1-f64","passed":true,"input":[-100000000,-99999999.75],"cotangent":[0,-0.75],"actual":[-0.75,0],"expected":[-0.75,0]}
CASE {"label":"n2-a0-r0-i0-p3-g2-f64","passed":true,"input":[-100000000,-99999999.75],"cotangent":[0,1],"actual":[1,0],"expected":[1,0]}
CASE {"label":"n2-a0-r0-i0-p3-g3-f64","passed":true,"input":[-100000000,-99999999.75],"cotangent":[0,0],"actual":[0,0],"expected":[0,0]}
CASE {"label":"n2-a0-r0-i0-p4-g0-f64","passed":true,"input":[1e+20,1e+20],"cotangent":[0,1],"actual":[1,0],"expected":[1,0]}
CASE {"label":"n2-a0-r0-i0-p4-g1-f64","passed":false,"input":[1e+20,1e+20],"cotangent":[0,-0.75],"actual":[-1,0],"expected":[-0.75,0]}
CASE {"label":"n2-a0-r0-i0-p4-g2-f64","passed":true,"input":[1e+20,1e+20],"cotangent":[0,1],"actual":[1,0],"expected":[1,0]}
CASE {"label":"n2-a0-r0-i0-p4-g3-f64","passed":true,"input":[1e+20,1e+20],"cotangent":[0,0],"actual":[0,0],"expected":[0,0]}
CASE {"label":"n2-a0-r0-i0-p5-g0-f64","passed":true,"input":[0,100000000],"cotangent":[0,1],"actual":[1,0],"expected":[1,0]}
CASE {"label":"n2-a0-r0-i0-p5-g1-f64","passed":true,"input":[0,100000000],"cotangent":[0,-0.75],"actual":[-0.75,0],"expected":[-0.75,0]}
CASE {"label":"n2-a0-r0-i0-p5-g2-f64","passed":true,"input":[0,100000000],"cotangent":[0,1],"actual":[1,0],"expected":[1,0]}
CASE {"label":"n2-a0-r0-i0-p5-g3-f64","passed":true,"input":[0,100000000],"cotangent":[0,0],"actual":[0,0],"expected":[0,0]}
CASE {"label":"n2-a0-r0-i0-p6-g0-f64","passed":true,"input":[100000000,0],"cotangent":[0,1],"actual":[1,0],"expected":[1,0]}
CASE {"label":"n2-a0-r0-i0-p6-g1-f64","passed":true,"input":[100000000,0],"cotangent":[0,-0.75],"actual":[-0.75,0],"expected":[-0.75,0]}
CASE {"label":"n2-a0-r0-i0-p6-g2-f64","passed":true,"input":[100000000,0],"cotangent":[0,1],"actual":[1,0],"expected":[1,0]}
CASE {"label":"n2-a0-r0-i0-p6-g3-f64","passed":true,"input":[100000000,0],"cotangent":[0,0],"actual":[0,0],"expected":[0,0]}
CASE {"label":"n2-a0-r0-i1-p0-g0-f64","passed":false,"input":[0,0.25],"cotangent":[1,1],"actual":[1.4378235340118408,0.56217652559280396],"expected":[1.4378234991142018,0.56217650088579807]}
CASE {"label":"n2-a0-r0-i1-p0-g1-f64","passed":false,"input":[0,0.25],"cotangent":[0.25,-0.75],"actual":[-0.078367620706558228,-0.42163240909576416],"expected":[-0.078367624335651365,-0.42163237566434852]}
CASE {"label":"n2-a0-r0-i1-p0-g2-f64","passed":false,"input":[0,0.25],"cotangent":[0,1],"actual":[0.43782353401184082,0.56217652559280396],"expected":[0.43782349911420188,0.56217650088579807]}
CASE {"label":"n2-a0-r0-i1-p0-g3-f64","passed":true,"input":[0,0.25],"cotangent":[0,0],"actual":[0,0],"expected":[0,0]}
CASE {"label":"n2-a0-r0-i1-p1-g0-f64","passed":false,"input":[1000,1000.25],"cotangent":[1,1],"actual":[1.4378235340118408,0.56217652559280396],"expected":[1.4378234991142018,0.56217650088579807]}
CASE {"label":"n2-a0-r0-i1-p1-g1-f64","passed":false,"input":[1000,1000.25],"cotangent":[0.25,-0.75],"actual":[-0.078367620706558228,-0.42163240909576416],"expected":[-0.078367624335651365,-0.42163237566434852]}
CASE {"label":"n2-a0-r0-i1-p1-g2-f64","passed":false,"input":[1000,1000.25],"cotangent":[0,1],"actual":[0.43782353401184082,0.56217652559280396],"expected":[0.43782349911420188,0.56217650088579807]}
CASE {"label":"n2-a0-r0-i1-p1-g3-f64","passed":true,"input":[1000,1000.25],"cotangent":[0,0],"actual":[0,0],"expected":[0,0]}
CASE {"label":"n2-a0-r0-i1-p2-g0-f64","passed":false,"input":[100000000,100000000.25],"cotangent":[1,1],"actual":[1.4378235340118408,0.56217652559280396],"expected":[1.4378234991142018,0.56217650088579807]}
CASE {"label":"n2-a0-r0-i1-p2-g1-f64","passed":false,"input":[100000000,100000000.25],"cotangent":[0.25,-0.75],"actual":[-0.078367620706558228,-0.42163240909576416],"expected":[-0.078367624335651365,-0.42163237566434852]}
CASE {"label":"n2-a0-r0-i1-p2-g2-f64","passed":false,"input":[100000000,100000000.25],"cotangent":[0,1],"actual":[0.43782353401184082,0.56217652559280396],"expected":[0.43782349911420188,0.56217650088579807]}
CASE {"label":"n2-a0-r0-i1-p2-g3-f64","passed":true,"input":[100000000,100000000.25],"cotangent":[0,0],"actual":[0,0],"expected":[0,0]}
CASE {"label":"n2-a0-r0-i1-p3-g0-f64","passed":false,"input":[-100000000,-99999999.75],"cotangent":[1,1],"actual":[1.4378235340118408,0.56217652559280396],"expected":[1.4378234991142018,0.56217650088579807]}
CASE {"label":"n2-a0-r0-i1-p3-g1-f64","passed":false,"input":[-100000000,-99999999.75],"cotangent":[0.25,-0.75],"actual":[-0.078367620706558228,-0.42163240909576416],"expected":[-0.078367624335651365,-0.42163237566434852]}
CASE {"label":"n2-a0-r0-i1-p3-g2-f64","passed":false,"input":[-100000000,-99999999.75],"cotangent":[0,1],"actual":[0.43782353401184082,0.56217652559280396],"expected":[0.43782349911420188,0.56217650088579807]}
CASE {"label":"n2-a0-r0-i1-p3-g3-f64","passed":true,"input":[-100000000,-99999999.75],"cotangent":[0,0],"actual":[0,0],"expected":[0,0]}
CASE {"label":"n2-a0-r0-i1-p4-g0-f64","passed":false,"input":[1e+20,1e+20],"cotangent":[1,1],"actual":[1,1],"expected":[1.5,0.5]}
CASE {"label":"n2-a0-r0-i1-p4-g1-f64","passed":false,"input":[1e+20,1e+20],"cotangent":[0.25,-0.75],"actual":[0,-1],"expected":[-0.125,-0.375]}
CASE {"label":"n2-a0-r0-i1-p4-g2-f64","passed":false,"input":[1e+20,1e+20],"cotangent":[0,1],"actual":[1,1],"expected":[0.5,0.5]}
CASE {"label":"n2-a0-r0-i1-p4-g3-f64","passed":true,"input":[1e+20,1e+20],"cotangent":[0,0],"actual":[0,0],"expected":[0,0]}
CASE {"label":"n2-a0-r0-i1-p5-g0-f64","passed":true,"input":[0,100000000],"cotangent":[1,1],"actual":[1,1],"expected":[1,1]}
CASE {"label":"n2-a0-r0-i1-p5-g1-f64","passed":true,"input":[0,100000000],"cotangent":[0.25,-0.75],"actual":[0.25,-0.75],"expected":[0.25,-0.75]}
CASE {"label":"n2-a0-r0-i1-p5-g2-f64","passed":true,"input":[0,100000000],"cotangent":[0,1],"actual":[0,1],"expected":[0,1]}
CASE {"label":"n2-a0-r0-i1-p5-g3-f64","passed":true,"input":[0,100000000],"cotangent":[0,0],"actual":[0,0],"expected":[0,0]}
CASE {"label":"n2-a0-r0-i1-p6-g0-f64","passed":true,"input":[100000000,0],"cotangent":[1,1],"actual":[2,0],"expected":[2,0]}
CASE {"label":"n2-a0-r0-i1-p6-g1-f64","passed":true,"input":[100000000,0],"cotangent":[0.25,-0.75],"actual":[-0.5,0],"expected":[-0.5,0]}
CASE {"label":"n2-a0-r0-i1-p6-g2-f64","passed":true,"input":[100000000,0],"cotangent":[0,1],"actual":[1,0],"expected":[1,0]}
CASE {"label":"n2-a0-r0-i1-p6-g3-f64","passed":true,"input":[100000000,0],"cotangent":[0,0],"actual":[0,0],"expected":[0,0]}
CASE {"label":"n2-a0-r1-i0-p0-g0-f64","passed":true,"input":[0,0.25],"cotangent":[1,0],"actual":[0,1],"expected":[0,1]}
CASE {"label":"n2-a0-r1-i0-p0-g1-f64","passed":true,"input":[0,0.25],"cotangent":[0.25,0],"actual":[0,0.25],"expected":[0,0.25]}
CASE {"label":"n2-a0-r1-i0-p0-g2-f64","passed":true,"input":[0,0.25],"cotangent":[1,0],"actual":[0,1],"expected":[0,1]}
CASE {"label":"n2-a0-r1-i0-p0-g3-f64","passed":true,"input":[0,0.25],"cotangent":[0,0],"actual":[0,0],"expected":[0,0]}
CASE {"label":"n2-a0-r1-i0-p1-g0-f64","passed":true,"input":[1000,1000.25],"cotangent":[1,0],"actual":[0,1],"expected":[0,1]}
CASE {"label":"n2-a0-r1-i0-p1-g1-f64","passed":true,"input":[1000,1000.25],"cotangent":[0.25,0],"actual":[0,0.25],"expected":[0,0.25]}
CASE {"label":"n2-a0-r1-i0-p1-g2-f64","passed":true,"input":[1000,1000.25],"cotangent":[1,0],"actual":[0,1],"expected":[0,1]}
CASE {"label":"n2-a0-r1-i0-p1-g3-f64","passed":true,"input":[1000,1000.25],"cotangent":[0,0],"actual":[0,0],"expected":[0,0]}
CASE {"label":"n2-a0-r1-i0-p2-g0-f64","passed":true,"input":[100000000,100000000.25],"cotangent":[1,0],"actual":[0,1],"expected":[0,1]}
CASE {"label":"n2-a0-r1-i0-p2-g1-f64","passed":true,"input":[100000000,100000000.25],"cotangent":[0.25,0],"actual":[0,0.25],"expected":[0,0.25]}
CASE {"label":"n2-a0-r1-i0-p2-g2-f64","passed":true,"input":[100000000,100000000.25],"cotangent":[1,0],"actual":[0,1],"expected":[0,1]}
CASE {"label":"n2-a0-r1-i0-p2-g3-f64","passed":true,"input":[100000000,100000000.25],"cotangent":[0,0],"actual":[0,0],"expected":[0,0]}
CASE {"label":"n2-a0-r1-i0-p3-g0-f64","passed":true,"input":[-100000000,-99999999.75],"cotangent":[1,0],"actual":[0,1],"expected":[0,1]}
CASE {"label":"n2-a0-r1-i0-p3-g1-f64","passed":true,"input":[-100000000,-99999999.75],"cotangent":[0.25,0],"actual":[0,0.25],"expected":[0,0.25]}
CASE {"label":"n2-a0-r1-i0-p3-g2-f64","passed":true,"input":[-100000000,-99999999.75],"cotangent":[1,0],"actual":[0,1],"expected":[0,1]}
CASE {"label":"n2-a0-r1-i0-p3-g3-f64","passed":true,"input":[-100000000,-99999999.75],"cotangent":[0,0],"actual":[0,0],"expected":[0,0]}
CASE {"label":"n2-a0-r1-i0-p4-g0-f64","passed":true,"input":[1e+20,1e+20],"cotangent":[1,0],"actual":[0,1],"expected":[0,1]}
CASE {"label":"n2-a0-r1-i0-p4-g1-f64","passed":false,"input":[1e+20,1e+20],"cotangent":[0.25,0],"actual":[0,1],"expected":[0,0.25]}
CASE {"label":"n2-a0-r1-i0-p4-g2-f64","passed":true,"input":[1e+20,1e+20],"cotangent":[1,0],"actual":[0,1],"expected":[0,1]}
CASE {"label":"n2-a0-r1-i0-p4-g3-f64","passed":true,"input":[1e+20,1e+20],"cotangent":[0,0],"actual":[0,0],"expected":[0,0]}
CASE {"label":"n2-a0-r1-i0-p5-g0-f64","passed":true,"input":[0,100000000],"cotangent":[1,0],"actual":[0,1],"expected":[0,1]}
CASE {"label":"n2-a0-r1-i0-p5-g1-f64","passed":true,"input":[0,100000000],"cotangent":[0.25,0],"actual":[0,0.25],"expected":[0,0.25]}
CASE {"label":"n2-a0-r1-i0-p5-g2-f64","passed":true,"input":[0,100000000],"cotangent":[1,0],"actual":[0,1],"expected":[0,1]}
CASE {"label":"n2-a0-r1-i0-p5-g3-f64","passed":true,"input":[0,100000000],"cotangent":[0,0],"actual":[0,0],"expected":[0,0]}
CASE {"label":"n2-a0-r1-i0-p6-g0-f64","passed":true,"input":[100000000,0],"cotangent":[1,0],"actual":[0,1],"expected":[0,1]}
CASE {"label":"n2-a0-r1-i0-p6-g1-f64","passed":true,"input":[100000000,0],"cotangent":[0.25,0],"actual":[0,0.25],"expected":[0,0.25]}
CASE {"label":"n2-a0-r1-i0-p6-g2-f64","passed":true,"input":[100000000,0],"cotangent":[1,0],"actual":[0,1],"expected":[0,1]}
CASE {"label":"n2-a0-r1-i0-p6-g3-f64","passed":true,"input":[100000000,0],"cotangent":[0,0],"actual":[0,0],"expected":[0,0]}
CASE {"label":"n2-a0-r1-i1-p0-g0-f64","passed":false,"input":[0,0.25],"cotangent":[1,1],"actual":[0.43782353401184082,1.5621765851974487],"expected":[0.43782349911420188,1.5621765008857982]}
CASE {"label":"n2-a0-r1-i1-p0-g1-f64","passed":false,"input":[0,0.25],"cotangent":[0.25,-0.75],"actual":[0.10945588350296021,-0.60945588350296021],"expected":[0.10945587477855047,-0.60945587477855045]}
CASE {"label":"n2-a0-r1-i1-p0-g2-f64","passed":false,"input":[0,0.25],"cotangent":[1,0],"actual":[0.43782353401184082,0.56217652559280396],"expected":[0.43782349911420188,0.56217650088579807]}
CASE {"label":"n2-a0-r1-i1-p0-g3-f64","passed":true,"input":[0,0.25],"cotangent":[0,0],"actual":[0,0],"expected":[0,0]}
CASE {"label":"n2-a0-r1-i1-p1-g0-f64","passed":false,"input":[1000,1000.25],"cotangent":[1,1],"actual":[0.43782353401184082,1.5621765851974487],"expected":[0.43782349911420188,1.5621765008857982]}
CASE {"label":"n2-a0-r1-i1-p1-g1-f64","passed":false,"input":[1000,1000.25],"cotangent":[0.25,-0.75],"actual":[0.10945588350296021,-0.60945588350296021],"expected":[0.10945587477855047,-0.60945587477855045]}
CASE {"label":"n2-a0-r1-i1-p1-g2-f64","passed":false,"input":[1000,1000.25],"cotangent":[1,0],"actual":[0.43782353401184082,0.56217652559280396],"expected":[0.43782349911420188,0.56217650088579807]}
CASE {"label":"n2-a0-r1-i1-p1-g3-f64","passed":true,"input":[1000,1000.25],"cotangent":[0,0],"actual":[0,0],"expected":[0,0]}
CASE {"label":"n2-a0-r1-i1-p2-g0-f64","passed":false,"input":[100000000,100000000.25],"cotangent":[1,1],"actual":[0.43782353401184082,1.5621765851974487],"expected":[0.43782349911420188,1.5621765008857982]}
CASE {"label":"n2-a0-r1-i1-p2-g1-f64","passed":false,"input":[100000000,100000000.25],"cotangent":[0.25,-0.75],"actual":[0.10945588350296021,-0.60945588350296021],"expected":[0.10945587477855047,-0.60945587477855045]}
CASE {"label":"n2-a0-r1-i1-p2-g2-f64","passed":false,"input":[100000000,100000000.25],"cotangent":[1,0],"actual":[0.43782353401184082,0.56217652559280396],"expected":[0.43782349911420188,0.56217650088579807]}
CASE {"label":"n2-a0-r1-i1-p2-g3-f64","passed":true,"input":[100000000,100000000.25],"cotangent":[0,0],"actual":[0,0],"expected":[0,0]}
CASE {"label":"n2-a0-r1-i1-p3-g0-f64","passed":false,"input":[-100000000,-99999999.75],"cotangent":[1,1],"actual":[0.43782353401184082,1.5621765851974487],"expected":[0.43782349911420188,1.5621765008857982]}
CASE {"label":"n2-a0-r1-i1-p3-g1-f64","passed":false,"input":[-100000000,-99999999.75],"cotangent":[0.25,-0.75],"actual":[0.10945588350296021,-0.60945588350296021],"expected":[0.10945587477855047,-0.60945587477855045]}
CASE {"label":"n2-a0-r1-i1-p3-g2-f64","passed":false,"input":[-100000000,-99999999.75],"cotangent":[1,0],"actual":[0.43782353401184082,0.56217652559280396],"expected":[0.43782349911420188,0.56217650088579807]}
CASE {"label":"n2-a0-r1-i1-p3-g3-f64","passed":true,"input":[-100000000,-99999999.75],"cotangent":[0,0],"actual":[0,0],"expected":[0,0]}
CASE {"label":"n2-a0-r1-i1-p4-g0-f64","passed":false,"input":[1e+20,1e+20],"cotangent":[1,1],"actual":[1,1],"expected":[0.5,1.5]}
CASE {"label":"n2-a0-r1-i1-p4-g1-f64","passed":false,"input":[1e+20,1e+20],"cotangent":[0.25,-0.75],"actual":[1,0],"expected":[0.125,-0.625]}
CASE {"label":"n2-a0-r1-i1-p4-g2-f64","passed":false,"input":[1e+20,1e+20],"cotangent":[1,0],"actual":[1,1],"expected":[0.5,0.5]}
CASE {"label":"n2-a0-r1-i1-p4-g3-f64","passed":true,"input":[1e+20,1e+20],"cotangent":[0,0],"actual":[0,0],"expected":[0,0]}
CASE {"label":"n2-a0-r1-i1-p5-g0-f64","passed":true,"input":[0,100000000],"cotangent":[1,1],"actual":[0,2],"expected":[0,2]}
CASE {"label":"n2-a0-r1-i1-p5-g1-f64","passed":true,"input":[0,100000000],"cotangent":[0.25,-0.75],"actual":[0,-0.5],"expected":[0,-0.5]}
CASE {"label":"n2-a0-r1-i1-p5-g2-f64","passed":true,"input":[0,100000000],"cotangent":[1,0],"actual":[0,1],"expected":[0,1]}
CASE {"label":"n2-a0-r1-i1-p5-g3-f64","passed":true,"input":[0,100000000],"cotangent":[0,0],"actual":[0,0],"expected":[0,0]}
CASE {"label":"n2-a0-r1-i1-p6-g0-f64","passed":true,"input":[100000000,0],"cotangent":[1,1],"actual":[1,1],"expected":[1,1]}
CASE {"label":"n2-a0-r1-i1-p6-g1-f64","passed":true,"input":[100000000,0],"cotangent":[0.25,-0.75],"actual":[0.25,-0.75],"expected":[0.25,-0.75]}
CASE {"label":"n2-a0-r1-i1-p6-g2-f64","passed":true,"input":[100000000,0],"cotangent":[1,0],"actual":[1,0],"expected":[1,0]}
CASE {"label":"n2-a0-r1-i1-p6-g3-f64","passed":true,"input":[100000000,0],"cotangent":[0,0],"actual":[0,0],"expected":[0,0]}
CASE {"label":"n4-a0-r0-i0-p0-g0-f64","passed":false,"input":[0,0.25,0.5,0],"cotangent":[0,1,1,1],"actual":[1.6920986175537109,0.8886723518371582,0.41922897100448608,0],"expected":[1.6920987117046675,0.88867233668563483,0.4192289516096977,0]}
CASE {"label":"n4-a0-r0-i0-p0-g1-f64","passed":false,"input":[0,0.25,0.5,0],"cotangent":[0,-0.75,0.25,-0.75],"actual":[-0.83125054836273193,-0.10432775318622589,-0.31442171335220337,0],"expected":[-0.83125053466429877,-0.104327751628428,-0.31442171370727329,0]}
CASE {"label":"n4-a0-r0-i0-p0-g2-f64","passed":false,"input":[0,0.25,0.5,0],"cotangent":[0,0,0,1],"actual":[0.25427523255348206,0.32649585604667664,0.41922897100448608,0],"expected":[0.25427521259046565,0.32649583579983671,0.4192289516096977,0]}
CASE {"label":"n4-a0-r0-i0-p0-g3-f64","passed":true,"input":[0,0.25,0.5,0],"cotangent":[0,0,0,0],"actual":[0,0,0,0],"expected":[0,0,0,0]}
CASE {"label":"n4-a0-r0-i0-p1-g0-f64","passed":false,"input":[1000,1000.25,1000.5,1000],"cotangent":[0,1,1,1],"actual":[1.6920986175537109,0.8886723518371582,0.41922897100448608,0],"expected":[1.6920987117046675,0.88867233668563483,0.4192289516096977,0]}
CASE {"label":"n4-a0-r0-i0-p1-g1-f64","passed":false,"input":[1000,1000.25,1000.5,1000],"cotangent":[0,-0.75,0.25,-0.75],"actual":[-0.83125054836273193,-0.10432775318622589,-0.31442171335220337,0],"expected":[-0.83125053466429877,-0.104327751628428,-0.31442171370727329,0]}
CASE {"label":"n4-a0-r0-i0-p1-g2-f64","passed":false,"input":[1000,1000.25,1000.5,1000],"cotangent":[0,0,0,1],"actual":[0.25427523255348206,0.32649585604667664,0.41922897100448608,0],"expected":[0.25427521259046565,0.32649583579983671,0.4192289516096977,0]}
CASE {"label":"n4-a0-r0-i0-p1-g3-f64","passed":true,"input":[1000,1000.25,1000.5,1000],"cotangent":[0,0,0,0],"actual":[0,0,0,0],"expected":[0,0,0,0]}
CASE {"label":"n4-a0-r0-i0-p2-g0-f64","passed":false,"input":[100000000,100000000.25,100000000.5,100000000],"cotangent":[0,1,1,1],"actual":[1.6920987367630005,0.8886723518371582,0.41922897100448608,0],"expected":[1.6920987117046675,0.88867233668563483,0.4192289516096977,0]}
CASE {"label":"n4-a0-r0-i0-p2-g1-f64","passed":false,"input":[100000000,100000000.25,100000000.5,100000000],"cotangent":[0,-0.75,0.25,-0.75],"actual":[-0.83125054836273193,-0.10432779788970947,-0.31442174315452576,0],"expected":[-0.83125053466429877,-0.104327751628428,-0.31442171370727329,0]}
CASE {"label":"n4-a0-r0-i0-p2-g2-f64","passed":false,"input":[100000000,100000000.25,100000000.5,100000000],"cotangent":[0,0,0,1],"actual":[0.25427523255348206,0.32649585604667664,0.41922897100448608,0],"expected":[0.25427521259046565,0.32649583579983671,0.4192289516096977,0]}
CASE {"label":"n4-a0-r0-i0-p2-g3-f64","passed":true,"input":[100000000,100000000.25,100000000.5,100000000],"cotangent":[0,0,0,0],"actual":[0,0,0,0],"expected":[0,0,0,0]}
CASE {"label":"n4-a0-r0-i0-p3-g0-f64","passed":false,"input":[-100000000,-99999999.75,-99999999.5,-100000000],"cotangent":[0,1,1,1],"actual":[1.6920987367630005,0.8886723518371582,0.41922897100448608,0],"expected":[1.6920987117046675,0.88867233668563483,0.4192289516096977,0]}
CASE {"label":"n4-a0-r0-i0-p3-g1-f64","passed":false,"input":[-100000000,-99999999.75,-99999999.5,-100000000],"cotangent":[0,-0.75,0.25,-0.75],"actual":[-0.83125054836273193,-0.10432779788970947,-0.31442174315452576,0],"expected":[-0.83125053466429877,-0.104327751628428,-0.31442171370727329,0]}
CASE {"label":"n4-a0-r0-i0-p3-g2-f64","passed":false,"input":[-100000000,-99999999.75,-99999999.5,-100000000],"cotangent":[0,0,0,1],"actual":[0.25427523255348206,0.32649585604667664,0.41922897100448608,0],"expected":[0.25427521259046565,0.32649583579983671,0.4192289516096977,0]}
CASE {"label":"n4-a0-r0-i0-p3-g3-f64","passed":true,"input":[-100000000,-99999999.75,-99999999.5,-100000000],"cotangent":[0,0,0,0],"actual":[0,0,0,0],"expected":[0,0,0,0]}
CASE {"label":"n4-a0-r0-i0-p4-g0-f64","passed":false,"input":[1e+20,1e+20,1e+20,1e+20],"cotangent":[0,1,1,1],"actual":[1,1,1,0],"expected":[1.8333333333333333,0.83333333333333326,0.33333333333333331,0]}
CASE {"label":"n4-a0-r0-i0-p4-g1-f64","passed":false,"input":[1e+20,1e+20,1e+20,1e+20],"cotangent":[0,-0.75,0.25,-0.75],"actual":[0,0,-1,0],"expected":[-0.875,-0.125,-0.25,0]}
CASE {"label":"n4-a0-r0-i0-p4-g2-f64","passed":false,"input":[1e+20,1e+20,1e+20,1e+20],"cotangent":[0,0,0,1],"actual":[1,1,1,0],"expected":[0.33333333333333331,0.33333333333333331,0.33333333333333331,0]}
CASE {"label":"n4-a0-r0-i0-p4-g3-f64","passed":true,"input":[1e+20,1e+20,1e+20,1e+20],"cotangent":[0,0,0,0],"actual":[0,0,0,0],"expected":[0,0,0,0]}
CASE {"label":"n4-a0-r0-i0-p5-g0-f64","passed":false,"input":[0,0,0,100000000],"cotangent":[0,1,1,1],"actual":[1.8333333730697632,0.83333337306976318,0.3333333432674408,0],"expected":[1.8333333333333333,0.83333333333333326,0.33333333333333331,0]}
CASE {"label":"n4-a0-r0-i0-p5-g1-f64","passed":true,"input":[0,0,0,100000000],"cotangent":[0,-0.75,0.25,-0.75],"actual":[-0.875,-0.125,-0.25,0],"expected":[-0.875,-0.125,-0.25,0]}
CASE {"label":"n4-a0-r0-i0-p5-g2-f64","passed":false,"input":[0,0,0,100000000],"cotangent":[0,0,0,1],"actual":[0.3333333432674408,0.3333333432674408,0.3333333432674408,0],"expected":[0.33333333333333331,0.33333333333333331,0.33333333333333331,0]}
CASE {"label":"n4-a0-r0-i0-p5-g3-f64","passed":true,"input":[0,0,0,100000000],"cotangent":[0,0,0,0],"actual":[0,0,0,0],"expected":[0,0,0,0]}
CASE {"label":"n4-a0-r0-i0-p6-g0-f64","passed":true,"input":[100000000,0,0,0],"cotangent":[0,1,1,1],"actual":[3,0,0,0],"expected":[3,0,0,0]}
CASE {"label":"n4-a0-r0-i0-p6-g1-f64","passed":false,"input":[100000000,0,0,0],"cotangent":[0,-0.75,0.25,-0.75],"actual":[-1.2500001192092896,0,0,0],"expected":[-1.25,0,0,0]}
CASE {"label":"n4-a0-r0-i0-p6-g2-f64","passed":true,"input":[100000000,0,0,0],"cotangent":[0,0,0,1],"actual":[1,0,0,0],"expected":[1,0,0,0]}
CASE {"label":"n4-a0-r0-i0-p6-g3-f64","passed":true,"input":[100000000,0,0,0],"cotangent":[0,0,0,0],"actual":[0,0,0,0],"expected":[0,0,0,0]}
CASE {"label":"n4-a0-r0-i1-p0-g0-f64","passed":false,"input":[0,0.25,0.5,0],"cotangent":[1,1,1,1],"actual":[1.8948255777359009,1.1489787101745605,0.75346899032592773,0.20272679626941681],"expected":[1.8948255216089378,1.1489787132467422,0.75346895524004964,0.20272680990427036]}
CASE {"label":"n4-a0-r0-i1-p0-g1-f64","passed":false,"input":[0,0.25,0.5,0],"cotangent":[0.25,-0.75,0.25,-0.75],"actual":[-0.16684389114379883,-0.53523815423250198,-0.14587275683879852,-0.15204510092735291],"expected":[-0.1668439286162377,-0.53523819913521986,-0.14587276482033956,-0.15204510742820276]}
CASE {"label":"n4-a0-r0-i1-p0-g2-f64","passed":false,"input":[0,0.25,0.5,0],"cotangent":[0,0,0,1],"actual":[0.20272679626941681,0.26030635833740234,0.33423998951911926,0.20272679626941681],"expected":[0.20272680990427036,0.26030637656110728,0.33424000363035195,0.20272680990427036]}
CASE {"label":"n4-a0-r0-i1-p0-g3-f64","passed":true,"input":[0,0.25,0.5,0],"cotangent":[0,0,0,0],"actual":[0,0,0,0],"expected":[0,0,0,0]}
CASE {"label":"n4-a0-r0-i1-p1-g0-f64","passed":false,"input":[1000,1000.25,1000.5,1000],"cotangent":[1,1,1,1],"actual":[1.8948255777359009,1.1489787101745605,0.75346899032592773,0.20272679626941681],"expected":[1.8948255216089378,1.1489787132467422,0.75346895524004964,0.20272680990427036]}
CASE {"label":"n4-a0-r0-i1-p1-g1-f64","passed":false,"input":[1000,1000.25,1000.5,1000],"cotangent":[0.25,-0.75,0.25,-0.75],"actual":[-0.16684389114379883,-0.53523815423250198,-0.14587275683879852,-0.15204510092735291],"expected":[-0.1668439286162377,-0.53523819913521986,-0.14587276482033956,-0.15204510742820276]}
CASE {"label":"n4-a0-r0-i1-p1-g2-f64","passed":false,"input":[1000,1000.25,1000.5,1000],"cotangent":[0,0,0,1],"actual":[0.20272679626941681,0.26030635833740234,0.33423998951911926,0.20272679626941681],"expected":[0.20272680990427036,0.26030637656110728,0.33424000363035195,0.20272680990427036]}
CASE {"label":"n4-a0-r0-i1-p1-g3-f64","passed":true,"input":[1000,1000.25,1000.5,1000],"cotangent":[0,0,0,0],"actual":[0,0,0,0],"expected":[0,0,0,0]}
CASE {"label":"n4-a0-r0-i1-p2-g0-f64","passed":false,"input":[100000000,100000000.25,100000000.5,100000000],"cotangent":[1,1,1,1],"actual":[1.8948255777359009,1.1489787101745605,0.75346899032592773,0.20272679626941681],"expected":[1.8948255216089378,1.1489787132467422,0.75346895524004964,0.20272680990427036]}
CASE {"label":"n4-a0-r0-i1-p2-g1-f64","passed":false,"input":[100000000,100000000.25,100000000.5,100000000],"cotangent":[0.25,-0.75,0.25,-0.75],"actual":[-0.16684389114379883,-0.53523815423250198,-0.14587275683879852,-0.15204510092735291],"expected":[-0.1668439286162377,-0.53523819913521986,-0.14587276482033956,-0.15204510742820276]}
CASE {"label":"n4-a0-r0-i1-p2-g2-f64","passed":false,"input":[100000000,100000000.25,100000000.5,100000000],"cotangent":[0,0,0,1],"actual":[0.20272679626941681,0.26030635833740234,0.33423998951911926,0.20272679626941681],"expected":[0.20272680990427036,0.26030637656110728,0.33424000363035195,0.20272680990427036]}
CASE {"label":"n4-a0-r0-i1-p2-g3-f64","passed":true,"input":[100000000,100000000.25,100000000.5,100000000],"cotangent":[0,0,0,0],"actual":[0,0,0,0],"expected":[0,0,0,0]}
CASE {"label":"n4-a0-r0-i1-p3-g0-f64","passed":false,"input":[-100000000,-99999999.75,-99999999.5,-100000000],"cotangent":[1,1,1,1],"actual":[1.8948255777359009,1.1489787101745605,0.75346899032592773,0.20272679626941681],"expected":[1.8948255216089378,1.1489787132467422,0.75346895524004964,0.20272680990427036]}
CASE {"label":"n4-a0-r0-i1-p3-g1-f64","passed":false,"input":[-100000000,-99999999.75,-99999999.5,-100000000],"cotangent":[0.25,-0.75,0.25,-0.75],"actual":[-0.16684389114379883,-0.53523815423250198,-0.14587275683879852,-0.15204510092735291],"expected":[-0.1668439286162377,-0.53523819913521986,-0.14587276482033956,-0.15204510742820276]}
CASE {"label":"n4-a0-r0-i1-p3-g2-f64","passed":false,"input":[-100000000,-99999999.75,-99999999.5,-100000000],"cotangent":[0,0,0,1],"actual":[0.20272679626941681,0.26030635833740234,0.33423998951911926,0.20272679626941681],"expected":[0.20272680990427036,0.26030637656110728,0.33424000363035195,0.20272680990427036]}
CASE {"label":"n4-a0-r0-i1-p3-g3-f64","passed":true,"input":[-100000000,-99999999.75,-99999999.5,-100000000],"cotangent":[0,0,0,0],"actual":[0,0,0,0],"expected":[0,0,0,0]}
CASE {"label":"n4-a0-r0-i1-p4-g0-f64","passed":false,"input":[1e+20,1e+20,1e+20,1e+20],"cotangent":[1,1,1,1],"actual":[1,1,1,1],"expected":[2.083333333333333,1.0833333333333333,0.58333333333333326,0.25]}
CASE {"label":"n4-a0-r0-i1-p4-g1-f64","passed":false,"input":[1e+20,1e+20,1e+20,1e+20],"cotangent":[0.25,-0.75,0.25,-0.75],"actual":[0,0,0,-1],"expected":[-0.22916666666666669,-0.47916666666666669,-0.10416666666666667,-0.1875]}
CASE {"label":"n4-a0-r0-i1-p4-g2-f64","passed":false,"input":[1e+20,1e+20,1e+20,1e+20],"cotangent":[0,0,0,1],"actual":[1,1,1,1],"expected":[0.25,0.25,0.25,0.25]}
CASE {"label":"n4-a0-r0-i1-p4-g3-f64","passed":true,"input":[1e+20,1e+20,1e+20,1e+20],"cotangent":[0,0,0,0],"actual":[0,0,0,0],"expected":[0,0,0,0]}
CASE {"label":"n4-a0-r0-i1-p5-g0-f64","passed":false,"input":[0,0,0,100000000],"cotangent":[1,1,1,1],"actual":[1.8333333730697632,0.83333337306976318,0.3333333432674408,1],"expected":[1.8333333333333333,0.83333333333333326,0.33333333333333331,1]}
CASE {"label":"n4-a0-r0-i1-p5-g1-f64","passed":false,"input":[0,0,0,100000000],"cotangent":[0.25,-0.75,0.25,-0.75],"actual":[-0.041666656732559204,-0.2916666567325592,0.083333343267440796,-0.75],"expected":[-0.041666666666666671,-0.29166666666666669,0.083333333333333329,-0.75]}
CASE {"label":"n4-a0-r0-i1-p5-g2-f64","passed":true,"input":[0,0,0,100000000],"cotangent":[0,0,0,1],"actual":[0,0,0,1],"expected":[0,0,0,1]}
CASE {"label":"n4-a0-r0-i1-p5-g3-f64","passed":true,"input":[0,0,0,100000000],"cotangent":[0,0,0,0],"actual":[0,0,0,0],"expected":[0,0,0,0]}
CASE {"label":"n4-a0-r0-i1-p6-g0-f64","passed":true,"input":[100000000,0,0,0],"cotangent":[1,1,1,1],"actual":[4,0,0,0],"expected":[4,0,0,0]}
CASE {"label":"n4-a0-r0-i1-p6-g1-f64","passed":false,"input":[100000000,0,0,0],"cotangent":[0.25,-0.75,0.25,-0.75],"actual":[-1.0000001192092896,0,0,0],"expected":[-1,0,0,0]}
CASE {"label":"n4-a0-r0-i1-p6-g2-f64","passed":true,"input":[100000000,0,0,0],"cotangent":[0,0,0,1],"actual":[1,0,0,0],"expected":[1,0,0,0]}
CASE {"label":"n4-a0-r0-i1-p6-g3-f64","passed":true,"input":[100000000,0,0,0],"cotangent":[0,0,0,0],"actual":[0,0,0,0],"expected":[0,0,0,0]}
CASE {"label":"n4-a0-r1-i0-p0-g0-f64","passed":false,"input":[0,0.25,0.5,0],"cotangent":[1,1,1,0],"actual":[0,0.32649585604667664,1.0416883230209351,1.6318157911300659],"expected":[0,0.32649583579983665,1.0416882828115521,1.631815881388611]}
CASE {"label":"n4-a0-r1-i0-p0-g1-f64","passed":false,"input":[0,0.25,0.5,0],"cotangent":[0.25,-0.75,0.25,0],"actual":[0,0.081623964011669159,-0.36203725636005402,0.030413299798965454],"expected":[0,0.081623958949959163,-0.36203726049896651,0.030413301549007316]}
CASE {"label":"n4-a0-r1-i0-p0-g2-f64","passed":false,"input":[0,0.25,0.5,0],"cotangent":[1,0,0,0],"actual":[0,0.32649585604667664,0.41922897100448608,0.25427523255348206],"expected":[0,0.32649583579983665,0.41922895160969764,0.25427521259046559]}
CASE {"label":"n4-a0-r1-i0-p0-g3-f64","passed":true,"input":[0,0.25,0.5,0],"cotangent":[0,0,0,0],"actual":[0,0,0,0],"expected":[0,0,0,0]}
CASE {"label":"n4-a0-r1-i0-p1-g0-f64","passed":false,"input":[1000,1000.25,1000.5,1000],"cotangent":[1,1,1,0],"actual":[0,0.32649585604667664,1.0416883230209351,1.6318157911300659],"expected":[0,0.32649583579983665,1.0416882828115521,1.631815881388611]}
CASE {"label":"n4-a0-r1-i0-p1-g1-f64","passed":false,"input":[1000,1000.25,1000.5,1000],"cotangent":[0.25,-0.75,0.25,0],"actual":[0,0.081623964011669159,-0.36203725636005402,0.030413299798965454],"expected":[0,0.081623958949959163,-0.36203726049896651,0.030413301549007316]}
CASE {"label":"n4-a0-r1-i0-p1-g2-f64","passed":false,"input":[1000,1000.25,1000.5,1000],"cotangent":[1,0,0,0],"actual":[0,0.32649585604667664,0.41922897100448608,0.25427523255348206],"expected":[0,0.32649583579983665,0.41922895160969764,0.25427521259046559]}
CASE {"label":"n4-a0-r1-i0-p1-g3-f64","passed":true,"input":[1000,1000.25,1000.5,1000],"cotangent":[0,0,0,0],"actual":[0,0,0,0],"expected":[0,0,0,0]}
CASE {"label":"n4-a0-r1-i0-p2-g0-f64","passed":false,"input":[100000000,100000000.25,100000000.5,100000000],"cotangent":[1,1,1,0],"actual":[0,0.32649585604667664,1.0416883230209351,1.6318159103393555],"expected":[0,0.32649583579983665,1.0416882828115521,1.631815881388611]}
CASE {"label":"n4-a0-r1-i0-p2-g1-f64","passed":false,"input":[100000000,100000000.25,100000000.5,100000000],"cotangent":[0.25,-0.75,0.25,0],"actual":[0,0.081623964011669159,-0.36203725636005402,0.030413299798965454],"expected":[0,0.081623958949959163,-0.36203726049896651,0.030413301549007316]}
CASE {"label":"n4-a0-r1-i0-p2-g2-f64","passed":false,"input":[100000000,100000000.25,100000000.5,100000000],"cotangent":[1,0,0,0],"actual":[0,0.32649585604667664,0.41922897100448608,0.25427523255348206],"expected":[0,0.32649583579983665,0.41922895160969764,0.25427521259046559]}
CASE {"label":"n4-a0-r1-i0-p2-g3-f64","passed":true,"input":[100000000,100000000.25,100000000.5,100000000],"cotangent":[0,0,0,0],"actual":[0,0,0,0],"expected":[0,0,0,0]}
CASE {"label":"n4-a0-r1-i0-p3-g0-f64","passed":false,"input":[-100000000,-99999999.75,-99999999.5,-100000000],"cotangent":[1,1,1,0],"actual":[0,0.32649585604667664,1.0416883230209351,1.6318159103393555],"expected":[0,0.32649583579983665,1.0416882828115521,1.631815881388611]}
CASE {"label":"n4-a0-r1-i0-p3-g1-f64","passed":false,"input":[-100000000,-99999999.75,-99999999.5,-100000000],"cotangent":[0.25,-0.75,0.25,0],"actual":[0,0.081623964011669159,-0.36203725636005402,0.030413299798965454],"expected":[0,0.081623958949959163,-0.36203726049896651,0.030413301549007316]}
CASE {"label":"n4-a0-r1-i0-p3-g2-f64","passed":false,"input":[-100000000,-99999999.75,-99999999.5,-100000000],"cotangent":[1,0,0,0],"actual":[0,0.32649585604667664,0.41922897100448608,0.25427523255348206],"expected":[0,0.32649583579983665,0.41922895160969764,0.25427521259046559]}
CASE {"label":"n4-a0-r1-i0-p3-g3-f64","passed":true,"input":[-100000000,-99999999.75,-99999999.5,-100000000],"cotangent":[0,0,0,0],"actual":[0,0,0,0],"expected":[0,0,0,0]}
CASE {"label":"n4-a0-r1-i0-p4-g0-f64","passed":false,"input":[1e+20,1e+20,1e+20,1e+20],"cotangent":[1,1,1,0],"actual":[0,1,1,1],"expected":[0,0.33333333333333331,0.83333333333333326,1.8333333333333333]}
CASE {"label":"n4-a0-r1-i0-p4-g1-f64","passed":false,"input":[1e+20,1e+20,1e+20,1e+20],"cotangent":[0.25,-0.75,0.25,0],"actual":[0,1,0,0],"expected":[0,0.083333333333333329,-0.29166666666666669,-0.041666666666666685]}
CASE {"label":"n4-a0-r1-i0-p4-g2-f64","passed":false,"input":[1e+20,1e+20,1e+20,1e+20],"cotangent":[1,0,0,0],"actual":[0,1,1,1],"expected":[0,0.33333333333333331,0.33333333333333331,0.33333333333333331]}
CASE {"label":"n4-a0-r1-i0-p4-g3-f64","passed":true,"input":[1e+20,1e+20,1e+20,1e+20],"cotangent":[0,0,0,0],"actual":[0,0,0,0],"expected":[0,0,0,0]}
CASE {"label":"n4-a0-r1-i0-p5-g0-f64","passed":true,"input":[0,0,0,100000000],"cotangent":[1,1,1,0],"actual":[0,0,0,3],"expected":[0,0,0,3]}
CASE {"label":"n4-a0-r1-i0-p5-g1-f64","passed":true,"input":[0,0,0,100000000],"cotangent":[0.25,-0.75,0.25,0],"actual":[0,0,0,-0.25],"expected":[0,0,0,-0.25]}
CASE {"label":"n4-a0-r1-i0-p5-g2-f64","passed":true,"input":[0,0,0,100000000],"cotangent":[1,0,0,0],"actual":[0,0,0,1],"expected":[0,0,0,1]}
CASE {"label":"n4-a0-r1-i0-p5-g3-f64","passed":true,"input":[0,0,0,100000000],"cotangent":[0,0,0,0],"actual":[0,0,0,0],"expected":[0,0,0,0]}
CASE {"label":"n4-a0-r1-i0-p6-g0-f64","passed":false,"input":[100000000,0,0,0],"cotangent":[1,1,1,0],"actual":[0,0.3333333432674408,0.83333337306976318,1.8333333730697632],"expected":[0,0.33333333333333331,0.83333333333333326,1.8333333333333333]}
CASE {"label":"n4-a0-r1-i0-p6-g1-f64","passed":false,"input":[100000000,0,0,0],"cotangent":[0.25,-0.75,0.25,0],"actual":[0,0.083333343267440796,-0.2916666567325592,-0.041666656732559204],"expected":[0,0.083333333333333329,-0.29166666666666669,-0.041666666666666685]}
CASE {"label":"n4-a0-r1-i0-p6-g2-f64","passed":false,"input":[100000000,0,0,0],"cotangent":[1,0,0,0],"actual":[0,0.3333333432674408,0.3333333432674408,0.3333333432674408],"expected":[0,0.33333333333333331,0.33333333333333331,0.33333333333333331]}
CASE {"label":"n4-a0-r1-i0-p6-g3-f64","passed":true,"input":[100000000,0,0,0],"cotangent":[0,0,0,0],"actual":[0,0,0,0],"expected":[0,0,0,0]}
CASE {"label":"n4-a0-r1-i1-p0-g0-f64","passed":false,"input":[0,0.25,0.5,0],"cotangent":[1,1,1,1],"actual":[0.20272679626941681,0.58680224418640137,1.3759282827377319,1.8345427513122559],"expected":[0.20272680990427036,0.58680221236094399,1.375928286441904,1.8345426912928815]}
CASE {"label":"n4-a0-r1-i1-p0-g1-f64","passed":false,"input":[0,0.25,0.5,0],"cotangent":[0.25,-0.75,0.25,-0.75],"actual":[0.050681706517934799,-0.1797952726483345,-0.075246885418891907,-0.79563954472541809],"expected":[0.05068170247606759,-0.17979528270960066,-0.075246879999221611,-0.79563953976724522]}
CASE {"label":"n4-a0-r1-i1-p0-g2-f64","passed":false,"input":[0,0.25,0.5,0],"cotangent":[1,0,0,0],"actual":[0.20272679626941681,0.26030635833740234,0.33423998951911926,0.20272679626941681],"expected":[0.20272680990427036,0.26030637656110728,0.33424000363035195,0.20272680990427036]}
CASE {"label":"n4-a0-r1-i1-p0-g3-f64","passed":true,"input":[0,0.25,0.5,0],"cotangent":[0,0,0,0],"actual":[0,0,0,0],"expected":[0,0,0,0]}
CASE {"label":"n4-a0-r1-i1-p1-g0-f64","passed":false,"input":[1000,1000.25,1000.5,1000],"cotangent":[1,1,1,1],"actual":[0.20272679626941681,0.58680224418640137,1.3759282827377319,1.8345427513122559],"expected":[0.20272680990427036,0.58680221236094399,1.375928286441904,1.8345426912928815]}
CASE {"label":"n4-a0-r1-i1-p1-g1-f64","passed":false,"input":[1000,1000.25,1000.5,1000],"cotangent":[0.25,-0.75,0.25,-0.75],"actual":[0.050681706517934799,-0.1797952726483345,-0.075246885418891907,-0.79563954472541809],"expected":[0.05068170247606759,-0.17979528270960066,-0.075246879999221611,-0.79563953976724522]}
CASE {"label":"n4-a0-r1-i1-p1-g2-f64","passed":false,"input":[1000,1000.25,1000.5,1000],"cotangent":[1,0,0,0],"actual":[0.20272679626941681,0.26030635833740234,0.33423998951911926,0.20272679626941681],"expected":[0.20272680990427036,0.26030637656110728,0.33424000363035195,0.20272680990427036]}
CASE {"label":"n4-a0-r1-i1-p1-g3-f64","passed":true,"input":[1000,1000.25,1000.5,1000],"cotangent":[0,0,0,0],"actual":[0,0,0,0],"expected":[0,0,0,0]}
CASE {"label":"n4-a0-r1-i1-p2-g0-f64","passed":false,"input":[100000000,100000000.25,100000000.5,100000000],"cotangent":[1,1,1,1],"actual":[0.20272679626941681,0.58680224418640137,1.3759281635284424,1.8345427513122559],"expected":[0.20272680990427036,0.58680221236094399,1.375928286441904,1.8345426912928815]}
CASE {"label":"n4-a0-r1-i1-p2-g1-f64","passed":false,"input":[100000000,100000000.25,100000000.5,100000000],"cotangent":[0.25,-0.75,0.25,-0.75],"actual":[0.050681706517934799,-0.1797952726483345,-0.075246885418891907,-0.79563954472541809],"expected":[0.05068170247606759,-0.17979528270960066,-0.075246879999221611,-0.79563953976724522]}
CASE {"label":"n4-a0-r1-i1-p2-g2-f64","passed":false,"input":[100000000,100000000.25,100000000.5,100000000],"cotangent":[1,0,0,0],"actual":[0.20272679626941681,0.26030635833740234,0.33423998951911926,0.20272679626941681],"expected":[0.20272680990427036,0.26030637656110728,0.33424000363035195,0.20272680990427036]}
CASE {"label":"n4-a0-r1-i1-p2-g3-f64","passed":true,"input":[100000000,100000000.25,100000000.5,100000000],"cotangent":[0,0,0,0],"actual":[0,0,0,0],"expected":[0,0,0,0]}
CASE {"label":"n4-a0-r1-i1-p3-g0-f64","passed":false,"input":[-100000000,-99999999.75,-99999999.5,-100000000],"cotangent":[1,1,1,1],"actual":[0.20272679626941681,0.58680224418640137,1.3759281635284424,1.8345427513122559],"expected":[0.20272680990427036,0.58680221236094399,1.375928286441904,1.8345426912928815]}
CASE {"label":"n4-a0-r1-i1-p3-g1-f64","passed":false,"input":[-100000000,-99999999.75,-99999999.5,-100000000],"cotangent":[0.25,-0.75,0.25,-0.75],"actual":[0.050681706517934799,-0.1797952726483345,-0.075246885418891907,-0.79563954472541809],"expected":[0.05068170247606759,-0.17979528270960066,-0.075246879999221611,-0.79563953976724522]}
CASE {"label":"n4-a0-r1-i1-p3-g2-f64","passed":false,"input":[-100000000,-99999999.75,-99999999.5,-100000000],"cotangent":[1,0,0,0],"actual":[0.20272679626941681,0.26030635833740234,0.33423998951911926,0.20272679626941681],"expected":[0.20272680990427036,0.26030637656110728,0.33424000363035195,0.20272680990427036]}
CASE {"label":"n4-a0-r1-i1-p3-g3-f64","passed":true,"input":[-100000000,-99999999.75,-99999999.5,-100000000],"cotangent":[0,0,0,0],"actual":[0,0,0,0],"expected":[0,0,0,0]}
CASE {"label":"n4-a0-r1-i1-p4-g0-f64","passed":false,"input":[1e+20,1e+20,1e+20,1e+20],"cotangent":[1,1,1,1],"actual":[1,1,1,1],"expected":[0.25,0.58333333333333326,1.0833333333333333,2.083333333333333]}
CASE {"label":"n4-a0-r1-i1-p4-g1-f64","passed":false,"input":[1e+20,1e+20,1e+20,1e+20],"cotangent":[0.25,-0.75,0.25,-0.75],"actual":[1,0,0,0],"expected":[0.0625,-0.1875,-0.0625,-0.8125]}
CASE {"label":"n4-a0-r1-i1-p4-g2-f64","passed":false,"input":[1e+20,1e+20,1e+20,1e+20],"cotangent":[1,0,0,0],"actual":[1,1,1,1],"expected":[0.25,0.25,0.25,0.25]}
CASE {"label":"n4-a0-r1-i1-p4-g3-f64","passed":true,"input":[1e+20,1e+20,1e+20,1e+20],"cotangent":[0,0,0,0],"actual":[0,0,0,0],"expected":[0,0,0,0]}
CASE {"label":"n4-a0-r1-i1-p5-g0-f64","passed":true,"input":[0,0,0,100000000],"cotangent":[1,1,1,1],"actual":[0,0,0,4],"expected":[0,0,0,4]}
CASE {"label":"n4-a0-r1-i1-p5-g1-f64","passed":false,"input":[0,0,0,100000000],"cotangent":[0.25,-0.75,0.25,-0.75],"actual":[0,0,0,-1.0000001192092896],"expected":[0,0,0,-1]}
CASE {"label":"n4-a0-r1-i1-p5-g2-f64","passed":true,"input":[0,0,0,100000000],"cotangent":[1,0,0,0],"actual":[0,0,0,1],"expected":[0,0,0,1]}
CASE {"label":"n4-a0-r1-i1-p5-g3-f64","passed":true,"input":[0,0,0,100000000],"cotangent":[0,0,0,0],"actual":[0,0,0,0],"expected":[0,0,0,0]}
CASE {"label":"n4-a0-r1-i1-p6-g0-f64","passed":false,"input":[100000000,0,0,0],"cotangent":[1,1,1,1],"actual":[1,0.3333333432674408,0.83333337306976318,1.8333333730697632],"expected":[1,0.33333333333333331,0.83333333333333326,1.8333333333333333]}
CASE {"label":"n4-a0-r1-i1-p6-g1-f64","passed":true,"input":[100000000,0,0,0],"cotangent":[0.25,-0.75,0.25,-0.75],"actual":[0.25,-0.25,-0.125,-0.875],"expected":[0.25,-0.25,-0.125,-0.875]}
CASE {"label":"n4-a0-r1-i1-p6-g2-f64","passed":true,"input":[100000000,0,0,0],"cotangent":[1,0,0,0],"actual":[1,0,0,0],"expected":[1,0,0,0]}
CASE {"label":"n4-a0-r1-i1-p6-g3-f64","passed":true,"input":[100000000,0,0,0],"cotangent":[0,0,0,0],"actual":[0,0,0,0],"expected":[0,0,0,0]}
CASE {"label":"n6-a0-r0-i0-p0-g0-f64","passed":true,"input":[0,0.25,0.5,0,0.25,0.5],"cotangent":[0,0,0,1,1,1],"actual":[1,1,1,0,0,0],"expected":[1,1,1,0,0,0]}
CASE {"label":"n6-a0-r0-i0-p0-g1-f64","passed":true,"input":[0,0.25,0.5,0,0.25,0.5],"cotangent":[0,0,0,-0.75,0.25,-0.75],"actual":[-0.75,0.25,-0.75,0,0,0],"expected":[-0.75,0.25,-0.75,0,0,0]}
CASE {"label":"n6-a0-r0-i0-p0-g2-f64","passed":true,"input":[0,0.25,0.5,0,0.25,0.5],"cotangent":[0,0,0,1,1,1],"actual":[1,1,1,0,0,0],"expected":[1,1,1,0,0,0]}
CASE {"label":"n6-a0-r0-i0-p0-g3-f64","passed":true,"input":[0,0.25,0.5,0,0.25,0.5],"cotangent":[0,0,0,0,0,0],"actual":[0,0,0,0,0,0],"expected":[0,0,0,0,0,0]}
CASE {"label":"n6-a0-r0-i0-p1-g0-f64","passed":true,"input":[1000,1000.25,1000.5,1000,1000.25,1000.5],"cotangent":[0,0,0,1,1,1],"actual":[1,1,1,0,0,0],"expected":[1,1,1,0,0,0]}
CASE {"label":"n6-a0-r0-i0-p1-g1-f64","passed":true,"input":[1000,1000.25,1000.5,1000,1000.25,1000.5],"cotangent":[0,0,0,-0.75,0.25,-0.75],"actual":[-0.75,0.25,-0.75,0,0,0],"expected":[-0.75,0.25,-0.75,0,0,0]}
CASE {"label":"n6-a0-r0-i0-p1-g2-f64","passed":true,"input":[1000,1000.25,1000.5,1000,1000.25,1000.5],"cotangent":[0,0,0,1,1,1],"actual":[1,1,1,0,0,0],"expected":[1,1,1,0,0,0]}
CASE {"label":"n6-a0-r0-i0-p1-g3-f64","passed":true,"input":[1000,1000.25,1000.5,1000,1000.25,1000.5],"cotangent":[0,0,0,0,0,0],"actual":[0,0,0,0,0,0],"expected":[0,0,0,0,0,0]}
CASE {"label":"n6-a0-r0-i0-p2-g0-f64","passed":true,"input":[100000000,100000000.25,100000000.5,100000000,100000000.25,100000000.5],"cotangent":[0,0,0,1,1,1],"actual":[1,1,1,0,0,0],"expected":[1,1,1,0,0,0]}
CASE {"label":"n6-a0-r0-i0-p2-g1-f64","passed":true,"input":[100000000,100000000.25,100000000.5,100000000,100000000.25,100000000.5],"cotangent":[0,0,0,-0.75,0.25,-0.75],"actual":[-0.75,0.25,-0.75,0,0,0],"expected":[-0.75,0.25,-0.75,0,0,0]}
CASE {"label":"n6-a0-r0-i0-p2-g2-f64","passed":true,"input":[100000000,100000000.25,100000000.5,100000000,100000000.25,100000000.5],"cotangent":[0,0,0,1,1,1],"actual":[1,1,1,0,0,0],"expected":[1,1,1,0,0,0]}
CASE {"label":"n6-a0-r0-i0-p2-g3-f64","passed":true,"input":[100000000,100000000.25,100000000.5,100000000,100000000.25,100000000.5],"cotangent":[0,0,0,0,0,0],"actual":[0,0,0,0,0,0],"expected":[0,0,0,0,0,0]}
CASE {"label":"n6-a0-r0-i0-p3-g0-f64","passed":true,"input":[-100000000,-99999999.75,-99999999.5,-100000000,-99999999.75,-99999999.5],"cotangent":[0,0,0,1,1,1],"actual":[1,1,1,0,0,0],"expected":[1,1,1,0,0,0]}
CASE {"label":"n6-a0-r0-i0-p3-g1-f64","passed":true,"input":[-100000000,-99999999.75,-99999999.5,-100000000,-99999999.75,-99999999.5],"cotangent":[0,0,0,-0.75,0.25,-0.75],"actual":[-0.75,0.25,-0.75,0,0,0],"expected":[-0.75,0.25,-0.75,0,0,0]}
CASE {"label":"n6-a0-r0-i0-p3-g2-f64","passed":true,"input":[-100000000,-99999999.75,-99999999.5,-100000000,-99999999.75,-99999999.5],"cotangent":[0,0,0,1,1,1],"actual":[1,1,1,0,0,0],"expected":[1,1,1,0,0,0]}
CASE {"label":"n6-a0-r0-i0-p3-g3-f64","passed":true,"input":[-100000000,-99999999.75,-99999999.5,-100000000,-99999999.75,-99999999.5],"cotangent":[0,0,0,0,0,0],"actual":[0,0,0,0,0,0],"expected":[0,0,0,0,0,0]}
CASE {"label":"n6-a0-r0-i0-p4-g0-f64","passed":true,"input":[1e+20,1e+20,1e+20,1e+20,1e+20,1e+20],"cotangent":[0,0,0,1,1,1],"actual":[1,1,1,0,0,0],"expected":[1,1,1,0,0,0]}
CASE {"label":"n6-a0-r0-i0-p4-g1-f64","passed":false,"input":[1e+20,1e+20,1e+20,1e+20,1e+20,1e+20],"cotangent":[0,0,0,-0.75,0.25,-0.75],"actual":[-1,1,-1,0,0,0],"expected":[-0.75,0.25,-0.75,0,0,0]}
CASE {"label":"n6-a0-r0-i0-p4-g2-f64","passed":true,"input":[1e+20,1e+20,1e+20,1e+20,1e+20,1e+20],"cotangent":[0,0,0,1,1,1],"actual":[1,1,1,0,0,0],"expected":[1,1,1,0,0,0]}
CASE {"label":"n6-a0-r0-i0-p4-g3-f64","passed":true,"input":[1e+20,1e+20,1e+20,1e+20,1e+20,1e+20],"cotangent":[0,0,0,0,0,0],"actual":[0,0,0,0,0,0],"expected":[0,0,0,0,0,0]}
CASE {"label":"n6-a0-r0-i0-p5-g0-f64","passed":true,"input":[0,0,0,100000000,100000000,100000000],"cotangent":[0,0,0,1,1,1],"actual":[1,1,1,0,0,0],"expected":[1,1,1,0,0,0]}
CASE {"label":"n6-a0-r0-i0-p5-g1-f64","passed":true,"input":[0,0,0,100000000,100000000,100000000],"cotangent":[0,0,0,-0.75,0.25,-0.75],"actual":[-0.75,0.25,-0.75,0,0,0],"expected":[-0.75,0.25,-0.75,0,0,0]}
CASE {"label":"n6-a0-r0-i0-p5-g2-f64","passed":true,"input":[0,0,0,100000000,100000000,100000000],"cotangent":[0,0,0,1,1,1],"actual":[1,1,1,0,0,0],"expected":[1,1,1,0,0,0]}
CASE {"label":"n6-a0-r0-i0-p5-g3-f64","passed":true,"input":[0,0,0,100000000,100000000,100000000],"cotangent":[0,0,0,0,0,0],"actual":[0,0,0,0,0,0],"expected":[0,0,0,0,0,0]}
CASE {"label":"n6-a0-r0-i0-p6-g0-f64","passed":true,"input":[100000000,100000000,100000000,0,0,0],"cotangent":[0,0,0,1,1,1],"actual":[1,1,1,0,0,0],"expected":[1,1,1,0,0,0]}
CASE {"label":"n6-a0-r0-i0-p6-g1-f64","passed":true,"input":[100000000,100000000,100000000,0,0,0],"cotangent":[0,0,0,-0.75,0.25,-0.75],"actual":[-0.75,0.25,-0.75,0,0,0],"expected":[-0.75,0.25,-0.75,0,0,0]}
CASE {"label":"n6-a0-r0-i0-p6-g2-f64","passed":true,"input":[100000000,100000000,100000000,0,0,0],"cotangent":[0,0,0,1,1,1],"actual":[1,1,1,0,0,0],"expected":[1,1,1,0,0,0]}
CASE {"label":"n6-a0-r0-i0-p6-g3-f64","passed":true,"input":[100000000,100000000,100000000,0,0,0],"cotangent":[0,0,0,0,0,0],"actual":[0,0,0,0,0,0],"expected":[0,0,0,0,0,0]}
CASE {"label":"n6-a0-r0-i1-p0-g0-f64","passed":true,"input":[0,0.25,0.5,0,0.25,0.5],"cotangent":[1,1,1,1,1,1],"actual":[1.5,1.5,1.5,0.5,0.5,0.5],"expected":[1.5,1.5,1.5,0.5,0.5,0.5]}
CASE {"label":"n6-a0-r0-i1-p0-g1-f64","passed":true,"input":[0,0.25,0.5,0,0.25,0.5],"cotangent":[0.25,-0.75,0.25,-0.75,0.25,-0.75],"actual":[-0.125,-0.625,-0.125,-0.375,0.125,-0.375],"expected":[-0.125,-0.625,-0.125,-0.375,0.125,-0.375]}
CASE {"label":"n6-a0-r0-i1-p0-g2-f64","passed":true,"input":[0,0.25,0.5,0,0.25,0.5],"cotangent":[0,0,0,1,1,1],"actual":[0.5,0.5,0.5,0.5,0.5,0.5],"expected":[0.5,0.5,0.5,0.5,0.5,0.5]}
CASE {"label":"n6-a0-r0-i1-p0-g3-f64","passed":true,"input":[0,0.25,0.5,0,0.25,0.5],"cotangent":[0,0,0,0,0,0],"actual":[0,0,0,0,0,0],"expected":[0,0,0,0,0,0]}
CASE {"label":"n6-a0-r0-i1-p1-g0-f64","passed":true,"input":[1000,1000.25,1000.5,1000,1000.25,1000.5],"cotangent":[1,1,1,1,1,1],"actual":[1.5,1.5,1.5,0.5,0.5,0.5],"expected":[1.5,1.5,1.5,0.5,0.5,0.5]}
CASE {"label":"n6-a0-r0-i1-p1-g1-f64","passed":true,"input":[1000,1000.25,1000.5,1000,1000.25,1000.5],"cotangent":[0.25,-0.75,0.25,-0.75,0.25,-0.75],"actual":[-0.125,-0.625,-0.125,-0.375,0.125,-0.375],"expected":[-0.125,-0.625,-0.125,-0.375,0.125,-0.375]}
CASE {"label":"n6-a0-r0-i1-p1-g2-f64","passed":true,"input":[1000,1000.25,1000.5,1000,1000.25,1000.5],"cotangent":[0,0,0,1,1,1],"actual":[0.5,0.5,0.5,0.5,0.5,0.5],"expected":[0.5,0.5,0.5,0.5,0.5,0.5]}
CASE {"label":"n6-a0-r0-i1-p1-g3-f64","passed":true,"input":[1000,1000.25,1000.5,1000,1000.25,1000.5],"cotangent":[0,0,0,0,0,0],"actual":[0,0,0,0,0,0],"expected":[0,0,0,0,0,0]}
CASE {"label":"n6-a0-r0-i1-p2-g0-f64","passed":false,"input":[100000000,100000000.25,100000000.5,100000000,100000000.25,100000000.5],"cotangent":[1,1,1,1,1,1],"actual":[1.5000001192092896,1.5000001192092896,1.5000001192092896,0.5,0.5,0.5],"expected":[1.5,1.5,1.5,0.5,0.5,0.5]}
CASE {"label":"n6-a0-r0-i1-p2-g1-f64","passed":true,"input":[100000000,100000000.25,100000000.5,100000000,100000000.25,100000000.5],"cotangent":[0.25,-0.75,0.25,-0.75,0.25,-0.75],"actual":[-0.125,-0.625,-0.125,-0.375,0.125,-0.375],"expected":[-0.125,-0.625,-0.125,-0.375,0.125,-0.375]}
CASE {"label":"n6-a0-r0-i1-p2-g2-f64","passed":true,"input":[100000000,100000000.25,100000000.5,100000000,100000000.25,100000000.5],"cotangent":[0,0,0,1,1,1],"actual":[0.5,0.5,0.5,0.5,0.5,0.5],"expected":[0.5,0.5,0.5,0.5,0.5,0.5]}
CASE {"label":"n6-a0-r0-i1-p2-g3-f64","passed":true,"input":[100000000,100000000.25,100000000.5,100000000,100000000.25,100000000.5],"cotangent":[0,0,0,0,0,0],"actual":[0,0,0,0,0,0],"expected":[0,0,0,0,0,0]}
CASE {"label":"n6-a0-r0-i1-p3-g0-f64","passed":false,"input":[-100000000,-99999999.75,-99999999.5,-100000000,-99999999.75,-99999999.5],"cotangent":[1,1,1,1,1,1],"actual":[1.5000001192092896,1.5000001192092896,1.5000001192092896,0.5,0.5,0.5],"expected":[1.5,1.5,1.5,0.5,0.5,0.5]}
CASE {"label":"n6-a0-r0-i1-p3-g1-f64","passed":true,"input":[-100000000,-99999999.75,-99999999.5,-100000000,-99999999.75,-99999999.5],"cotangent":[0.25,-0.75,0.25,-0.75,0.25,-0.75],"actual":[-0.125,-0.625,-0.125,-0.375,0.125,-0.375],"expected":[-0.125,-0.625,-0.125,-0.375,0.125,-0.375]}
CASE {"label":"n6-a0-r0-i1-p3-g2-f64","passed":true,"input":[-100000000,-99999999.75,-99999999.5,-100000000,-99999999.75,-99999999.5],"cotangent":[0,0,0,1,1,1],"actual":[0.5,0.5,0.5,0.5,0.5,0.5],"expected":[0.5,0.5,0.5,0.5,0.5,0.5]}
CASE {"label":"n6-a0-r0-i1-p3-g3-f64","passed":true,"input":[-100000000,-99999999.75,-99999999.5,-100000000,-99999999.75,-99999999.5],"cotangent":[0,0,0,0,0,0],"actual":[0,0,0,0,0,0],"expected":[0,0,0,0,0,0]}
CASE {"label":"n6-a0-r0-i1-p4-g0-f64","passed":false,"input":[1e+20,1e+20,1e+20,1e+20,1e+20,1e+20],"cotangent":[1,1,1,1,1,1],"actual":[1,1,1,1,1,1],"expected":[1.5,1.5,1.5,0.5,0.5,0.5]}
CASE {"label":"n6-a0-r0-i1-p4-g1-f64","passed":false,"input":[1e+20,1e+20,1e+20,1e+20,1e+20,1e+20],"cotangent":[0.25,-0.75,0.25,-0.75,0.25,-0.75],"actual":[0,0,0,-1,1,-1],"expected":[-0.125,-0.625,-0.125,-0.375,0.125,-0.375]}
CASE {"label":"n6-a0-r0-i1-p4-g2-f64","passed":false,"input":[1e+20,1e+20,1e+20,1e+20,1e+20,1e+20],"cotangent":[0,0,0,1,1,1],"actual":[1,1,1,1,1,1],"expected":[0.5,0.5,0.5,0.5,0.5,0.5]}
CASE {"label":"n6-a0-r0-i1-p4-g3-f64","passed":true,"input":[1e+20,1e+20,1e+20,1e+20,1e+20,1e+20],"cotangent":[0,0,0,0,0,0],"actual":[0,0,0,0,0,0],"expected":[0,0,0,0,0,0]}
CASE {"label":"n6-a0-r0-i1-p5-g0-f64","passed":true,"input":[0,0,0,100000000,100000000,100000000],"cotangent":[1,1,1,1,1,1],"actual":[1,1,1,1,1,1],"expected":[1,1,1,1,1,1]}
CASE {"label":"n6-a0-r0-i1-p5-g1-f64","passed":true,"input":[0,0,0,100000000,100000000,100000000],"cotangent":[0.25,-0.75,0.25,-0.75,0.25,-0.75],"actual":[0.25,-0.75,0.25,-0.75,0.25,-0.75],"expected":[0.25,-0.75,0.25,-0.75,0.25,-0.75]}
CASE {"label":"n6-a0-r0-i1-p5-g2-f64","passed":true,"input":[0,0,0,100000000,100000000,100000000],"cotangent":[0,0,0,1,1,1],"actual":[0,0,0,1,1,1],"expected":[0,0,0,1,1,1]}
CASE {"label":"n6-a0-r0-i1-p5-g3-f64","passed":true,"input":[0,0,0,100000000,100000000,100000000],"cotangent":[0,0,0,0,0,0],"actual":[0,0,0,0,0,0],"expected":[0,0,0,0,0,0]}
CASE {"label":"n6-a0-r0-i1-p6-g0-f64","passed":true,"input":[100000000,100000000,100000000,0,0,0],"cotangent":[1,1,1,1,1,1],"actual":[2,2,2,0,0,0],"expected":[2,2,2,0,0,0]}
CASE {"label":"n6-a0-r0-i1-p6-g1-f64","passed":true,"input":[100000000,100000000,100000000,0,0,0],"cotangent":[0.25,-0.75,0.25,-0.75,0.25,-0.75],"actual":[-0.5,-0.5,-0.5,0,0,0],"expected":[-0.5,-0.5,-0.5,0,0,0]}
CASE {"label":"n6-a0-r0-i1-p6-g2-f64","passed":true,"input":[100000000,100000000,100000000,0,0,0],"cotangent":[0,0,0,1,1,1],"actual":[1,1,1,0,0,0],"expected":[1,1,1,0,0,0]}
CASE {"label":"n6-a0-r0-i1-p6-g3-f64","passed":true,"input":[100000000,100000000,100000000,0,0,0],"cotangent":[0,0,0,0,0,0],"actual":[0,0,0,0,0,0],"expected":[0,0,0,0,0,0]}
CASE {"label":"n6-a0-r1-i0-p0-g0-f64","passed":true,"input":[0,0.25,0.5,0,0.25,0.5],"cotangent":[1,1,1,0,0,0],"actual":[0,0,0,1,1,1],"expected":[0,0,0,1,1,1]}
CASE {"label":"n6-a0-r1-i0-p0-g1-f64","passed":true,"input":[0,0.25,0.5,0,0.25,0.5],"cotangent":[0.25,-0.75,0.25,0,0,0],"actual":[0,0,0,0.25,-0.75,0.25],"expected":[0,0,0,0.25,-0.75,0.25]}
CASE {"label":"n6-a0-r1-i0-p0-g2-f64","passed":true,"input":[0,0.25,0.5,0,0.25,0.5],"cotangent":[1,1,1,0,0,0],"actual":[0,0,0,1,1,1],"expected":[0,0,0,1,1,1]}
CASE {"label":"n6-a0-r1-i0-p0-g3-f64","passed":true,"input":[0,0.25,0.5,0,0.25,0.5],"cotangent":[0,0,0,0,0,0],"actual":[0,0,0,0,0,0],"expected":[0,0,0,0,0,0]}
CASE {"label":"n6-a0-r1-i0-p1-g0-f64","passed":true,"input":[1000,1000.25,1000.5,1000,1000.25,1000.5],"cotangent":[1,1,1,0,0,0],"actual":[0,0,0,1,1,1],"expected":[0,0,0,1,1,1]}
CASE {"label":"n6-a0-r1-i0-p1-g1-f64","passed":true,"input":[1000,1000.25,1000.5,1000,1000.25,1000.5],"cotangent":[0.25,-0.75,0.25,0,0,0],"actual":[0,0,0,0.25,-0.75,0.25],"expected":[0,0,0,0.25,-0.75,0.25]}
CASE {"label":"n6-a0-r1-i0-p1-g2-f64","passed":true,"input":[1000,1000.25,1000.5,1000,1000.25,1000.5],"cotangent":[1,1,1,0,0,0],"actual":[0,0,0,1,1,1],"expected":[0,0,0,1,1,1]}
CASE {"label":"n6-a0-r1-i0-p1-g3-f64","passed":true,"input":[1000,1000.25,1000.5,1000,1000.25,1000.5],"cotangent":[0,0,0,0,0,0],"actual":[0,0,0,0,0,0],"expected":[0,0,0,0,0,0]}
CASE {"label":"n6-a0-r1-i0-p2-g0-f64","passed":true,"input":[100000000,100000000.25,100000000.5,100000000,100000000.25,100000000.5],"cotangent":[1,1,1,0,0,0],"actual":[0,0,0,1,1,1],"expected":[0,0,0,1,1,1]}
CASE {"label":"n6-a0-r1-i0-p2-g1-f64","passed":true,"input":[100000000,100000000.25,100000000.5,100000000,100000000.25,100000000.5],"cotangent":[0.25,-0.75,0.25,0,0,0],"actual":[0,0,0,0.25,-0.75,0.25],"expected":[0,0,0,0.25,-0.75,0.25]}
CASE {"label":"n6-a0-r1-i0-p2-g2-f64","passed":true,"input":[100000000,100000000.25,100000000.5,100000000,100000000.25,100000000.5],"cotangent":[1,1,1,0,0,0],"actual":[0,0,0,1,1,1],"expected":[0,0,0,1,1,1]}
CASE {"label":"n6-a0-r1-i0-p2-g3-f64","passed":true,"input":[100000000,100000000.25,100000000.5,100000000,100000000.25,100000000.5],"cotangent":[0,0,0,0,0,0],"actual":[0,0,0,0,0,0],"expected":[0,0,0,0,0,0]}
CASE {"label":"n6-a0-r1-i0-p3-g0-f64","passed":true,"input":[-100000000,-99999999.75,-99999999.5,-100000000,-99999999.75,-99999999.5],"cotangent":[1,1,1,0,0,0],"actual":[0,0,0,1,1,1],"expected":[0,0,0,1,1,1]}
CASE {"label":"n6-a0-r1-i0-p3-g1-f64","passed":true,"input":[-100000000,-99999999.75,-99999999.5,-100000000,-99999999.75,-99999999.5],"cotangent":[0.25,-0.75,0.25,0,0,0],"actual":[0,0,0,0.25,-0.75,0.25],"expected":[0,0,0,0.25,-0.75,0.25]}
CASE {"label":"n6-a0-r1-i0-p3-g2-f64","passed":true,"input":[-100000000,-99999999.75,-99999999.5,-100000000,-99999999.75,-99999999.5],"cotangent":[1,1,1,0,0,0],"actual":[0,0,0,1,1,1],"expected":[0,0,0,1,1,1]}
CASE {"label":"n6-a0-r1-i0-p3-g3-f64","passed":true,"input":[-100000000,-99999999.75,-99999999.5,-100000000,-99999999.75,-99999999.5],"cotangent":[0,0,0,0,0,0],"actual":[0,0,0,0,0,0],"expected":[0,0,0,0,0,0]}
CASE {"label":"n6-a0-r1-i0-p4-g0-f64","passed":true,"input":[1e+20,1e+20,1e+20,1e+20,1e+20,1e+20],"cotangent":[1,1,1,0,0,0],"actual":[0,0,0,1,1,1],"expected":[0,0,0,1,1,1]}
CASE {"label":"n6-a0-r1-i0-p4-g1-f64","passed":false,"input":[1e+20,1e+20,1e+20,1e+20,1e+20,1e+20],"cotangent":[0.25,-0.75,0.25,0,0,0],"actual":[0,0,0,1,-1,1],"expected":[0,0,0,0.25,-0.75,0.25]}
CASE {"label":"n6-a0-r1-i0-p4-g2-f64","passed":true,"input":[1e+20,1e+20,1e+20,1e+20,1e+20,1e+20],"cotangent":[1,1,1,0,0,0],"actual":[0,0,0,1,1,1],"expected":[0,0,0,1,1,1]}
CASE {"label":"n6-a0-r1-i0-p4-g3-f64","passed":true,"input":[1e+20,1e+20,1e+20,1e+20,1e+20,1e+20],"cotangent":[0,0,0,0,0,0],"actual":[0,0,0,0,0,0],"expected":[0,0,0,0,0,0]}
CASE {"label":"n6-a0-r1-i0-p5-g0-f64","passed":true,"input":[0,0,0,100000000,100000000,100000000],"cotangent":[1,1,1,0,0,0],"actual":[0,0,0,1,1,1],"expected":[0,0,0,1,1,1]}
CASE {"label":"n6-a0-r1-i0-p5-g1-f64","passed":true,"input":[0,0,0,100000000,100000000,100000000],"cotangent":[0.25,-0.75,0.25,0,0,0],"actual":[0,0,0,0.25,-0.75,0.25],"expected":[0,0,0,0.25,-0.75,0.25]}
CASE {"label":"n6-a0-r1-i0-p5-g2-f64","passed":true,"input":[0,0,0,100000000,100000000,100000000],"cotangent":[1,1,1,0,0,0],"actual":[0,0,0,1,1,1],"expected":[0,0,0,1,1,1]}
CASE {"label":"n6-a0-r1-i0-p5-g3-f64","passed":true,"input":[0,0,0,100000000,100000000,100000000],"cotangent":[0,0,0,0,0,0],"actual":[0,0,0,0,0,0],"expected":[0,0,0,0,0,0]}
CASE {"label":"n6-a0-r1-i0-p6-g0-f64","passed":true,"input":[100000000,100000000,100000000,0,0,0],"cotangent":[1,1,1,0,0,0],"actual":[0,0,0,1,1,1],"expected":[0,0,0,1,1,1]}
CASE {"label":"n6-a0-r1-i0-p6-g1-f64","passed":true,"input":[100000000,100000000,100000000,0,0,0],"cotangent":[0.25,-0.75,0.25,0,0,0],"actual":[0,0,0,0.25,-0.75,0.25],"expected":[0,0,0,0.25,-0.75,0.25]}
CASE {"label":"n6-a0-r1-i0-p6-g2-f64","passed":true,"input":[100000000,100000000,100000000,0,0,0],"cotangent":[1,1,1,0,0,0],"actual":[0,0,0,1,1,1],"expected":[0,0,0,1,1,1]}
CASE {"label":"n6-a0-r1-i0-p6-g3-f64","passed":true,"input":[100000000,100000000,100000000,0,0,0],"cotangent":[0,0,0,0,0,0],"actual":[0,0,0,0,0,0],"expected":[0,0,0,0,0,0]}
CASE {"label":"n6-a0-r1-i1-p0-g0-f64","passed":true,"input":[0,0.25,0.5,0,0.25,0.5],"cotangent":[1,1,1,1,1,1],"actual":[0.5,0.5,0.5,1.5,1.5,1.5],"expected":[0.5,0.5,0.5,1.5,1.5,1.5]}
CASE {"label":"n6-a0-r1-i1-p0-g1-f64","passed":true,"input":[0,0.25,0.5,0,0.25,0.5],"cotangent":[0.25,-0.75,0.25,-0.75,0.25,-0.75],"actual":[0.125,-0.375,0.125,-0.625,-0.125,-0.625],"expected":[0.125,-0.375,0.125,-0.625,-0.125,-0.625]}
CASE {"label":"n6-a0-r1-i1-p0-g2-f64","passed":true,"input":[0,0.25,0.5,0,0.25,0.5],"cotangent":[1,1,1,0,0,0],"actual":[0.5,0.5,0.5,0.5,0.5,0.5],"expected":[0.5,0.5,0.5,0.5,0.5,0.5]}
CASE {"label":"n6-a0-r1-i1-p0-g3-f64","passed":true,"input":[0,0.25,0.5,0,0.25,0.5],"cotangent":[0,0,0,0,0,0],"actual":[0,0,0,0,0,0],"expected":[0,0,0,0,0,0]}
CASE {"label":"n6-a0-r1-i1-p1-g0-f64","passed":true,"input":[1000,1000.25,1000.5,1000,1000.25,1000.5],"cotangent":[1,1,1,1,1,1],"actual":[0.5,0.5,0.5,1.5,1.5,1.5],"expected":[0.5,0.5,0.5,1.5,1.5,1.5]}
CASE {"label":"n6-a0-r1-i1-p1-g1-f64","passed":true,"input":[1000,1000.25,1000.5,1000,1000.25,1000.5],"cotangent":[0.25,-0.75,0.25,-0.75,0.25,-0.75],"actual":[0.125,-0.375,0.125,-0.625,-0.125,-0.625],"expected":[0.125,-0.375,0.125,-0.625,-0.125,-0.625]}
CASE {"label":"n6-a0-r1-i1-p1-g2-f64","passed":true,"input":[1000,1000.25,1000.5,1000,1000.25,1000.5],"cotangent":[1,1,1,0,0,0],"actual":[0.5,0.5,0.5,0.5,0.5,0.5],"expected":[0.5,0.5,0.5,0.5,0.5,0.5]}
CASE {"label":"n6-a0-r1-i1-p1-g3-f64","passed":true,"input":[1000,1000.25,1000.5,1000,1000.25,1000.5],"cotangent":[0,0,0,0,0,0],"actual":[0,0,0,0,0,0],"expected":[0,0,0,0,0,0]}
CASE {"label":"n6-a0-r1-i1-p2-g0-f64","passed":false,"input":[100000000,100000000.25,100000000.5,100000000,100000000.25,100000000.5],"cotangent":[1,1,1,1,1,1],"actual":[0.5,0.5,0.5,1.5000001192092896,1.5000001192092896,1.5000001192092896],"expected":[0.5,0.5,0.5,1.5,1.5,1.5]}
CASE {"label":"n6-a0-r1-i1-p2-g1-f64","passed":true,"input":[100000000,100000000.25,100000000.5,100000000,100000000.25,100000000.5],"cotangent":[0.25,-0.75,0.25,-0.75,0.25,-0.75],"actual":[0.125,-0.375,0.125,-0.625,-0.125,-0.625],"expected":[0.125,-0.375,0.125,-0.625,-0.125,-0.625]}
CASE {"label":"n6-a0-r1-i1-p2-g2-f64","passed":true,"input":[100000000,100000000.25,100000000.5,100000000,100000000.25,100000000.5],"cotangent":[1,1,1,0,0,0],"actual":[0.5,0.5,0.5,0.5,0.5,0.5],"expected":[0.5,0.5,0.5,0.5,0.5,0.5]}
CASE {"label":"n6-a0-r1-i1-p2-g3-f64","passed":true,"input":[100000000,100000000.25,100000000.5,100000000,100000000.25,100000000.5],"cotangent":[0,0,0,0,0,0],"actual":[0,0,0,0,0,0],"expected":[0,0,0,0,0,0]}
CASE {"label":"n6-a0-r1-i1-p3-g0-f64","passed":false,"input":[-100000000,-99999999.75,-99999999.5,-100000000,-99999999.75,-99999999.5],"cotangent":[1,1,1,1,1,1],"actual":[0.5,0.5,0.5,1.5000001192092896,1.5000001192092896,1.5000001192092896],"expected":[0.5,0.5,0.5,1.5,1.5,1.5]}
CASE {"label":"n6-a0-r1-i1-p3-g1-f64","passed":true,"input":[-100000000,-99999999.75,-99999999.5,-100000000,-99999999.75,-99999999.5],"cotangent":[0.25,-0.75,0.25,-0.75,0.25,-0.75],"actual":[0.125,-0.375,0.125,-0.625,-0.125,-0.625],"expected":[0.125,-0.375,0.125,-0.625,-0.125,-0.625]}
CASE {"label":"n6-a0-r1-i1-p3-g2-f64","passed":true,"input":[-100000000,-99999999.75,-99999999.5,-100000000,-99999999.75,-99999999.5],"cotangent":[1,1,1,0,0,0],"actual":[0.5,0.5,0.5,0.5,0.5,0.5],"expected":[0.5,0.5,0.5,0.5,0.5,0.5]}
CASE {"label":"n6-a0-r1-i1-p3-g3-f64","passed":true,"input":[-100000000,-99999999.75,-99999999.5,-100000000,-99999999.75,-99999999.5],"cotangent":[0,0,0,0,0,0],"actual":[0,0,0,0,0,0],"expected":[0,0,0,0,0,0]}
CASE {"label":"n6-a0-r1-i1-p4-g0-f64","passed":false,"input":[1e+20,1e+20,1e+20,1e+20,1e+20,1e+20],"cotangent":[1,1,1,1,1,1],"actual":[1,1,1,1,1,1],"expected":[0.5,0.5,0.5,1.5,1.5,1.5]}
CASE {"label":"n6-a0-r1-i1-p4-g1-f64","passed":false,"input":[1e+20,1e+20,1e+20,1e+20,1e+20,1e+20],"cotangent":[0.25,-0.75,0.25,-0.75,0.25,-0.75],"actual":[1,-1,1,0,0,0],"expected":[0.125,-0.375,0.125,-0.625,-0.125,-0.625]}
CASE {"label":"n6-a0-r1-i1-p4-g2-f64","passed":false,"input":[1e+20,1e+20,1e+20,1e+20,1e+20,1e+20],"cotangent":[1,1,1,0,0,0],"actual":[1,1,1,1,1,1],"expected":[0.5,0.5,0.5,0.5,0.5,0.5]}
CASE {"label":"n6-a0-r1-i1-p4-g3-f64","passed":true,"input":[1e+20,1e+20,1e+20,1e+20,1e+20,1e+20],"cotangent":[0,0,0,0,0,0],"actual":[0,0,0,0,0,0],"expected":[0,0,0,0,0,0]}
CASE {"label":"n6-a0-r1-i1-p5-g0-f64","passed":true,"input":[0,0,0,100000000,100000000,100000000],"cotangent":[1,1,1,1,1,1],"actual":[0,0,0,2,2,2],"expected":[0,0,0,2,2,2]}
CASE {"label":"n6-a0-r1-i1-p5-g1-f64","passed":true,"input":[0,0,0,100000000,100000000,100000000],"cotangent":[0.25,-0.75,0.25,-0.75,0.25,-0.75],"actual":[0,0,0,-0.5,-0.5,-0.5],"expected":[0,0,0,-0.5,-0.5,-0.5]}
CASE {"label":"n6-a0-r1-i1-p5-g2-f64","passed":true,"input":[0,0,0,100000000,100000000,100000000],"cotangent":[1,1,1,0,0,0],"actual":[0,0,0,1,1,1],"expected":[0,0,0,1,1,1]}
CASE {"label":"n6-a0-r1-i1-p5-g3-f64","passed":true,"input":[0,0,0,100000000,100000000,100000000],"cotangent":[0,0,0,0,0,0],"actual":[0,0,0,0,0,0],"expected":[0,0,0,0,0,0]}
CASE {"label":"n6-a0-r1-i1-p6-g0-f64","passed":true,"input":[100000000,100000000,100000000,0,0,0],"cotangent":[1,1,1,1,1,1],"actual":[1,1,1,1,1,1],"expected":[1,1,1,1,1,1]}
CASE {"label":"n6-a0-r1-i1-p6-g1-f64","passed":true,"input":[100000000,100000000,100000000,0,0,0],"cotangent":[0.25,-0.75,0.25,-0.75,0.25,-0.75],"actual":[0.25,-0.75,0.25,-0.75,0.25,-0.75],"expected":[0.25,-0.75,0.25,-0.75,0.25,-0.75]}
CASE {"label":"n6-a0-r1-i1-p6-g2-f64","passed":true,"input":[100000000,100000000,100000000,0,0,0],"cotangent":[1,1,1,0,0,0],"actual":[1,1,1,0,0,0],"expected":[1,1,1,0,0,0]}
CASE {"label":"n6-a0-r1-i1-p6-g3-f64","passed":true,"input":[100000000,100000000,100000000,0,0,0],"cotangent":[0,0,0,0,0,0],"actual":[0,0,0,0,0,0],"expected":[0,0,0,0,0,0]}
CASE {"label":"n6-a1-r0-i0-p0-g0-f64","passed":false,"input":[0,0.25,0.5,0,0.25,0.5],"cotangent":[0,1,1,0,1,1],"actual":[1.4378235340118408,0.56217652559280396,0,1.4378235340118408,0.56217652559280396,0],"expected":[1.4378234991142018,0.56217650088579807,0,1.4378234991142018,0.56217650088579807,0]}
CASE {"label":"n6-a1-r0-i0-p0-g1-f64","passed":false,"input":[0,0.25,0.5,0,0.25,0.5],"cotangent":[0,-0.75,0.25,0,0.25,-0.75],"actual":[-0.64054411649703979,0.14054411649703979,0,-0.078367620706558228,-0.42163240909576416,0],"expected":[-0.64054412522144955,0.14054412522144952,0,-0.078367624335651365,-0.42163237566434852,0]}
CASE {"label":"n6-a1-r0-i0-p0-g2-f64","passed":false,"input":[0,0.25,0.5,0,0.25,0.5],"cotangent":[0,0,1,0,0,1],"actual":[0.43782353401184082,0.56217652559280396,0,0.43782353401184082,0.56217652559280396,0],"expected":[0.43782349911420188,0.56217650088579807,0,0.43782349911420188,0.56217650088579807,0]}
CASE {"label":"n6-a1-r0-i0-p0-g3-f64","passed":true,"input":[0,0.25,0.5,0,0.25,0.5],"cotangent":[0,0,0,0,0,0],"actual":[0,0,0,0,0,0],"expected":[0,0,0,0,0,0]}
CASE {"label":"n6-a1-r0-i0-p1-g0-f64","passed":false,"input":[1000,1000.25,1000.5,1000,1000.25,1000.5],"cotangent":[0,1,1,0,1,1],"actual":[1.4378235340118408,0.56217652559280396,0,1.4378235340118408,0.56217652559280396,0],"expected":[1.4378234991142018,0.56217650088579807,0,1.4378234991142018,0.56217650088579807,0]}
CASE {"label":"n6-a1-r0-i0-p1-g1-f64","passed":false,"input":[1000,1000.25,1000.5,1000,1000.25,1000.5],"cotangent":[0,-0.75,0.25,0,0.25,-0.75],"actual":[-0.64054411649703979,0.14054411649703979,0,-0.078367620706558228,-0.42163240909576416,0],"expected":[-0.64054412522144955,0.14054412522144952,0,-0.078367624335651365,-0.42163237566434852,0]}
CASE {"label":"n6-a1-r0-i0-p1-g2-f64","passed":false,"input":[1000,1000.25,1000.5,1000,1000.25,1000.5],"cotangent":[0,0,1,0,0,1],"actual":[0.43782353401184082,0.56217652559280396,0,0.43782353401184082,0.56217652559280396,0],"expected":[0.43782349911420188,0.56217650088579807,0,0.43782349911420188,0.56217650088579807,0]}
CASE {"label":"n6-a1-r0-i0-p1-g3-f64","passed":true,"input":[1000,1000.25,1000.5,1000,1000.25,1000.5],"cotangent":[0,0,0,0,0,0],"actual":[0,0,0,0,0,0],"expected":[0,0,0,0,0,0]}
CASE {"label":"n6-a1-r0-i0-p2-g0-f64","passed":false,"input":[100000000,100000000.25,100000000.5,100000000,100000000.25,100000000.5],"cotangent":[0,1,1,0,1,1],"actual":[1.4378235340118408,0.56217652559280396,0,1.4378235340118408,0.56217652559280396,0],"expected":[1.4378234991142018,0.56217650088579807,0,1.4378234991142018,0.56217650088579807,0]}
CASE {"label":"n6-a1-r0-i0-p2-g1-f64","passed":false,"input":[100000000,100000000.25,100000000.5,100000000,100000000.25,100000000.5],"cotangent":[0,-0.75,0.25,0,0.25,-0.75],"actual":[-0.64054411649703979,0.14054411649703979,0,-0.078367620706558228,-0.42163240909576416,0],"expected":[-0.64054412522144955,0.14054412522144952,0,-0.078367624335651365,-0.42163237566434852,0]}
CASE {"label":"n6-a1-r0-i0-p2-g2-f64","passed":false,"input":[100000000,100000000.25,100000000.5,100000000,100000000.25,100000000.5],"cotangent":[0,0,1,0,0,1],"actual":[0.43782353401184082,0.56217652559280396,0,0.43782353401184082,0.56217652559280396,0],"expected":[0.43782349911420188,0.56217650088579807,0,0.43782349911420188,0.56217650088579807,0]}
CASE {"label":"n6-a1-r0-i0-p2-g3-f64","passed":true,"input":[100000000,100000000.25,100000000.5,100000000,100000000.25,100000000.5],"cotangent":[0,0,0,0,0,0],"actual":[0,0,0,0,0,0],"expected":[0,0,0,0,0,0]}
CASE {"label":"n6-a1-r0-i0-p3-g0-f64","passed":false,"input":[-100000000,-99999999.75,-99999999.5,-100000000,-99999999.75,-99999999.5],"cotangent":[0,1,1,0,1,1],"actual":[1.4378235340118408,0.56217652559280396,0,1.4378235340118408,0.56217652559280396,0],"expected":[1.4378234991142018,0.56217650088579807,0,1.4378234991142018,0.56217650088579807,0]}
CASE {"label":"n6-a1-r0-i0-p3-g1-f64","passed":false,"input":[-100000000,-99999999.75,-99999999.5,-100000000,-99999999.75,-99999999.5],"cotangent":[0,-0.75,0.25,0,0.25,-0.75],"actual":[-0.64054411649703979,0.14054411649703979,0,-0.078367620706558228,-0.42163240909576416,0],"expected":[-0.64054412522144955,0.14054412522144952,0,-0.078367624335651365,-0.42163237566434852,0]}
CASE {"label":"n6-a1-r0-i0-p3-g2-f64","passed":false,"input":[-100000000,-99999999.75,-99999999.5,-100000000,-99999999.75,-99999999.5],"cotangent":[0,0,1,0,0,1],"actual":[0.43782353401184082,0.56217652559280396,0,0.43782353401184082,0.56217652559280396,0],"expected":[0.43782349911420188,0.56217650088579807,0,0.43782349911420188,0.56217650088579807,0]}
CASE {"label":"n6-a1-r0-i0-p3-g3-f64","passed":true,"input":[-100000000,-99999999.75,-99999999.5,-100000000,-99999999.75,-99999999.5],"cotangent":[0,0,0,0,0,0],"actual":[0,0,0,0,0,0],"expected":[0,0,0,0,0,0]}
CASE {"label":"n6-a1-r0-i0-p4-g0-f64","passed":false,"input":[1e+20,1e+20,1e+20,1e+20,1e+20,1e+20],"cotangent":[0,1,1,0,1,1],"actual":[1,1,0,1,1,0],"expected":[1.5,0.5,0,1.5,0.5,0]}
CASE {"label":"n6-a1-r0-i0-p4-g1-f64","passed":false,"input":[1e+20,1e+20,1e+20,1e+20,1e+20,1e+20],"cotangent":[0,-0.75,0.25,0,0.25,-0.75],"actual":[0,1,0,0,-1,0],"expected":[-0.625,0.125,0,-0.125,-0.375,0]}
CASE {"label":"n6-a1-r0-i0-p4-g2-f64","passed":false,"input":[1e+20,1e+20,1e+20,1e+20,1e+20,1e+20],"cotangent":[0,0,1,0,0,1],"actual":[1,1,0,1,1,0],"expected":[0.5,0.5,0,0.5,0.5,0]}
CASE {"label":"n6-a1-r0-i0-p4-g3-f64","passed":true,"input":[1e+20,1e+20,1e+20,1e+20,1e+20,1e+20],"cotangent":[0,0,0,0,0,0],"actual":[0,0,0,0,0,0],"expected":[0,0,0,0,0,0]}
CASE {"label":"n6-a1-r0-i0-p5-g0-f64","passed":true,"input":[0,0,100000000,0,0,100000000],"cotangent":[0,1,1,0,1,1],"actual":[1.5,0.5,0,1.5,0.5,0],"expected":[1.5,0.5,0,1.5,0.5,0]}
CASE {"label":"n6-a1-r0-i0-p5-g1-f64","passed":true,"input":[0,0,100000000,0,0,100000000],"cotangent":[0,-0.75,0.25,0,0.25,-0.75],"actual":[-0.625,0.125,0,-0.125,-0.375,0],"expected":[-0.625,0.125,0,-0.125,-0.375,0]}
CASE {"label":"n6-a1-r0-i0-p5-g2-f64","passed":true,"input":[0,0,100000000,0,0,100000000],"cotangent":[0,0,1,0,0,1],"actual":[0.5,0.5,0,0.5,0.5,0],"expected":[0.5,0.5,0,0.5,0.5,0]}
CASE {"label":"n6-a1-r0-i0-p5-g3-f64","passed":true,"input":[0,0,100000000,0,0,100000000],"cotangent":[0,0,0,0,0,0],"actual":[0,0,0,0,0,0],"expected":[0,0,0,0,0,0]}
CASE {"label":"n6-a1-r0-i0-p6-g0-f64","passed":true,"input":[100000000,0,0,100000000,0,0],"cotangent":[0,1,1,0,1,1],"actual":[2,0,0,2,0,0],"expected":[2,0,0,2,0,0]}
CASE {"label":"n6-a1-r0-i0-p6-g1-f64","passed":true,"input":[100000000,0,0,100000000,0,0],"cotangent":[0,-0.75,0.25,0,0.25,-0.75],"actual":[-0.5,0,0,-0.5,0,0],"expected":[-0.5,0,0,-0.5,0,0]}
CASE {"label":"n6-a1-r0-i0-p6-g2-f64","passed":true,"input":[100000000,0,0,100000000,0,0],"cotangent":[0,0,1,0,0,1],"actual":[1,0,0,1,0,0],"expected":[1,0,0,1,0,0]}
CASE {"label":"n6-a1-r0-i0-p6-g3-f64","passed":true,"input":[100000000,0,0,100000000,0,0],"cotangent":[0,0,0,0,0,0],"actual":[0,0,0,0,0,0],"expected":[0,0,0,0,0,0]}
CASE {"label":"n6-a1-r0-i1-p0-g0-f64","passed":false,"input":[0,0.25,0.5,0,0.25,0.5],"cotangent":[1,1,1,1,1,1],"actual":[1.6920986175537109,0.8886723518371582,0.41922897100448608,1.6920986175537109,0.8886723518371582,0.41922897100448608],"expected":[1.6920987117046675,0.88867233668563483,0.4192289516096977,1.6920987117046675,0.88867233668563483,0.4192289516096977]}
CASE {"label":"n6-a1-r0-i1-p0-g1-f64","passed":false,"input":[0,0.25,0.5,0,0.25,0.5],"cotangent":[0.25,-0.75,0.25,-0.75,0.25,-0.75],"actual":[-0.014798820018768311,-0.340008445084095,0.10480724275112152,-0.83125054836273193,-0.10432775318622589,-0.31442171335220337],"expected":[-0.014798821188034952,-0.34000841671438936,0.10480723790242442,-0.83125053466429877,-0.104327751628428,-0.31442171370727329]}
CASE {"label":"n6-a1-r0-i1-p0-g2-f64","passed":false,"input":[0,0.25,0.5,0,0.25,0.5],"cotangent":[0,0,1,0,0,1],"actual":[0.25427523255348206,0.32649585604667664,0.41922897100448608,0.25427523255348206,0.32649585604667664,0.41922897100448608],"expected":[0.25427521259046565,0.32649583579983671,0.4192289516096977,0.25427521259046565,0.32649583579983671,0.4192289516096977]}
CASE {"label":"n6-a1-r0-i1-p0-g3-f64","passed":true,"input":[0,0.25,0.5,0,0.25,0.5],"cotangent":[0,0,0,0,0,0],"actual":[0,0,0,0,0,0],"expected":[0,0,0,0,0,0]}
CASE {"label":"n6-a1-r0-i1-p1-g0-f64","passed":false,"input":[1000,1000.25,1000.5,1000,1000.25,1000.5],"cotangent":[1,1,1,1,1,1],"actual":[1.6920986175537109,0.8886723518371582,0.41922897100448608,1.6920986175537109,0.8886723518371582,0.41922897100448608],"expected":[1.6920987117046675,0.88867233668563483,0.4192289516096977,1.6920987117046675,0.88867233668563483,0.4192289516096977]}
CASE {"label":"n6-a1-r0-i1-p1-g1-f64","passed":false,"input":[1000,1000.25,1000.5,1000,1000.25,1000.5],"cotangent":[0.25,-0.75,0.25,-0.75,0.25,-0.75],"actual":[-0.014798820018768311,-0.340008445084095,0.10480724275112152,-0.83125054836273193,-0.10432775318622589,-0.31442171335220337],"expected":[-0.014798821188034952,-0.34000841671438936,0.10480723790242442,-0.83125053466429877,-0.104327751628428,-0.31442171370727329]}
CASE {"label":"n6-a1-r0-i1-p1-g2-f64","passed":false,"input":[1000,1000.25,1000.5,1000,1000.25,1000.5],"cotangent":[0,0,1,0,0,1],"actual":[0.25427523255348206,0.32649585604667664,0.41922897100448608,0.25427523255348206,0.32649585604667664,0.41922897100448608],"expected":[0.25427521259046565,0.32649583579983671,0.4192289516096977,0.25427521259046565,0.32649583579983671,0.4192289516096977]}
CASE {"label":"n6-a1-r0-i1-p1-g3-f64","passed":true,"input":[1000,1000.25,1000.5,1000,1000.25,1000.5],"cotangent":[0,0,0,0,0,0],"actual":[0,0,0,0,0,0],"expected":[0,0,0,0,0,0]}
CASE {"label":"n6-a1-r0-i1-p2-g0-f64","passed":false,"input":[100000000,100000000.25,100000000.5,100000000,100000000.25,100000000.5],"cotangent":[1,1,1,1,1,1],"actual":[1.6920987367630005,0.8886723518371582,0.41922897100448608,1.6920987367630005,0.8886723518371582,0.41922897100448608],"expected":[1.6920987117046675,0.88867233668563483,0.4192289516096977,1.6920987117046675,0.88867233668563483,0.4192289516096977]}
CASE {"label":"n6-a1-r0-i1-p2-g1-f64","passed":false,"input":[100000000,100000000.25,100000000.5,100000000,100000000.25,100000000.5],"cotangent":[0.25,-0.75,0.25,-0.75,0.25,-0.75],"actual":[-0.014798820018768311,-0.340008445084095,0.10480724275112152,-0.83125054836273193,-0.10432779788970947,-0.31442174315452576],"expected":[-0.014798821188034952,-0.34000841671438936,0.10480723790242442,-0.83125053466429877,-0.104327751628428,-0.31442171370727329]}
CASE {"label":"n6-a1-r0-i1-p2-g2-f64","passed":false,"input":[100000000,100000000.25,100000000.5,100000000,100000000.25,100000000.5],"cotangent":[0,0,1,0,0,1],"actual":[0.25427523255348206,0.32649585604667664,0.41922897100448608,0.25427523255348206,0.32649585604667664,0.41922897100448608],"expected":[0.25427521259046565,0.32649583579983671,0.4192289516096977,0.25427521259046565,0.32649583579983671,0.4192289516096977]}
CASE {"label":"n6-a1-r0-i1-p2-g3-f64","passed":true,"input":[100000000,100000000.25,100000000.5,100000000,100000000.25,100000000.5],"cotangent":[0,0,0,0,0,0],"actual":[0,0,0,0,0,0],"expected":[0,0,0,0,0,0]}
CASE {"label":"n6-a1-r0-i1-p3-g0-f64","passed":false,"input":[-100000000,-99999999.75,-99999999.5,-100000000,-99999999.75,-99999999.5],"cotangent":[1,1,1,1,1,1],"actual":[1.6920987367630005,0.8886723518371582,0.41922897100448608,1.6920987367630005,0.8886723518371582,0.41922897100448608],"expected":[1.6920987117046675,0.88867233668563483,0.4192289516096977,1.6920987117046675,0.88867233668563483,0.4192289516096977]}
CASE {"label":"n6-a1-r0-i1-p3-g1-f64","passed":false,"input":[-100000000,-99999999.75,-99999999.5,-100000000,-99999999.75,-99999999.5],"cotangent":[0.25,-0.75,0.25,-0.75,0.25,-0.75],"actual":[-0.014798820018768311,-0.340008445084095,0.10480724275112152,-0.83125054836273193,-0.10432779788970947,-0.31442174315452576],"expected":[-0.014798821188034952,-0.34000841671438936,0.10480723790242442,-0.83125053466429877,-0.104327751628428,-0.31442171370727329]}
CASE {"label":"n6-a1-r0-i1-p3-g2-f64","passed":false,"input":[-100000000,-99999999.75,-99999999.5,-100000000,-99999999.75,-99999999.5],"cotangent":[0,0,1,0,0,1],"actual":[0.25427523255348206,0.32649585604667664,0.41922897100448608,0.25427523255348206,0.32649585604667664,0.41922897100448608],"expected":[0.25427521259046565,0.32649583579983671,0.4192289516096977,0.25427521259046565,0.32649583579983671,0.4192289516096977]}
CASE {"label":"n6-a1-r0-i1-p3-g3-f64","passed":true,"input":[-100000000,-99999999.75,-99999999.5,-100000000,-99999999.75,-99999999.5],"cotangent":[0,0,0,0,0,0],"actual":[0,0,0,0,0,0],"expected":[0,0,0,0,0,0]}
CASE {"label":"n6-a1-r0-i1-p4-g0-f64","passed":false,"input":[1e+20,1e+20,1e+20,1e+20,1e+20,1e+20],"cotangent":[1,1,1,1,1,1],"actual":[1,1,1,1,1,1],"expected":[1.8333333333333333,0.83333333333333326,0.33333333333333331,1.8333333333333333,0.83333333333333326,0.33333333333333331]}
CASE {"label":"n6-a1-r0-i1-p4-g1-f64","passed":false,"input":[1e+20,1e+20,1e+20,1e+20,1e+20,1e+20],"cotangent":[0.25,-0.75,0.25,-0.75,0.25,-0.75],"actual":[0,0,1,0,0,-1],"expected":[-0.041666666666666671,-0.29166666666666669,0.083333333333333329,-0.875,-0.125,-0.25]}
CASE {"label":"n6-a1-r0-i1-p4-g2-f64","passed":false,"input":[1e+20,1e+20,1e+20,1e+20,1e+20,1e+20],"cotangent":[0,0,1,0,0,1],"actual":[1,1,1,1,1,1],"expected":[0.33333333333333331,0.33333333333333331,0.33333333333333331,0.33333333333333331,0.33333333333333331,0.33333333333333331]}
CASE {"label":"n6-a1-r0-i1-p4-g3-f64","passed":true,"input":[1e+20,1e+20,1e+20,1e+20,1e+20,1e+20],"cotangent":[0,0,0,0,0,0],"actual":[0,0,0,0,0,0],"expected":[0,0,0,0,0,0]}
CASE {"label":"n6-a1-r0-i1-p5-g0-f64","passed":true,"input":[0,0,100000000,0,0,100000000],"cotangent":[1,1,1,1,1,1],"actual":[1.5,0.5,1,1.5,0.5,1],"expected":[1.5,0.5,1,1.5,0.5,1]}
CASE {"label":"n6-a1-r0-i1-p5-g1-f64","passed":true,"input":[0,0,100000000,0,0,100000000],"cotangent":[0.25,-0.75,0.25,-0.75,0.25,-0.75],"actual":[-0.125,-0.375,0.25,-0.625,0.125,-0.75],"expected":[-0.125,-0.375,0.25,-0.625,0.125,-0.75]}
CASE {"label":"n6-a1-r0-i1-p5-g2-f64","passed":true,"input":[0,0,100000000,0,0,100000000],"cotangent":[0,0,1,0,0,1],"actual":[0,0,1,0,0,1],"expected":[0,0,1,0,0,1]}
CASE {"label":"n6-a1-r0-i1-p5-g3-f64","passed":true,"input":[0,0,100000000,0,0,100000000],"cotangent":[0,0,0,0,0,0],"actual":[0,0,0,0,0,0],"expected":[0,0,0,0,0,0]}
CASE {"label":"n6-a1-r0-i1-p6-g0-f64","passed":true,"input":[100000000,0,0,100000000,0,0],"cotangent":[1,1,1,1,1,1],"actual":[3,0,0,3,0,0],"expected":[3,0,0,3,0,0]}
CASE {"label":"n6-a1-r0-i1-p6-g1-f64","passed":false,"input":[100000000,0,0,100000000,0,0],"cotangent":[0.25,-0.75,0.25,-0.75,0.25,-0.75],"actual":[-0.25,0,0,-1.2500001192092896,0,0],"expected":[-0.25,0,0,-1.25,0,0]}
CASE {"label":"n6-a1-r0-i1-p6-g2-f64","passed":true,"input":[100000000,0,0,100000000,0,0],"cotangent":[0,0,1,0,0,1],"actual":[1,0,0,1,0,0],"expected":[1,0,0,1,0,0]}
CASE {"label":"n6-a1-r0-i1-p6-g3-f64","passed":true,"input":[100000000,0,0,100000000,0,0],"cotangent":[0,0,0,0,0,0],"actual":[0,0,0,0,0,0],"expected":[0,0,0,0,0,0]}
CASE {"label":"n6-a1-r1-i0-p0-g0-f64","passed":false,"input":[0,0.25,0.5,0,0.25,0.5],"cotangent":[1,1,0,1,1,0],"actual":[0,0.43782353401184082,1.5621765851974487,0,0.43782353401184082,1.5621765851974487],"expected":[0,0.43782349911420188,1.5621765008857982,0,0.43782349911420188,1.5621765008857982]}
CASE {"label":"n6-a1-r1-i0-p0-g1-f64","passed":false,"input":[0,0.25,0.5,0,0.25,0.5],"cotangent":[0.25,-0.75,0,-0.75,0.25,0],"actual":[0,0.10945588350296021,-0.60945588350296021,0,-0.32836762070655823,-0.17163240909576416],"expected":[0,0.10945587477855047,-0.60945587477855045,0,-0.32836762433565136,-0.17163237566434852]}
CASE {"label":"n6-a1-r1-i0-p0-g2-f64","passed":false,"input":[0,0.25,0.5,0,0.25,0.5],"cotangent":[1,0,0,1,0,0],"actual":[0,0.43782353401184082,0.56217652559280396,0,0.43782353401184082,0.56217652559280396],"expected":[0,0.43782349911420188,0.56217650088579807,0,0.43782349911420188,0.56217650088579807]}
CASE {"label":"n6-a1-r1-i0-p0-g3-f64","passed":true,"input":[0,0.25,0.5,0,0.25,0.5],"cotangent":[0,0,0,0,0,0],"actual":[0,0,0,0,0,0],"expected":[0,0,0,0,0,0]}
CASE {"label":"n6-a1-r1-i0-p1-g0-f64","passed":false,"input":[1000,1000.25,1000.5,1000,1000.25,1000.5],"cotangent":[1,1,0,1,1,0],"actual":[0,0.43782353401184082,1.5621765851974487,0,0.43782353401184082,1.5621765851974487],"expected":[0,0.43782349911420188,1.5621765008857982,0,0.43782349911420188,1.5621765008857982]}
CASE {"label":"n6-a1-r1-i0-p1-g1-f64","passed":false,"input":[1000,1000.25,1000.5,1000,1000.25,1000.5],"cotangent":[0.25,-0.75,0,-0.75,0.25,0],"actual":[0,0.10945588350296021,-0.60945588350296021,0,-0.32836762070655823,-0.17163240909576416],"expected":[0,0.10945587477855047,-0.60945587477855045,0,-0.32836762433565136,-0.17163237566434852]}
CASE {"label":"n6-a1-r1-i0-p1-g2-f64","passed":false,"input":[1000,1000.25,1000.5,1000,1000.25,1000.5],"cotangent":[1,0,0,1,0,0],"actual":[0,0.43782353401184082,0.56217652559280396,0,0.43782353401184082,0.56217652559280396],"expected":[0,0.43782349911420188,0.56217650088579807,0,0.43782349911420188,0.56217650088579807]}
CASE {"label":"n6-a1-r1-i0-p1-g3-f64","passed":true,"input":[1000,1000.25,1000.5,1000,1000.25,1000.5],"cotangent":[0,0,0,0,0,0],"actual":[0,0,0,0,0,0],"expected":[0,0,0,0,0,0]}
CASE {"label":"n6-a1-r1-i0-p2-g0-f64","passed":false,"input":[100000000,100000000.25,100000000.5,100000000,100000000.25,100000000.5],"cotangent":[1,1,0,1,1,0],"actual":[0,0.43782353401184082,1.5621765851974487,0,0.43782353401184082,1.5621765851974487],"expected":[0,0.43782349911420188,1.5621765008857982,0,0.43782349911420188,1.5621765008857982]}
CASE {"label":"n6-a1-r1-i0-p2-g1-f64","passed":false,"input":[100000000,100000000.25,100000000.5,100000000,100000000.25,100000000.5],"cotangent":[0.25,-0.75,0,-0.75,0.25,0],"actual":[0,0.10945588350296021,-0.60945588350296021,0,-0.32836762070655823,-0.17163240909576416],"expected":[0,0.10945587477855047,-0.60945587477855045,0,-0.32836762433565136,-0.17163237566434852]}
CASE {"label":"n6-a1-r1-i0-p2-g2-f64","passed":false,"input":[100000000,100000000.25,100000000.5,100000000,100000000.25,100000000.5],"cotangent":[1,0,0,1,0,0],"actual":[0,0.43782353401184082,0.56217652559280396,0,0.43782353401184082,0.56217652559280396],"expected":[0,0.43782349911420188,0.56217650088579807,0,0.43782349911420188,0.56217650088579807]}
CASE {"label":"n6-a1-r1-i0-p2-g3-f64","passed":true,"input":[100000000,100000000.25,100000000.5,100000000,100000000.25,100000000.5],"cotangent":[0,0,0,0,0,0],"actual":[0,0,0,0,0,0],"expected":[0,0,0,0,0,0]}
CASE {"label":"n6-a1-r1-i0-p3-g0-f64","passed":false,"input":[-100000000,-99999999.75,-99999999.5,-100000000,-99999999.75,-99999999.5],"cotangent":[1,1,0,1,1,0],"actual":[0,0.43782353401184082,1.5621765851974487,0,0.43782353401184082,1.5621765851974487],"expected":[0,0.43782349911420188,1.5621765008857982,0,0.43782349911420188,1.5621765008857982]}
CASE {"label":"n6-a1-r1-i0-p3-g1-f64","passed":false,"input":[-100000000,-99999999.75,-99999999.5,-100000000,-99999999.75,-99999999.5],"cotangent":[0.25,-0.75,0,-0.75,0.25,0],"actual":[0,0.10945588350296021,-0.60945588350296021,0,-0.32836762070655823,-0.17163240909576416],"expected":[0,0.10945587477855047,-0.60945587477855045,0,-0.32836762433565136,-0.17163237566434852]}
CASE {"label":"n6-a1-r1-i0-p3-g2-f64","passed":false,"input":[-100000000,-99999999.75,-99999999.5,-100000000,-99999999.75,-99999999.5],"cotangent":[1,0,0,1,0,0],"actual":[0,0.43782353401184082,0.56217652559280396,0,0.43782353401184082,0.56217652559280396],"expected":[0,0.43782349911420188,0.56217650088579807,0,0.43782349911420188,0.56217650088579807]}
CASE {"label":"n6-a1-r1-i0-p3-g3-f64","passed":true,"input":[-100000000,-99999999.75,-99999999.5,-100000000,-99999999.75,-99999999.5],"cotangent":[0,0,0,0,0,0],"actual":[0,0,0,0,0,0],"expected":[0,0,0,0,0,0]}
CASE {"label":"n6-a1-r1-i0-p4-g0-f64","passed":false,"input":[1e+20,1e+20,1e+20,1e+20,1e+20,1e+20],"cotangent":[1,1,0,1,1,0],"actual":[0,1,1,0,1,1],"expected":[0,0.5,1.5,0,0.5,1.5]}
CASE {"label":"n6-a1-r1-i0-p4-g1-f64","passed":false,"input":[1e+20,1e+20,1e+20,1e+20,1e+20,1e+20],"cotangent":[0.25,-0.75,0,-0.75,0.25,0],"actual":[0,1,0,0,-1,0],"expected":[0,0.125,-0.625,0,-0.375,-0.125]}
CASE {"label":"n6-a1-r1-i0-p4-g2-f64","passed":false,"input":[1e+20,1e+20,1e+20,1e+20,1e+20,1e+20],"cotangent":[1,0,0,1,0,0],"actual":[0,1,1,0,1,1],"expected":[0,0.5,0.5,0,0.5,0.5]}
CASE {"label":"n6-a1-r1-i0-p4-g3-f64","passed":true,"input":[1e+20,1e+20,1e+20,1e+20,1e+20,1e+20],"cotangent":[0,0,0,0,0,0],"actual":[0,0,0,0,0,0],"expected":[0,0,0,0,0,0]}
CASE {"label":"n6-a1-r1-i0-p5-g0-f64","passed":true,"input":[0,0,100000000,0,0,100000000],"cotangent":[1,1,0,1,1,0],"actual":[0,0,2,0,0,2],"expected":[0,0,2,0,0,2]}
CASE {"label":"n6-a1-r1-i0-p5-g1-f64","passed":true,"input":[0,0,100000000,0,0,100000000],"cotangent":[0.25,-0.75,0,-0.75,0.25,0],"actual":[0,0,-0.5,0,0,-0.5],"expected":[0,0,-0.5,0,0,-0.5]}
CASE {"label":"n6-a1-r1-i0-p5-g2-f64","passed":true,"input":[0,0,100000000,0,0,100000000],"cotangent":[1,0,0,1,0,0],"actual":[0,0,1,0,0,1],"expected":[0,0,1,0,0,1]}
CASE {"label":"n6-a1-r1-i0-p5-g3-f64","passed":true,"input":[0,0,100000000,0,0,100000000],"cotangent":[0,0,0,0,0,0],"actual":[0,0,0,0,0,0],"expected":[0,0,0,0,0,0]}
CASE {"label":"n6-a1-r1-i0-p6-g0-f64","passed":true,"input":[100000000,0,0,100000000,0,0],"cotangent":[1,1,0,1,1,0],"actual":[0,0.5,1.5,0,0.5,1.5],"expected":[0,0.5,1.5,0,0.5,1.5]}
CASE {"label":"n6-a1-r1-i0-p6-g1-f64","passed":true,"input":[100000000,0,0,100000000,0,0],"cotangent":[0.25,-0.75,0,-0.75,0.25,0],"actual":[0,0.125,-0.625,0,-0.375,-0.125],"expected":[0,0.125,-0.625,0,-0.375,-0.125]}
CASE {"label":"n6-a1-r1-i0-p6-g2-f64","passed":true,"input":[100000000,0,0,100000000,0,0],"cotangent":[1,0,0,1,0,0],"actual":[0,0.5,0.5,0,0.5,0.5],"expected":[0,0.5,0.5,0,0.5,0.5]}
CASE {"label":"n6-a1-r1-i0-p6-g3-f64","passed":true,"input":[100000000,0,0,100000000,0,0],"cotangent":[0,0,0,0,0,0],"actual":[0,0,0,0,0,0],"expected":[0,0,0,0,0,0]}
CASE {"label":"n6-a1-r1-i1-p0-g0-f64","passed":false,"input":[0,0.25,0.5,0,0.25,0.5],"cotangent":[1,1,1,1,1,1],"actual":[0.25427520275115967,0.76431936025619507,1.9814053773880005,0.25427520275115967,0.76431936025619507,1.9814053773880005],"expected":[0.25427521259046565,0.76431933491403858,1.9814054524954958,0.25427521259046565,0.76431933491403858,1.9814054524954958]}
CASE {"label":"n6-a1-r1-i1-p0-g1-f64","passed":false,"input":[0,0.25,0.5,0,0.25,0.5],"cotangent":[0.25,-0.75,0.25,-0.75,0.25,-0.75],"actual":[0.063568815588951111,-0.24674365669488907,-0.066825151443481445,-0.19070641696453094,-0.13541598618030548,-0.92387765645980835],"expected":[0.063568803147616412,-0.2467436653856922,-0.066825137761924114,-0.19070640944284922,-0.13541600207132704,-0.9238775884858238]}
CASE {"label":"n6-a1-r1-i1-p0-g2-f64","passed":false,"input":[0,0.25,0.5,0,0.25,0.5],"cotangent":[1,0,0,1,0,0],"actual":[0.25427520275115967,0.32649579644203186,0.41922897100448608,0.25427520275115967,0.32649579644203186,0.41922897100448608],"expected":[0.25427521259046565,0.32649583579983671,0.4192289516096977,0.25427521259046565,0.32649583579983671,0.4192289516096977]}
CASE {"label":"n6-a1-r1-i1-p0-g3-f64","passed":true,"input":[0,0.25,0.5,0,0.25,0.5],"cotangent":[0,0,0,0,0,0],"actual":[0,0,0,0,0,0],"expected":[0,0,0,0,0,0]}
CASE {"label":"n6-a1-r1-i1-p1-g0-f64","passed":false,"input":[1000,1000.25,1000.5,1000,1000.25,1000.5],"cotangent":[1,1,1,1,1,1],"actual":[0.25427520275115967,0.76431936025619507,1.9814053773880005,0.25427520275115967,0.76431936025619507,1.9814053773880005],"expected":[0.25427521259046565,0.76431933491403858,1.9814054524954958,0.25427521259046565,0.76431933491403858,1.9814054524954958]}
CASE {"label":"n6-a1-r1-i1-p1-g1-f64","passed":false,"input":[1000,1000.25,1000.5,1000,1000.25,1000.5],"cotangent":[0.25,-0.75,0.25,-0.75,0.25,-0.75],"actual":[0.063568815588951111,-0.24674365669488907,-0.066825151443481445,-0.19070641696453094,-0.13541598618030548,-0.92387765645980835],"expected":[0.063568803147616412,-0.2467436653856922,-0.066825137761924114,-0.19070640944284922,-0.13541600207132704,-0.9238775884858238]}
CASE {"label":"n6-a1-r1-i1-p1-g2-f64","passed":false,"input":[1000,1000.25,1000.5,1000,1000.25,1000.5],"cotangent":[1,0,0,1,0,0],"actual":[0.25427520275115967,0.32649579644203186,0.41922897100448608,0.25427520275115967,0.32649579644203186,0.41922897100448608],"expected":[0.25427521259046565,0.32649583579983671,0.4192289516096977,0.25427521259046565,0.32649583579983671,0.4192289516096977]}
CASE {"label":"n6-a1-r1-i1-p1-g3-f64","passed":true,"input":[1000,1000.25,1000.5,1000,1000.25,1000.5],"cotangent":[0,0,0,0,0,0],"actual":[0,0,0,0,0,0],"expected":[0,0,0,0,0,0]}
CASE {"label":"n6-a1-r1-i1-p2-g0-f64","passed":false,"input":[100000000,100000000.25,100000000.5,100000000,100000000.25,100000000.5],"cotangent":[1,1,1,1,1,1],"actual":[0.25427523255348206,0.76431936025619507,1.9814053773880005,0.25427523255348206,0.76431936025619507,1.9814053773880005],"expected":[0.25427521259046565,0.76431933491403858,1.9814054524954958,0.25427521259046565,0.76431933491403858,1.9814054524954958]}
CASE {"label":"n6-a1-r1-i1-p2-g1-f64","passed":false,"input":[100000000,100000000.25,100000000.5,100000000,100000000.25,100000000.5],"cotangent":[0.25,-0.75,0.25,-0.75,0.25,-0.75],"actual":[0.063568815588951111,-0.24674365669488907,-0.066825151443481445,-0.19070641696453094,-0.13541598618030548,-0.92387765645980835],"expected":[0.063568803147616412,-0.2467436653856922,-0.066825137761924114,-0.19070640944284922,-0.13541600207132704,-0.9238775884858238]}
CASE {"label":"n6-a1-r1-i1-p2-g2-f64","passed":false,"input":[100000000,100000000.25,100000000.5,100000000,100000000.25,100000000.5],"cotangent":[1,0,0,1,0,0],"actual":[0.25427523255348206,0.32649585604667664,0.41922897100448608,0.25427523255348206,0.32649585604667664,0.41922897100448608],"expected":[0.25427521259046565,0.32649583579983671,0.4192289516096977,0.25427521259046565,0.32649583579983671,0.4192289516096977]}
CASE {"label":"n6-a1-r1-i1-p2-g3-f64","passed":true,"input":[100000000,100000000.25,100000000.5,100000000,100000000.25,100000000.5],"cotangent":[0,0,0,0,0,0],"actual":[0,0,0,0,0,0],"expected":[0,0,0,0,0,0]}
CASE {"label":"n6-a1-r1-i1-p3-g0-f64","passed":false,"input":[-100000000,-99999999.75,-99999999.5,-100000000,-99999999.75,-99999999.5],"cotangent":[1,1,1,1,1,1],"actual":[0.25427523255348206,0.76431936025619507,1.9814053773880005,0.25427523255348206,0.76431936025619507,1.9814053773880005],"expected":[0.25427521259046565,0.76431933491403858,1.9814054524954958,0.25427521259046565,0.76431933491403858,1.9814054524954958]}
CASE {"label":"n6-a1-r1-i1-p3-g1-f64","passed":false,"input":[-100000000,-99999999.75,-99999999.5,-100000000,-99999999.75,-99999999.5],"cotangent":[0.25,-0.75,0.25,-0.75,0.25,-0.75],"actual":[0.063568815588951111,-0.24674365669488907,-0.066825151443481445,-0.19070641696453094,-0.13541598618030548,-0.92387765645980835],"expected":[0.063568803147616412,-0.2467436653856922,-0.066825137761924114,-0.19070640944284922,-0.13541600207132704,-0.9238775884858238]}
CASE {"label":"n6-a1-r1-i1-p3-g2-f64","passed":false,"input":[-100000000,-99999999.75,-99999999.5,-100000000,-99999999.75,-99999999.5],"cotangent":[1,0,0,1,0,0],"actual":[0.25427523255348206,0.32649585604667664,0.41922897100448608,0.25427523255348206,0.32649585604667664,0.41922897100448608],"expected":[0.25427521259046565,0.32649583579983671,0.4192289516096977,0.25427521259046565,0.32649583579983671,0.4192289516096977]}
CASE {"label":"n6-a1-r1-i1-p3-g3-f64","passed":true,"input":[-100000000,-99999999.75,-99999999.5,-100000000,-99999999.75,-99999999.5],"cotangent":[0,0,0,0,0,0],"actual":[0,0,0,0,0,0],"expected":[0,0,0,0,0,0]}
CASE {"label":"n6-a1-r1-i1-p4-g0-f64","passed":false,"input":[1e+20,1e+20,1e+20,1e+20,1e+20,1e+20],"cotangent":[1,1,1,1,1,1],"actual":[1,1,1,1,1,1],"expected":[0.33333333333333331,0.83333333333333326,1.8333333333333333,0.33333333333333331,0.83333333333333326,1.8333333333333333]}
CASE {"label":"n6-a1-r1-i1-p4-g1-f64","passed":false,"input":[1e+20,1e+20,1e+20,1e+20,1e+20,1e+20],"cotangent":[0.25,-0.75,0.25,-0.75,0.25,-0.75],"actual":[1,0,0,-1,0,0],"expected":[0.083333333333333329,-0.29166666666666669,-0.041666666666666685,-0.25,-0.125,-0.875]}
CASE {"label":"n6-a1-r1-i1-p4-g2-f64","passed":false,"input":[1e+20,1e+20,1e+20,1e+20,1e+20,1e+20],"cotangent":[1,0,0,1,0,0],"actual":[1,1,1,1,1,1],"expected":[0.33333333333333331,0.33333333333333331,0.33333333333333331,0.33333333333333331,0.33333333333333331,0.33333333333333331]}
CASE {"label":"n6-a1-r1-i1-p4-g3-f64","passed":true,"input":[1e+20,1e+20,1e+20,1e+20,1e+20,1e+20],"cotangent":[0,0,0,0,0,0],"actual":[0,0,0,0,0,0],"expected":[0,0,0,0,0,0]}
CASE {"label":"n6-a1-r1-i1-p5-g0-f64","passed":true,"input":[0,0,100000000,0,0,100000000],"cotangent":[1,1,1,1,1,1],"actual":[0,0,3,0,0,3],"expected":[0,0,3,0,0,3]}
CASE {"label":"n6-a1-r1-i1-p5-g1-f64","passed":false,"input":[0,0,100000000,0,0,100000000],"cotangent":[0.25,-0.75,0.25,-0.75,0.25,-0.75],"actual":[0,0,-0.25,0,0,-1.2500001192092896],"expected":[0,0,-0.25,0,0,-1.25]}
CASE {"label":"n6-a1-r1-i1-p5-g2-f64","passed":true,"input":[0,0,100000000,0,0,100000000],"cotangent":[1,0,0,1,0,0],"actual":[0,0,1,0,0,1],"expected":[0,0,1,0,0,1]}
CASE {"label":"n6-a1-r1-i1-p5-g3-f64","passed":true,"input":[0,0,100000000,0,0,100000000],"cotangent":[0,0,0,0,0,0],"actual":[0,0,0,0,0,0],"expected":[0,0,0,0,0,0]}
CASE {"label":"n6-a1-r1-i1-p6-g0-f64","passed":true,"input":[100000000,0,0,100000000,0,0],"cotangent":[1,1,1,1,1,1],"actual":[1,0.5,1.5,1,0.5,1.5],"expected":[1,0.5,1.5,1,0.5,1.5]}
CASE {"label":"n6-a1-r1-i1-p6-g1-f64","passed":true,"input":[100000000,0,0,100000000,0,0],"cotangent":[0.25,-0.75,0.25,-0.75,0.25,-0.75],"actual":[0.25,-0.375,-0.125,-0.75,0.125,-0.625],"expected":[0.25,-0.375,-0.125,-0.75,0.125,-0.625]}
CASE {"label":"n6-a1-r1-i1-p6-g2-f64","passed":true,"input":[100000000,0,0,100000000,0,0],"cotangent":[1,0,0,1,0,0],"actual":[1,0,0,1,0,0],"expected":[1,0,0,1,0,0]}
CASE {"label":"n6-a1-r1-i1-p6-g3-f64","passed":true,"input":[100000000,0,0,100000000,0,0],"cotangent":[0,0,0,0,0,0],"actual":[0,0,0,0,0,0],"expected":[0,0,0,0,0,0]}
CASE {"label":"n6-a1-r0-i1-p4-g1-f32-strided","passed":false,"input":[1.0000000200408773e+20,1.0000000200408773e+20,1.0000000200408773e+20,1.0000000200408773e+20,1.0000000200408773e+20,1.0000000200408773e+20],"cotangent":[0.25,-0.75,0.25,-0.75,0.25,-0.75],"actual":[0,0,1,0,0,-1],"expected":[-0.041666666666666671,-0.29166666666666669,0.083333333333333329,-0.875,-0.125,-0.25]}
CASE {"label":"n6-a0-r1-i0-p4-g1-f64-strided","passed":false,"input":[1e+20,1e+20,1e+20,1e+20,1e+20,1e+20],"cotangent":[0.25,-0.75,0.25,0,0,0],"actual":[0,0,0,1,-1,1],"expected":[0,0,0,0.25,-0.75,0.25]}
SUMMARY checks=1122 failures=348
